Source,Folio,Locus,Raw_Text,Clean_Text
IT2a-n,f1r,"f1r.1,@P0",<%>fachys.ykal.ar.ataiin.shol.shory.cthres.y.kor.sholdy,fachys ykal ar ataiin shol shory cthres y kor sholdy
IT2a-n,f1r,"f1r.2,+P0",sory.ckhar.or.y.kair.chtaiin.shar.are.cthar.cthar.dan,sory ckhar or y kair chtaiin shar are cthar cthar dan
IT2a-n,f1r,"f1r.3,+P0",syaiir.sheky.or.ykaiin.shod.cthoary.cthes.daraiin.sa,syaiir sheky or ykaiin shod cthoary cthes daraiin sa
IT2a-n,f1r,"f1r.4,+P0",ooiin.oteey.oteos.roloty.cth?ar.daiin.otaiin.or.okan,ooiin oteey oteos roloty daiin otaiin or okan
IT2a-n,f1r,"f1r.5,+P0",dair.y.chear.cthaiin.cphar.cfhaiin,dair y chear cthaiin cphar cfhaiin
IT2a-n,f1r,"f1r.6,=Pt",ydaraishy<$>,ydaraishy
IT2a-n,f1r,"f1r.7,*P0",<%>?.odar.o.y.shol.cphoy.oydar.sh.s.cfhoaiin.shodary,odar o y shol cphoy oydar sh s cfhoaiin shodary
IT2a-n,f1r,"f1r.8,+P0",yshey.shody.okchoy.otchol.chocthy.oschy.dain.chor.kos,yshey shody okchoy otchol chocthy oschy dain chor kos
IT2a-n,f1r,"f1r.9,+P0",daiin.shos.cfhol.shody,daiin shos cfhol shody
IT2a-n,f1r,"f1r.10,=Pt",dain.os.teody<$>,dain os teody
IT2a-n,f1r,"f1r.11,*P0",<%>?.ydain.cphesaiin.ol.s.cphey.ytain.shoshy.cphodales,ydain cphesaiin ol s cphey ytain shoshy cphodales
IT2a-n,f1r,"f1r.12,+P0",oksho.kshoy.otairin.oteol.okan.shodain.sckhey.daiin,oksho kshoy otairin oteol okan shodain sckhey daiin
IT2a-n,f1r,"f1r.13,+P0",shoy.ckhey.kodaiin.cphy.cphodaiils.cthey.she.oldain.d,shoy ckhey kodaiin cphy cphodaiils cthey she oldain d
IT2a-n,f1r,"f1r.14,+P0",dain.oiin.chol.odaiin.chodain.chdy.okain.dan.cthy.kod,dain oiin chol odaiin chodain chdy okain dan cthy kod
IT2a-n,f1r,"f1r.15,+P0",daiin.shckhey.ckeor.chor.shey.kol.chol.chol.kor.chal,daiin shckhey ckeor chor shey kol chol chol kor chal
IT2a-n,f1r,"f1r.16,+P0",sho.chol.shodan.kshy.kchy.dor.chodaiin.sho.kchom,sho chol shodan kshy kchy dor chodaiin sho kchom
IT2a-n,f1r,"f1r.17,+P0",ycho.tchey.chokain.sheo.pshol.dydyd.cthy.daicthy,ycho tchey chokain sheo pshol dydyd cthy daicthy
IT2a-n,f1r,"f1r.18,+P0",yto.shol.she.kodshey.cphealy.dasain.dain.ckhyds,yto shol she kodshey cphealy dasain dain ckhyds
IT2a-n,f1r,"f1r.19,+P0",dchar.shcthaiin.okaiir.chey.rchy.potol.cthols.dlocta,dchar shcthaiin okaiir chey rchy potol cthols dlocta
IT2a-n,f1r,"f1r.20,+P0",shok.chor.chey.dain.ckhey,shok chor chey dain ckhey
IT2a-n,f1r,"f1r.21,=Pt",otol.daiiin<$>,otol daiiin
IT2a-n,f1r,"f1r.22,*P0",<%>cpho.shaiin.shokcheey.chol.tshodeesy.shey.pydeey.chy.ro.d?,cpho shaiin shokcheey chol tshodeesy shey pydeey chy ro
IT2a-n,f1r,"f1r.23,+P0",?doin.chol.dain.cthal.dar.shear.kaiin.dar.shey.cthar,chol dain cthal dar shear kaiin dar shey cthar
IT2a-n,f1r,"f1r.24,+P0",cho?o.kaiin.shoaiin.okol.daiin.far.cthol.daiin.ctholdar,kaiin shoaiin okol daiin far cthol daiin ctholdar
IT2a-n,f1r,"f1r.25,+P0",ycheey.okay.oky.daiin.okchey.kokaiin.??chol.k??chy.dal,ycheey okay oky daiin okchey kokaiin dal
IT2a-n,f1r,"f1r.26,+P0",d?eeo.shody.koshey.cthy.okchey.keey.keey.dal.chtor,shody koshey cthy okchey keey keey dal chtor
IT2a-n,f1r,"f1r.27,+P0",?eo.chol.chok.choty.chotey,chol chok choty chotey
IT2a-n,f1r,"f1r.28,=Pt",dchaiin<$>,dchaiin
IT2a-n,f1v,"f1v.1,@P0",<%>kchsy.chadaiin.ol<->oltchey.char.cfhar.am,kchsy chadaiin ololtchey char cfhar am
IT2a-n,f1v,"f1v.2,+P0",yteeay.char.or.ochy<->dcho.lkody.okodar.chody,yteeay char or ochydcho lkody okodar chody
IT2a-n,f1v,"f1v.3,+P0",do.ckhy.ckho.ckhy.shy<->dksheey.cthy.kotchody.dal,do ckhy ckho ckhy shydksheey cthy kotchody dal
IT2a-n,f1v,"f1v.4,+P0",dol.chokeo.dair.dam<->sochey.chokody<$>,dol chokeo dair damsochey chokody
IT2a-n,f1v,"f1v.5,+P0",<%>potoy.shol.dair.cphoal<->dar.chey.tody.otoaiin.shoshy,potoy shol dair cphoaldar chey tody otoaiin shoshy
IT2a-n,f1v,"f1v.6,+P0",choky.chol.cthol.shol.okal<->dolchey.chodo.lol.chy.cthy,choky chol cthol shol okaldolchey chodo lol chy cthy
IT2a-n,f1v,"f1v.7,+P0",qo.ol.choeee.cheol.dol.cthey<->ykol.dol.dolo.ykol.do.lchody,qo ol choeee cheol dol ctheyykol dol dolo ykol do lchody
IT2a-n,f1v,"f1v.8,+P0",okol.shol.kol.kechy.chol.ky<->chol.cthol.chody.chol.daiin,okol shol kol kechy chol kychol cthol chody chol daiin
IT2a-n,f1v,"f1v.9,+P0",shor.okol.chol.dol.ky.dar<->shol.dchor.otcho.dar.shody,shor okol chol dol ky darshol dchor otcho dar shody
IT2a-n,f1v,"f1v.10,+P0",taor.chotchey.dal.chody<->schody.pol.chodar<$>,taor chotchey dal chodyschody pol chodar
IT2a-n,f2r,"f2r.1,@P0",<%>kydainy.ypchol.daiin.otchal<->ypchaiin.ckholsy,kydainy ypchol daiin otchalypchaiin ckholsy
IT2a-n,f2r,"f2r.2,+P0",dorchory<->chkar.s<->shor.cthy.cth,dorchorychkar sshor cthy cth
IT2a-n,f2r,"f2r.3,+P0",qotaiin<->cthey.y<->chor.chy.ydy<->chaiin,qotaiincthey ychor chy ydychaiin
IT2a-n,f2r,"f2r.4,+P0",chaindy<->chtod.dy<->cphy.dals<->chokaiin.d,chaindychtod dycphy dalschokaiin d
IT2a-n,f2r,"f2r.5,+P0",otochor.al<->shodaiin<->chol.dan<->ytchaiin.dan,otochor alshodaiinchol danytchaiin dan
IT2a-n,f2r,"f2r.6,+P0",saiin.daind<->dkol.sor<->ytoldy<->dchol.dchy.cthy,saiin dainddkol sorytoldydchol dchy cthy
IT2a-n,f2r,"f2r.7,+P0",shor.ckhy.daiiny<->chol.dan<$>,shor ckhy daiinychol dan
IT2a-n,f2r,"f2r.8,+P0",<%>kydain.shaiin.qoy.s.shol.fodan<->yksh.olsheey.daiildy,kydain shaiin qoy s shol fodanyksh olsheey daiildy
IT2a-n,f2r,"f2r.9,+P0",dlssho.kol.sheey.qokey.ykody.so<->chol.yky.dain.daiirol,dlssho kol sheey qokey ykody sochol yky dain daiirol
IT2a-n,f2r,"f2r.10,+P0",qoky.cholaiin.shol.sheky.daiin<->cthey.keol.saiin.saiin,qoky cholaiin shol sheky daiincthey keol saiin saiin
IT2a-n,f2r,"f2r.11,+P0",ychain.dal.chy.dalor.shan.dan<->olsaiin.sheey.ckhor,ychain dal chy dalor shan danolsaiin sheey ckhor
IT2a-n,f2r,"f2r.12,+P0",okol.chy.chor.cthor.yor.an.chan<->saiin.chety.chyky.sal,okol chy chor cthor yor an chansaiin chety chyky sal
IT2a-n,f2r,"f2r.13,+P0",sho.ykeey.chey.daiin.chcthy<$>,sho ykeey chey daiin chcthy
IT2a-n,f2v,"f2v.1,@P0",<%>kooiin.cheo.pchor.otaiin.o.dain.chor<->dair.shty,kooiin cheo pchor otaiin o dain chordair shty
IT2a-n,f2v,"f2v.2,+P0",kcho.kchy.sho.shol.qotcho.loeees.qoty<->chor.daiin,kcho kchy sho shol qotcho loeees qotychor daiin
IT2a-n,f2v,"f2v.3,+P0",otchy.chor.lshy.chol.chody.chodain<->chcthy.daiin,otchy chor lshy chol chody chodainchcthy daiin
IT2a-n,f2v,"f2v.4,+P0",sho.cholo.cheor.chodaiin<$>,sho cholo cheor chodaiin
IT2a-n,f2v,"f2v.5,+P0",<%>kchor.shy.daiiin.chckhoy<->s.shey.dor.chol.daiin,kchor shy daiiin chckhoys shey dor chol daiin
IT2a-n,f2v,"f2v.6,+P0",dor.chol.chor.chol.keol.chy.chty<->daiin.otchor.chan,dor chol chor chol keol chy chtydaiin otchor chan
IT2a-n,f2v,"f2v.7,+P0",daiin.chotchey.qoteeey.chokeos<->chees.chr.cheaiin,daiin chotchey qoteeey chokeoschees chr cheaiin
IT2a-n,f2v,"f2v.8,+P0",chokoishe.chor.cheol.chol.dolody<$>,chokoishe chor cheol chol dolody
IT2a-n,f3r,"f3r.1,@P0",<%>tsheos.qopal.chol.cthol.daimm,tsheos qopal chol cthol daimm
IT2a-n,f3r,"f3r.2,+P0",ycheor.chor.dam.qotcham.cham,ycheor chor dam qotcham cham
IT2a-n,f3r,"f3r.3,+P0",ochor.qocheor.chol.daiin.cthy,ochor qocheor chol daiin cthy
IT2a-n,f3r,"f3r.4,+P0",schey.chor.chal.cham.cham.cho,schey chor chal cham cham cho
IT2a-n,f3r,"f3r.5,+P0",qokol.chololy.s.cham.cthol,qokol chololy s cham cthol
IT2a-n,f3r,"f3r.6,+P0",ychtaiin.chor.cthom.otal.dam,ychtaiin chor cthom otal dam
IT2a-n,f3r,"f3r.7,+P0",otchol.qodaiin.chom.shom.damo,otchol qodaiin chom shom damo
IT2a-n,f3r,"f3r.8,+P0",ysheor.chor.chol.oky.damo,ysheor chor chol oky damo
IT2a-n,f3r,"f3r.9,+P0",sho.?or.sheoldam.otchody.ol,sho sheoldam otchody ol
IT2a-n,f3r,"f3r.10,+P0",ydas.chol.cthom<$>,ydas chol cthom
IT2a-n,f3r,"f3r.11,+P0",<%>pcheol.shol.sols.sheol.shey,pcheol shol sols sheol shey
IT2a-n,f3r,"f3r.12,+P0",okadaiin.qokchor.qoschodam.octhy,okadaiin qokchor qoschodam octhy
IT2a-n,f3r,"f3r.13,+P0",qokeey.qot.shey.qokody.qokchey.cheody,qokeey qot shey qokody qokchey cheody
IT2a-n,f3r,"f3r.14,+P0",chor.qodair.okeey.qokeey<$>,chor qodair okeey qokeey
IT2a-n,f3r,"f3r.15,+P0",<%>tsheoarom.shor.or.chor.olchsy.chom.otchom<->oporar,tsheoarom shor or chor olchsy chom otchomoporar
IT2a-n,f3r,"f3r.16,+P0",oteol.chol.s.cheol.ekshy.qokeom.qokol.daiin<->soleeg,oteol chol s cheol ekshy qokeom qokol daiinsoleeg
IT2a-n,f3r,"f3r.17,+P0",soeom.okeom.yteody.qokeeo.dal.sam<$>,soeom okeom yteody qokeeo dal sam
IT2a-n,f3r,"f3r.18,+P0",<%>pcheoldom.shodaiin.qopchor.qopol.opchol.qoty<->otolom,pcheoldom shodaiin qopchor qopol opchol qotyotolom
IT2a-n,f3r,"f3r.19,+P0",otchor.ol.cheor.qoeor.dair.qoteol.qosaiin<->chor.cthy,otchor ol cheor qoeor dair qoteol qosaiinchor cthy
IT2a-n,f3r,"f3r.20,+P0",ycheor.chol.odaiin.chol.s.aiin.okolor.am<$>,ycheor chol odaiin chol s aiin okolor am
IT2a-n,f3v,"f3v.1,@P0",<%>koaiin.cphor.qotoy.sha.ckhol.ykoaiin.s.oly,koaiin cphor qotoy sha ckhol ykoaiin s oly
IT2a-n,f3v,"f3v.2,+P0",daiidy.qoteeol.okchor.okor.olytol.dol.dar,daiidy qoteeol okchor okor olytol dol dar
IT2a-n,f3v,"f3v.3,+P0",okom.chol.shol.seees.chom.cheeykam.okai,okom chol shol seees chom cheeykam okai
IT2a-n,f3v,"f3v.4,+P0",qodar.ees.eey.kcheol.okal.do.r.chear.een,qodar ees eey kcheol okal do r chear een
IT2a-n,f3v,"f3v.5,+P0",yeeear.otchal.eeor.eear.ckhy,yeeear otchal eeor eear ckhy
IT2a-n,f3v,"f3v.6,+P0",or.cheor.kor.chodaly.chom<$>,or cheor kor chodaly chom
IT2a-n,f3v,"f3v.7,+P0",<%>tchor.otcham.chor.cfham.s,tchor otcham chor cfham s
IT2a-n,f3v,"f3v.8,+P0",ykchy.kchom.chor.chekeol.oka,ykchy kchom chor chekeol oka
IT2a-n,f3v,"f3v.9,+P0",ytcheear.okeol.cthodoaly.chor.cthy,ytcheear okeol cthodoaly chor cthy
IT2a-n,f3v,"f3v.10,+P0",ochor.daiin.qokshol.daiim.chol.okary,ochor daiin qokshol daiim chol okary
IT2a-n,f3v,"f3v.11,+P0",sho.shockho.ckhy.tchor.chodaiin.chom,sho shockho ckhy tchor chodaiin chom
IT2a-n,f3v,"f3v.12,+P0",osh.chodair.ytchy.tchor.kcham.s,osh chodair ytchy tchor kcham s
IT2a-n,f3v,"f3v.13,+P0",shar.shkaiin.qokchy.yty.cthal.chky,shar shkaiin qokchy yty cthal chky
IT2a-n,f3v,"f3v.14,+P0",dain.sheam.yteam<$>,dain sheam yteam
IT2a-n,f4r,"f4r.1,@P0",<%>kodalchy.chpady.sheol.ol.sheey.qotey<->doiin.chor.ytoy,kodalchy chpady sheol ol sheey qoteydoiin chor ytoy
IT2a-n,f4r,"f4r.2,+P0",dchor.chol.shol.cthol.shtchy.chaiin<->s<->choraiin.chom,dchor chol shol cthol shtchy chaiinschoraiin chom
IT2a-n,f4r,"f4r.3,+P0",otchol.chol.chy.chaiin.qotaiin<->daiin.shain,otchol chol chy chaiin qotaiindaiin shain
IT2a-n,f4r,"f4r.4,+P0",qotchol.chy.yty.daiin.okaiin.cthy<$>,qotchol chy yty daiin okaiin cthy
IT2a-n,f4r,"f4r.5,+P0",<%>pydaiin.qotchy.dy.tydy,pydaiin qotchy dy tydy
IT2a-n,f4r,"f4r.6,+P0",chor.shytchy.dy.tcheay,chor shytchy dy tcheay
IT2a-n,f4r,"f4r.7,+P0",qotaiin.cthol.daiin.cthom,qotaiin cthol daiin cthom
IT2a-n,f4r,"f4r.8,+P0",shor.shol.shol.cthy.cpholdy,shor shol shol cthy cpholdy
IT2a-n,f4r,"f4r.9,+P0",daiin.ckhochy.tchy.koraiin,daiin ckhochy tchy koraiin
IT2a-n,f4r,"f4r.10,+P0",odal.shor.shyshol.cphaiin,odal shor shyshol cphaiin
IT2a-n,f4r,"f4r.11,+P0",qotchoiin.sheyr.qoty,qotchoiin sheyr qoty
IT2a-n,f4r,"f4r.12,+P0",soiin.chaiin.chaiin,soiin chaiin chaiin
IT2a-n,f4r,"f4r.13,+P0",daiin.cthey<$>,daiin cthey
IT2a-n,f4v,"f4v.1,@P0",<%>pchooiin.ksheo.kchoy.chopchy.dolds<->dlod,pchooiin ksheo kchoy chopchy doldsdlod
IT2a-n,f4v,"f4v.2,+P0",ol.chey.chy.cthy.shkchor.sheo.cheory<->choldy,ol chey chy cthy shkchor sheo cheorycholdy
IT2a-n,f4v,"f4v.3,+P0",sho.sho.chaiin.shaiin.daiin.qodaiin<->o.ar.am,sho sho chaiin shaiin daiin qodaiino ar am
IT2a-n,f4v,"f4v.4,+P0",qokshy.qocthy.choteol.daiin.cthey<->choaiin,qokshy qocthy choteol daiin ctheychoaiin
IT2a-n,f4v,"f4v.5,+P0",shor.sheey.cto.otoiin.shey.qotchoiin<->chodain,shor sheey cto otoiin shey qotchoiinchodain
IT2a-n,f4v,"f4v.6,+P0",ytchoy.shokchy.cphody<$>,ytchoy shokchy cphody
IT2a-n,f4v,"f4v.7,+P0",<%>torchy.sheeor.chor.shokchy.cphydy,torchy sheeor chor shokchy cphydy
IT2a-n,f4v,"f4v.8,+P0",olaen.chor.cthol.sho.otor.cthory,olaen chor cthol sho otor cthory
IT2a-n,f4v,"f4v.9,+P0",qooko.iiincheom.chcthy.shoky.daiin,qooko iiincheom chcthy shoky daiin
IT2a-n,f4v,"f4v.10,+P0",otaiin.sheo.okeody.chol.chokeody,otaiin sheo okeody chol chokeody
IT2a-n,f4v,"f4v.11,+P0",sho.kcheor.shody.shtaiin.qotol.daiin,sho kcheor shody shtaiin qotol daiin
IT2a-n,f4v,"f4v.12,+P0",qokoy.sho.okeol.s.keey.shar.char.ody,qokoy sho okeol s keey shar char ody
IT2a-n,f4v,"f4v.13,+P0",shody.s.cheor.chokody.shodaiin.qoty,shody s cheor chokody shodaiin qoty
IT2a-n,f4v,"f4v.14,+P0",ochody.chykey.chtody<$>,ochody chykey chtody
IT2a-n,f5r,"f5r.1,@P0",<%>kshody.fchoy.chkoy.oaiin.oar.olsy.chody.dkshy.dy,kshody fchoy chkoy oaiin oar olsy chody dkshy dy
IT2a-n,f5r,"f5r.2,+P0",ochey.okey.qokaiin.sho.ckhoy.cthey.chey.oka?or.otol,ochey okey qokaiin sho ckhoy cthey chey otol
IT2a-n,f5r,"f5r.3,+P0",qoaiin.otan.chy.daiin.oteeen.cho.cthy.otchy.qotcho.dy,qoaiin otan chy daiin oteeen cho cthy otchy qotcho dy
IT2a-n,f5r,"f5r.4,+P0",otain.sheody.chan.s.cheor.chocthy<$>,otain sheody chan s cheor chocthy
IT2a-n,f5r,"f5r.5,+P0",<%>tshy.shody.qoaiin.cholols.sho.qotcheo.daiin.shodaiin,tshy shody qoaiin cholols sho qotcheo daiin shodaiin
IT2a-n,f5r,"f5r.6,+P0",sho.cheor.chey.qoeeey.qoykeeey.qoeor.cthy.shotshy.dy,sho cheor chey qoeeey qoykeeey qoeor cthy shotshy dy
IT2a-n,f5r,"f5r.7,+P0",qotoeey.keey.cheo.kchy.shody<$>,qotoeey keey cheo kchy shody
IT2a-n,f5v,"f5v.1,@P0",<%>kocheor.chor.ytchey.pshod.chols.chodaiin.ytoiiin.daiin,kocheor chor ytchey pshod chols chodaiin ytoiiin daiin
IT2a-n,f5v,"f5v.2,+P0",dchol.sy.chol.otaiin.dain.cthor.chots.ychopordg,dchol sy chol otaiin dain cthor chots ychopordg
IT2a-n,f5v,"f5v.3,+P0",qotcho.ytor.daiin.daiin.otchor.daiir.qo.darchor.do,qotcho ytor daiin daiin otchor daiir qo darchor do
IT2a-n,f5v,"f5v.4,+P0",qotor.shees.otol.ykoiin.shol.daiin.cthor.okchy.taiin,qotor shees otol ykoiin shol daiin cthor okchy taiin
IT2a-n,f5v,"f5v.5,+P0",shokeeol.chor.cheotol.otchol.daiin.dal.chol.chotaiin,shokeeol chor cheotol otchol daiin dal chol chotaiin
IT2a-n,f5v,"f5v.6,+P0",otol.chol.dairodg<$>,otol chol dairodg
IT2a-n,f6r,"f6r.1,@P0",<%>foar.y.shol.cholor.cphol.chor.chckh<->chopchol.otcham,foar y shol cholor cphol chor chckhchopchol otcham
IT2a-n,f6r,"f6r.2,+P0",daiin.chckhy.chor.chor.kar.cthy<->cthor.chotols,daiin chckhy chor chor kar cthycthor chotols
IT2a-n,f6r,"f6r.3,+P0",poeear.kshor.choky.os.cheoees<->ykeor.ytaiin.dar,poeear kshor choky os cheoeesykeor ytaiin dar
IT2a-n,f6r,"f6r.4,+P0",dar.cho.s.sheor.chocthy.otcham<->yaiir.chy,dar cho s sheor chocthy otchamyaiir chy
IT2a-n,f6r,"f6r.5,+P0",tar.okoiin.shees.ytaly.cthaiin<->odam,tar okoiin shees ytaly cthaiinodam
IT2a-n,f6r,"f6r.6,+P0",or.al.daiin.ckham.okom.cthaiin<->ydaiin,or al daiin ckham okom cthaiinydaiin
IT2a-n,f6r,"f6r.7,+P0",daiin.qodaiin.cho.s.chol.okaiin.s,daiin qodaiin cho s chol okaiin s
IT2a-n,f6r,"f6r.8,+P0",ychol.ckhor.pchar.sheo.ckhaiin,ychol ckhor pchar sheo ckhaiin
IT2a-n,f6r,"f6r.9,+P0",dar.sheeol.skaiiodar.otaiin.chory,dar sheeol skaiiodar otaiin chory
IT2a-n,f6r,"f6r.10,+P0",tchor.ctheod.chy.shor.odshe.od,tchor ctheod chy shor odshe od
IT2a-n,f6r,"f6r.11,+P0",ychar.olchad.ol.chokaiin,ychar olchad ol chokaiin
IT2a-n,f6r,"f6r.12,+P0",or.shol.cthom.chor.cthy,or shol cthom chor cthy
IT2a-n,f6r,"f6r.13,+P0",qocthol.qodaiin.cthy,qocthol qodaiin cthy
IT2a-n,f6r,"f6r.14,+P0",ysho.taiin.y.kaiim<$>,ysho taiin y kaiim
IT2a-n,f6v,"f6v.1,@P0",<%>koar.y.sar.oheekar.qoar.shor.chapchy.s.chear.char.otchy,koar y sar oheekar qoar shor chapchy s chear char otchy
IT2a-n,f6v,"f6v.2,+P0",oees.chor.chckhy.qoekchar.cheas.odaiin.kchey.chor.chaiin,oees chor chckhy qoekchar cheas odaiin kchey chor chaiin
IT2a-n,f6v,"f6v.3,+P0",qoair.ckhy.chol.oochockhy.chekchoy.ckhy.okol<->rychos,qoair ckhy chol oochockhy chekchoy ckhy okolrychos
IT2a-n,f6v,"f6v.4,+P0",y.shckhy.ytchoy.sos.y.dady.dchy.dey.okody<->ytody,y shckhy ytchoy sos y dady dchy dey okodyytody
IT2a-n,f6v,"f6v.5,+P0",dair.cshe.chodam.dam.okor.oty.doldom<$>,dair cshe chodam dam okor oty doldom
IT2a-n,f6v,"f6v.6,+P0",<%>tchody.shocthol.chocthey.s,tchody shocthol chocthey s
IT2a-n,f6v,"f6v.7,+P0",ychos.ychol.daiin.cthol.dol,ychos ychol daiin cthol dol
IT2a-n,f6v,"f6v.8,+P0",ychor.chor.okchey.qokom,ychor chor okchey qokom
IT2a-n,f6v,"f6v.9,+P0",oeeo.dal.chor.cthom.s,oeeo dal chor cthom s
IT2a-n,f6v,"f6v.10,+P0",qokche?.ychear.kchdy,ychear kchdy
IT2a-n,f6v,"f6v.11,+P0",lor.char.otam.cthom.dy,lor char otam cthom dy
IT2a-n,f6v,"f6v.12,+P0",ytchos.shy.qokam.cthy,ytchos shy qokam cthy
IT2a-n,f6v,"f6v.13,+P0",yodaiin.cthy.s.chor.oees.or,yodaiin cthy s chor oees or
IT2a-n,f6v,"f6v.14,+P0",qokor.chol.cthol.tchalody,qokor chol cthol tchalody
IT2a-n,f6v,"f6v.15,+P0",chockhy.s.os.chy.sain.or,chockhy s os chy sain or
IT2a-n,f6v,"f6v.16,+P0",ochy.cthar.cthar.cthy,ochy cthar cthar cthy
IT2a-n,f6v,"f6v.17,+P0",y.chaiir.ckhal.cthodam.dy,y chaiir ckhal cthodam dy
IT2a-n,f6v,"f6v.18,+P0",ytcho.cthol.ches.cthor,ytcho cthol ches cthor
IT2a-n,f6v,"f6v.19,+P0",ocholy.kchos.chy.dor,ocholy kchos chy dor
IT2a-n,f6v,"f6v.20,+P0",dchor.choldar.okol.daiin,dchor choldar okol daiin
IT2a-n,f6v,"f6v.21,+P0",ycheor.chor.octham<$>,ycheor chor octham
IT2a-n,f7r,"f7r.1,@P0",<%>fchodaiin.shopchey.qko<->shey.qoos.sheey.chorochy,fchodaiin shopchey qkoshey qoos sheey chorochy
IT2a-n,f7r,"f7r.2,+P0",dcheey.keor.shor.dold<->dchey.kchey.otchy.cheody,dcheey keor shor dolddchey kchey otchy cheody
IT2a-n,f7r,"f7r.3,+P0",oeeees.cheodaiin.sheey<->ytcheey.qotchy.chald,oeeees cheodaiin sheeyytcheey qotchy chald
IT2a-n,f7r,"f7r.4,+P0",qokcho.cho.lochey.daiin<->ychey.kchos<->odaiin,qokcho cho lochey daiinychey kchosodaiin
IT2a-n,f7r,"f7r.5,+P0",oaiir<->otaiin<$>,oaiirotaiin
IT2a-n,f7r,"f7r.6,+P0",<%>ksholochey.qotoees.chkoldy<->otchor.choaiin,ksholochey qotoees chkoldyotchor choaiin
IT2a-n,f7r,"f7r.7,+P0",dshoy.cthol.chol.otchol.dain<->shody.shol.chotchy,dshoy cthol chol otchol dainshody shol chotchy
IT2a-n,f7r,"f7r.8,+P0",okchey.deeeese.choty.qokchy<->shol.keey.choty.dain,okchey deeeese choty qokchyshol keey choty dain
IT2a-n,f7r,"f7r.9,+P0",qokechy.olchoiin.chol.cphey<->shckhy.chochy.kchod,qokechy olchoiin chol cpheyshckhy chochy kchod
IT2a-n,f7r,"f7r.10,+P0",schain.chor.daiin.chckhy<$>,schain chor daiin chckhy
IT2a-n,f7v,"f7v.1,@P0",<%>polyshy.shey.tchody.qopchy.otshol.dy.daiin.tshodody,polyshy shey tchody qopchy otshol dy daiin tshodody
IT2a-n,f7v,"f7v.2,+P0",chochy.cthy.daiin.qoky.chcphhy.daiin.cthol.cthy.cthd,chochy cthy daiin qoky chcphhy daiin cthol cthy cthd
IT2a-n,f7v,"f7v.3,+P0",qokchy.dykchy.chkeey.kshy.ky.ty.dor.cheey.ol.cheol.dy,qokchy dykchy chkeey kshy ky ty dor cheey ol cheol dy
IT2a-n,f7v,"f7v.4,+P0",choteeen.oeear.choschy.dain.sho.kshy.shol.deees.dol,choteeen oeear choschy dain sho kshy shol deees dol
IT2a-n,f7v,"f7v.5,+P0",dchodaiin.qotchy.cheey.tcheey<$>,dchodaiin qotchy cheey tcheey
IT2a-n,f7v,"f7v.6,+P0",<%>kchor.sheod.sheodaiin.shodaiin.oksholshol.dais.qos,kchor sheod sheodaiin shodaiin oksholshol dais qos
IT2a-n,f7v,"f7v.7,+P0",okshodeeen.chor.cheor.odaiin.shotcho<->dol.dol.dor.aiin,okshodeeen chor cheor odaiin shotchodol dol dor aiin
IT2a-n,f7v,"f7v.8,+P0",qoteeeo.rcho.cheeody.qotchey.tey<->okchor.daiin,qoteeeo rcho cheeody qotchey teyokchor daiin
IT2a-n,f7v,"f7v.9,+P0",sho.keeo.daiir.chokchy.dor.deol.dy<->dol.daiin<$>,sho keeo daiir chokchy dor deol dydol daiin
IT2a-n,f8r,"f8r.1,@P0",<%>pshol.chor.otshal.chopy<->cphol.chody.shy.cfhodar.shor,pshol chor otshal chopycphol chody shy cfhodar shor
IT2a-n,f8r,"f8r.2,+P0",tchty.sh.kcheals.sho<->okche.do.dchy.dain.al,tchty sh kcheals shookche do dchy dain al
IT2a-n,f8r,"f8r.3,+P0",chodar.shy.ry<->chodaiin.shokchy.chor.dy,chodar shy rychodaiin shokchy chor dy
IT2a-n,f8r,"f8r.4,+P0",qotor.chor.chor.sheey<->dchol.shesed.chofchy.dam,qotor chor chor sheeydchol shesed chofchy dam
IT2a-n,f8r,"f8r.5,+P0",okchey.do.r.cheeey.dy.ky<->scho.chky.ckooaiin.chy.taiin,okchey do r cheeey dy kyscho chky ckooaiin chy taiin
IT2a-n,f8r,"f8r.6,+P0",tosh.ckcheey.koltoldy<->shy.chocty.cheeody.sol,tosh ckcheey koltoldyshy chocty cheeody sol
IT2a-n,f8r,"f8r.7,+P0",choto.kchoan.choor.dain,choto kchoan choor dain
IT2a-n,f8r,"f8r.8,=Pt",ocho.daiin<$>,ocho daiin
IT2a-n,f8r,"f8r.9,*P0",<%>tchoep.sho.pcheey.pchey<->ofchey.dsheey.shol.daiin.shor,tchoep sho pcheey pcheyofchey dsheey shol daiin shor
IT2a-n,f8r,"f8r.10,+P0",daiin.cheey.teeodan.dy<->cheocthy.oksheo.dol.daird,daiin cheey teeodan dycheocthy oksheo dol daird
IT2a-n,f8r,"f8r.11,+P0",shol.cheodaiin.daiin.do<->ytchody.chot.choty.otariin,shol cheodaiin daiin doytchody chot choty otariin
IT2a-n,f8r,"f8r.12,+P0",qochodaiin.shotokody<->chotol,qochodaiin shotokodychotol
IT2a-n,f8r,"f8r.13,=Pt",okokchodm<$>,okokchodm
IT2a-n,f8r,"f8r.14,*P0",<%>ctho.cthey.shol.chofydy<->sho.chey.kshey.lody.cholal,ctho cthey shol chofydysho chey kshey lody cholal
IT2a-n,f8r,"f8r.15,+P0",dchey.ckhol.chol.chey.kchs<->chy.etodaiin.dol.daiiirchy.ckhy,dchey ckhol chol chey kchschy etodaiin dol daiiirchy ckhy
IT2a-n,f8r,"f8r.16,+P0",ychey.kchokchy.chsey.kchy<->scheaiin.cthaichar.cthy.dar,ychey kchokchy chsey kchyscheaiin cthaichar cthy dar
IT2a-n,f8r,"f8r.17,+P0",chol.dchy.qokar.chl<->aiin.chean.cky.char.chaiin,chol dchy qokar chlaiin chean cky char chaiin
IT2a-n,f8r,"f8r.18,+P0",okar.cphaiin.chaiin.el<->daiin.chor.cha.rchealcham,okar cphaiin chaiin eldaiin chor cha rchealcham
IT2a-n,f8r,"f8r.19,+P0",sair.cheain.cphol.dar<->shol.kaiin.shol.kaiin.daikam,sair cheain cphol darshol kaiin shol kaiin daikam
IT2a-n,f8r,"f8r.20,+P0",or.chokesey.shey.okal<->chal,or chokesey shey okalchal
IT2a-n,f8r,"f8r.21,=Pt",schol.sair<$>,schol sair
IT2a-n,f8v,"f8v.1,@P0",<%>cthod.soocth<->sol.shol.otol.chol.opcheaiin.opydaiin.saiin,cthod soocthsol shol otol chol opcheaiin opydaiin saiin
IT2a-n,f8v,"f8v.2,+P0",shcthal.sar<->chor.sheaiin.shor.chykchy.otaiin.cty,shcthal sarchor sheaiin shor chykchy otaiin cty
IT2a-n,f8v,"f8v.3,+P0",qody.cheal.sy<->chory<->chear.shol.chaiin.shaiin.dolar,qody cheal sychorychear shol chaiin shaiin dolar
IT2a-n,f8v,"f8v.4,+P0",dshol.shol<->dol<->chean.cthar.shealy.daiin.chary,dshol sholdolchean cthar shealy daiin chary
IT2a-n,f8v,"f8v.5,+P0",chol.chol.dar<->otchar.etaiin.cthol.dar,chol chol darotchar etaiin cthol dar
IT2a-n,f8v,"f8v.6,+P0",daiin.cthan<->ytchy.chey.kaiin.dain.ar,daiin cthanytchy chey kaiin dain ar
IT2a-n,f8v,"f8v.7,+P0",sho.kchol<->dar.shey.cthar.chotain.ry,sho kcholdar shey cthar chotain ry
IT2a-n,f8v,"f8v.8,+P0",okchol.ksh<->chol.chol.chol.cthaiin.dain,okchol kshchol chol chol cthaiin dain
IT2a-n,f8v,"f8v.9,+P0",shol.orchl<->chokchy.chol.cthor.chaiin,shol orchlchokchy chol cthor chaiin
IT2a-n,f8v,"f8v.10,+P0",scharchy<->oeesody.kchey.pchy.cpharom,scharchyoeesody kchey pchy cpharom
IT2a-n,f8v,"f8v.11,+P0",sorain<$>,sorain
IT2a-n,f8v,"f8v.12,+P0",<%>pchar.cho.rol.dal<->shear.cheeotaiin.chal.daiin,pchar cho rol dalshear cheeotaiin chal daiin
IT2a-n,f8v,"f8v.13,+P0",kchor.otchar.oky<->chokain.keoky.otorchy.satar,kchor otchar okychokain keoky otorchy satar
IT2a-n,f8v,"f8v.14,+P0",shor.okol.lokaiin<->shol.kol.char.cthey.tchy.ckham,shor okol lokaiinshol kol char cthey tchy ckham
IT2a-n,f8v,"f8v.15,+P0",or.chol.cheen.chcky<->chor.cheain.char.cheeky.chor.ry,or chol cheen chckychor cheain char cheeky chor ry
IT2a-n,f8v,"f8v.16,+P0",chor.chear.chear<->oteey.dchor.chodey.cho.raiin,chor chear chearoteey dchor chodey cho raiin
IT2a-n,f8v,"f8v.17,+P0",dain.chear.daiin<$>,dain chear daiin
IT2a-n,f9r,"f9r.1,@P0",<%>tydlo.choly.cthor.orchey.s.shy.odaiin.sary<->shor.cthy,tydlo choly cthor orchey s shy odaiin saryshor cthy
IT2a-n,f9r,"f9r.2,+P0",oykeey.chol.ytaiin.okchody.toeoky.okoiin.dy<->or.chaiin,oykeey chol ytaiin okchody toeoky okoiin dyor chaiin
IT2a-n,f9r,"f9r.3,+P0",toiin.cphy.qotod.otaiin.cthy.okor.chey<->cthod.ram,toiin cphy qotod otaiin cthy okor cheycthod ram
IT2a-n,f9r,"f9r.4,+P0",yshy.chokcho.chcthod.shor.shaiin.otar.dor<->ytol.dayty,yshy chokcho chcthod shor shaiin otar dorytol dayty
IT2a-n,f9r,"f9r.5,+P0",daiin.chor.sor.cthy.chokoiin.shol.dsholdy<->otchol.ot.dy<$>,daiin chor sor cthy chokoiin shol dsholdyotchol ot dy
IT2a-n,f9r,"f9r.6,+P0",<%>pshoain.cthyaiin.okaiir.cfhodoral.shar<->sy<->shydal.chdy,pshoain cthyaiin okaiir cfhodoral sharsyshydal chdy
IT2a-n,f9r,"f9r.7,+P0",or.chol.chytchy.tchol.ytor.qotol.chyky<->chodar.aiin,or chol chytchy tchol ytor qotol chykychodar aiin
IT2a-n,f9r,"f9r.8,+P0",qotcho.qokchy.cthey.koraiin.okain.d.dal<->s<->olsho.cthy,qotcho qokchy cthey koraiin okain d dalsolsho cthy
IT2a-n,f9r,"f9r.9,+P0",ocho.cthy.choctoy.chodykchy.saiin.dchy<->daiin<$>,ocho cthy choctoy chodykchy saiin dchydaiin
IT2a-n,f9r,"f9r.10,+Pc",<%>ytchas.oraiin.chkar<$>,ytchas oraiin chkar
IT2a-n,f9v,"f9v.1,@P0",<%>fochor.oporody.opy.shor.daiin.qopchypcho.qofol.shol.cfhol.daiin,fochor oporody opy shor daiin qopchypcho qofol shol cfhol daiin
IT2a-n,f9v,"f9v.2,+P0",dchor.qoaiin.chkaiin.cthor.chol.chor.cphol.dy<->oty.qokaiin.dy,dchor qoaiin chkaiin cthor chol chor cphol dyoty qokaiin dy
IT2a-n,f9v,"f9v.3,+P0",ykey.chor.ykaiin.daiin.cthy.otaiin.oky<->oeees.daiin,ykey chor ykaiin daiin cthy otaiin okyoeees daiin
IT2a-n,f9v,"f9v.4,+P0",ytey.tchy.kaiin.cthor.otol.oty.toldy<$>,ytey tchy kaiin cthor otol oty toldy
IT2a-n,f9v,"f9v.5,+P0",<%>pchor.ypcheey.qotor.ypchy.olcfholy.te<->ar<->chty.daiiin,pchor ypcheey qotor ypchy olcfholy tearchty daiiin
IT2a-n,f9v,"f9v.6,+P0",odol.choy.ksheody.chody<->dain<->otchy<->cthod.yky,odol choy ksheody chodydainotchycthod yky
IT2a-n,f9v,"f9v.7,+P0",qochol.chol.ctchy.daiin<->otal<->dor<->daim,qochol chol ctchy daiinotaldordaim
IT2a-n,f9v,"f9v.8,+P0",soiin.daiin.qokcho.rokyd<->daly,soiin daiin qokcho rokyddaly
IT2a-n,f9v,"f9v.9,+P0",daiin.chy.tor.chyty.dary<->ytoldy,daiin chy tor chyty daryytoldy
IT2a-n,f9v,"f9v.10,+P0",oty.kchol.chol.chy.kyty,oty kchol chol chy kyty
IT2a-n,f9v,"f9v.11,+P0",ychor.chshoty.oky.kaiin,ychor chshoty oky kaiin
IT2a-n,f9v,"f9v.12,+P0",chkaiin.ckhy.chor<$>,chkaiin ckhy chor
IT2a-n,f10r,"f10r.1,@P0",<%>pchocthy.shor.octhody.chorchy.pchodol.chopchal.ypch.kom,pchocthy shor octhody chorchy pchodol chopchal ypch kom
IT2a-n,f10r,"f10r.2,+P0",dchey.cthoor.char.chty.os.chair.otytchol.oky.daiin.etyd,dchey cthoor char chty os chair otytchol oky daiin etyd
IT2a-n,f10r,"f10r.3,+P0",qotor.otchy.daiin.chocthy.qotchy.chol.or.yty.dy.dy,qotor otchy daiin chocthy qotchy chol or yty dy dy
IT2a-n,f10r,"f10r.4,+P0",sor.chaiin.chcthy.ctho.ckhy.or.aiin.chtchor.doiir.ody,sor chaiin chcthy ctho ckhy or aiin chtchor doiir ody
IT2a-n,f10r,"f10r.5,+P0",qokchy.qotchol.chol.cthy<$>,qokchy qotchol chol cthy
IT2a-n,f10r,"f10r.6,+P0",<%>ycheor.cthy.chor.cthaiin.qoctholy.dy<->chy.taiin.shy,ycheor cthy chor cthaiin qoctholy dychy taiin shy
IT2a-n,f10r,"f10r.7,+P0",dchy.qokchol.ykchaiin.yty.daiin.cth<->dain.dair.am,dchy qokchol ykchaiin yty daiin cthdain dair am
IT2a-n,f10r,"f10r.8,+P0",qotchor.chor.otol.chol.cholor<->chol.daiin.dar,qotchor chor otol chol cholorchol daiin dar
IT2a-n,f10r,"f10r.9,+P0",oykchor.shor.chor.chy.kaiiin.dy<->chodaiin,oykchor shor chor chy kaiiin dychodaiin
IT2a-n,f10r,"f10r.10,+P0",oqotar.otor.cfhy.cthor.osain<->ytoiin,oqotar otor cfhy cthor osainytoiin
IT2a-n,f10r,"f10r.11,+P0",rotcho.shor.qoty.qotor.cthy.d<->otar,rotcho shor qoty qotor cthy dotar
IT2a-n,f10r,"f10r.12,+P0",rodaiin.daiin.qotchy.qotor<$>,rodaiin daiin qotchy qotor
IT2a-n,f10v,"f10v.1,@P0",<%>paiin.daiin.sheo.pcheey.qoty.daiin.cthor.otydy.sain,paiin daiin sheo pcheey qoty daiin cthor otydy sain
IT2a-n,f10v,"f10v.2,+P0",dain.daiin.ckhy.chcthor.choiin.qot.chodaiin.cthy.daiin,dain daiin ckhy chcthor choiin qot chodaiin cthy daiin
IT2a-n,f10v,"f10v.3,+P0",dsho.ytey.kchol.olty.chol.dy<$>,dsho ytey kchol olty chol dy
IT2a-n,f10v,"f10v.4,+P0",<%>qotchytor.shoiin.daiin.qotchey.shcthey.ytor.dain,qotchytor shoiin daiin qotchey shcthey ytor dain
IT2a-n,f10v,"f10v.5,+P0",sho.ykeey.daiin.qotchy.qotor.chol.daiin.qokchyky,sho ykeey daiin qotchy qotor chol daiin qokchyky
IT2a-n,f10v,"f10v.6,+P0",shoiin.chor.shcthy.qoty.qotoiin.qokol.choraiin,shoiin chor shcthy qoty qotoiin qokol choraiin
IT2a-n,f10v,"f10v.7,+P0",qokol.chyky.chol.cheky.daiin.dain.chckhan<$>,qokol chyky chol cheky daiin dain chckhan
IT2a-n,f11r,"f11r.1,@P0",<%>tshol.schoal.cfhy.shfydaiin.cphy.shey.tchody.shoyty,tshol schoal cfhy shfydaiin cphy shey tchody shoyty
IT2a-n,f11r,"f11r.2,+P0",socthody.qodor.y.kshy.daiin.ytchy.ytchoky.kchol.daiin,socthody qodor y kshy daiin ytchy ytchoky kchol daiin
IT2a-n,f11r,"f11r.3,+P0",qoty.chol.cthy.dor.ykychy.choty.dain.chaiin.daiin.ded,qoty chol cthy dor ykychy choty dain chaiin daiin ded
IT2a-n,f11r,"f11r.4,+P0",dchol.chy.kchy.dy.daiin<$>,dchol chy kchy dy daiin
IT2a-n,f11r,"f11r.5,+P0",<%>tchol.shor.shor.dky.shcphy.daiin.cthy.dy.chodl.daiin,tchol shor shor dky shcphy daiin cthy dy chodl daiin
IT2a-n,f11r,"f11r.6,+P0",odl.ds.y.otol.chaiin.ykchor.dair.chody.cthy.s.daiin,odl ds y otol chaiin ykchor dair chody cthy s daiin
IT2a-n,f11r,"f11r.7,+P0",qotchy.okchol.cthy.dy<$>,qotchy okchol cthy dy
IT2a-n,f11v,"f11v.1,@P0",<%>poldchody.shcphy.shordy.qoty<->shol.cphar.dan.y,poldchody shcphy shordy qotyshol cphar dan y
IT2a-n,f11v,"f11v.2,+P0",shol.dy.chckhy.shcthy.daiin.dam<->ykchy.dain.dchy,shol dy chckhy shcthy daiin damykchy dain dchy
IT2a-n,f11v,"f11v.3,+P0",otchor.dy.kchy.tchy.?ar.qokchd<->oky.chol.dy.dy,otchor dy kchy tchy qokchdoky chol dy dy
IT2a-n,f11v,"f11v.4,+P0",qokchor.chololer.chyky.dchy.qoky<->ctho.tchey.tan,qokchor chololer chyky dchy qokyctho tchey tan
IT2a-n,f11v,"f11v.6,=P0",soydy.qoteey.qotchor.dy.ddy<->cthor.shy.arg,soydy qoteey qotchor dy ddycthor shy arg
IT2a-n,f11v,"f11v.7,+P0",ycheor.ksho.dor.cthey.schold<$>,ycheor ksho dor cthey schold
IT2a-n,f13r,"f13r.1,@P0",<%>torshor.opchy.shol.dy.qopchy.shol.opchor.dypchy.dchm,torshor opchy shol dy qopchy shol opchor dypchy dchm
IT2a-n,f13r,"f13r.2,+P0",dchol.chol.dol.shkchy.ydal.shy.ykchy.qotey.daiin.s.y,dchol chol dol shkchy ydal shy ykchy qotey daiin s y
IT2a-n,f13r,"f13r.3,+P0",s.y.dchor.shaiin.oeees.ykor.chor.ytshy.ykchy.kchy.dar,s y dchor shaiin oeees ykor chor ytshy ykchy kchy dar
IT2a-n,f13r,"f13r.4,+P0",qodchy.ytchy.otchor<$>,qodchy ytchy otchor
IT2a-n,f13r,"f13r.5,+P0",<%>shorodo.shy.tshy.kchol.dpchy.qopchy.otchol.cfhol.dy,shorodo shy tshy kchol dpchy qopchy otchol cfhol dy
IT2a-n,f13r,"f13r.6,+P0",tchor.dor.daiin.qotchol.okchy.okchor.oiin.chckhy.d,tchor dor daiin qotchol okchy okchor oiin chckhy d
IT2a-n,f13r,"f13r.7,+P0",dchy.qoky.chol.dy.qokhy.d.oldy<->okchor.doaiin,dchy qoky chol dy qokhy d oldyokchor doaiin
IT2a-n,f13r,"f13r.8,+P0",shochy.qokchy.torchy.kccky<->s.okchey.daiin,shochy qokchy torchy kcckys okchey daiin
IT2a-n,f13r,"f13r.9,+P0",oldy.shey.chol.doiin.ykoly<->okchal.daldy,oldy shey chol doiin ykolyokchal daldy
IT2a-n,f13r,"f13r.10,+P0",sotchy.kchy.okorory<$>,sotchy kchy okorory
IT2a-n,f13v,"f13v.1,@P0",<%>koair.chtoiin.otchy.kchod.otol.otchy.octhos,koair chtoiin otchy kchod otol otchy octhos
IT2a-n,f13v,"f13v.2,+P0",oko.qokol.chodal.otchol.cphol.choty,oko qokol chodal otchol cphol choty
IT2a-n,f13v,"f13v.3,+P0",qokchy.qokod.chy.otchy.cthody,qokchy qokod chy otchy cthody
IT2a-n,f13v,"f13v.4,+P0",ols.chey.okos.oaiin.okshy.qocky,ols chey okos oaiin okshy qocky
IT2a-n,f13v,"f13v.5,+P0",qoky.daiin<$>,qoky daiin
IT2a-n,f13v,"f13v.6,+P0",<%>foldaiin.olcphy.shol<->dy.oty.shor.qotyd<->dairo.d,foldaiin olcphy sholdy oty shor qotyddairo d
IT2a-n,f13v,"f13v.7,+P0",dain.okal.chy.qokchory<->dchy.koky.daiin<->shoin,dain okal chy qokchorydchy koky daiinshoin
IT2a-n,f13v,"f13v.8,+P0",otchy.daiin.y.dain.ykol<->okchy.okald.d<->ytaiin,otchy daiin y dain ykolokchy okald dytaiin
IT2a-n,f13v,"f13v.9,+P0",tchtod.otal.cthor.ytal<->y.cho.tal<->sho.qocthy,tchtod otal cthor ytaly cho talsho qocthy
IT2a-n,f13v,"f13v.10,+P0",y.ol.chy.kchey.kchor.dal<$>,y ol chy kchey kchor dal
IT2a-n,f14r,"f14r.1,@P0",<%>pchodaiin.chopol.shoiin.daiin.dain,pchodaiin chopol shoiin daiin dain
IT2a-n,f14r,"f14r.2,+P0",o.ykeey.soiiin.chok.qokchy.da.okol,o ykeey soiiin chok qokchy da okol
IT2a-n,f14r,"f14r.3,+P0",ydaiin.olchy.kchor.daiin.olol,ydaiin olchy kchor daiin olol
IT2a-n,f14r,"f14r.4,+P0",ochkchar.kol.shy.daiin.dorody,ochkchar kol shy daiin dorody
IT2a-n,f14r,"f14r.5,+P0",qokchol.dar.dala.qotolo,qokchol dar dala qotolo
IT2a-n,f14r,"f14r.6,+P0",ychol.oir.okor.choor.ockhy,ychol oir okor choor ockhy
IT2a-n,f14r,"f14r.7,+P0",otcho.dain.chckhy<$>,otcho dain chckhy
IT2a-n,f14r,"f14r.8,+P0",<%>soshy.fchol.shor.cheor.ykaiin.s,soshy fchol shor cheor ykaiin s
IT2a-n,f14r,"f14r.9,+P0",sody.chody.otchody.qotchy.koiin.sy<->shoty.dy,sody chody otchody qotchy koiin syshoty dy
IT2a-n,f14r,"f14r.10,+P0",qotchor.chod.shoty.chody.dol.dy.dy<->okchy.dy,qotchor chod shoty chody dol dy dyokchy dy
IT2a-n,f14r,"f14r.11,+P0",dchokchy.schol.dy.shey.dar.qoty<->ykeey.ky,dchokchy schol dy shey dar qotyykeey ky
IT2a-n,f14r,"f14r.12,+P0",oeeen.chey.teor.chey.tchy.ky<->chodalg,oeeen chey teor chey tchy kychodalg
IT2a-n,f14r,"f14r.13,+P0",sodaiin.chy.kchy.kchy.ykeody<$>,sodaiin chy kchy kchy ykeody
IT2a-n,f14v,"f14v.1,@P0",<%>pdychoiin.yfodain.otyshy.dy.ypchor.daiin.kol.ydain,pdychoiin yfodain otyshy dy ypchor daiin kol ydain
IT2a-n,f14v,"f14v.2,+P0",okchor.dchy.tshy.oky.chy.cthy.otchy.ty.chol.daiin,okchor dchy tshy oky chy cthy otchy ty chol daiin
IT2a-n,f14v,"f14v.3,+P0",ychy.dy.daiin.chcthy.ykykaiin.dytchy.ykchy.ky.dy,ychy dy daiin chcthy ykykaiin dytchy ykchy ky dy
IT2a-n,f14v,"f14v.4,+P0",ytychy.ksho.ykshy.shokshor.yty.darody.dyotyds,ytychy ksho ykshy shokshor yty darody dyotyds
IT2a-n,f14v,"f14v.5,+P0",okshy.daiin.okchor.chky.qotchy.daiin.cthor.oty,okshy daiin okchor chky qotchy daiin cthor oty
IT2a-n,f14v,"f14v.6,+P0",qoty.choky.cthy.chokchy.dydydy.chckhy.dchyd.n,qoty choky cthy chokchy dydydy chckhy dchyd n
IT2a-n,f14v,"f14v.7,+P0",oykshy.choty.dydy.odyd.otchy.okchy.dshy.dardy,oykshy choty dydy odyd otchy okchy dshy dardy
IT2a-n,f14v,"f14v.8,+P0",chokshor.daiin<->okshody.daiin<->dol.dair.dam,chokshor daiinokshody daiindol dair dam
IT2a-n,f14v,"f14v.9,+P0",dykchy.ctholdg<->dchckhy<$>,dykchy ctholdgdchckhy
IT2a-n,f15r,"f15r.1,@P0",<%>tshor.shey.tchaly<->shy.chtols.shey<->daiin,tshor shey tchalyshy chtols sheydaiin
IT2a-n,f15r,"f15r.2,+P0",otchor.qokchor.oly<->okor.shy.koly,otchor qokchor olyokor shy koly
IT2a-n,f15r,"f15r.3,+P0",qokaiin.qotchy.tydy<->daiin.chol.cthy,qokaiin qotchy tydydaiin chol cthy
IT2a-n,f15r,"f15r.4,+P0",scheaiin.chodaiin.chl<->sol.ckhaiin.sal,scheaiin chodaiin chlsol ckhaiin sal
IT2a-n,f15r,"f15r.5,+P0",qotchy.r.shor.cthy<->daiin.cthy.dy,qotchy r shor cthydaiin cthy dy
IT2a-n,f15r,"f15r.6,+P0",dchy.kokaiin.chdy<->saiin.okear,dchy kokaiin chdysaiin okear
IT2a-n,f15r,"f15r.7,+P0",daiin.shkaiin.cthy<->sho.keocthy,daiin shkaiin cthysho keocthy
IT2a-n,f15r,"f15r.8,+P0",shocthy.tol.kaiin.s<->dain.ctholy,shocthy tol kaiin sdain ctholy
IT2a-n,f15r,"f15r.9,+P0",octhain.qokaiin.chos<->odaiin.cthl.s.y,octhain qokaiin chosodaiin cthl s y
IT2a-n,f15r,"f15r.10,+P0",ychain.chckhhy.okshy<->saiiin.dolchds,ychain chckhhy okshysaiiin dolchds
IT2a-n,f15r,"f15r.11,+P0",okaiin.otaiin.chl.sy<->chor.choross,okaiin otaiin chl sychor choross
IT2a-n,f15r,"f15r.12,+P0",qotor.shor.tcheor.chy<->cthaiin<->shan,qotor shor tcheor chycthaiinshan
IT2a-n,f15r,"f15r.13,+P0",ykshol.dor.sheey.cthy.dain<->sky<->shor.shoty,ykshol dor sheey cthy dainskyshor shoty
IT2a-n,f15r,"f15r.14,+P0",otcho.kchy.chol.daiin.cthar<->ytol.dor.dom,otcho kchy chol daiin ctharytol dor dom
IT2a-n,f15r,"f15r.15,+P0",qotchor.chaiin.chy.koldaky<$>,qotchor chaiin chy koldaky
IT2a-n,f15v,"f15v.1,@P0",<%>poror.orshy.choiin.dtchan.opchor.dy,poror orshy choiin dtchan opchor dy
IT2a-n,f15v,"f15v.2,+P0",?chor.or.oro.r.aiin.cthy.kain.dar,or oro r aiin cthy kain dar
IT2a-n,f15v,"f15v.3,+P0",cthor.daiin.qokor.okeor.okaiin,cthor daiin qokor okeor okaiin
IT2a-n,f15v,"f15v.4,+P0",doiin.choky.shol.qoky.qotchod,doiin choky shol qoky qotchod
IT2a-n,f15v,"f15v.5,+P0",otchor.chor.chor.ytchor.cthy.s,otchor chor chor ytchor cthy s
IT2a-n,f15v,"f15v.6,+P0",qotchey.choty.kaiin.otchy.r.aiin,qotchey choty kaiin otchy r aiin
IT2a-n,f15v,"f15v.7,+P0",coy.choiin.sho.s.chy.s.chy.tor.ols,coy choiin sho s chy s chy tor ols
IT2a-n,f15v,"f15v.8,+P0",ytchor.chor.ol.oiin.oty.shol.daiin,ytchor chor ol oiin oty shol daiin
IT2a-n,f15v,"f15v.9,+P0",otcholocthol.chol.chol.chody.kan,otcholocthol chol chol chody kan
IT2a-n,f15v,"f15v.10,+P0",sor.chor.cthoiin.cthy.qokaiin,sor chor cthoiin cthy qokaiin
IT2a-n,f15v,"f15v.11,+P0",soloiin.cheor.chol.daiin.cthy,soloiin cheor chol daiin cthy
IT2a-n,f15v,"f15v.12,+P0",daiin.cthor.chol.chor<$>,daiin cthor chol chor
IT2a-n,f16r,"f16r.1,@P0",<%>pocheody.qopchey.sykaiin.opchy.dor.ychy.daiin.dy<->chor.orom,pocheody qopchey sykaiin opchy dor ychy daiin dychor orom
IT2a-n,f16r,"f16r.2,+P0",ychykchy.otly.kol.shor.ody.otody.qoy<->oeesordy,ychykchy otly kol shor ody otody qoyoeesordy
IT2a-n,f16r,"f16r.3,+P0",ydor.sheal.okchy.qoy.koiin.choky.ykair<$>,ydor sheal okchy qoy koiin choky ykair
IT2a-n,f16r,"f16r.4,+Pc",<%>dainod.ychealod<$>,dainod ychealod
IT2a-n,f16r,"f16r.5,*P0",<%>tchor.chor.chs.ykch.shocthy.opchy.ty.ky,tchor chor chs ykch shocthy opchy ty ky
IT2a-n,f16r,"f16r.6,+P0",oshaiin.dyky.oeees.deeeod.aiin.dtoaiin,oshaiin dyky oeees deeeod aiin dtoaiin
IT2a-n,f16r,"f16r.7,+P0",daiin.dalchy.dyky.schy.saiin.doal.qoky,daiin dalchy dyky schy saiin doal qoky
IT2a-n,f16r,"f16r.8,+P0",shotchy.ydain.yky.shody.otol.daiin,shotchy ydain yky shody otol daiin
IT2a-n,f16r,"f16r.9,+P0",saiin.ytaiin<$>,saiin ytaiin
IT2a-n,f16r,"f16r.10,+P0",<%>toror.dalydal.opchy.fchol.ypchocfy.okal,toror dalydal opchy fchol ypchocfy okal
IT2a-n,f16r,"f16r.11,+P0",sokchy.qokol.chotyokchy.cthy.chy.kchy,sokchy qokol chotyokchy cthy chy kchy
IT2a-n,f16r,"f16r.12,+P0",dychokchy.shcthy.shtshy.sho.tchokyd,dychokchy shcthy shtshy sho tchokyd
IT2a-n,f16r,"f16r.13,+P0",qokchor.dl.dy.shey<$>,qokchor dl dy shey
IT2a-n,f16v,"f16v.1,@P0",<%>pchraiin.otchor.chpchol.chpchey.s.pchocty,pchraiin otchor chpchol chpchey s pchocty
IT2a-n,f16v,"f16v.2,+P0",ytchor.y.ky.chokchy.qokchocthor.shory,ytchor y ky chokchy qokchocthor shory
IT2a-n,f16v,"f16v.3,+P0",ykchy.dy.choy.qoty.chy.kchy.koshet,ykchy dy choy qoty chy kchy koshet
IT2a-n,f16v,"f16v.4,+P0",dchol.chcthody.cphod.chotol.dal,dchol chcthody cphod chotol dal
IT2a-n,f16v,"f16v.5,+P0",ytchy.chyty.chor.chol.ytchy.dan,ytchy chyty chor chol ytchy dan
IT2a-n,f16v,"f16v.6,+P0",sor.chkar.oty.chkar.chol.dairin<$>,sor chkar oty chkar chol dairin
IT2a-n,f16v,"f16v.7,+P0",<%>pchocthy.chypchy.qotchy.chcfhhy.sy,pchocthy chypchy qotchy chcfhhy sy
IT2a-n,f16v,"f16v.8,+P0",daiin.chol.y.daiin.chcthy.qotchar.chor.sholo,daiin chol y daiin chcthy qotchar chor sholo
IT2a-n,f16v,"f16v.9,+P0",dshy.okaiin.okaiin.chol.chor.cthor.ty.chody,dshy okaiin okaiin chol chor cthor ty chody
IT2a-n,f16v,"f16v.10,+P0",qokchy.chydy.ykchy.chckhy.otain.cthor.cthy,qokchy chydy ykchy chckhy otain cthor cthy
IT2a-n,f16v,"f16v.11,+P0",okytaiin.chkchy.saiin,okytaiin chkchy saiin
IT2a-n,f16v,"f16v.12,+P0",daiin.yky.otor.chody,daiin yky otor chody
IT2a-n,f16v,"f16v.13,+P0",sokar.oaorar<$>,sokar oaorar
IT2a-n,f17r,"f17r.1,@P0",<%>fshody.daram.ydarchom.opydy.ypod.chop.otchy.dody.oldckhy,fshody daram ydarchom opydy ypod chop otchy dody oldckhy
IT2a-n,f17r,"f17r.2,+P0",ydair.shoky.okshy.qodar.ckhody.dor.otchol.qodcthy.ods,ydair shoky okshy qodar ckhody dor otchol qodcthy ods
IT2a-n,f17r,"f17r.3,+P0",chol.or.chy.qodam.okor.chor.okchom<$>,chol or chy qodam okor chor okchom
IT2a-n,f17r,"f17r.4,+P0",<%>tcho?.shol.qokol.qor.olaiin.opydg<->som.ypchy.ypaim,shol qokol qor olaiin opydgsom ypchy ypaim
IT2a-n,f17r,"f17r.5,+P0",ychekchy.cthy.chor.shor.cphor.cphaldy<->dair.cthey.qody,ychekchy cthy chor shor cphor cphaldydair cthey qody
IT2a-n,f17r,"f17r.6,+P0",tsho.qofcho.qokcheor.chekeg<$>,tsho qofcho qokcheor chekeg
IT2a-n,f17r,"f17r.7,+P0",<%>ksheo.qokchy.choldshy.zepchy<->dsa<->opchordy,ksheo qokchy choldshy zepchydsaopchordy
IT2a-n,f17r,"f17r.8,+P0",dchchy.dychear.schar.ykchy,dchchy dychear schar ykchy
IT2a-n,f17r,"f17r.9,+P0",soy.chckhy.o.dar.chypcham,soy chckhy o dar chypcham
IT2a-n,f17r,"f17r.10,+P0",dar.chear.dsheor.?ain.y.mol,dar chear dsheor y mol
IT2a-n,f17r,"f17r.11,+P0",otchol.cthar.okaiin.chol.daiiin,otchol cthar okaiin chol daiiin
IT2a-n,f17r,"f17r.12,+P0",ychody.chotom<$>,ychody chotom
IT2a-n,f17v,"f17v.1,@P0",<%>pchodol.chor.fchy.opydaiin.odaldy,pchodol chor fchy opydaiin odaldy
IT2a-n,f17v,"f17v.2,+P0",ycheey.keeor.cthodal.okol.odaiin.okal,ycheey keeor cthodal okol odaiin okal
IT2a-n,f17v,"f17v.3,+P0",oldaim.odaiin.okal.oldaiin.chockhol.olol,oldaim odaiin okal oldaiin chockhol olol
IT2a-n,f17v,"f17v.4,+P0",kchor.fchol.cphol.olcheol.okeeey,kchor fchol cphol olcheol okeeey
IT2a-n,f17v,"f17v.5,+P0",ychol.chol.dolcheey.tchol.dar.ckhy,ychol chol dolcheey tchol dar ckhy
IT2a-n,f17v,"f17v.6,+P0",oekor.or.okaiin.or.otaiin.d,oekor or okaiin or otaiin d
IT2a-n,f17v,"f17v.7,+P0",sor.chkeey.poiis.cheor.os.s.aiin,sor chkeey poiis cheor os s aiin
IT2a-n,f17v,"f17v.8,+P0",qokeey.kchar.ol.dy.choldaiin.sy,qokeey kchar ol dy choldaiin sy
IT2a-n,f17v,"f17v.9,+P0",ycheol.shol.kchol.choltaiin.ol,ycheol shol kchol choltaiin ol
IT2a-n,f17v,"f17v.10,+P0",oytor.okeor.okar.okol.doiiram,oytor okeor okar okol doiiram
IT2a-n,f17v,"f17v.11,+P0",qokcheo.qokoiir.ctheol.chol,qokcheo qokoiir ctheol chol
IT2a-n,f17v,"f17v.12,+P0",oy.choy.koaiin.chckhey.ol.chor,oy choy koaiin chckhey ol chor
IT2a-n,f17v,"f17v.13,+P0",ykeor.chol.chol.cthol.chkor.sheol,ykeor chol chol cthol chkor sheol
IT2a-n,f17v,"f17v.14,+P0",olo.r.okeeol.chodaiin.okeol.tchory,olo r okeeol chodaiin okeol tchory
IT2a-n,f17v,"f17v.15,+P0",ychor.cthy.cheeky.cheo.otor.oteol,ychor cthy cheeky cheo otor oteol
IT2a-n,f17v,"f17v.16,+P0",okcheol.chol.okeol.cthol.otcheolom,okcheol chol okeol cthol otcheolom
IT2a-n,f17v,"f17v.17,+P0",qoain.sar.she.dol.qopchaiin.cthor,qoain sar she dol qopchaiin cthor
IT2a-n,f17v,"f17v.18,+P0",otor.cheeor.ol.chol.dor.chr.or.eees,otor cheeor ol chol dor chr or eees
IT2a-n,f17v,"f17v.19,+P0",dain.chey.qoaiin.cthor.chol.chom,dain chey qoaiin cthor chol chom
IT2a-n,f17v,"f17v.20,+P0",ykeey.okeey.cheor.chol.sho.ydaiin,ykeey okeey cheor chol sho ydaiin
IT2a-n,f17v,"f17v.21,+P0",oal.sheor.sholor.or.shecthy.cpheor.daiin,oal sheor sholor or shecthy cpheor daiin
IT2a-n,f17v,"f17v.22,+P0",qokeee.dar.chey.keeor.cheeol.ctheey.cthy,qokeee dar chey keeor cheeol ctheey cthy
IT2a-n,f17v,"f17v.23,+P0",chkeey.okeor.char.okeom<$>,chkeey okeor char okeom
IT2a-n,f18r,"f18r.1,@P0",<%>pdrairdy.darodsf.yoar.ykchol.dar.o.m.chckhy<->ockhor.dal,pdrairdy darodsf yoar ykchol dar o m chckhyockhor dal
IT2a-n,f18r,"f18r.2,+P0",otshol.qokchol.chykchy.okchal.daiin.dy<->chol.diiin,otshol qokchol chykchy okchal daiin dychol diiin
IT2a-n,f18r,"f18r.3,+P0",qokchor.chor.chckhy.orchey.qokchol.dy<->ytchar.g,qokchor chor chckhy orchey qokchol dyytchar g
IT2a-n,f18r,"f18r.4,+P0",chor.cthor.okeor.ykchol.okain<$>,chor cthor okeor ykchol okain
IT2a-n,f18r,"f18r.5,+P0",<%>tchor.shor.cthaiin.cthol.chlol.chom,tchor shor cthaiin cthol chlol chom
IT2a-n,f18r,"f18r.6,+P0",ychy.kchor.dair.ytol.chcthy.dar.dar.dal,ychy kchor dair ytol chcthy dar dar dal
IT2a-n,f18r,"f18r.7,+P0",oshor.shaiin.cthy.sholdy.doldy.doldaiin,oshor shaiin cthy sholdy doldy doldaiin
IT2a-n,f18r,"f18r.8,+P0",qokchor.ckhol.olody.okaldy<->dary,qokchor ckhol olody okaldydary
IT2a-n,f18r,"f18r.9,+P0",chol.chcthal.okshal.chykald,chol chcthal okshal chykald
IT2a-n,f18r,"f18r.10,+P0",dar.shor.qokchol.ol.ydaiin,dar shor qokchol ol ydaiin
IT2a-n,f18r,"f18r.11,+P0",sotchaiin.chokchy.chekhol.chor.g,sotchaiin chokchy chekhol chor g
IT2a-n,f18r,"f18r.12,+P0",ychair.cthol.daiin.qokchy.cthy,ychair cthol daiin qokchy cthy
IT2a-n,f18r,"f18r.13,+P0",or.shaiin.cthar.cthal.okal.dar<$>,or shaiin cthar cthal okal dar
IT2a-n,f18r,"f18r.14,+Pc",<%>ychekchy.kchaiin<$>,ychekchy kchaiin
IT2a-n,f18v,"f18v.1,@P0",<%>told.shar.ytshy.otchdal.dchal.dchy.ytdg,told shar ytshy otchdal dchal dchy ytdg
IT2a-n,f18v,"f18v.2,+P0",qoeees.or.oaiin.shy.okshy.qokchy.qokchy.s.g,qoeees or oaiin shy okshy qokchy qokchy s g
IT2a-n,f18v,"f18v.3,+P0",or.shy.qoky.qoky.chkchy.qokshy.qokam,or shy qoky qoky chkchy qokshy qokam
IT2a-n,f18v,"f18v.4,+P0",qotchy.qokay.qokchy.ykcho.ydl.dar,qotchy qokay qokchy ykcho ydl dar
IT2a-n,f18v,"f18v.5,+P0",r.ychoees.ykchy.qol.kchy.qotchol.daiir.om,r ychoees ykchy qol kchy qotchol daiir om
IT2a-n,f18v,"f18v.6,+P0",qotor.chor.otchy.qokeees.chy.s.ar.ykar,qotor chor otchy qokeees chy s ar ykar
IT2a-n,f18v,"f18v.7,+P0",ychol.dor.chod.qokol.daiin.qokol.dar.dy,ychol dor chod qokol daiin qokol dar dy
IT2a-n,f18v,"f18v.8,+P0",tolol.sh.cphoy.daror.ddy.ytor.ykam,tolol sh cphoy daror ddy ytor ykam
IT2a-n,f18v,"f18v.9,+P0",okchor.qotchy.qokchy.ytol.doky.dy,okchor qotchy qokchy ytol doky dy
IT2a-n,f18v,"f18v.10,+P0",yka.dshy.dair.ykol.dom<$>,yka dshy dair ykol dom
IT2a-n,f19r,"f19r.1,@P0",<%>pchor.qodchy.qotshy.dy.tchy.qotchy.qoky.daiin.dchydy,pchor qodchy qotshy dy tchy qotchy qoky daiin dchydy
IT2a-n,f19r,"f19r.2,+P0",dshy.chor.y.tchy.chol.dytchy.chordy.daiin.dyty.s.choy,dshy chor y tchy chol dytchy chordy daiin dyty s choy
IT2a-n,f19r,"f19r.3,+P0",oscheor.shy.tdaiin.chol.dor.yky,oscheor shy tdaiin chol dor yky
IT2a-n,f19r,"f19r.4,+P0",qokorar.daiin.chckhy.shy.kchor,qokorar daiin chckhy shy kchor
IT2a-n,f19r,"f19r.5,+P0",otchy.tchy.qoky.daiin.r,otchy tchy qoky daiin r
IT2a-n,f19r,"f19r.6,+P0",y.shor.shy.daiin.otytchy.daiin,y shor shy daiin otytchy daiin
IT2a-n,f19r,"f19r.7,+P0",qokcho.ky.cthar.dor.chan.dar,qokcho ky cthar dor chan dar
IT2a-n,f19r,"f19r.8,+P0",or.chor.daky.dal.chor.dorl.shy,or chor daky dal chor dorl shy
IT2a-n,f19r,"f19r.9,+P0",qotchor.dy.dor.y.tchykchy.shdaiin,qotchor dy dor y tchykchy shdaiin
IT2a-n,f19r,"f19r.10,+P0",daiin.cthor.chol.ykchor.chordy,daiin cthor chol ykchor chordy
IT2a-n,f19r,"f19r.11,+P0",qotchy.qolody.choldy.cthyd,qotchy qolody choldy cthyd
IT2a-n,f19r,"f19r.12,+P0",ykchor.chor.daiin.daiinol,ykchor chor daiin daiinol
IT2a-n,f19r,"f19r.13,+P0",osocthor.ytchor<$>,osocthor ytchor
IT2a-n,f19v,"f19v.1,@P0",<%>pochaiin.cthor.chpcheos.opchey.py.kchy,pochaiin cthor chpcheos opchey py kchy
IT2a-n,f19v,"f19v.2,+P0",qokchy.kchol.sor.qokchos.ykchy.darom,qokchy kchol sor qokchos ykchy darom
IT2a-n,f19v,"f19v.3,+P0",otchy.chol.daiin.qotol.ytol.daiin,otchy chol daiin qotol ytol daiin
IT2a-n,f19v,"f19v.4,+P0",ytch.chcthy.qotol.daiin.daiin,ytch chcthy qotol daiin daiin
IT2a-n,f19v,"f19v.5,+P0",qotchy.qoteey.daiin.doty.qot,qotchy qoteey daiin doty qot
IT2a-n,f19v,"f19v.6,+P0",ychoy.kchor.cthol.chocthy.s,ychoy kchor cthol chocthy s
IT2a-n,f19v,"f19v.7,+P0",ycho.r.chaiin.cthor<$>,ycho r chaiin cthor
IT2a-n,f19v,"f19v.8,+P0",<%>toy.tchey.qo.dchol.qokchs.dom,toy tchey qo dchol qokchs dom
IT2a-n,f19v,"f19v.9,+P0",ychor.oky.chor.ytal.chol.oky.ddor,ychor oky chor ytal chol oky ddor
IT2a-n,f19v,"f19v.10,+P0",daiin.chor.daiin.qokor.y.okchan,daiin chor daiin qokor y okchan
IT2a-n,f19v,"f19v.11,+P0",qotol.dar.okchor.daiin.cthor.otam,qotol dar okchor daiin cthor otam
IT2a-n,f19v,"f19v.12,+P0",otch.okchodshy.daiin.or.otaiin.dais,otch okchodshy daiin or otaiin dais
IT2a-n,f19v,"f19v.13,+P0",yees.ykchol.oty.ytor.ytar.ytchor.ytaiin<$>,yees ykchol oty ytor ytar ytchor ytaiin
IT2a-n,f19v,"f19v.14,+Pr",<%>otcholcheaiin.cthol<$>,otcholcheaiin cthol
IT2a-n,f20r,"f20r.1,@P0",<%>kdchody.chopy.cheey.qotchol.qotoeey.dchor.choiin,kdchody chopy cheey qotchol qotoeey dchor choiin
IT2a-n,f20r,"f20r.2,+P0",chodey.cthey.chotol.odaiir.qotchy.cthody.chodchy,chodey cthey chotol odaiir qotchy cthody chodchy
IT2a-n,f20r,"f20r.3,+P0",qoteey.cho.chodaiin.sho.qochy.chey.tcheodal.daral,qoteey cho chodaiin sho qochy chey tcheodal daral
IT2a-n,f20r,"f20r.4,+P0",ochol.ol.teey.otolchey<$>,ochol ol teey otolchey
IT2a-n,f20r,"f20r.5,+P0",<%>pchocthy.chokoaiin.cpy.cheeen.opchey.shosaiin.r,pchocthy chokoaiin cpy cheeen opchey shosaiin r
IT2a-n,f20r,"f20r.6,+P0",choees.okchor.qotol.cheey.daiin.chy.choiin.daiin,choees okchor qotol cheey daiin chy choiin daiin
IT2a-n,f20r,"f20r.7,+P0",ocholshod.daiin.choteol.chol.dol.shol.otaiin,ocholshod daiin choteol chol dol shol otaiin
IT2a-n,f20r,"f20r.8,+P0",schodain.cheo.r.cheody<$>,schodain cheo r cheody
IT2a-n,f20r,"f20r.9,+P0",<%>fchodees.shody.qotchey.qokchey.qocphy.chokoldy,fchodees shody qotchey qokchey qocphy chokoldy
IT2a-n,f20r,"f20r.10,+P0",ochoaiin.chor.sody.pchodaiin.chetody.choky.dchy.toy,ochoaiin chor sody pchodaiin chetody choky dchy toy
IT2a-n,f20r,"f20r.11,+P0",dchod.qoteeody.ytchy.qotshey.dchaiin.cholody,dchod qoteeody ytchy qotshey dchaiin cholody
IT2a-n,f20r,"f20r.12,+P0",shoiin.cheody.otchey.otchy.tchy.qoteey.daiin.dar,shoiin cheody otchey otchy tchy qoteey daiin dar
IT2a-n,f20r,"f20r.13,+P0",ochaiin.chor.chor.cheey.tchey<$>,ochaiin chor chor cheey tchey
IT2a-n,f20v,"f20v.1,@P0",<%>faiis.ar.okoy.shy.pofochey.opchy.qopy.choldy.opydy.cphy,faiis ar okoy shy pofochey opchy qopy choldy opydy cphy
IT2a-n,f20v,"f20v.2,+P0",sos.ykaiin.cheol.chol.choiin.checthy.otol.chol.chodaiin.oty,sos ykaiin cheol chol choiin checthy otol chol chodaiin oty
IT2a-n,f20v,"f20v.3,+P0",okchy.sho.kchol.shol.chcthy.qoty.chy.tol.shy.qotchy,okchy sho kchol shol chcthy qoty chy tol shy qotchy
IT2a-n,f20v,"f20v.4,+P0",sho.or.aiin.shol.daiin<$>,sho or aiin shol daiin
IT2a-n,f20v,"f20v.5,+P0",<%>tshol.folchol.otor.shol.shos.fshodchy.otchy.chcphy.dy,tshol folchol otor shol shos fshodchy otchy chcphy dy
IT2a-n,f20v,"f20v.6,+P0",doiiin.chockhy.dar.cheockhy.shos.cheos.char.cthaiin,doiiin chockhy dar cheockhy shos cheos char cthaiin
IT2a-n,f20v,"f20v.7,+P0",shocthy.sho.cthy.daiin.sheoy.tey.s<->soaiin,shocthy sho cthy daiin sheoy tey ssoaiin
IT2a-n,f20v,"f20v.8,+P0",shain.choraly.sho.ar.chy.daiin.d.s,shain choraly sho ar chy daiin d s
IT2a-n,f20v,"f20v.9,+P0",ykchy.keody.cho.cthy.chol.shd.qoty.d.s,ykchy keody cho cthy chol shd qoty d s
IT2a-n,f20v,"f20v.10,+P0",shokaiin.chocthy.chol.daiin.chy.chor.ety,shokaiin chocthy chol daiin chy chor ety
IT2a-n,f20v,"f20v.11,+P0",okoiin.chey.cphol.chor.y<$>,okoiin chey cphol chor y
IT2a-n,f21r,"f21r.1,@P0",<%>pchor.oeeockhy.ofychey.ypchey.qopcheody.otaiin.chan,pchor oeeockhy ofychey ypchey qopcheody otaiin chan
IT2a-n,f21r,"f21r.2,+P0",saiin.chcphy.oky.sheaiin.qotchol.oteos.sheey.cthy.daiin,saiin chcphy oky sheaiin qotchol oteos sheey cthy daiin
IT2a-n,f21r,"f21r.3,+P0",qotol.shy.ol.cheor.chy.qokchey.chey.keey.dy<$>,qotol shy ol cheor chy qokchey chey keey dy
IT2a-n,f21r,"f21r.4,+P0",<%>pchofychy.daiin.cthain.otolosheey.qocthey.tolchory,pchofychy daiin cthain otolosheey qocthey tolchory
IT2a-n,f21r,"f21r.5,+P0",ykeey.daiin.chosy.qokoiin.otol.chol.qotcheol.okeoaiin,ykeey daiin chosy qokoiin otol chol qotcheol okeoaiin
IT2a-n,f21r,"f21r.6,+P0",dchor.y.kolyky.chol.kol.qokeol.cholol.qoteeol.dady,dchor y kolyky chol kol qokeol cholol qoteeol dady
IT2a-n,f21r,"f21r.7,+P0",shoeor.cheor.chokeody.cho.cthor.shy<$>,shoeor cheor chokeody cho cthor shy
IT2a-n,f21r,"f21r.8,+P0",<%>fchokshy.otor.cheol.ocphal.opcheas.cthodaiin.oty,fchokshy otor cheol ocphal opcheas cthodaiin oty
IT2a-n,f21r,"f21r.9,+P0",okaiin.sho.tshaiin.chkaiin.shcthey.cthody.cthy.s,okaiin sho tshaiin chkaiin shcthey cthody cthy s
IT2a-n,f21r,"f21r.10,+P0",totchy.keor.chy.ky.qotaiin.qotchol.ty.ctheey.otaiin,totchy keor chy ky qotaiin qotchol ty ctheey otaiin
IT2a-n,f21r,"f21r.11,+P0",shol.chol.shol.tchol.chcthy.otyky.shey.yteol.shody,shol chol shol tchol chcthy otyky shey yteol shody
IT2a-n,f21r,"f21r.12,+P0",ykeea.chor.sheey.ysheol.chor.chol.daiin.chkaiin<$>,ykeea chor sheey ysheol chor chol daiin chkaiin
IT2a-n,f21v,"f21v.1,@P0",<%>toldshy.chofchy.qofshey.shckhol.odaiin.shey.ckholy,toldshy chofchy qofshey shckhol odaiin shey ckholy
IT2a-n,f21v,"f21v.2,+P0",oeeesoy.qokchy.chody.qotchy.qokchy.choty.tchol.daiin,oeeesoy qokchy chody qotchy qokchy choty tchol daiin
IT2a-n,f21v,"f21v.3,+P0",qotol.keeees.chotchy.tcho.choty.chor.qotol.daiin.dal,qotol keeees chotchy tcho choty chor qotol daiin dal
IT2a-n,f21v,"f21v.4,+P0",sho.chodaiin.choty.chol.daiin.daiin.chty.chtol,sho chodaiin choty chol daiin daiin chty chtol
IT2a-n,f21v,"f21v.5,+P0",osho.deey.ctho.l.sho.cthy.daiin.dait.oky,osho deey ctho l sho cthy daiin dait oky
IT2a-n,f21v,"f21v.6,+P0",sho.tsho.chotshol.chol.todaiin.daiin,sho tsho chotshol chol todaiin daiin
IT2a-n,f21v,"f21v.7,+P0",ykcho.lchol.cholchaiin.otchy.s.sheaiin,ykcho lchol cholchaiin otchy s sheaiin
IT2a-n,f21v,"f21v.8,+P0",cho.l.kchochaiin<$>,cho l kchochaiin
IT2a-n,f22r,"f22r.1,@P0",<%>pol.olshy.fcholy.shol.dpchy.oty.okoly.daiin.opchy.s.ocphy,pol olshy fcholy shol dpchy oty okoly daiin opchy s ocphy
IT2a-n,f22r,"f22r.2,+P0",ol.oiin.shol.o.kor.qokchol.daiin.otaiin.cthor.dain.ckhydom,ol oiin shol o kor qokchol daiin otaiin cthor dain ckhydom
IT2a-n,f22r,"f22r.3,+P0",qokol.dykaiin.okchy.daiin.cthol.ctholo.dar.shain<$>,qokol dykaiin okchy daiin cthol ctholo dar shain
IT2a-n,f22r,"f22r.4,+P0",<%>pchaiin.ofchy.daiin.cfhy.doroiin.ypchol.sy<->schor.daiin,pchaiin ofchy daiin cfhy doroiin ypchol syschor daiin
IT2a-n,f22r,"f22r.5,+P0",ol.daiin.qokchy.dar.daiin.chor.oldor.oky<->y.choldchy,ol daiin qokchy dar daiin chor oldor okyy choldchy
IT2a-n,f22r,"f22r.6,+P0",y.chokshchy.ctheen<$>,y chokshchy ctheen
IT2a-n,f22r,"f22r.7,+P0",<%>kchol.shol.dsheor.ska.chdoly.ytaiin.ol<->otchy.cphal,kchol shol dsheor ska chdoly ytaiin olotchy cphal
IT2a-n,f22r,"f22r.8,+P0",dchor.oty.daiin.ctholy.qoky.chotaiin.chocthy<->doiiin.dchor,dchor oty daiin ctholy qoky chotaiin chocthydoiiin dchor
IT2a-n,f22r,"f22r.9,+P0",odaiin.dain.cthy.ctheor.oraiino<$>,odaiin dain cthy ctheor oraiino
IT2a-n,f22r,"f22r.10,+P0",<%>kchol.chor.daiin.cthoiin.dchor.chey.qokol.dy<->opchol.oldam,kchol chor daiin cthoiin dchor chey qokol dyopchol oldam
IT2a-n,f22r,"f22r.11,+P0",doiin.yckhody.qokchy.oky.otoldy.yty.dol.or<->dachy.daiin,doiin yckhody qokchy oky otoldy yty dol ordachy daiin
IT2a-n,f22r,"f22r.12,+P0",odchaiin.cthy.okchy.kchy.dchol.daiin<->ydaiin,odchaiin cthy okchy kchy dchol daiinydaiin
IT2a-n,f22r,"f22r.13,+P0",dchor.dydain.qockhy.ykalokain<$>,dchor dydain qockhy ykalokain
IT2a-n,f22v,"f22v.1,@P0",<%>pysaiinor.ofchar.oky.tchy.otdy<->sor.shy.qod,pysaiinor ofchar oky tchy otdysor shy qod
IT2a-n,f22v,"f22v.2,+P0",daiin.ykaiin.qotchy.kchy.ytchyd<->dshor.ychy,daiin ykaiin qotchy kchy ytchyddshor ychy
IT2a-n,f22v,"f22v.3,+P0",qoky.kchorl.otchy.cthy.otchyky<->ytchol.otam,qoky kchorl otchy cthy otchykyytchol otam
IT2a-n,f22v,"f22v.4,+P0",otchaiin.shoty.qoky<->saiin<->odaiin.ytaiin,otchaiin shoty qokysaiinodaiin ytaiin
IT2a-n,f22v,"f22v.5,+P0",dor.ykcheor.daiin<$>,dor ykcheor daiin
IT2a-n,f22v,"f22v.6,+P0",<%>fshor.shy.tchor.otaiin,fshor shy tchor otaiin
IT2a-n,f22v,"f22v.7,+P0",ychor.chor.qokchol.chory,ychor chor qokchol chory
IT2a-n,f22v,"f22v.8,+P0",qotchy.cthy.qokol.daiin.dam,qotchy cthy qokol daiin dam
IT2a-n,f22v,"f22v.9,+P0",okshor.shody.chol.teeol.otaiin.daiin,okshor shody chol teeol otaiin daiin
IT2a-n,f22v,"f22v.10,+P0",qokchy.daiin.s<->or.ytal,qokchy daiin sor ytal
IT2a-n,f22v,"f22v.11,+P0",sokaiin.oty.dy,sokaiin oty dy
IT2a-n,f22v,"f22v.12,+P0",ychky.daiin.cthy,ychky daiin cthy
IT2a-n,f22v,"f22v.13,+P0",okchain.chkoldy.shotoly,okchain chkoldy shotoly
IT2a-n,f22v,"f22v.14,+P0",qotchy.olshly.shol.daiin,qotchy olshly shol daiin
IT2a-n,f22v,"f22v.15,+P0",sho.cthy.chocthy.qokchy.dory<$>,sho cthy chocthy qokchy dory
IT2a-n,f22v,"f22v.16,+Pc",<%>saiinchy.daldalol<$>,saiinchy daldalol
IT2a-n,f23r,"f23r.1,@P0",<%>pydchdom.chy.fcholdy.oty.otchol.shy.opyaiin.y.yfchy.daiin.ololdy.dal,pydchdom chy fcholdy oty otchol shy opyaiin y yfchy daiin ololdy dal
IT2a-n,f23r,"f23r.2,+P0",to.ar.chor.daiin.chkdain.otchy.lolchor.daiin.dam.okchol.daing,to ar chor daiin chkdain otchy lolchor daiin dam okchol daing
IT2a-n,f23r,"f23r.3,+P0",dchar.ykor.ykaiin.daiin.ctho.g<$>,dchar ykor ykaiin daiin ctho g
IT2a-n,f23r,"f23r.4,+P0",<%>qokoldy.okaiir.ykaiil.g.qokeey.ofchol.dain.yfchor.olfchor.otchald,qokoldy okaiir ykaiil g qokeey ofchol dain yfchor olfchor otchald
IT2a-n,f23r,"f23r.5,+P0",ychor.qokchol.ytom.chol.dair.chol.ar.ol.ol.dol.dain<$>,ychor qokchol ytom chol dair chol ar ol ol dol dain
IT2a-n,f23r,"f23r.6,+P0",<%>tshol.ykor.qokaiin.yky.dar.okol.dchey.daiidal.dam.ytcho.ldals,tshol ykor qokaiin yky dar okol dchey daiidal dam ytcho ldals
IT2a-n,f23r,"f23r.7,+P0",okar.olchar.shaiin.qokchol.dar.qokchol.dairo.r.ol.daiin.alg,okar olchar shaiin qokchol dar qokchol dairo r ol daiin alg
IT2a-n,f23r,"f23r.8,+P0",qokshy.char.daiir.qokaiin.olol.qoaiin.ykchy.s<->diil.okchy,qokshy char daiir qokaiin olol qoaiin ykchy sdiil okchy
IT2a-n,f23r,"f23r.9,+P0",okol.ok.shy.qokol.dy<->dal.dshe.qokeees.y.oly<->daiin.dal,okol ok shy qokol dydal dshe qokeees y olydaiin dal
IT2a-n,f23r,"f23r.10,+P0",qok.okaiin.chkchy.s<->yteair.odal.chal.dy<->dar.ykain,qok okaiin chkchy syteair odal chal dydar ykain
IT2a-n,f23r,"f23r.11,+P0",ykyka.dalory<$>,ykyka dalory
IT2a-n,f23v,"f23v.1,@P0",<%>podairol.odaiiily.shoaldy.opchol.otol.ol.chcphy.qotchar.s,podairol odaiiily shoaldy opchol otol ol chcphy qotchar s
IT2a-n,f23v,"f23v.2,+P0",qoteotor.chy.okchafdy.qokchey.dol<->otchol.chal.otchm,qoteotor chy okchafdy qokchey dolotchol chal otchm
IT2a-n,f23v,"f23v.3,+P0",ycho.okaiin.okeol.eees.oldaiin.okeeor<->daiin.qotcholm,ycho okaiin okeol eees oldaiin okeeordaiin qotcholm
IT2a-n,f23v,"f23v.4,+P0",okchey.dair.sholol.oldal<->otchor.mar,okchey dair sholol oldalotchor mar
IT2a-n,f23v,"f23v.5,+P0",dor.chear.shor.dol.oaldary<$>,dor chear shor dol oaldary
IT2a-n,f23v,"f23v.6,+P0",<%>tshol.shor.shkshy.okol.daiin<->otshor.olsar,tshol shor shkshy okol daiinotshor olsar
IT2a-n,f23v,"f23v.7,+P0",otor.oiin.sho.shol.qokol.daiin<->sol.daiin.ylg,otor oiin sho shol qokol daiinsol daiin ylg
IT2a-n,f23v,"f23v.8,+P0",qokaiin.dain.qokor.okal.g.dam<->chor.olol.dam,qokaiin dain qokor okal g damchor olol dam
IT2a-n,f23v,"f23v.9,+P0",otshy.dal.dar.oldar.ar.or<->qoto.l.chees.g,otshy dal dar oldar ar orqoto l chees g
IT2a-n,f23v,"f23v.10,+P0",dor.chy.kshol.chol.cthol<->otol.oloiir,dor chy kshol chol ctholotol oloiir
IT2a-n,f23v,"f23v.11,+P0",y.okaiin.doroiin.olols.oiin<->ol.cheen.ols,y okaiin doroiin olols oiinol cheen ols
IT2a-n,f23v,"f23v.12,+P0",olaiior.oloro.eeeoly<$>,olaiior oloro eeeoly
IT2a-n,f24r,"f24r.1,@P0",<%>porory.chor.opchar.she.cheol.daiin.or,porory chor opchar she cheol daiin or
IT2a-n,f24r,"f24r.2,+P0",qotaiin.char.odain.okaiikhal.oky,qotaiin char odain okaiikhal oky
IT2a-n,f24r,"f24r.3,+P0",y.cthar.cthal.okol.qotar.ckhy,y cthar cthal okol qotar ckhy
IT2a-n,f24r,"f24r.4,+P0",or.chckhaly.cthar.eeor.chees.da,or chckhaly cthar eeor chees da
IT2a-n,f24r,"f24r.5,+P0",qodar.cho.r.chey.cthy.cthckeom,qodar cho r chey cthy cthckeom
IT2a-n,f24r,"f24r.6,+P0",oeeeos.eteor.otal.qocthol.qoky,oeeeos eteor otal qocthol qoky
IT2a-n,f24r,"f24r.7,+P0",qekar.chtar.s.cheor.cthol.qodol,qekar chtar s cheor cthol qodol
IT2a-n,f24r,"f24r.8,+P0",ychor.s.om.qoear.daiin.qokeol,ychor s om qoear daiin qokeol
IT2a-n,f24r,"f24r.9,+P0",odaiin.ckham.qodaiikhy.dol.dal,odaiin ckham qodaiikhy dol dal
IT2a-n,f24r,"f24r.10,+P0",q?or.cfhar.chor.s.am.chotaiin.dy,cfhar chor s am chotaiin dy
IT2a-n,f24r,"f24r.11,+P0",sar.cheoiees.okeer.cheor.qokain,sar cheoiees okeer cheor qokain
IT2a-n,f24r,"f24r.12,+P0",qokchy.qotchy.tol.tod.ckhy,qokchy qotchy tol tod ckhy
IT2a-n,f24r,"f24r.13,+P0",oees.ol.s.chey.chcth.sar,oees ol s chey chcth sar
IT2a-n,f24r,"f24r.14,+P0",qor.cheey.qod.char.cthal,qor cheey qod char cthal
IT2a-n,f24r,"f24r.15,+P0",ockhoees.oeees.ol.dal.s,ockhoees oeees ol dal s
IT2a-n,f24r,"f24r.16,+P0",sham.okeal.dal.dam.dal,sham okeal dal dam dal
IT2a-n,f24r,"f24r.17,+P0",sshey.otam.sham.cthom.oky,sshey otam sham cthom oky
IT2a-n,f24r,"f24r.18,+P0",y.cheol.chol.daiin.chol.s,y cheol chol daiin chol s
IT2a-n,f24r,"f24r.19,+P0",yol.tol.chol.shom.otaiphy<$>,yol tol chol shom otaiphy
IT2a-n,f24r,"f24r.20,+Pc",<%>samchorly<$>,samchorly
IT2a-n,f24v,"f24v.1,@P0",<%>tchodar.chocfhhg.opom.shod.chcphy.opshody.ocphoraiin.okokom,tchodar chocfhhg opom shod chcphy opshody ocphoraiin okokom
IT2a-n,f24v,"f24v.2,+P0",ydals.ckhor.shy.cho.dchar.otol.otaiir.otchos.okchom.okcho,ydals ckhor shy cho dchar otol otaiir otchos okchom okcho
IT2a-n,f24v,"f24v.3,+P0",octhol.odchees.oesearees.okam.chcth,octhol odchees oesearees okam chcth
IT2a-n,f24v,"f24v.4,+P0",ydal.sh.okol.okaiin.odaiin.dlos,ydal sh okol okaiin odaiin dlos
IT2a-n,f24v,"f24v.5,+P0",oeor.oraiin.tchar.oro<$>,oeor oraiin tchar oro
IT2a-n,f24v,"f24v.6,+P0",<%>tochol.chor.cfarasr,tochol chor cfarasr
IT2a-n,f24v,"f24v.7,+P0",ycheol.daid.dar.olom,ycheol daid dar olom
IT2a-n,f24v,"f24v.8,+P0",kochky.chcthy.shol.sain,kochky chcthy shol sain
IT2a-n,f24v,"f24v.9,+P0",ychol.chol.or.chorom,ychol chol or chorom
IT2a-n,f24v,"f24v.10,+P0",okoeos.ckheod.choy.keol,okoeos ckheod choy keol
IT2a-n,f24v,"f24v.11,+P0",ydaiin.cheor.qodom.okodaiin<$>,ydaiin cheor qodom okodaiin
IT2a-n,f24v,"f24v.12,+P0",<%>ksho.foar.cto.sho.qokch.okokchal,ksho foar cto sho qokch okokchal
IT2a-n,f24v,"f24v.13,+P0",oeeey.cheol.chol.odor.sho.do.otolodal,oeeey cheol chol odor sho do otolodal
IT2a-n,f24v,"f24v.14,+P0",doiir.cheekdam.sho.sho.dy,doiir cheekdam sho sho dy
IT2a-n,f24v,"f24v.15,+P0",dchey.kchod.dchol.ochdy,dchey kchod dchol ochdy
IT2a-n,f24v,"f24v.16,+P0",otchol.odaiim<$>,otchol odaiim
IT2a-n,f25r,"f25r.1,@P0",<%>fcholdy.soshy.daiin.cky.shody.daiin.ocholdy.cpholdy.sy,fcholdy soshy daiin cky shody daiin ocholdy cpholdy sy
IT2a-n,f25r,"f25r.2,+P0",otor.chor.chrky.chotchy.shair.qod.sho.chy.kchy.chkain,otor chor chrky chotchy shair qod sho chy kchy chkain
IT2a-n,f25r,"f25r.3,+P0",qotchy.qotshy.cheesees.sheear.s.chain.daiin.chain.dein,qotchy qotshy cheesees sheear s chain daiin chain dein
IT2a-n,f25r,"f25r.4,+P0",dchckhy.shocthy.ytchey.cthor.s.chan.chaiin.qotchain,dchckhy shocthy ytchey cthor s chan chaiin qotchain
IT2a-n,f25r,"f25r.5,+P0",qotcheaiin.dchain.cthain.daiin.daiin.cthain.qotaiin,qotcheaiin dchain cthain daiin daiin cthain qotaiin
IT2a-n,f25r,"f25r.6,+P0",okal.chotaiin,okal chotaiin
IT2a-n,f25r,"f25r.7,=Pt",dair.otaiir.otosy<$>,dair otaiir otosy
IT2a-n,f25v,"f25v.1,@P0",<%>poeeaiin.qoky.shy.daiin.qopchey.otchey.qofchor.sos,poeeaiin qoky shy daiin qopchey otchey qofchor sos
IT2a-n,f25v,"f25v.2,+P0",dchor.cthor.chor.daiin.s.okeeaiin.daiin.ckhey.daiin,dchor cthor chor daiin s okeeaiin daiin ckhey daiin
IT2a-n,f25v,"f25v.3,+P0",orcho.kchor.chol.daiin.shcfhor.daiin.dshey.daiity,orcho kchor chol daiin shcfhor daiin dshey daiity
IT2a-n,f25v,"f25v.4,+P0",qokaiin.qokcho.shol.daiin.ckhear.ckhol.daiin.chkear,qokaiin qokcho shol daiin ckhear ckhol daiin chkear
IT2a-n,f25v,"f25v.5,+P0",dar.chakeey.dshor.dshey.qochol.dol.cho.daiin.daiin,dar chakeey dshor dshey qochol dol cho daiin daiin
IT2a-n,f25v,"f25v.6,+P0",qokcho.r.ochy.qotchy.qokoral.cho<->chain.deeaiir.s,qokcho r ochy qotchy qokoral chochain deeaiir s
IT2a-n,f25v,"f25v.7,+P0",oso.chkey.daiiol.daiin.shckhy<->orchaiin<$>,oso chkey daiiol daiin shckhyorchaiin
IT2a-n,f26r,"f26r.1,@P0",<%>psheoky.odaiir.qoy<->ofseod.chypchey.ypchedy.ain<->chofochcphdy,psheoky odaiir qoyofseod chypchey ypchedy ainchofochcphdy
IT2a-n,f26r,"f26r.2,+P0",dchey.?aiin.adeeody<->ykecthhy.chedy.ytedy.dy<->checthedy.lr,dchey adeeodyykecthhy chedy ytedy dychecthedy lr
IT2a-n,f26r,"f26r.3,+P0",oaiin.shcthy.eteeda.oloy<->ykeedy.olchedy.gal<->y.sheey.saiin.s,oaiin shcthy eteeda oloyykeedy olchedy galy sheey saiin s
IT2a-n,f26r,"f26r.4,+P0",qokedy.cheos.ytedy.qokedy<->ytedy.chekedy<->daiin.odam.s.aldy,qokedy cheos ytedy qokedyytedy chekedydaiin odam s aldy
IT2a-n,f26r,"f26r.5,+P0",haiin.shedy.eedy.eedy.schy<->daiin.cthedy<->qokeedy.qokedy.cthhy,haiin shedy eedy eedy schydaiin cthedyqokeedy qokedy cthhy
IT2a-n,f26r,"f26r.6,+P0",rchedy.qokedy<$>,rchedy qokedy
IT2a-n,f26r,"f26r.7,+P0",<%>pcho.qokedy.dar.sheo.ypchseds.s<->aiin<->shapchedyfeey.dalchedy.sas,pcho qokedy dar sheo ypchseds saiinshapchedyfeey dalchedy sas
IT2a-n,f26r,"f26r.8,+P0",daiin.shedy.qokeedy.qoteedar.s<->ok<->ol<->otedy.qokchdy.qokedy,daiin shedy qokeedy qoteedar sokolotedy qokchdy qokedy
IT2a-n,f26r,"f26r.9,+P0",tcheo.shy.geedy.okedy.chckhy.s<->dy<->dy<->ykeechy.okeedy.cheky,tcheo shy geedy okedy chckhy sdydyykeechy okeedy cheky
IT2a-n,f26r,"f26r.10,+P0",shese.aiin.sheos.cheody.otal<$>,shese aiin sheos cheody otal
IT2a-n,f26v,"f26v.1,@P0",<%>pchedar.qodary.o?iiin.pcheety.sair.shedy.ypchedy.ypchdy.qopy.shdy,pchedar qodary pcheety sair shedy ypchedy ypchdy qopy shdy
IT2a-n,f26v,"f26v.2,+P0",saraiir.chekedy.qokedy.otedy.sar.y.etedy.qokedy.or.aree.alys.chedy<$>,saraiir chekedy qokedy otedy sar y etedy qokedy or aree alys chedy
IT2a-n,f26v,"f26v.3,+P0",<%>pchdar.opar.dar.cheeol.ofchdy.otedy.ckhdy.odar.chedy.ytedy.okchdy.g,pchdar opar dar cheeol ofchdy otedy ckhdy odar chedy ytedy okchdy g
IT2a-n,f26v,"f26v.4,+P0",yckheody.qokedy.deey.saldy.okedor.or.eeeos.oraiin.okeo.chekaiin<$>,yckheody qokedy deey saldy okedor or eeeos oraiin okeo chekaiin
IT2a-n,f26v,"f26v.5,+P0",<%>deeol.eeeody.qoteedy.qokody.qotedy.qotedy.opchedy.ofchy.chs.ar,deeol eeeody qoteedy qokody qotedy qotedy opchedy ofchy chs ar
IT2a-n,f26v,"f26v.6,+P0",toeedy.keody.shedy.dar.chedy.sches.or.cheeky.dar.chey.cheky.ytchdy<$>,toeedy keody shedy dar chedy sches or cheeky dar chey cheky ytchdy
IT2a-n,f26v,"f26v.7,+P0",<%>pchedy.dar.cheoet.chy.sair.chees.odaiiin.chkeeey.ykey.sheey,pchedy dar cheoet chy sair chees odaiiin chkeeey ykey sheey
IT2a-n,f26v,"f26v.8,+P0",teeedy.okeeos.cheeos.ysaiin.okcheey.keody.saiin.cheeos.qokes.ory,teeedy okeeos cheeos ysaiin okcheey keody saiin cheeos qokes ory
IT2a-n,f26v,"f26v.9,+P0",ysheey.okeshy.shodypshey.todydy<$>,ysheey okeshy shodypshey todydy
IT2a-n,f27r,"f27r.1,@P0",<%>ksor.shey.shoteo.chforaiin.shy<->shod.chary,ksor shey shoteo chforaiin shyshod chary
IT2a-n,f27r,"f27r.2,+P0",dy.coain.shol.dain.dar.shokyd<->dchol.cthey.ds,dy coain shol dain dar shokyddchol cthey ds
IT2a-n,f27r,"f27r.3,+P0",chol.shy.keol.chol.shy.shol.chy<->daiin.chey.dam,chol shy keol chol shy shol chydaiin chey dam
IT2a-n,f27r,"f27r.4,+P0",qokey.chor.char.chy.dchy.keey<->chos.cthody,qokey chor char chy dchy keeychos cthody
IT2a-n,f27r,"f27r.5,+P0",dor.chees.ctho.shy.cphary<->daiin.dair,dor chees ctho shy cpharydaiin dair
IT2a-n,f27r,"f27r.6,+P0",chy.tchols.chor.chol.chaiin<->shy.kchaldy<$>,chy tchols chor chol chaiinshy kchaldy
IT2a-n,f27r,"f27r.7,+P0",<%>kchey.chey.kcheol.pchy.schey.ly<->chals.cham,kchey chey kcheol pchy schey lychals cham
IT2a-n,f27r,"f27r.8,+P0",ytchy.chy.tchol.dy.tchey.dain<->chol.dal,ytchy chy tchol dy tchey dainchol dal
IT2a-n,f27r,"f27r.9,+P0",dchey.keeod.sho.tchey.chol.oty<->chy.tolm,dchey keeod sho tchey chol otychy tolm
IT2a-n,f27r,"f27r.10,+P0",qotchey.shes.s.y.chy.tchey.dy,qotchey shes s y chy tchey dy
IT2a-n,f27r,"f27r.11,+P0",chol.daiiin.chees.chos.ctey.dan,chol daiiin chees chos ctey dan
IT2a-n,f27r,"f27r.12,+P0",dain.cheokeey.chey.cthey.otal<$>,dain cheokeey chey cthey otal
IT2a-n,f27r,"f27r.13,+Pc",<%>okchodeey<$>,okchodeey
IT2a-n,f27v,"f27v.1,@P0",<%>fochof.chof.cho.sho.soly.shol.ytchor.ofchory.kchorchor,fochof chof cho sho soly shol ytchor ofchory kchorchor
IT2a-n,f27v,"f27v.2,+P0",dchy.chkar.otchy.shy.shy.dchy.dshy.kchy.cheo.da.dy.dchy,dchy chkar otchy shy shy dchy dshy kchy cheo da dy dchy
IT2a-n,f27v,"f27v.3,+P0",kchey.kchy.dchokchy.dsho.dchir.chodchy.etcheody.shld,kchey kchy dchokchy dsho dchir chodchy etcheody shld
IT2a-n,f27v,"f27v.4,+P0",okcho.chy.kcheed.chl.chol.kod<->o.oksho.doeeeesm,okcho chy kcheed chl chol kodo oksho doeeeesm
IT2a-n,f27v,"f27v.5,+P0",qoky.shkeeo.schodar.shkol<->chotchy.cthodol,qoky shkeeo schodar shkolchotchy cthodol
IT2a-n,f27v,"f27v.6,+P0",dsho.kchrrr.okeedy<->dchschy<->sotchdy,dsho kchrrr okeedydchschysotchdy
IT2a-n,f27v,"f27v.7,+P0",sho.sho.ykcho.shdy<->dchd<->chschsa<->otchdy,sho sho ykcho shdydchdchschsaotchdy
IT2a-n,f27v,"f27v.8,+P0",okshes.okchokshy<$>,okshes okchokshy
IT2a-n,f28r,"f28r.1,@P0",<%>pchodar.shod.chocphy.opchol.daiin<->otchol.chyqo.ldy,pchodar shod chocphy opchol daiinotchol chyqo ldy
IT2a-n,f28r,"f28r.2,+P0",otchor.otchor.cthol.cty.ctheol.dy<->dchar.chakod.dly,otchor otchor cthol cty ctheol dydchar chakod dly
IT2a-n,f28r,"f28r.3,+P0",qotchaiin.shor.cthol.cthol.shor<->chotchy.tchodar,qotchaiin shor cthol cthol shorchotchy tchodar
IT2a-n,f28r,"f28r.4,+P0",choty.chtol.otol.chotchy.cthol<->otol.choky.qoty,choty chtol otol chotchy ctholotol choky qoty
IT2a-n,f28r,"f28r.5,+P0",oksho.otor.chy.kchoror.chodaiin<->sho.cthody.okoy,oksho otor chy kchoror chodaiinsho cthody okoy
IT2a-n,f28r,"f28r.6,+P0",qokchol.qodaiin.otcholchy.daiin<->cho.qokol.okam,qokchol qodaiin otcholchy daiincho qokol okam
IT2a-n,f28r,"f28r.7,+P0",sho.otor.shockhy.shocthy.otoldy<->dshor.dol.dar,sho otor shockhy shocthy otoldydshor dol dar
IT2a-n,f28r,"f28r.8,+P0",oschotshl.daiin.okchey.kol.daiin<->shol.dsho.otaiin,oschotshl daiin okchey kol daiinshol dsho otaiin
IT2a-n,f28r,"f28r.9,+P0",ytchol.deey.yteol.deaiin<$>,ytchol deey yteol deaiin
IT2a-n,f28v,"f28v.1,@P0",<%>kshol.qooiiin.shor.pchoiiin.shepchy.qoty.dy.shory,kshol qooiiin shor pchoiiin shepchy qoty dy shory
IT2a-n,f28v,"f28v.2,+P0",ykcholy.qoty.chy.dy.qokchol.chor.tchy.qokchody.cheor.o,ykcholy qoty chy dy qokchol chor tchy qokchody cheor o
IT2a-n,f28v,"f28v.3,+P0",chor.chol.chy.choiin<$>,chor chol chy choiin
IT2a-n,f28v,"f28v.4,+P0",<%>tshoiin.cheor.chor.o.chty.qotol.sheol.shor.daiin.qoty,tshoiin cheor chor o chty qotol sheol shor daiin qoty
IT2a-n,f28v,"f28v.5,+P0",otol.chol.daiin.chkaiin.shoiin.qotchey.qotshey.daiiin<$>,otol chol daiin chkaiin shoiin qotchey qotshey daiiin
IT2a-n,f28v,"f28v.6,+Pr",<%>daiin.chkaiin<$>,daiin chkaiin
IT2a-n,f28v,"f28v.7,*P0",<%>pchol.aiir.chol.tsho.daiin.sho<->tco.chy<->chtshy.daiis.am,pchol aiir chol tsho daiin shotco chychtshy daiis am
IT2a-n,f28v,"f28v.8,+P0",okain.chan.chain.cthor.dain<->yk<->chy<->daiin.cthol,okain chan chain cthor dainykchydaiin cthol
IT2a-n,f28v,"f28v.9,+P0",sor.chear.chl.s.choly.dar<$>,sor chear chl s choly dar
IT2a-n,f29r,"f29r.1,@P0",<%>poraiin.she.aiin.chep.oty.chy.qotchy.qoty.cheecthy,poraiin she aiin chep oty chy qotchy qoty cheecthy
IT2a-n,f29r,"f29r.2,+P0",dshe.ykchy.choty.oky.chol.chchoty.choky.chy.ty.dy,dshe ykchy choty oky chol chchoty choky chy ty dy
IT2a-n,f29r,"f29r.3,+P0",qokchy.qoty.kchaiin.shear.cthor<->dchor.choly,qokchy qoty kchaiin shear cthordchor choly
IT2a-n,f29r,"f29r.4,+P0",chocthy.qoos.chos<$>,chocthy qoos chos
IT2a-n,f29r,"f29r.5,+P0",<%>kcheol.cheor.sheos.sheey.teey.do<->shos.octy,kcheol cheor sheos sheey teey doshos octy
IT2a-n,f29r,"f29r.6,+P0",chokshy.shocthy.shor.shor.daiin<->qokaiiin,chokshy shocthy shor shor daiinqokaiiin
IT2a-n,f29r,"f29r.7,+P0",qokchy.chol.shokchy.qokaiin.choety<->choty.kaiin,qokchy chol shokchy qokaiin choetychoty kaiin
IT2a-n,f29r,"f29r.8,+P0",shor.chor.sho.sheky.shy.qoty.kody<->daiin.cthy,shor chor sho sheky shy qoty kodydaiin cthy
IT2a-n,f29r,"f29r.9,+P0",qokshe.qor.chey.kor.cheod.ychom<$>,qokshe qor chey kor cheod ychom
IT2a-n,f29v,"f29v.1,@P0",<%>kooiin.shor.chetchy.olals.shytchy.cth.y.shy<->cho.shy.daiin,kooiin shor chetchy olals shytchy cth y shycho shy daiin
IT2a-n,f29v,"f29v.2,+P0",qotcheaiin.schol.chol.cthy.chey.cthold<->ytchor.dary,qotcheaiin schol chol cthy chey ctholdytchor dary
IT2a-n,f29v,"f29v.3,+P0",chol.chol.kor.shey.odaiin.qotchy.taiin<->s.she.otey.sy,chol chol kor shey odaiin qotchy taiins she otey sy
IT2a-n,f29v,"f29v.4,+P0",ysho.otshy.okaiin.cthy.oltchy.ctos<->shot.sho.okaiin<$>,ysho otshy okaiin cthy oltchy ctosshot sho okaiin
IT2a-n,f29v,"f29v.5,+P0",<%>tochon.chain.shan.shoty<->chshy<->shy,tochon chain shan shotychshyshy
IT2a-n,f29v,"f29v.6,+P0",dchor.chol.chaiin.shaiin.cthod<->dar<->chs<->shody,dchor chol chaiin shaiin cthoddarchsshody
IT2a-n,f29v,"f29v.7,+P0",qotcho.kchor.daiin.ykaiin.dy<->shdy<->cho.cthy.sheky,qotcho kchor daiin ykaiin dyshdycho cthy sheky
IT2a-n,f29v,"f29v.8,+P0",otol.sho.tchos.cholody.dain<->chcth<->chy.cthody.dol,otol sho tchos cholody dainchcthchy cthody dol
IT2a-n,f29v,"f29v.9,+P0",sho.chokor.chor.chy.ydaiin.cho<->ykchn<->oaiin<$>,sho chokor chor chy ydaiin choykchnoaiin
IT2a-n,f29v,"f29v.10,+P0",<%>qokoiin.okaiin.cho<->cth<->chyd<->chykar,qokoiin okaiin chocthchydchykar
IT2a-n,f29v,"f29v.11,+P0",daiin.chteor.octhy<->dar<->chyt<->otody,daiin chteor octhydarchytotody
IT2a-n,f29v,"f29v.12,+P0",qekeochor.otchey.s.y<$>,qekeochor otchey s y
IT2a-n,f30r,"f30r.1,@P0",<%>okchesy.chey.shorchey.fcheody.shey.tchy.cher.d.o.shey,okchesy chey shorchey fcheody shey tchy cher d o shey
IT2a-n,f30r,"f30r.2,+P0",ychody.chey.chkeey.ksho.keeor.cheor.shey.she.keeodol.sy,ychody chey chkeey ksho keeor cheor shey she keeodol sy
IT2a-n,f30r,"f30r.3,+P0",chodaiin.chory.chey.doiin.saiin.chorain.cheey.keem,chodaiin chory chey doiin saiin chorain cheey keem
IT2a-n,f30r,"f30r.4,+P0",qokechy.qoko.qopchar.soin.chan.qotchaiin,qokechy qoko qopchar soin chan qotchaiin
IT2a-n,f30r,"f30r.5,+P0",choko.qokochy.deeey.dkeeor.cheoldain.chory,choko qokochy deeey dkeeor cheoldain chory
IT2a-n,f30r,"f30r.6,+P0",dchorol.sho.chor.cho.ro.raiin.dor.chseeor.dy,dchorol sho chor cho ro raiin dor chseeor dy
IT2a-n,f30r,"f30r.7,+P0",qor.chain.cthorchy<$>,qor chain cthorchy
IT2a-n,f30r,"f30r.8,+P0",<%>opchol.ol.chesey.scheo.rchey.okeal<->dcheo.rchey,opchol ol chesey scheo rchey okealdcheo rchey
IT2a-n,f30r,"f30r.9,+P0",dchey.qochar.chol.keeaiin.chcthey<->chor.cheky,dchey qochar chol keeaiin chctheychor cheky
IT2a-n,f30r,"f30r.10,+P0",chokchaiin.dchor.chkchean.qotchy<->chctho.rchody,chokchaiin dchor chkchean qotchychctho rchody
IT2a-n,f30r,"f30r.11,+P0",qotchor.cheor.chey.cheor.chey.soiin<->ydey<->sor.daiin,qotchor cheor chey cheor chey soiinydeysor daiin
IT2a-n,f30r,"f30r.12,+P0",dcheey.ckhey.ckhey.daiin.chkeaiin.dar<->chor<->ychdain,dcheey ckhey ckhey daiin chkeaiin darchorychdain
IT2a-n,f30r,"f30r.13,+P0",chodaiin.chtchey.chear.shy.keey<$>,chodaiin chtchey chear shy keey
IT2a-n,f30v,"f30v.1,@P0",<%>cthscthain.shosaiin.chocthey.sho.chepchy.shor.sheaiin,cthscthain shosaiin chocthey sho chepchy shor sheaiin
IT2a-n,f30v,"f30v.2,+P0",qotchor.chy.she.kchor.chory.keor.ol.chy.daiin.ctholdy,qotchor chy she kchor chory keor ol chy daiin ctholdy
IT2a-n,f30v,"f30v.3,+P0",chotchol.daiin.cthol.doiin.daiin.chokeor.dal.chtoithy,chotchol daiin cthol doiin daiin chokeor dal chtoithy
IT2a-n,f30v,"f30v.4,+P0",otchey.daiin.chor.checkhy.qotchod.daiin,otchey daiin chor checkhy qotchod daiin
IT2a-n,f30v,"f30v.5,+P0",dain.shoty.chkol.ytor.cheoldy,dain shoty chkol ytor cheoldy
IT2a-n,f30v,"f30v.6,+P0",qokeeor.chokol.chokeody.dairy,qokeeor chokol chokeody dairy
IT2a-n,f30v,"f30v.7,+P0",chokchy.sho.kcho.tcho.ctho.sos,chokchy sho kcho tcho ctho sos
IT2a-n,f30v,"f30v.8,+P0",oyshy.cheotol.cphoaiin.cphey,oyshy cheotol cphoaiin cphey
IT2a-n,f30v,"f30v.9,+P0",qotchor.chor.sheey.cheol.sos,qotchor chor sheey cheol sos
IT2a-n,f30v,"f30v.10,+P0",sho.sheoldy.otcheor.daiin,sho sheoldy otcheor daiin
IT2a-n,f30v,"f30v.11,+P0",sol.chokcheey.daiin.kchydy<$>,sol chokcheey daiin kchydy
IT2a-n,f31r,"f31r.1,@P0",<%>keedey.qofchedy.shees.aiin.qokeefcy.chepakeo,keedey qofchedy shees aiin qokeefcy chepakeo
IT2a-n,f31r,"f31r.2,+P0",dcheey.daiin.okeedy.qokees.s.aiin.shckhey.qef,dcheey daiin okeedy qokees s aiin shckhey qef
IT2a-n,f31r,"f31r.3,+P0",qokeey.chey.daiin.qokeey.rair.chekey.saiin.da,qokeey chey daiin qokeey rair chekey saiin da
IT2a-n,f31r,"f31r.4,+P0",qotar.chy.dar.lk.r.ar.cheey.keeol.ch?d?.qokey,qotar chy dar lk r ar cheey keeol qokey
IT2a-n,f31r,"f31r.5,+P0",daiin.sheoody.qokeor<$>,daiin sheoody qokeor
IT2a-n,f31r,"f31r.6,+P0",<%>tshokeody.qokedy.qotedy.chepar.chedy.r.aiin.dal,tshokeody qokedy qotedy chepar chedy r aiin dal
IT2a-n,f31r,"f31r.7,+P0",ykeedar.saiin.checkhey.sheol.qokedy.ykeedy.chedy.ldy,ykeedar saiin checkhey sheol qokedy ykeedy chedy ldy
IT2a-n,f31r,"f31r.8,+P0",shedy.qokedy.cheol.cheod.qokeody.cheol.checthy,shedy qokedy cheol cheod qokeody cheol checthy
IT2a-n,f31r,"f31r.9,+P0",daiir.sheeo.shcthey.okeol<$>,daiir sheeo shcthey okeol
IT2a-n,f31r,"f31r.10,+P0",<%>tol.shso.okedy.okedy.qokedy.qokeedy.dar.shedshey,tol shso okedy okedy qokedy qokeedy dar shedshey
IT2a-n,f31r,"f31r.11,+P0",olsheol.qokchy.dal.chey.deey.kchy.keey.okaiin.ykeey,olsheol qokchy dal chey deey kchy keey okaiin ykeey
IT2a-n,f31r,"f31r.12,+P0",qoaiin.yches.okedy.sheey.chedaiin.dar,qoaiin yches okedy sheey chedaiin dar
IT2a-n,f31r,"f31r.13,+P0",olsheor.qoekedy.okedy.ykedy.dals,olsheor qoekedy okedy ykedy dals
IT2a-n,f31r,"f31r.14,+P0",saiir.or.chedy.daiin.okeedy,saiir or chedy daiin okeedy
IT2a-n,f31r,"f31r.15,+P0",yshedair.sheol.cheky.okedam<$>,yshedair sheol cheky okedam
IT2a-n,f31r,"f31r.16,+Pc",<%>oteor.aiicthy<$>,oteor aiicthy
IT2a-n,f31v,"f31v.1,@P0",<%>podair.sheedy.otedy.oteedy.qotolcheo.s.arar.oteey.dkarar.als,podair sheedy otedy oteedy qotolcheo s arar oteey dkarar als
IT2a-n,f31v,"f31v.2,+P0",ytchos.octhey.okeeos.cheody.okeey.kchody.daiin.cheody.keedy,ytchos octhey okeeos cheody okeey kchody daiin cheody keedy
IT2a-n,f31v,"f31v.3,+P0",ykeeo.daiin.shedal.okedy.okey.keody.okchey.sair.okees.o.lkedy,ykeeo daiin shedal okedy okey keody okchey sair okees o lkedy
IT2a-n,f31v,"f31v.4,+P0",dair.cthedy.qokedy.okeody.chedar.oked.al.ockhedy.okeedy.otas,dair cthedy qokedy okeody chedar oked al ockhedy okeedy otas
IT2a-n,f31v,"f31v.5,+P0",ykeos.cheeoy.ar.aiin<$>,ykeos cheeoy ar aiin
IT2a-n,f31v,"f31v.6,+P0",<%>pcheeody.qop.chedal.eeecfhy.chefchol.or.cheef.alaiin.opal.sheo.otar,pcheeody qop chedal eeecfhy chefchol or cheef alaiin opal sheo otar
IT2a-n,f31v,"f31v.7,+P0",olteedam.ches.chol.keeol.checkhy.okeol.okal.oky.cheokar.okor.ary,olteedam ches chol keeol checkhy okeol okal oky cheokar okor ary
IT2a-n,f31v,"f31v.8,+P0",yk.aiin.chee.ksheey.ychek.eeor.cheor.or.checthy.okechoked.lchey.okam,yk aiin chee ksheey ychek eeor cheor or checthy okechoked lchey okam
IT2a-n,f31v,"f31v.9,+P0",ytecheol.sheoeky.okeos.aiin.acthedy.chkaiin.chetchey.ctheey.okear,ytecheol sheoeky okeos aiin acthedy chkaiin chetchey ctheey okear
IT2a-n,f31v,"f31v.10,+P0",dar.seoar.al.kar.oeeeos.cheos.aiin.o.ekeey.okeo.kor.oteol.ain,dar seoar al kar oeeeos cheos aiin o ekeey okeo kor oteol ain
IT2a-n,f31v,"f31v.11,+P0",saiin.ar.ckheos.chedy.okeey.qoear.oraiin.cheom<$>,saiin ar ckheos chedy okeey qoear oraiin cheom
IT2a-n,f32r,"f32r.1,@P0",<%>fchoiin.shykeody.daiiody.dain<->sho.tchy.oty.qopy,fchoiin shykeody daiiody dainsho tchy oty qopy
IT2a-n,f32r,"f32r.2,+P0",okor.okchor.sheor.ckhy.dal<->dshodar.qotchol,okor okchor sheor ckhy daldshodar qotchol
IT2a-n,f32r,"f32r.3,+P0",qokchor.chor.cthol.chol.dol<->dcheodain.daiin,qokchor chor cthol chol doldcheodain daiin
IT2a-n,f32r,"f32r.4,+P0",schor.dshor.ytsho.dain<->daiin.choddal,schor dshor ytsho daindaiin choddal
IT2a-n,f32r,"f32r.5,+P0",qotchy.qokchy.daiin<$>,qotchy qokchy daiin
IT2a-n,f32r,"f32r.6,+P0",<%>fcho.tchey.chedy,fcho tchey chedy
IT2a-n,f32r,"f32r.7,+P0",otol.dol.ol.dair,otol dol ol dair
IT2a-n,f32r,"f32r.8,+P0",qoar.daiin.dam,qoar daiin dam
IT2a-n,f32r,"f32r.9,+P0",dytchor.dary,dytchor dary
IT2a-n,f32r,"f32r.10,+P0",dchor.ctho.daiin,dchor ctho daiin
IT2a-n,f32r,"f32r.11,+P0",shos.chckhol.n,shos chckhol n
IT2a-n,f32r,"f32r.12,+P0",shodaiin.ctol,shodaiin ctol
IT2a-n,f32r,"f32r.13,+P0",otcho.r.ol.dain.daiin.cthy,otcho r ol dain daiin cthy
IT2a-n,f32r,"f32r.14,+P0",schea.qot.shey.daiin.cths,schea qot shey daiin cths
IT2a-n,f32r,"f32r.15,+P0",qokchy.qotol.doiir.ol,qokchy qotol doiir ol
IT2a-n,f32r,"f32r.16,+P0",otchol.chey.soty,otchol chey soty
IT2a-n,f32r,"f32r.17,+P0",chokeol.dchoty,chokeol dchoty
IT2a-n,f32r,"f32r.18,+P0",doiin.sho.shy,doiin sho shy
IT2a-n,f32r,"f32r.19,+P0",dol.dchol.dan<$>,dol dchol dan
IT2a-n,f32v,"f32v.1,@P0",<%>kcheodaiin.chol.kechy.qotaiin.daiioam<->o.chofchody,kcheodaiin chol kechy qotaiin daiioamo chofchody
IT2a-n,f32v,"f32v.2,+P0",daiin.odar.chy.daiin.chey.tcho.ldy<->dain.teor,daiin odar chy daiin chey tcho ldydain teor
IT2a-n,f32v,"f32v.3,+P0",shor.daiin.chckhy.dsho.dain.daiin.s<->shokey.ka,shor daiin chckhy dsho dain daiin sshokey ka
IT2a-n,f32v,"f32v.4,+P0",or.chr.chor.dor.chaiin.qotcho.r.chy<->dcho.daiin,or chr chor dor chaiin qotcho r chydcho daiin
IT2a-n,f32v,"f32v.5,+P0",chokchy.daiin.shy.chor.qo.kaiin.dain<->dchol.dorg,chokchy daiin shy chor qo kaiin daindchol dorg
IT2a-n,f32v,"f32v.6,+P0",okchan.chol.shal.dchcthy<$>,okchan chol shal dchcthy
IT2a-n,f32v,"f32v.7,+P0",<%>ksho.cphor.she.sheaiin.otshchor.dain<->shckhy.s.odan,ksho cphor she sheaiin otshchor dainshckhy s odan
IT2a-n,f32v,"f32v.8,+P0",otchol.daiin.daiin.ctho.daiin.qotaiin<->otchy.d<->shar,otchol daiin daiin ctho daiin qotaiinotchy dshar
IT2a-n,f32v,"f32v.9,+P0",qotchy.cfhy.skey.chocthy.daiin.cthaiin<->daiin,qotchy cfhy skey chocthy daiin cthaiindaiin
IT2a-n,f32v,"f32v.10,+P0",sho.keol.chor.chol.daiin.cphol.cthol.da<->ar,sho keol chor chol daiin cphol cthol daar
IT2a-n,f32v,"f32v.11,+P0",ol.sho.chy<$>,ol sho chy
IT2a-n,f33r,"f33r.1,@P0",<%>tshdar.shdor.shepchdy.cphody.yfoldy.qofockhdy.otchedy.lfchdy.daiin,tshdar shdor shepchdy cphody yfoldy qofockhdy otchedy lfchdy daiin
IT2a-n,f33r,"f33r.2,+P0",ytchedy.qokar.cheky.okaldy.qokaldy.otor.oldor.qotor.otar.otardam,ytchedy qokar cheky okaldy qokaldy otor oldor qotor otar otardam
IT2a-n,f33r,"f33r.3,+P0",loiin.y.cheky.qokedy.shedy.chdal.chechdaiin.qokchy.ody.chekeedy.ykam,loiin y cheky qokedy shedy chdal chechdaiin qokchy ody chekeedy ykam
IT2a-n,f33r,"f33r.4,+P0",taiin.chekey.or.alaiiin.saiin.okaiin.dar.cheedy.chkeey.far.aiin.s,taiin chekey or alaiiin saiin okaiin dar cheedy chkeey far aiin s
IT2a-n,f33r,"f33r.5,+P0",pair.or.aiin.otaiin.ol.kor.aiin.okal.otal.chdal.shekal.qakar.otam,pair or aiin otaiin ol kor aiin okal otal chdal shekal qakar otam
IT2a-n,f33r,"f33r.6,+P0",yteey.shody.tchedydy.chekar.okaiin.okaiin.daiin.okal,yteey shody tchedydy chekar okaiin okaiin daiin okal
IT2a-n,f33r,"f33r.7,+P0",dar.chos.aiin.or.aiin.cheekaiin.okain.ar.okeeey<$>,dar chos aiin or aiin cheekaiin okain ar okeeey
IT2a-n,f33v,"f33v.1,@P0",<%>tar.ar.daiin<->ydain.cthey.dolr<->sheky.ar.aiin.cs,tar ar daiinydain cthey dolrsheky ar aiin cs
IT2a-n,f33v,"f33v.2,+P0",kchdy.dam.dy<->oky<->otal.dain.chdy<->ytam.otam.cham,kchdy dam dyokyotal dain chdyytam otam cham
IT2a-n,f33v,"f33v.3,+P0",dar.chckhy.dy<->dyky<->ckhdy.oky.dam<->okardy.komdy,dar chckhy dydykyckhdy oky damokardy komdy
IT2a-n,f33v,"f33v.4,+P0",tokar.shdy.dal<->qokor.shd<->otody.chedy<->ykedy.dodl.dain,tokar shdy dalqokor shdotody chedyykedy dodl dain
IT2a-n,f33v,"f33v.5,+P0",tchdy.chody.okaiin<->chckhy.dor.arl<->cthy.dy.ty.dy<->ykar.cheky.dy,tchdy chody okaiinchckhy dor arlcthy dy ty dyykar cheky dy
IT2a-n,f33v,"f33v.6,+P0",ycheo.dor.olaiin.okar.chdy.chdy.oldy<->okar.chdy<$>,ycheo dor olaiin okar chdy chdy oldyokar chdy
IT2a-n,f33v,"f33v.7,+P0",<%>tshdy.shefchdy.shckhdy.oltedy.daiin.oky<->cheol.orain<->chdyshdy.porar,tshdy shefchdy shckhdy oltedy daiin okycheol orainchdyshdy porar
IT2a-n,f33v,"f33v.8,+P0",darar.sheey.keedy.okchy.okar.okedy.chy<->daiin.dy.dy<->dar.aiin.okary,darar sheey keedy okchy okar okedy chydaiin dy dydar aiin okary
IT2a-n,f33v,"f33v.9,+P0",sar.or.aiin.chor.or.shkair.shol.or.chckhy<->ar.aiin<->okain.dal.dy,sar or aiin chor or shkair shol or chckhyar aiinokain dal dy
IT2a-n,f33v,"f33v.10,+P0",lchoar.or.chey.lodaiin.oor.okeedy.okaly,lchoar or chey lodaiin oor okeedy okaly
IT2a-n,f33v,"f33v.11,+P0",tar.al.keey.oram<$>,tar al keey oram
IT2a-n,f34r,"f34r.1,@P0",<%>pcheoepchy.olar.yl<->yfody.okedody.shod.ololdy.dar.ytey,pcheoepchy olar ylyfody okedody shod ololdy dar ytey
IT2a-n,f34r,"f34r.2,+P0",ytar.sheody.olam<->octhede.otedy.chdain.oltey.kchy.ty,ytar sheody olamocthede otedy chdain oltey kchy ty
IT2a-n,f34r,"f34r.3,+P0",qotedy.chyty.chdaly<->dar.chd.otedy.qotol.okedy.dody.ody.kam,qotedy chyty chdalydar chd otedy qotol okedy dody ody kam
IT2a-n,f34r,"f34r.4,+P0",ytedy.daiin.chey.aiin<->shy.chckhy<->oltchedy.otedy.dam.checthy,ytedy daiin chey aiinshy chckhyoltchedy otedy dam checthy
IT2a-n,f34r,"f34r.5,+P0",qoteedy.shedy.shedy.ol<->okes.ar<->ykeedl.chedy.otey.okaiin,qoteedy shedy shedy olokes arykeedl chedy otey okaiin
IT2a-n,f34r,"f34r.6,+P0",oteol.chekey.chetey.oll<->chesy<->daiin.cheky.fchs.aiir.amg,oteol chekey chetey ollchesydaiin cheky fchs aiir amg
IT2a-n,f34r,"f34r.7,+P0",qokedy.dal.chdy<->olchy<->ykcheg<->ykedy.qokchdy.s.ar.oldam,qokedy dal chdyolchyykchegykedy qokchdy s ar oldam
IT2a-n,f34r,"f34r.8,+P0",shotchy.qoky<->olk<->checkhy<->ysair.air.chodar.tam,shotchy qokyolkcheckhyysair air chodar tam
IT2a-n,f34r,"f34r.9,+P0",ykchdy.qod<->ar<->chct<->aikhy<->orlchey.todaly.okaiin.dardy<$>,ykchdy qodarchctaikhyorlchey todaly okaiin dardy
IT2a-n,f34r,"f34r.10,+P0",<%>tcheo.olchckhy.oly<->otchdy.chefalas,tcheo olchckhy olyotchdy chefalas
IT2a-n,f34r,"f34r.11,+P0",qokeey.sh.kaldaiin<->cheky.cthdaly<->otchedy.chty.saiin,qokeey sh kaldaiincheky cthdalyotchedy chty saiin
IT2a-n,f34r,"f34r.12,+P0",char.aiin.okor.ar.tol<->qokar.chckhy.chdal.ked.qokar.ar.daiin.dam,char aiin okor ar tolqokar chckhy chdal ked qokar ar daiin dam
IT2a-n,f34r,"f34r.13,+P0",ykeo.lor.ochey.oly<->okaly.kechdy.qokchdy.chor.ar.aiiin.daly,ykeo lor ochey olyokaly kechdy qokchdy chor ar aiiin daly
IT2a-n,f34r,"f34r.14,+P0",or.ar.y.kar.ol.al.oky<->chody.qokal.chedy.chcthedy.cheky.daram,or ar y kar ol al okychody qokal chedy chcthedy cheky daram
IT2a-n,f34r,"f34r.15,+P0",sair.chekar.cheky.shek<->cholchedy.qokedy.yk.cheolchcthy<$>,sair chekar cheky shekcholchedy qokedy yk cheolchcthy
IT2a-n,f34v,"f34v.1,@P0",<%>kschdy.chdy.chefchy.shdy.qopchdy.shdydy.chdalchdy.ypchdy.chcthdy.spaiin,kschdy chdy chefchy shdy qopchdy shdydy chdalchdy ypchdy chcthdy spaiin
IT2a-n,f34v,"f34v.2,+P0",tol.qokchy.dychedy.okchy.chckhdy.chdaiin.ckhy.loees.ykar.aiin.oldam,tol qokchy dychedy okchy chckhdy chdaiin ckhy loees ykar aiin oldam
IT2a-n,f34v,"f34v.3,+P0",ytal.seor.chdal.olchdy.char.or.ol.kedaiiin.chcthy.okchdy.chckhy.dasam,ytal seor chdal olchdy char or ol kedaiiin chcthy okchdy chckhy dasam
IT2a-n,f34v,"f34v.4,+P0",tchdaiin.chekal.shedy.qokedar.chdaiin.oldar.qoldar.chedy.daiin.otam,tchdaiin chekal shedy qokedar chdaiin oldar qoldar chedy daiin otam
IT2a-n,f34v,"f34v.5,+P0",lshaiir.orair.shedy.chechey.dykey.kair.chedy.qokar.chekaly.cholky<$>,lshaiir orair shedy chechey dykey kair chedy qokar chekaly cholky
IT2a-n,f34v,"f34v.6,+P0",<%>pchedar.seear.qokchdy.qokees.cheol.ypchdaiin.chedy.lr.ar.chedain,pchedar seear qokchdy qokees cheol ypchdaiin chedy lr ar chedain
IT2a-n,f34v,"f34v.7,+P0",olchdaiin.chedy.chey.keedy.chy.kedy.dy.qokedy.okey.sair.chkain.otain,olchdaiin chedy chey keedy chy kedy dy qokedy okey sair chkain otain
IT2a-n,f34v,"f34v.8,+P0",ysheos.otar.ar.choraiin.cheky.olchdaiin.or.oldar.chdar.okam,ysheos otar ar choraiin cheky olchdaiin or oldar chdar okam
IT2a-n,f34v,"f34v.9,+P0",lsheody.cphy.qokeey.keedy.kchdy.chedy.qokedy.chdy.kal.shs.oldaiin,lsheody cphy qokeey keedy kchdy chedy qokedy chdy kal shs oldaiin
IT2a-n,f34v,"f34v.10,+P0",daiin.chdy.tedy.kchdy.okeedy.checkhy.chdy.kain.cheor.or.okedy.okam,daiin chdy tedy kchdy okeedy checkhy chdy kain cheor or okedy okam
IT2a-n,f34v,"f34v.11,+P0",yshos.ody.s.aiin.okoy.okal.shedy<$>,yshos ody s aiin okoy okal shedy
IT2a-n,f35r,"f35r.1,@P0",<%>cthoo.r.choly.cthy.choty.char.dy,cthoo r choly cthy choty char dy
IT2a-n,f35r,"f35r.2,+P0",qokeeaiin.chokaiin.qotchy.daiin,qokeeaiin chokaiin qotchy daiin
IT2a-n,f35r,"f35r.3,+P0",dchaiin.cthey.qotchey.taiin.cthory,dchaiin cthey qotchey taiin cthory
IT2a-n,f35r,"f35r.4,+P0",qotchy.shetchy.ckhol.cheey.daiin.dainl,qotchy shetchy ckhol cheey daiin dainl
IT2a-n,f35r,"f35r.5,+P0",otchor.sho.tcheey.scheey.daiin.dainor,otchor sho tcheey scheey daiin dainor
IT2a-n,f35r,"f35r.6,+P0",schaiin.char.chan.daiin,schaiin char chan daiin
IT2a-n,f35r,"f35r.7,+P0",shosaiin.tchor.choky,shosaiin tchor choky
IT2a-n,f35r,"f35r.8,+P0",qotchy.ky.kaiin.daiin<$>,qotchy ky kaiin daiin
IT2a-n,f35r,"f35r.9,+P0",<%>paiin.chear.aiin.chear.shor.chaiin.rn,paiin chear aiin chear shor chaiin rn
IT2a-n,f35r,"f35r.10,+P0",o.aiin.chaiin.ckhy.r.chl.s.chochy.daiin,o aiin chaiin ckhy r chl s chochy daiin
IT2a-n,f35r,"f35r.11,+P0",shcheaiin.chol.cthaiin.lchaiin.lchal.dal<->dair.aldy.n,shcheaiin chol cthaiin lchaiin lchal daldair aldy n
IT2a-n,f35r,"f35r.12,+P0",olor.chy.chaiin.chy.taiin.kchey.koldy<->chetchaiin,olor chy chaiin chy taiin kchey koldychetchaiin
IT2a-n,f35r,"f35r.13,+P0",qokoiin.chaiin.qokchaiin.lshy.lodaly<->oteey.taiin,qokoiin chaiin qokchaiin lshy lodalyoteey taiin
IT2a-n,f35r,"f35r.14,+P0",cthol.chol.aiin.qotchy.otchor.daiin<->shol.qotaiin,cthol chol aiin qotchy otchor daiinshol qotaiin
IT2a-n,f35r,"f35r.15,+P0",ochor.s.chiin.daiin.ytain<$>,ochor s chiin daiin ytain
IT2a-n,f35v,"f35v.1,@P0",<%>par.chor.chocthy.roaiin.ar,par chor chocthy roaiin ar
IT2a-n,f35v,"f35v.2,+P0",qotchy.otchey.kchor.yty,qotchy otchey kchor yty
IT2a-n,f35v,"f35v.3,+P0",dchor.choty.chyty.daiin,dchor choty chyty daiin
IT2a-n,f35v,"f35v.4,+P0",ytchy.qotchy.dchy.cthy,ytchy qotchy dchy cthy
IT2a-n,f35v,"f35v.5,+P0",dchokchy.chocthy.chckhor,dchokchy chocthy chckhor
IT2a-n,f35v,"f35v.6,+P0",shol.tcheey.chkcheean.chcthaiin,shol tcheey chkcheean chcthaiin
IT2a-n,f35v,"f35v.7,+P0",tchotchor.shol.sho.co.kol.daiin,tchotchor shol sho co kol daiin
IT2a-n,f35v,"f35v.8,+P0",oaiin.tchor.cho.chotchy.dchol.d,oaiin tchor cho chotchy dchol d
IT2a-n,f35v,"f35v.9,+P0",qokchaiin.cho.ksho.l.choiin,qokchaiin cho ksho l choiin
IT2a-n,f35v,"f35v.10,+P0",okcheey.chosar.shory,okcheey chosar shory
IT2a-n,f35v,"f35v.11,+P0",qotcheeaiin.chodaiin,qotcheeaiin chodaiin
IT2a-n,f35v,"f35v.12,+P0",dchaiin.daiin.daiin.dal.s,dchaiin daiin daiin dal s
IT2a-n,f35v,"f35v.13,+P0",ol.char.od.ar.chear,ol char od ar chear
IT2a-n,f35v,"f35v.14,+P0",tcheain.shy.tar.dain,tcheain shy tar dain
IT2a-n,f35v,"f35v.15,+P0",ykol.cheol.okchy.tch,ykol cheol okchy tch
IT2a-n,f35v,"f35v.16,+P0",ydaiin.okeey.daiin,ydaiin okeey daiin
IT2a-n,f35v,"f35v.17,+P0",daiin.dain.chkaly.choly,daiin dain chkaly choly
IT2a-n,f35v,"f35v.18,+P0",daiin.qokeeen.chokeeo.r,daiin qokeeen chokeeo r
IT2a-n,f35v,"f35v.19,+P0",schokey.ykeol.chol.daiin,schokey ykeol chol daiin
IT2a-n,f35v,"f35v.20,+P0",sodaiin.shy.dchy.ckhy.dan,sodaiin shy dchy ckhy dan
IT2a-n,f35v,"f35v.21,+P0",doiin.chor.chor<$>,doiin chor chor
IT2a-n,f36r,"f36r.1,@P0",<%>pchafdan.qorain.chcfhal.soiin.cphor.shaiin.cthy.dair,pchafdan qorain chcfhal soiin cphor shaiin cthy dair
IT2a-n,f36r,"f36r.2,+P0",oral.shor.ytaiin.qotaiin.qooldy.chty.chol.dy.tor,oral shor ytaiin qotaiin qooldy chty chol dy tor
IT2a-n,f36r,"f36r.3,+P0",qotchy.tchy.daiin.gaiin.dolsain<$>,qotchy tchy daiin gaiin dolsain
IT2a-n,f36r,"f36r.4,+P0",<%>podaiir.cphy.qoypchol.rom<->cy<->chy.dchy.fchom.dar,podaiir cphy qoypchol romcychy dchy fchom dar
IT2a-n,f36r,"f36r.5,+P0",daiin.qor.chol.ctholy.s<->o<->r<->chy.sy<->chytaroiin,daiin qor chol ctholy sorchy sychytaroiin
IT2a-n,f36r,"f36r.6,+P0",okaiin.cthor.ykaiiin.s<->dain.an<->dan,okaiin cthor ykaiiin sdain andan
IT2a-n,f36r,"f36r.7,+P0",qotol.cthol.okol.dy.okchy<->ytorory<->sold,qotol cthol okol dy okchyytororysold
IT2a-n,f36r,"f36r.8,+P0",ytchor.cthol.chaiin.yd,ytchor cthol chaiin yd
IT2a-n,f36r,"f36r.9,+P0",ytodaly.daiin.otaro<$>,ytodaly daiin otaro
IT2a-n,f36v,"f36v.1,@P0",<%>pcharasy.qoforom.shoaiin.tchey.chckhhy.otaiin.cphar.daiin,pcharasy qoforom shoaiin tchey chckhhy otaiin cphar daiin
IT2a-n,f36v,"f36v.2,+P0",qotar.chol.daiin.otaiin.qotor.ytar.ochor.chety.ckhor.dom,qotar chol daiin otaiin qotor ytar ochor chety ckhor dom
IT2a-n,f36v,"f36v.3,+P0",dchytchy.ytor.s<->otaiin.qopchor.otar.otchaiin.s,dchytchy ytor sotaiin qopchor otar otchaiin s
IT2a-n,f36v,"f36v.4,+P0",qotchor.yky.ty.dy<->daiin.cthor<$>,qotchor yky ty dydaiin cthor
IT2a-n,f36v,"f36v.5,+P1",<%>tchor.ckhoiin.daiin.cphchar,tchor ckhoiin daiin cphchar
IT2a-n,f36v,"f36v.6,+P1",daiin.cthor.daiin.dal.dys,daiin cthor daiin dal dys
IT2a-n,f36v,"f36v.7,+P1",qoky.keol.okchor.os.cho.shan,qoky keol okchor os cho shan
IT2a-n,f36v,"f36v.8,+P1",ykshy.ytchy.dol.ytydy.yky,ykshy ytchy dol ytydy yky
IT2a-n,f36v,"f36v.9,+P1",okaiin.ykcholqod.chory,okaiin ykcholqod chory
IT2a-n,f36v,"f36v.10,+P1",ykchotchy.daiin.daiild,ykchotchy daiin daiild
IT2a-n,f36v,"f36v.11,+P1",oty.chcthy.ytoryd,oty chcthy ytoryd
IT2a-n,f36v,"f36v.12,+P1",ytol.kchy.oty.chd,ytol kchy oty chd
IT2a-n,f36v,"f36v.13,+P1",oky.she.cthol.oty,oky she cthol oty
IT2a-n,f36v,"f36v.14,+P1",soiin.chtain<$>,soiin chtain
IT2a-n,f37r,"f37r.1,@P0",<%>tocphol.shaiin.qotor.ofchor.oty.chory.daiin.otod.or,tocphol shaiin qotor ofchor oty chory daiin otod or
IT2a-n,f37r,"f37r.2,+P0",ykoiin.cthor.okaiin.qotchy.ytody.qokaiin.sho.ytaiin,ykoiin cthor okaiin qotchy ytody qokaiin sho ytaiin
IT2a-n,f37r,"f37r.3,+P0",qoshy.qokaiin.cthol.dy.ckhor.oky.dy<$>,qoshy qokaiin cthol dy ckhor oky dy
IT2a-n,f37r,"f37r.4,+P0",<%>pchotchy.daiin.cfhol.dar.chol.daiin<->yd,pchotchy daiin cfhol dar chol daiinyd
IT2a-n,f37r,"f37r.5,+P0",yky.qokchy.qotchor.chkol.otoly,yky qokchy qotchor chkol otoly
IT2a-n,f37r,"f37r.6,+P0",shor.shol.qokchy.qotomody<->dchol.daiin,shor shol qokchy qotomodydchol daiin
IT2a-n,f37r,"f37r.7,+P0",sor.chey.kor.qokor.daiin<$>,sor chey kor qokor daiin
IT2a-n,f37r,"f37r.8,+P0",<%>koiin.chorody.qokaiin.shory.otal<->shor.sheor.dar,koiin chorody qokaiin shory otalshor sheor dar
IT2a-n,f37r,"f37r.9,+P0",ykchody.qotchy.ykaiin.chy.qotor.dy<->otcho.lol.daiin,ykchody qotchy ykaiin chy qotor dyotcho lol daiin
IT2a-n,f37r,"f37r.10,+P0",qoto.okchochor.dchor.chy.daiin<->ychey.kol.daiir,qoto okchochor dchor chy daiinychey kol daiir
IT2a-n,f37r,"f37r.11,+P0",okchor.daiin.ckhy.dain.diiiin<$>,okchor daiin ckhy dain diiiin
IT2a-n,f37v,"f37v.1,@P0",<%>kshody.qocthy.qotoldy.chopdain.sol,kshody qocthy qotoldy chopdain sol
IT2a-n,f37v,"f37v.2,+P0",dor.chol.cthor.oscho.chor.daiin,dor chol cthor oscho chor daiin
IT2a-n,f37v,"f37v.3,+P0",qokchon.shy.chon.daiin.dy,qokchon shy chon daiin dy
IT2a-n,f37v,"f37v.4,+P0",dshor.dytory.dshor.daiin,dshor dytory dshor daiin
IT2a-n,f37v,"f37v.5,+P0",dchor.qotol.ykchon.dain,dchor qotol ykchon dain
IT2a-n,f37v,"f37v.6,+P0",yokor.ytchor.saiin.oty,yokor ytchor saiin oty
IT2a-n,f37v,"f37v.7,+P0",qotchor.daiin<$>,qotchor daiin
IT2a-n,f37v,"f37v.8,+P0",<%>qotor.choiin.chetchy.daiin,qotor choiin chetchy daiin
IT2a-n,f37v,"f37v.9,+P0",dor.chor.sho.daiiin.daiin,dor chor sho daiiin daiin
IT2a-n,f37v,"f37v.10,+P0",soiin.shey.otoiin.chey.tom,soiin shey otoiin chey tom
IT2a-n,f37v,"f37v.11,+P0",qotoiin.choror.cthol.daiin,qotoiin choror cthol daiin
IT2a-n,f37v,"f37v.12,+P0",chor.sholy.sheaiin.dotody,chor sholy sheaiin dotody
IT2a-n,f37v,"f37v.13,+P0",sotoiiin<$>,sotoiiin
IT2a-n,f37v,"f37v.14,+P0",<%>todain.cphaiin.cphorods,todain cphaiin cphorods
IT2a-n,f37v,"f37v.15,+P0",soiiin.cheoky.daiin.dain,soiiin cheoky daiin dain
IT2a-n,f37v,"f37v.16,+P0",qotor.daiin.chotaiin,qotor daiin chotaiin
IT2a-n,f37v,"f37v.17,+P0",sokchor.qokoiiin.ykeeols,sokchor qokoiiin ykeeols
IT2a-n,f37v,"f37v.18,+P0",oyteey.daiin.daiin.ody,oyteey daiin daiin ody
IT2a-n,f37v,"f37v.19,+P0",daiin.ykoiin.qotal.daiin,daiin ykoiin qotal daiin
IT2a-n,f37v,"f37v.20,+P0",ychockaey.ykol.daiin.s,ychockaey ykol daiin s
IT2a-n,f37v,"f37v.21,+P0",oshctho.do.daiin.cthols,oshctho do daiin cthols
IT2a-n,f37v,"f37v.22,+P0",qotol.ytoiin.chocthey,qotol ytoiin chocthey
IT2a-n,f37v,"f37v.23,+P0",yto.chol.daiin<$>,yto chol daiin
IT2a-n,f38r,"f38r.1,@P0",<%>tolor.chockhy<->oky.choiin.okshol.oly.oky,tolor chockhyoky choiin okshol oly oky
IT2a-n,f38r,"f38r.2,+P0",okseey.chodys<->ytoiin.otaiin.otaiin.cthar,okseey chodysytoiin otaiin otaiin cthar
IT2a-n,f38r,"f38r.3,+P0",qokor.okaiin<->otaiin.qokchol.chokokor,qokor okaiinotaiin qokchol chokokor
IT2a-n,f38r,"f38r.4,+P0",ychok.chey.chckh<->chy.chka.r.odaiin.daiin.sy,ychok chey chckhchy chka r odaiin daiin sy
IT2a-n,f38r,"f38r.5,+P0",okor.chey.kain<->chor.ctho.dain.ckholdy,okor chey kainchor ctho dain ckholdy
IT2a-n,f38r,"f38r.6,+P0",ysho.sho.kos<->daiin.okoy.chochor.daiin<$>,ysho sho kosdaiin okoy chochor daiin
IT2a-n,f38v,"f38v.1,@P0",<%>okchop.chol.shotol.oteol.okeey.s<->chor.d.aiin.d,okchop chol shotol oteol okeey schor d aiin d
IT2a-n,f38v,"f38v.2,+P0",choiin.shey.keo.sho.oiin.s.chol.ldy<->okeaiin.okom,choiin shey keo sho oiin s chol ldyokeaiin okom
IT2a-n,f38v,"f38v.3,+P0",qokeey.keor.daiin.okey.keey.daiin<->dair.daiin.s,qokeey keor daiin okey keey daiindair daiin s
IT2a-n,f38v,"f38v.4,+P0",okeey.daiin.qokeey.chotey.tody<->oky.aiiin.d,okeey daiin qokeey chotey todyoky aiiin d
IT2a-n,f38v,"f38v.5,+P0",qoty.daiin.chol.oteeol.dody<->cheod.chody,qoty daiin chol oteeol dodycheod chody
IT2a-n,f38v,"f38v.6,+P0",sho.keeey.key.tey.daiin.daiiin<->dain.dain,sho keeey key tey daiin daiiindain dain
IT2a-n,f38v,"f38v.7,+P0",daiin.qol.chy.dain.?.or.daiin<->dais.daldy,daiin qol chy dain or daiindais daldy
IT2a-n,f38v,"f38v.8,+P0",o.aiin.char.chshol.chokaiin<$>,o aiin char chshol chokaiin
IT2a-n,f39r,"f39r.1,@P0",<%>tedo.chshd.cphhofy.chdain.shey.fsey.dy.orain.cheepaiin.ofy.shey.koly.dy,tedo chshd cphhofy chdain shey fsey dy orain cheepaiin ofy shey koly dy
IT2a-n,f39r,"f39r.2,+P0",olchey.cheky.qokedy.shekshey.qolain.chckshy.chdy.dair.shckhey.dold,olchey cheky qokedy shekshey qolain chckshy chdy dair shckhey dold
IT2a-n,f39r,"f39r.3,+P0",qokalchdy.chekaiin.checkhy.dar.shed.qokeedar.eeedy.dar.or.cheey.dy.ckhy,qokalchdy chekaiin checkhy dar shed qokeedar eeedy dar or cheey dy ckhy
IT2a-n,f39r,"f39r.4,+P0",tohedy.chdy.olaiin.chedy.shckhdchy.chol.or.ordy.chees.aly.okalcheg,tohedy chdy olaiin chedy shckhdchy chol or ordy chees aly okalcheg
IT2a-n,f39r,"f39r.5,+P0",dchdy.chdy.ykaiin<$>,dchdy chdy ykaiin
IT2a-n,f39r,"f39r.6,+P0",<%>pchdaiin.she.dam.qofchedy.shedy.kchdy.dydy.opchekaiin.shockhchy.shdalo.ry,pchdaiin she dam qofchedy shedy kchdy dydy opchekaiin shockhchy shdalo ry
IT2a-n,f39r,"f39r.7,+P0",dchdar.chedy.cholal.qokedar.chdy.chckhdy.dar.ar.al.ydy.eeesaiin,dchdar chedy cholal qokedar chdy chckhdy dar ar al ydy eeesaiin
IT2a-n,f39r,"f39r.8,+P0",lchedy.shedy.qokaiin.chkeey.fchedy.okam.chcfhhy.saiin.chcphy.dairom,lchedy shedy qokaiin chkeey fchedy okam chcfhhy saiin chcphy dairom
IT2a-n,f39r,"f39r.9,+P0",tchedy.shol.odal.qokaiin.shdaiin<$>,tchedy shol odal qokaiin shdaiin
IT2a-n,f39r,"f39r.10,+P0",<%>pchdar.shedy.ar.aiir.okair.ykeols.shedy.qockhdy.laiin.syky,pchdar shedy ar aiir okair ykeols shedy qockhdy laiin syky
IT2a-n,f39r,"f39r.11,+P0",dshdy.ar.aiin.y.ykar.chdy.ykal.olkaiin.qokaldar.cheol.dar.aiin,dshdy ar aiin y ykar chdy ykal olkaiin qokaldar cheol dar aiin
IT2a-n,f39r,"f39r.12,+P0",tolchdaiin.chckhy.saiin.olor.chls.aiin.oky.ches.aiin.dal,tolchdaiin chckhy saiin olor chls aiin oky ches aiin dal
IT2a-n,f39r,"f39r.13,+P0",ytor.chdar.shey.qokaiin.chor.kar.sheolkedy.otedy.tedy.saiin,ytor chdar shey qokaiin chor kar sheolkedy otedy tedy saiin
IT2a-n,f39r,"f39r.14,+P0",daiin.shckhy.chekl.ol.daiin.chedy.ykeey.daiin.otal.chdam.qokam,daiin shckhy chekl ol daiin chedy ykeey daiin otal chdam qokam
IT2a-n,f39r,"f39r.15,+P0",qolkain.olcheol.daiin.dar.ol.dld.iir.ador.aiin.ofcheefar<$>,qolkain olcheol daiin dar ol dld iir ador aiin ofcheefar
IT2a-n,f39r,"f39r.16,+Pc",<%>oteol.cholkal<->qokal.dar.ykdy<$>,oteol cholkalqokal dar ykdy
IT2a-n,f39v,"f39v.1,@P0",<%>pdair.chdy.fdykain.or.air.sheykaiiin.ofchy.kar.or.aiin.dol.ky.oshdy,pdair chdy fdykain or air sheykaiiin ofchy kar or aiin dol ky oshdy
IT2a-n,f39v,"f39v.2,+P0",sor.shy.kor.chol.qoty.kchdy.olky.dor.chdy.ykar.olkedaiin.ody.dy,sor shy kor chol qoty kchdy olky dor chdy ykar olkedaiin ody dy
IT2a-n,f39v,"f39v.3,+P0",daiin.chor.okain.okaiifchody.saiin.or.aiin.qokaiin.ytodaiin.okom,daiin chor okain okaiifchody saiin or aiin qokaiin ytodaiin okom
IT2a-n,f39v,"f39v.4,+P0",y.okeey.chody.cheor.aiin.okody.chodal.ykedy.qokedy.dal.or.aiin.shky,y okeey chody cheor aiin okody chodal ykedy qokedy dal or aiin shky
IT2a-n,f39v,"f39v.5,+P0",ytedykor.or.sheky.kain.otar.or.aiin.okaiin.ckhol.ol.kor.otor.opchy,ytedykor or sheky kain otar or aiin okaiin ckhol ol kor otor opchy
IT2a-n,f39v,"f39v.6,+P0",lkedy.okchey.shorqoy.kam.cho.ckhcfhhy.or.aly.shody<$>,lkedy okchey shorqoy kam cho ckhcfhhy or aly shody
IT2a-n,f39v,"f39v.7,+P0",<%>pardy.shedy.qokar.sheedy.oraly<->olaiir.okar.ar,pardy shedy qokar sheedy oralyolaiir okar ar
IT2a-n,f39v,"f39v.8,+P0",oekar.aiin.olkaiin.olky.dar.ald<->shek.chek.qokchy.dar.ain,oekar aiin olkaiin olky dar aldshek chek qokchy dar ain
IT2a-n,f39v,"f39v.9,+P0",tar.aiin.dal.ar.ain.cheor.ydam<->shody.okal.shdy.kshy.or,tar aiin dal ar ain cheor ydamshody okal shdy kshy or
IT2a-n,f39v,"f39v.10,+P0",dar.ar.ykar.or.yky.chdy.fchor<->qokain.ar.sheedy.olchef,dar ar ykar or yky chdy fchorqokain ar sheedy olchef
IT2a-n,f39v,"f39v.11,+P0",sarol.chedy.shekam.qokar.chl<->ykeedy.chckhy.dalor.dy,sarol chedy shekam qokar chlykeedy chckhy dalor dy
IT2a-n,f39v,"f39v.12,+P0",paiin.alaiin.otal.chd.okar.am<->okar.cheodal.ockhy,paiin alaiin otal chd okar amokar cheodal ockhy
IT2a-n,f39v,"f39v.13,+P0",dain.ockhedy.otedy.okedy<->lchdy.okaiin.daiiiny,dain ockhedy otedy okedylchdy okaiin daiiiny
IT2a-n,f39v,"f39v.14,+P0",tar.aiin.okaiin.cholody<$>,tar aiin okaiin cholody
IT2a-n,f40r,"f40r.1,@P0",<%>pchey.keodar.aldydy<->qoky.okal.shdy.olkedy.opches.ar.ordaiin,pchey keodar aldydyqoky okal shdy olkedy opches ar ordaiin
IT2a-n,f40r,"f40r.2,+P0",qokar.okar.okedy.dar<->ykchey.kaiin.okos.chedy.okar.aralos,qokar okar okedy darykchey kaiin okos chedy okar aralos
IT2a-n,f40r,"f40r.3,+P0",shy.qokal.chdy.chckhd<->otor.aiis.oky.okolchy.qokar.okam,shy qokal chdy chckhdotor aiis oky okolchy qokar okam
IT2a-n,f40r,"f40r.4,+P0",or.aiin.chekody.das<->qokol.okaiin.okar.oky.okoldy.ol,or aiin chekody dasqokol okaiin okar oky okoldy ol
IT2a-n,f40r,"f40r.5,+P0",lokar.qokar.okar<->okol.ol.chedy.qokchd.ar.ar.or.dam,lokar qokar okarokol ol chedy qokchd ar ar or dam
IT2a-n,f40r,"f40r.6,+P0",tor.or.ar.shokor.om<->olshedy.qokam.chdy.kar.oraiin,tor or ar shokor omolshedy qokam chdy kar oraiin
IT2a-n,f40r,"f40r.7,+P0",yaiin.chekaiin.oky<->ycheey<$>,yaiin chekaiin okyycheey
IT2a-n,f40r,"f40r.8,+P0",<%>ksheo.keeey.dar.aim<->kcheo.cfhdy.orain.chefal.daiin.dm,ksheo keeey dar aimkcheo cfhdy orain chefal daiin dm
IT2a-n,f40r,"f40r.9,+P0",taiin.ol.olaiin.or<->dain.okaiin.okaiin.okaiin.daram,taiin ol olaiin ordain okaiin okaiin okaiin daram
IT2a-n,f40r,"f40r.10,+P0",saiin.olcheey.chdy<->ychey.karar.oky.ykedy.okair.ody,saiin olcheey chdyychey karar oky ykedy okair ody
IT2a-n,f40r,"f40r.11,+P0",toar.ykaiin.ory.dal<$>,toar ykaiin ory dal
IT2a-n,f40v,"f40v.1,@P0",<%>pchedain.chefaiin.oldy,pchedain chefaiin oldy
IT2a-n,f40v,"f40v.2,+P0",todar.qokaiin.ol.aram,todar qokaiin ol aram
IT2a-n,f40v,"f40v.3,+P0",s.air.ain.okaiin.okam,s air ain okaiin okam
IT2a-n,f40v,"f40v.4,+P0",taraiin.okaiin.chckhy,taraiin okaiin chckhy
IT2a-n,f40v,"f40v.5,+P0",solaiin.okar.oly.chckhy,solaiin okar oly chckhy
IT2a-n,f40v,"f40v.6,+P0",qoeed.aiin.ol.eeedy.daiin,qoeed aiin ol eeedy daiin
IT2a-n,f40v,"f40v.7,+P0",shody.qokol.chedy.s.ar,shody qokol chedy s ar
IT2a-n,f40v,"f40v.8,+P0",chodaiin.chkal.ykedy.okal,chodaiin chkal ykedy okal
IT2a-n,f40v,"f40v.9,+P0",tchy.pchody.pchdy.kor.ol,tchy pchody pchdy kor ol
IT2a-n,f40v,"f40v.10,+P0",tchkaiin.tchedy.qokaiin.oraiin,tchkaiin tchedy qokaiin oraiin
IT2a-n,f40v,"f40v.11,+P0",schedy.qokol.chedy.dalor.aithy,schedy qokol chedy dalor aithy
IT2a-n,f40v,"f40v.12,+P0",ycheekeey.daiin.okaiin<$>,ycheekeey daiin okaiin
IT2a-n,f40v,"f40v.13,+P0",<%>toees.chedy.kedy.olfchedy.qokedy<->daiin.chefain,toees chedy kedy olfchedy qokedydaiin chefain
IT2a-n,f40v,"f40v.14,+P0",saiin.o.lchey.kchedy.okar.qokchdy.dy<->qokees.am.chdy,saiin o lchey kchedy okar qokchdy dyqokees am chdy
IT2a-n,f40v,"f40v.15,+P0",qokchey.qody.or.aiiin.okaiin.o.ckhy<->sheod.faimy,qokchey qody or aiiin okaiin o ckhysheod faimy
IT2a-n,f40v,"f40v.16,+P0",shol.kedy.lor.ar.okar.qoky.kedy.r<->yteey.qokaim,shol kedy lor ar okar qoky kedy ryteey qokaim
IT2a-n,f40v,"f40v.17,+P0",tochey.qokeedy.qokaiin.okeor.qokar<->okees.ar.oky,tochey qokeedy qokaiin okeor qokarokees ar oky
IT2a-n,f40v,"f40v.18,+P0",saiin.otain.chckhy.okal.okair.arol<->qokey.okary<$>,saiin otain chckhy okal okair arolqokey okary
IT2a-n,f40v,"f40v.19,+Pc",<%>pchedy.chetar.ofair.arody<$>,pchedy chetar ofair arody
IT2a-n,f41r,"f41r.1,@P0",<%>pchey.kedaleey.oked.shekchey<->opshes.ypchd.qotcheedy.shkakeedy,pchey kedaleey oked shekcheyopshes ypchd qotcheedy shkakeedy
IT2a-n,f41r,"f41r.2,+P0",ykeeo.alshey.ykedy.keshdy.dy<->dor.ycheoky.qokeed.chpy.qokedy.dy,ykeeo alshey ykedy keshdy dydor ycheoky qokeed chpy qokedy dy
IT2a-n,f41r,"f41r.3,+P0",qok.ra?.yekedy.ychdy.kchdy<->qokedy.qokedy.shekchy.cheky.daly,qok yekedy ychdy kchdyqokedy qokedy shekchy cheky daly
IT2a-n,f41r,"f41r.4,+P0",chdchy.ytcheeky.ypchedy.schdy<->ytedy.cthey.chees.oteey.otal.dam,chdchy ytcheeky ypchedy schdyytedy cthey chees oteey otal dam
IT2a-n,f41r,"f41r.5,+P0",qotchy.sal.yteedy.kchdy<->dchedy.tchdy.dchedy.dalain<$>,qotchy sal yteedy kchdydchedy tchdy dchedy dalain
IT2a-n,f41r,"f41r.6,+P0",<%>shedey.polchedy.qokeey.chekedy.ytey<->chkchod<->ypchedpy.shepy.shedy,shedey polchedy qokeey chekedy yteychkchodypchedpy shepy shedy
IT2a-n,f41r,"f41r.7,+P0",parchdy.kchey.yteedy.qokeody<->ykedy.chkedy.qokedy.chedy.qokedy,parchdy kchey yteedy qokeodyykedy chkedy qokedy chedy qokedy
IT2a-n,f41r,"f41r.8,+P0",dair.chedy.chckhy.qokey.lchdy<->qokedy.qokyl.cheked.qodor.am,dair chedy chckhy qokey lchdyqokedy qokyl cheked qodor am
IT2a-n,f41r,"f41r.9,+P0",qokeedy.okedy.chekedy.chedy<->chckheody.chekal.daiin.cheo.al.okedy,qokeedy okedy chekedy chedychckheody chekal daiin cheo al okedy
IT2a-n,f41r,"f41r.10,+P0",s.shok.shedy.qekchdy.dchdaldy<->ykedy.qokeedy.qokedy.qokeg,s shok shedy qekchdy dchdaldyykedy qokeedy qokedy qokeg
IT2a-n,f41r,"f41r.11,+P0",ykeod.ykeedy.chekeedy.cheked<$>,ykeod ykeedy chekeedy cheked
IT2a-n,f41v,"f41v.1,@Lp",keerodal,keerodal
IT2a-n,f41v,"f41v.2,+P0",<%>pcheody.qofcheepy.ofchdy.cfhekchdy<->ypchedy.chepchefy.shdchdy.qotal.dar,pcheody qofcheepy ofchdy cfhekchdyypchedy chepchefy shdchdy qotal dar
IT2a-n,f41v,"f41v.3,+P0",dshedy.tchey.s.aiin.shekey.okedy.okaly<->daiin.okedy.ykeeody.choy.keoy.dam,dshedy tchey s aiin shekey okedy okalydaiin okedy ykeeody choy keoy dam
IT2a-n,f41v,"f41v.4,+P0",qokeody.okey.qokeody.oleeol.lkedy<->lkeeody.qokeedy.okeey.qokol.sheols,qokeody okey qokeody oleeol lkedylkeeody qokeedy okeey qokol sheols
IT2a-n,f41v,"f41v.5,+P0",ycheos.olchey.daiin.or.chol.ol.aiin<->oteedy.qoteol.oteodar.orain,ycheos olchey daiin or chol ol aiinoteedy qoteol oteodar orain
IT2a-n,f41v,"f41v.6,+P0",todaiin.ol.cheos.yteedy.okal.old<->oteol.qokal.or.oteody,todaiin ol cheos yteedy okal oldoteol qokal or oteody
IT2a-n,f41v,"f41v.7,+P0",ykeey.okey.ykeeol.ckhdy.chdal<->ykeo.aiin.okeody.oly,ykeey okey ykeeol ckhdy chdalykeo aiin okeody oly
IT2a-n,f41v,"f41v.8,+P0",daiin.olkeeo.lkol.chedy.okeey<$>,daiin olkeeo lkol chedy okeey
IT2a-n,f42r,"f42r.1,@P0",<%>sho.ofaiin.cthachcthy.otcheey.pchear,sho ofaiin cthachcthy otcheey pchear
IT2a-n,f42r,"f42r.2,+P0",sol.kaiin.char.cheky.otshaiin.daiiry,sol kaiin char cheky otshaiin daiiry
IT2a-n,f42r,"f42r.3,+P0",toshy.chtshar.chotar.chain.dal,toshy chtshar chotar chain dal
IT2a-n,f42r,"f42r.4,+P0",shor.chetar.chotais.dar.cthaiin,shor chetar chotais dar cthaiin
IT2a-n,f42r,"f42r.5,+P0",qokar.chockhy.chotor.cha.kary<$>,qokar chockhy chotor cha kary
IT2a-n,f42r,"f42r.6,+Pc",<%>dorain.char<$>,dorain char
IT2a-n,f42r,"f42r.7,+P0",<%>pcho.chy.kshaiin.shotaiin.cham.shan,pcho chy kshaiin shotaiin cham shan
IT2a-n,f42r,"f42r.8,+P0",yshol.chees.cthol.shor.shol.ety.chary,yshol chees cthol shor shol ety chary
IT2a-n,f42r,"f42r.9,+P0",qotchor.otchol.ctho.kchodan.chkchory,qotchor otchol ctho kchodan chkchory
IT2a-n,f42r,"f42r.10,+P0",choty.dol.ksheo.cthor.otol.cthol.chol<->shol.dain,choty dol ksheo cthor otol cthol cholshol dain
IT2a-n,f42r,"f42r.11,+P0",qotor.cho.chody.daiin.chol.ctheey.dar<->chy.daiidy,qotor cho chody daiin chol ctheey darchy daiidy
IT2a-n,f42r,"f42r.12,+P0",dcheey.chol.shol.chokaiin.choeky.dcky<->dain.dal,dcheey chol shol chokaiin choeky dckydain dal
IT2a-n,f42r,"f42r.13,+P0",qopor.shol.shot.shol.shol.daiin.dain.s<->cheam,qopor shol shot shol shol daiin dain scheam
IT2a-n,f42r,"f42r.14,+P0",sho.kshey.choty.chdain.chodaiin.daiin<->dam<$>,sho kshey choty chdain chodaiin daiindam
IT2a-n,f42r,"f42r.15,+Pr",<%>chody.otshey.dodaiin<$>,chody otshey dodaiin
IT2a-n,f42r,"f42r.16,+P0",<%>pydaiin.sheor.shaiin.tsh.olcha.sholy,pydaiin sheor shaiin tsh olcha sholy
IT2a-n,f42r,"f42r.17,+P0",shotol.shol.chety.daiin.chokchy.chkaiin,shotol shol chety daiin chokchy chkaiin
IT2a-n,f42r,"f42r.18,+P0",qody.cthochy.otaiin.shy.kshes.chor.ain,qody cthochy otaiin shy kshes chor ain
IT2a-n,f42r,"f42r.19,+P0",otchoty.daiin.chot.sho.ckhhy.cty.s.os,otchoty daiin chot sho ckhhy cty s os
IT2a-n,f42r,"f42r.20,+P0",shol.chol.shoky.okol.sho.chol.chol.chal,shol chol shoky okol sho chol chol chal
IT2a-n,f42r,"f42r.21,+P0",shol.chol.chol.shol.ctoiin.sos.odan,shol chol chol shol ctoiin sos odan
IT2a-n,f42r,"f42r.22,+P0",kchaiin.chos.ckhaiin.choro?.chaiin<$>,kchaiin chos ckhaiin chaiin
IT2a-n,f42r,"f42r.23,+Pr",<%>okchol.shol.kolschees<$>,okchol shol kolschees
IT2a-n,f42v,"f42v.1,@P0",<%>tcho.cto.sheey.qocho.taiin.shols<->chol.chor.dain,tcho cto sheey qocho taiin sholschol chor dain
IT2a-n,f42v,"f42v.2,+P0",dshey.tchey.y.kchey.chtchy.cphy.dan<->dain.otol.daiin,dshey tchey y kchey chtchy cphy dandain otol daiin
IT2a-n,f42v,"f42v.3,+P0",sho.chotody.chotol.oky.chol.chol<->dl.chcthy.otoy,sho chotody chotol oky chol choldl chcthy otoy
IT2a-n,f42v,"f42v.4,+P0",qotchy.chkchy.sar.dy<->odaiil<->ykchy.okol.dd,qotchy chkchy sar dyodaiilykchy okol dd
IT2a-n,f42v,"f42v.5,+P0",chokeeor.chey.chetan<->s.ary<->okol.chetaiin,chokeeor chey chetans aryokol chetaiin
IT2a-n,f42v,"f42v.6,+P0",okeokear.cheotchar<->sy<->saiin.cthar.dam,okeokear cheotcharsysaiin cthar dam
IT2a-n,f42v,"f42v.7,+P0",chok.sheokey.keeey.d<->chekeesshy,chok sheokey keeey dchekeesshy
IT2a-n,f42v,"f42v.8,+P0",sodal.saiin<$>,sodal saiin
IT2a-n,f42v,"f42v.9,+P0",<%>posheor.sho.char.chekchey.qokod<->sho.cpheo.rchy,posheor sho char chekchey qokodsho cpheo rchy
IT2a-n,f42v,"f42v.10,+P0",schor.okchey.chy.shol.olor.cheaiin<->ctchy.tcheen.d,schor okchey chy shol olor cheaiinctchy tcheen d
IT2a-n,f42v,"f42v.11,+P0",qo.aiin.qokeey.kchol.cheal.oteol.d<->shey.teaiin.d,qo aiin qokeey kchol cheal oteol dshey teaiin d
IT2a-n,f42v,"f42v.12,+P0",chotcheey.chol.ol.chaiin.oteeaiin<->chkchy.taiin.y,chotcheey chol ol chaiin oteeaiinchkchy taiin y
IT2a-n,f42v,"f42v.13,+P0",sho.chey.teor.shey.checthhy.daiin<->chokeey.daiin,sho chey teor shey checthhy daiinchokeey daiin
IT2a-n,f42v,"f42v.14,+P0",qoteey.chy.kchy.cthy.etsees.choly<->sarar.ar.al,qoteey chy kchy cthy etsees cholysarar ar al
IT2a-n,f42v,"f42v.15,+P0",chokey.chol.okey,chokey chol okey
IT2a-n,f42v,"f42v.16,=Pt",okor.odeey<$>,okor odeey
IT2a-n,f43r,"f43r.1,@P0",<%>tarodaiin.ytedy.chody.ofchtar.chcphedy.ypar.shol.folor.aiin.cphhy.dar,tarodaiin ytedy chody ofchtar chcphedy ypar shol folor aiin cphhy dar
IT2a-n,f43r,"f43r.2,+P0",yteody.oteol.ytedy.ar.chety.dar.aiir.okaldy.daral.otchdy.daiin.dal.s,yteody oteol ytedy ar chety dar aiir okaldy daral otchdy daiin dal s
IT2a-n,f43r,"f43r.3,+P0",yty.yty.oty.she.ody.shy.olor.ytch?y.kaiin.chky.qotydy.dar.aiin.ykam,yty yty oty she ody shy olor kaiin chky qotydy dar aiin ykam
IT2a-n,f43r,"f43r.4,+P0",dasar.ytey.tedy.kar.or.ar.shekalchdy.cholty.qotaly.chedy.oty.otam,dasar ytey tedy kar or ar shekalchdy cholty qotaly chedy oty otam
IT2a-n,f43r,"f43r.5,+P0",ykor.ch?dy.shekody.qotody.qotar.okedy.dar.choetchy.dam.otain.ytam,ykor shekody qotody qotar okedy dar choetchy dam otain ytam
IT2a-n,f43r,"f43r.6,+P0",kchedy.chedy.daly.cheody.cheolkeepchy<$>,kchedy chedy daly cheody cheolkeepchy
IT2a-n,f43r,"f43r.7,+P0",<%>pshesy.otey.kshdy.opchdy.kedar.okedy.chdy.shocphhy.dytydy.pchdy.kedy.dam,pshesy otey kshdy opchdy kedar okedy chdy shocphhy dytydy pchdy kedy dam
IT2a-n,f43r,"f43r.8,+P0",ytchedy.chedy.cheody.shy.qoiiin.sheeeky.chedy.dain.shy.ykolor.otaiin.old,ytchedy chedy cheody shy qoiiin sheeeky chedy dain shy ykolor otaiin old
IT2a-n,f43r,"f43r.9,+P0",dshedy.qotedy.dor.cheey.odain<$>,dshedy qotedy dor cheey odain
IT2a-n,f43r,"f43r.10,+P0",<%>pshdar.shed.ody.qotedy.yfchdy.qockhhdy.opchdy.daiin.qokedy.dydydy.qotar,pshdar shed ody qotedy yfchdy qockhhdy opchdy daiin qokedy dydydy qotar
IT2a-n,f43r,"f43r.11,+P0",ytchedy.ty.shol.toldy.shody.otchdy.shdy.otolol.shd.olky.ytol.otary.cheky.dy,ytchedy ty shol toldy shody otchdy shdy otolol shd olky ytol otary cheky dy
IT2a-n,f43r,"f43r.12,+P0",dor.shol.qokol.shedy.qotedy.qokehdy.qokody.okehdy.otedy.shedy.oty.yty.dy.saiin,dor shol qokol shedy qotedy qokehdy qokody okehdy otedy shedy oty yty dy saiin
IT2a-n,f43r,"f43r.13,+P0",tshed.qosheckhhy.odeedy.qeokehy.qotedy.daiin.shodody.shochol.chckhy.ykedy.dy,tshed qosheckhhy odeedy qeokehy qotedy daiin shodody shochol chckhy ykedy dy
IT2a-n,f43r,"f43r.14,+P0",ykeody.checkhy.chotehy.odain.chckhhhy.chokor.aiin<$>,ykeody checkhy chotehy odain chckhhhy chokor aiin
IT2a-n,f43v,"f43v.1,@P0",<%>pdsairy.dalteoshy.da.ly.sheet.or.arodl.lkeo.raraiin.otedyo.poldy,pdsairy dalteoshy da ly sheet or arodl lkeo raraiin otedyo poldy
IT2a-n,f43v,"f43v.2,+P0",shedy.octhy.otedy.chedy.dar.chesckhy.okeody.oky.okaldy.kchdy.okar,shedy octhy otedy chedy dar chesckhy okeody oky okaldy kchdy okar
IT2a-n,f43v,"f43v.3,+P0",tody.teedy.qot.chocthy.chky.oky.chdy.okedy.ykaiin.chey.ody.dary,tody teedy qot chocthy chky oky chdy okedy ykaiin chey ody dary
IT2a-n,f43v,"f43v.4,+P0",dshey.ykeedy.chees.aiin.chy.qocthedy.chey.qokar.checkhy.okam,dshey ykeedy chees aiin chy qocthedy chey qokar checkhy okam
IT2a-n,f43v,"f43v.5,+P0",qokchedy.or.alody.otedol.chcthdy.chtey<$>,qokchedy or alody otedol chcthdy chtey
IT2a-n,f43v,"f43v.6,+P0",<%>tolkchdy.okedy.qokedol.shedy.okedal.shedy.pchdol.otey.dalorain,tolkchdy okedy qokedol shedy okedal shedy pchdol otey dalorain
IT2a-n,f43v,"f43v.7,+P0",ytshedy.ykeody.oykeedy.chedy.tedy.chcthy.otam.ot.ytaiin.otas,ytshedy ykeody oykeedy chedy tedy chcthy otam ot ytaiin otas
IT2a-n,f43v,"f43v.8,+P0",shetcheodchs.ochedy.oteody.chedy.chody.daiin.sheody.ykar.chef,shetcheodchs ochedy oteody chedy chody daiin sheody ykar chef
IT2a-n,f43v,"f43v.9,+P0",yteedy.olos.aiin.ockhy<$>,yteedy olos aiin ockhy
IT2a-n,f43v,"f43v.10,+P0",<%>tar.chor.ar.aldar.chdy.daldar.chepy.yteedy.ypchey.pchedy.yfor,tar chor ar aldar chdy daldar chepy yteedy ypchey pchedy yfor
IT2a-n,f43v,"f43v.11,+P0",y.sheey.or.air.yteey.cheody.ar.sheo.qody.chckhy.chdy.choty.shecthy,y sheey or air yteey cheody ar sheo qody chckhy chdy choty shecthy
IT2a-n,f43v,"f43v.12,+P0",y.shee.kedy.dar.chey.qotedy.ekaiin.chedy.cthey.oteol.or.aiin.odain,y shee kedy dar chey qotedy ekaiin chedy cthey oteol or aiin odain
IT2a-n,f43v,"f43v.13,+P0",dshedy.tedy.ckhedy.chekcheey.dy.keody.otedy.cheetam.okedar.amam,dshedy tedy ckhedy chekcheey dy keody otedy cheetam okedar amam
IT2a-n,f43v,"f43v.14,+P0",dykeedain.chedy.okeedy.chedal.olkey.cheky.choal.chedy.oteorom,dykeedain chedy okeedy chedal olkey cheky choal chedy oteorom
IT2a-n,f43v,"f43v.15,+P0",oteod.qolkeey.kaldy.chy.darod?.qokeey.kol.dary.taros,oteod qolkeey kaldy chy qokeey kol dary taros
IT2a-n,f43v,"f43v.16,+P0",ol.eees.aiin.oloaiin.oteos.qoky.chey<$>,ol eees aiin oloaiin oteos qoky chey
IT2a-n,f44r,"f44r.1,@P0",<%>tshodpy.oracphy.koees.ypsholy.shy.otoloaiin,tshodpy oracphy koees ypsholy shy otoloaiin
IT2a-n,f44r,"f44r.2,+P0",ydsh.dyeees.yty.oky.okchey.qykchey.dchy.dy,ydsh dyeees yty oky okchey qykchey dchy dy
IT2a-n,f44r,"f44r.3,+P0",oair.ekokeey.kshotol.otol.daiin.otota.ykal,oair ekokeey kshotol otol daiin otota ykal
IT2a-n,f44r,"f44r.4,+P0",ychor.ykchey.ykchy.chody.dam<$>,ychor ykchey ykchy chody dam
IT2a-n,f44r,"f44r.5,+P0",<%>toy.shysho.qoteey.chor.cheeky.sheey.ytey.daiin,toy shysho qoteey chor cheeky sheey ytey daiin
IT2a-n,f44r,"f44r.6,+P0",dshor.ytchol.shy.o.ocheeky.qotchy.otchy.dar,dshor ytchol shy o ocheeky qotchy otchy dar
IT2a-n,f44r,"f44r.7,+P0",qotsh.oyd.shol.qotshy.oyty.chom<$>,qotsh oyd shol qotshy oyty chom
IT2a-n,f44r,"f44r.8,+P0",<%>pshy.opchey.qopchy.ofchey.roiry.shol.os.ykchy,pshy opchey qopchy ofchey roiry shol os ykchy
IT2a-n,f44r,"f44r.9,+P0",otchol.ol.dchckhy.qoky.qotchy.qokchy.qoky.d,otchol ol dchckhy qoky qotchy qokchy qoky d
IT2a-n,f44r,"f44r.10,+P0",qokchor.okchy.qoto.ykol.choky.choky.chol.dam,qokchor okchy qoto ykol choky choky chol dam
IT2a-n,f44r,"f44r.11,+P0",ytsho.qockhy.okchody<$>,ytsho qockhy okchody
IT2a-n,f44v,"f44v.1,@P0",<%>tsho.qotshy.cthol.dchor.otol.shol.tol.qotshol.otoldy,tsho qotshy cthol dchor otol shol tol qotshol otoldy
IT2a-n,f44v,"f44v.2,+P0",yolkol.cheol.qokchain.daly.otchol.daiin.shol.qotor.ar,yolkol cheol qokchain daly otchol daiin shol qotor ar
IT2a-n,f44v,"f44v.3,+P0",tol.okchor.shcthy.otol.daiin.cthy.cthy<$>,tol okchor shcthy otol daiin cthy cthy
IT2a-n,f44v,"f44v.4,+P0",<%>yokalod.shaiin.shor.shorody.shky.sho.ytchy.opchod.opy,yokalod shaiin shor shorody shky sho ytchy opchod opy
IT2a-n,f44v,"f44v.5,+P0",oain.shol.cthy.cphaiin.ykchor.otchy.qoty.otcheor.cthain,oain shol cthy cphaiin ykchor otchy qoty otcheor cthain
IT2a-n,f44v,"f44v.6,+P0",tol.dair.ytaiin.dol.y.kchain.otykeey.otchol.ytaiin.dy,tol dair ytaiin dol y kchain otykeey otchol ytaiin dy
IT2a-n,f44v,"f44v.7,+P0",oko.tchaiin.cthol.dy.cheol.ololy<$>,oko tchaiin cthol dy cheol ololy
IT2a-n,f44v,"f44v.8,+P0",<%>tsheody.cthaiin.odaiin.shol.shey.cty<->ytoda.ol,tsheody cthaiin odaiin shol shey ctyytoda ol
IT2a-n,f44v,"f44v.9,+P0",dshor.cthees.lol.keees.ckhy.chcthy.lo,dshor cthees lol keees ckhy chcthy lo
IT2a-n,f44v,"f44v.10,+P0",lsho.qokchy.tshy.cphaiin.cthal.kal,lsho qokchy tshy cphaiin cthal kal
IT2a-n,f44v,"f44v.11,+P0",okol.chol.chol.choky.okaiin.cthy.otal,okol chol chol choky okaiin cthy otal
IT2a-n,f44v,"f44v.12,+P0",ychey.teol.chaiin.chcthy.ctho.cthol,ychey teol chaiin chcthy ctho cthol
IT2a-n,f44v,"f44v.13,+P0",lchor.shor.dairl<$>,lchor shor dairl
IT2a-n,f45r,"f45r.1,@P0",<%>pykydal.shaikhy.oty.shey.qop.char.opchal.ypchar.ofchar,pykydal shaikhy oty shey qop char opchal ypchar ofchar
IT2a-n,f45r,"f45r.2,+P0",shor.cthy.qoky.qokol.qokaiin.chol.chol.ykaiin.dar.om,shor cthy qoky qokol qokaiin chol chol ykaiin dar om
IT2a-n,f45r,"f45r.3,+P0",qo.chcthy.kchol.daiin.qoaiin.cthy.chaiin.ykeey.cthom,qo chcthy kchol daiin qoaiin cthy chaiin ykeey cthom
IT2a-n,f45r,"f45r.4,+P0",lory.kaiin.ykeol.ykeol.cham<$>,lory kaiin ykeol ykeol cham
IT2a-n,f45r,"f45r.5,+P0",<%>kolsho.pchor.kchey.ty.opchaldy.otshy.qokchy.doldaiin,kolsho pchor kchey ty opchaldy otshy qokchy doldaiin
IT2a-n,f45r,"f45r.6,+P0",otchar.okchar.daiin.ytchody.tcholol.otar.dal.dary,otchar okchar daiin ytchody tcholol otar dal dary
IT2a-n,f45r,"f45r.7,+P0",lchar.qor.y.kar.dar<$>,lchar qor y kar dar
IT2a-n,f45r,"f45r.8,+P0",<%>tchol.cthy.qodaiin.cthy.dain.cthey.otydal.daiin.m,tchol cthy qodaiin cthy dain cthey otydal daiin m
IT2a-n,f45r,"f45r.9,+P0",dor.or.chain.dain.ykolody.ytaiin.qotchol.kol.dy,dor or chain dain ykolody ytaiin qotchol kol dy
IT2a-n,f45r,"f45r.10,+P0",okaiin.shar.yky.oky.kair.daldy.dalor.cheol.dal,okaiin shar yky oky kair daldy dalor cheol dal
IT2a-n,f45r,"f45r.11,+P0",l.okaiin.okcho.laldan.daldaiin<$>,l okaiin okcho laldan daldaiin
IT2a-n,f45v,"f45v.1,@P0",<%>korary.chko.kol.chey.fsholom.shor.ykchy.dod.opchaiin.olald,korary chko kol chey fsholom shor ykchy dod opchaiin olald
IT2a-n,f45v,"f45v.2,+P0",okol.chor.daiin.cthy.okchol.chom.okolor.dy<->okchol.s,okol chor daiin cthy okchol chom okolor dyokchol s
IT2a-n,f45v,"f45v.3,+P0",qokchy.l.or.cheol.qotol.qotol.chy.ky.ctho.d<->ykar.yd,qokchy l or cheol qotol qotol chy ky ctho dykar yd
IT2a-n,f45v,"f45v.4,+P0",okchy.qockhy.dain.dail.dair.shy<$>,okchy qockhy dain dail dair shy
IT2a-n,f45v,"f45v.5,+P0",<%>qotol.choiin.okchar.dar.oty<->shoto.dol.py<->otytam,qotol choiin okchar dar otyshoto dol pyotytam
IT2a-n,f45v,"f45v.6,+P0",ss.aiin.cphor.qokey.tod<->ytchdy.dy<->dy.cheg,ss aiin cphor qokey todytchdy dydy cheg
IT2a-n,f45v,"f45v.7,+P0",tchtcho.kchol.dshy.oty.ol<->ytchom<$>,tchtcho kchol dshy oty olytchom
IT2a-n,f45v,"f45v.8,+P0",<%>ykcheor.odal.sho.dy.pchom<->otor.oaiir,ykcheor odal sho dy pchomotor oaiir
IT2a-n,f45v,"f45v.9,+P0",ychor.cthy.chol.qokom.sy<->sa.ykchom,ychor cthy chol qokom sysa ykchom
IT2a-n,f45v,"f45v.10,+P0",dshor.otshy.oky.tsholol<->ytchor.d,dshor otshy oky tshololytchor d
IT2a-n,f45v,"f45v.11,+P0",or.chor.ytchy.doiin.dcholdy<$>,or chor ytchy doiin dcholdy
IT2a-n,f46r,"f46r.1,@P0",<%>pcheocphy.qotedy.chety.dy.chepchx.yfcheky.osaiin.shee.qoteol.daiin.shee.dy.daly,pcheocphy qotedy chety dy chepchx yfcheky osaiin shee qoteol daiin shee dy daly
IT2a-n,f46r,"f46r.2,+P0",rodaiin.sheeoly.qoor.sheoteoly.chckhy.daiin.sheksheet.shedy.xor.aiin.sheckhy,rodaiin sheeoly qoor sheoteoly chckhy daiin sheksheet shedy xor aiin sheckhy
IT2a-n,f46r,"f46r.3,+P0",daiin.shor.ykal.chckhy.daiin.she.dalshedo.qokol.s.aiin.shee.ykar.daiin,daiin shor ykal chckhy daiin she dalshedo qokol s aiin shee ykar daiin
IT2a-n,f46r,"f46r.4,+P0",tshedar.chol.kaldy.chckhy.qokaldy.chekal.chckhy.sheky.sheky.dalocthhy,tshedar chol kaldy chckhy qokaldy chekal chckhy sheky sheky dalocthhy
IT2a-n,f46r,"f46r.5,+P0",okeedy.shekeey.ykey.shedy.chdy.shky.qotsheod.ytedy.ytey.cheor<$>,okeedy shekeey ykey shedy chdy shky qotsheod ytedy ytey cheor
IT2a-n,f46r,"f46r.6,+P0",<%>tedy.dytedy.shee.keedy.ypchedy.chdalor.sheedo.odor.aiin.opchedy.dykedy.chdam,tedy dytedy shee keedy ypchedy chdalor sheedo odor aiin opchedy dykedy chdam
IT2a-n,f46r,"f46r.7,+P0",xol.shol.qokaiin.ytchdy.qokchdy.s.ar.chdy.cthy.otedy.chedy.qokar.chcthhy.m,xol shol qokaiin ytchdy qokchdy s ar chdy cthy otedy chedy qokar chcthhy m
IT2a-n,f46r,"f46r.8,+P0",dsheol.chy.chckhy.shy.shdy.chky.chody.cthdy.s.cheos.chey<$>,dsheol chy chckhy shy shdy chky chody cthdy s cheos chey
IT2a-n,f46r,"f46r.9,+P0",<%>tshdy.shdy.feeedy.dyfchdy.shol.kchs.ytaly.fchdy.dy.karal.shky.yty.dardam,tshdy shdy feeedy dyfchdy shol kchs ytaly fchdy dy karal shky yty dardam
IT2a-n,f46r,"f46r.10,+P0",tchey.shy.chkal.chd.qokdy.shdy.aloldy.olaiir.sheol<$>,tchey shy chkal chd qokdy shdy aloldy olaiir sheol
IT2a-n,f46r,"f46r.11,+P0",<%>pchdair.shd.shepdaiin.shdy.oifhedy.qopchdy.ldy.shear.opdarshdy.sayfchedy,pchdair shd shepdaiin shdy oifhedy qopchdy ldy shear opdarshdy sayfchedy
IT2a-n,f46r,"f46r.12,+P0",techy.daiin.sheockhy.choky.r.aiin.ches.shey.kar.sheckhy.chdy.chckham,techy daiin sheockhy choky r aiin ches shey kar sheckhy chdy chckham
IT2a-n,f46r,"f46r.13,+P0",arakaiin.shol.okeey.chol.dar.ols.lain.y,arakaiin shol okeey chol dar ols lain y
IT2a-n,f46r,"f46r.14,+P0",otshealkar.sholkshy.qokar.cheol.okal.dam.chdam.qokam,otshealkar sholkshy qokar cheol okal dam chdam qokam
IT2a-n,f46r,"f46r.15,+P0",qokar.sholkal.olkeody<$>,qokar sholkal olkeody
IT2a-n,f46v,"f46v.1,@P0",<%>pody.lshed.ypdy.shedy.opchedy.ytedy.oepchol.yfchey.tochsy.okas.ykchdy.daiin,pody lshed ypdy shedy opchedy ytedy oepchol yfchey tochsy okas ykchdy daiin
IT2a-n,f46v,"f46v.2,+P0",ytasr.aiin.otchdy.okaly.daiin.qokedy.otar.ar.oldy.otedy.saim.okey.tody.daiin,ytasr aiin otchdy okaly daiin qokedy otar ar oldy otedy saim okey tody daiin
IT2a-n,f46v,"f46v.3,+P0",ytchey.keody.chockhdy.chotal.okalshdy.shdy.qokar.oty.qoty.shedy.chedy.dam,ytchey keody chockhdy chotal okalshdy shdy qokar oty qoty shedy chedy dam
IT2a-n,f46v,"f46v.4,+P0",ydaiin.chckhy.chdal.olar.chckhdy.chdody.tar.cham.kedy.daiin.ykaiir.shckhefy,ydaiin chckhy chdal olar chckhdy chdody tar cham kedy daiin ykaiir shckhefy
IT2a-n,f46v,"f46v.5,+P0",lodaiin.shedy.qokedy.chdy.okedy.dykaly<->daiin.chedy.okeedy.s.ar.air.cthy,lodaiin shedy qokedy chdy okedy dykalydaiin chedy okeedy s ar air cthy
IT2a-n,f46v,"f46v.6,+P0",tos.aiirchar.chedy.olaiin.qotedy.sheedy<->qokaldy.qokedy.dair.chody.cthhy.m,tos aiirchar chedy olaiin qotedy sheedyqokaldy qokedy dair chody cthhy m
IT2a-n,f46v,"f46v.7,+P0",dchedy.cheeky.dam.ched.l.chedy.chedy,dchedy cheeky dam ched l chedy chedy
IT2a-n,f46v,"f46v.8,=Pt",okeedchsy.qokeedy.chetedar.or.aicky,okeedchsy qokeedy chetedar or aicky
IT2a-n,f46v,"f46v.9,+P1",yteedy.shedy.checkhdy.chtedy.daim,yteedy shedy checkhdy chtedy daim
IT2a-n,f46v,"f46v.10,+P1",sheol.or.chey.okaiin.daim.oty.om,sheol or chey okaiin daim oty om
IT2a-n,f46v,"f46v.11,+P1",tolshey.otedy.chocpheod.oty.dam,tolshey otedy chocpheod oty dam
IT2a-n,f46v,"f46v.12,+P1",dair.aly.chdam.chcthy.chdam,dair aly chdam chcthy chdam
IT2a-n,f46v,"f46v.13,+P1",ykar.chedy<$>,ykar chedy
IT2a-n,f47r,"f47r.1,@P0",<%>pchair.oly.sheaiin.shol.daiin.chdy,pchair oly sheaiin shol daiin chdy
IT2a-n,f47r,"f47r.2,+P0",chokchol.chol.choldy.dair.chad.aiin,chokchol chol choldy dair chad aiin
IT2a-n,f47r,"f47r.3,+P0",dor.chol.chy.chaiin.ckhey.chol.dain.okaiin,dor chol chy chaiin ckhey chol dain okaiin
IT2a-n,f47r,"f47r.4,+P0",qokcheo.cthey.chokain.chol.daiin.kchdal,qokcheo cthey chokain chol daiin kchdal
IT2a-n,f47r,"f47r.5,+P0",dain.ol.shey.chokolg<$>,dain ol shey chokolg
IT2a-n,f47r,"f47r.6,+P0",<%>folr.chey.so.chol.shol.aiin.shol.shol.chdy.cholol,folr chey so chol shol aiin shol shol chdy cholol
IT2a-n,f47r,"f47r.7,+P0",schesy.kchor.cthaiin.chol.chol.chol.chor.ckhhy,schesy kchor cthaiin chol chol chol chor ckhhy
IT2a-n,f47r,"f47r.8,+P0",shokeey.chy.tchod.choy.sho.chtchyf.char.ctham,shokeey chy tchod choy sho chtchyf char ctham
IT2a-n,f47r,"f47r.9,+P0",qoko.kor.chaiin.okal.chol.daiin.okcho.kchor.sy,qoko kor chaiin okal chol daiin okcho kchor sy
IT2a-n,f47r,"f47r.10,+P0",shy.otcho.keey.tor.chey.otchy.tchol.dain.dam,shy otcho keey tor chey otchy tchol dain dam
IT2a-n,f47r,"f47r.11,+P0",dsho.cphy.daiin.daiin.y<$>,dsho cphy daiin daiin y
IT2a-n,f47v,"f47v.1,@P0",<%>psheot.cheor.cholsho.chopchy.sal<->sary,psheot cheor cholsho chopchy salsary
IT2a-n,f47v,"f47v.2,+P0",dsheey.shy.cphy.otchey.daiidy.chory<->daiiy,dsheey shy cphy otchey daiidy chorydaiiy
IT2a-n,f47v,"f47v.3,+P0",shol.char.oteol.dor.otchol.chkchy<->daiin,shol char oteol dor otchol chkchydaiin
IT2a-n,f47v,"f47v.4,+P0",qotol.sheey.kol.sho.keechy.qoty<->cthy,qotol sheey kol sho keechy qotycthy
IT2a-n,f47v,"f47v.5,+P0",dsholy.shees.chor.ody.shy.sy<->sary,dsholy shees chor ody shy sysary
IT2a-n,f47v,"f47v.6,+P0",chody.cheor.saiin<->dochod<->chol<$>,chody cheor saiindochodchol
IT2a-n,f47v,"f47v.7,+P0",<%>pchodaiin.dair.dcthy,pchodaiin dair dcthy
IT2a-n,f47v,"f47v.8,+P0",daiin.cheotar.chodaly.sal,daiin cheotar chodaly sal
IT2a-n,f47v,"f47v.9,+P0",qotcheea.chety.chol.chol.dain,qotcheea chety chol chol dain
IT2a-n,f47v,"f47v.10,+P0",chotcho.ltchey.o.tcho.tchy.dy<->chol.chody.dar,chotcho ltchey o tcho tchy dychol chody dar
IT2a-n,f47v,"f47v.11,+P0",oteey.cho.chdy.chy.key.chyky<->dchy.daiin.chy,oteey cho chdy chy key chykydchy daiin chy
IT2a-n,f47v,"f47v.12,+P0",cho.cho.keesy.chy.chy.cheky<->chochy.daiin,cho cho keesy chy chy chekychochy daiin
IT2a-n,f47v,"f47v.13,+P0",dshy.daiin.chdlcty.chaiin<->dcheey.otald,dshy daiin chdlcty chaiindcheey otald
IT2a-n,f47v,"f47v.14,+P0",chol.ctchey<$>,chol ctchey
IT2a-n,f48r,"f48r.1,@P0",<%>pshdaiin.ypchdy.opchey.ckhy.dal.sheodaiin.sheokeol.ykeeody.olaiin.opaldy,pshdaiin ypchdy opchey ckhy dal sheodaiin sheokeol ykeeody olaiin opaldy
IT2a-n,f48r,"f48r.2,+P0",daiin.yteeol.choody.kechodshey.qotedy.chtaiin.otchdy.tedain.okain.ckhy,daiin yteeol choody kechodshey qotedy chtaiin otchdy tedain okain ckhy
IT2a-n,f48r,"f48r.3,+P0",sheody.she.teoteey.oteodaiin.ody.qoteo.l.kedy.dol.odal.qotar.opchety.ldy,sheody she teoteey oteodaiin ody qoteo l kedy dol odal qotar opchety ldy
IT2a-n,f48r,"f48r.4,+P0",tolkeol.dain.otaiin.ykeedy.chet.ytedy.tedy.qokdy.tshdy.chetedy.ctheety.r,tolkeol dain otaiin ykeedy chet ytedy tedy qokdy tshdy chetedy ctheety r
IT2a-n,f48r,"f48r.5,+P0",ytchy.teol.okeody.cheockhy.olsheey.qoekaiin.octhey.chol.kar.aiin.cthar.od,ytchy teol okeody cheockhy olsheey qoekaiin octhey chol kar aiin cthar od
IT2a-n,f48r,"f48r.6,+P0",alshey.lkeedy.ytchedy.qokedy.lotal.qotol.otal.ched.okey.ykeey.dalmy,alshey lkeedy ytchedy qokedy lotal qotol otal ched okey ykeey dalmy
IT2a-n,f48r,"f48r.7,+P0",tocthy.qokeol.yteedy.lolkeol.otolches.al.or.ykeeodam.okedy.okam,tocthy qokeol yteedy lolkeol otolches al or ykeeodam okedy okam
IT2a-n,f48r,"f48r.8,+Pr",otchdain.shol.oteol.oteoly.ykeey.dam.dr,otchdain shol oteol oteoly ykeey dam dr
IT2a-n,f48r,"f48r.9,+Pc",yteched.ar.alkey.okeoam<$>,yteched ar alkey okeoam
IT2a-n,f48v,"f48v.1,@P0",<%>pcheodchy.dshedy.fchedy.los.aiin.ykeeedy.shey.ypchedy.tchdy.chdy.ypair.y.chedyty,pcheodchy dshedy fchedy los aiin ykeeedy shey ypchedy tchdy chdy ypair y chedyty
IT2a-n,f48v,"f48v.2,+P0",chey.tedy.otchody.ytchdy.otar.yotedy.cthdy<->okain.chety.choolkeey,chey tedy otchody ytchdy otar yotedy cthdyokain chety choolkeey
IT2a-n,f48v,"f48v.3,+P0",alchey.kor.y.keody.olkchey.chody.chedy.daly<->okeeor.aiin.otar.air.am,alchey kor y keody olkchey chody chedy dalyokeeor aiin otar air am
IT2a-n,f48v,"f48v.4,+P0",dchedy.tchddy.otsh.okeey.ty.otar.alchdy<->yteedy.oteed.y.tedy.m,dchedy tchddy otsh okeey ty otar alchdyyteedy oteed y tedy m
IT2a-n,f48v,"f48v.5,+P0",lkeey.qocthedy.taiin.shed.qokar.otedy.dy<->dain.tolkain.otam,lkeey qocthedy taiin shed qokar otedy dydain tolkain otam
IT2a-n,f48v,"f48v.6,+P0",shdy.qokain.okar.otar.or.otees.ol.or.ain<->otal.ok.ytar.chedy.am<$>,shdy qokain okar otar or otees ol or ainotal ok ytar chedy am
IT2a-n,f48v,"f48v.7,+P0",<%>pchedar.chey<->ypchedy.otedy.shefeeedy.al<->shedy.otedy.fcheodal.cphheg,pchedar cheyypchedy otedy shefeeedy alshedy otedy fcheodal cphheg
IT2a-n,f48v,"f48v.8,+P0",oteody.chkey<->okedy.chckhedy.ykedy.oldy<->otoly.chey.kaly.tokar.otam,oteody chkeyokedy chckhedy ykedy oldyotoly chey kaly tokar otam
IT2a-n,f48v,"f48v.9,+P0",tor.shody.okal<->otchedy.cheky.oly.loldy.lol<->otchdy.otoldy.ytam.otedy,tor shody okalotchedy cheky oly loldy lolotchdy otoldy ytam otedy
IT2a-n,f48v,"f48v.10,+P0",tol.chedy.ytedy<->ykeol.chdy.chdor.chtol.chdy<->ytchedal.cthey.okar.ar.ary,tol chedy ytedyykeol chdy chdor chtol chdyytchedal cthey okar ar ary
IT2a-n,f48v,"f48v.11,+P0",y.keedal.chckhy<->ykal.ytam.or.cheedls.dary<$>,y keedal chckhyykal ytam or cheedls dary
IT2a-n,f49r,"f49r.1,@P0",<%>poshol.dy.shor.shol.shtchy.shorpchor.opchor.shorkchy,poshol dy shor shol shtchy shorpchor opchor shorkchy
IT2a-n,f49r,"f49r.2,+P0",qotor.sho.chotchy.choshy.qopchor.qo.dor.daiin,qotor sho chotchy choshy qopchor qo dor daiin
IT2a-n,f49r,"f49r.3,+P0",dsho<->dchor.dchor.daiin.dor.cheo.raiin<$>,dshodchor dchor daiin dor cheo raiin
IT2a-n,f49r,"f49r.4,+P0",<%>ksho.qodain.chotshy.dodar,ksho qodain chotshy dodar
IT2a-n,f49r,"f49r.5,+P0",chor.sheor.chey.teey.qotan,chor sheor chey teey qotan
IT2a-n,f49r,"f49r.6,+P0",olor.shshes.sheoty.chol.daiin,olor shshes sheoty chol daiin
IT2a-n,f49r,"f49r.7,+P0",qokeor.cheey.qokchy.qotody,qokeor cheey qokchy qotody
IT2a-n,f49r,"f49r.8,+P0",chot.chor.chy.cheet.qolsor,chot chor chy cheet qolsor
IT2a-n,f49r,"f49r.9,+P0",o.y.keeey.chey.kshey.choroiin,o y keeey chey kshey choroiin
IT2a-n,f49r,"f49r.10,+P0",sho.r.choiin.shor.shor.shy,sho r choiin shor shor shy
IT2a-n,f49r,"f49r.11,+P0",chotcheol.dchol<$>,chotcheol dchol
IT2a-n,f49r,"f49r.12,+P0",<%>podaiin.cheo.kcho.daiin.chcthy,podaiin cheo kcho daiin chcthy
IT2a-n,f49r,"f49r.13,+P0",sod.chol.y.tcheol.daiin.cthodd,sod chol y tcheol daiin cthodd
IT2a-n,f49r,"f49r.14,+P0",qo.shoqoky.shor.sheor.otol.daiin,qo shoqoky shor sheor otol daiin
IT2a-n,f49r,"f49r.15,+P0",ochol.chol.chody.dchodaiin.daiin,ochol chol chody dchodaiin daiin
IT2a-n,f49r,"f49r.16,+P0",qocho.cheey.dchey.qotchody,qocho cheey dchey qotchody
IT2a-n,f49r,"f49r.17,+P0",olol.olchey.chey.kchy.qotchol.chosory,olol olchey chey kchy qotchol chosory
IT2a-n,f49r,"f49r.18,+P0",sheor.cheol.od.cho.dcheeey.qotchotchy,sheor cheol od cho dcheeey qotchotchy
IT2a-n,f49r,"f49r.19,+P0",dcheo.r.cheey.keolchey.chokchol.chokan,dcheo r cheey keolchey chokchol chokan
IT2a-n,f49r,"f49r.20,+P0",qotcho.chodr.cho.choshy.chs.oriin,qotcho chodr cho choshy chs oriin
IT2a-n,f49r,"f49r.21,+P0",odchy.chor.ety.shol<$>,odchy chor ety shol
IT2a-n,f49v,"f49v.1,@L0",f,f
IT2a-n,f49v,"f49v.2,=P0",<%>kshor.shol.cphokchol.chcfhhy,kshor shol cphokchol chcfhhy
IT2a-n,f49v,"f49v.3,*L0",o,o
IT2a-n,f49v,"f49v.4,=P0",qokchy.qokchod.sho.cthy,qokchy qokchod sho cthy
IT2a-n,f49v,"f49v.5,*L0",r,r
IT2a-n,f49v,"f49v.6,=P0",chotchy.chcthy.cthy.koddy,chotchy chcthy cthy koddy
IT2a-n,f49v,"f49v.7,*L0",y,y
IT2a-n,f49v,"f49v.8,=P0",okeod.sho.chotshol.dam,okeod sho chotshol dam
IT2a-n,f49v,"f49v.9,*L0",e,e
IT2a-n,f49v,"f49v.10,=P0",shol.shodaiin.qotchar,shol shodaiin qotchar
IT2a-n,f49v,"f49v.12,=P0",qotchy.chokchy.choky,qotchy chokchy choky
IT2a-n,f49v,"f49v.13,*L0",k,k
IT2a-n,f49v,"f49v.14,=P0",chotchy.chodaiin.dan,chotchy chodaiin dan
IT2a-n,f49v,"f49v.15,*L0",s,s
IT2a-n,f49v,"f49v.16,=P0",qoteees.cheo.daiin.dol,qoteees cheo daiin dol
IT2a-n,f49v,"f49v.17,*L0",p,p
IT2a-n,f49v,"f49v.18,=P0",ochor.sheeod.ksheodl,ochor sheeod ksheodl
IT2a-n,f49v,"f49v.19,*L0",o,o
IT2a-n,f49v,"f49v.20,=P0",qo.kshodaiin.shckhy.dar,qo kshodaiin shckhy dar
IT2a-n,f49v,"f49v.22,=P0",dchol.cthol.daiin.choky,dchol cthol daiin choky
IT2a-n,f49v,"f49v.23,*L0",y,y
IT2a-n,f49v,"f49v.24,=P0",ochokeey.ckhey.daiin.dain.chokam,ochokeey ckhey daiin dain chokam
IT2a-n,f49v,"f49v.25,*L0",e,e
IT2a-n,f49v,"f49v.26,=P0",qokeol.chokeeody.otol.kchos.chol.daiin<$>,qokeol chokeeody otol kchos chol daiin
IT2a-n,f49v,"f49v.28,=P0",<%>fchochor.shol.tchol.opcheodal.dchsy<->chotchy,fchochor shol tchol opcheodal dchsychotchy
IT2a-n,f49v,"f49v.30,=P0",dcho.d.chol.chokchodaiin.chokchy.tchol<->okchokol,dcho d chol chokchodaiin chokchy tcholokchokol
IT2a-n,f49v,"f49v.31,*L0",p,p
IT2a-n,f49v,"f49v.32,=P0",tchotchey.chokeeodol.rcheey.otchodar<->dcho.dchog,tchotchey chokeeodol rcheey otchodardcho dchog
IT2a-n,f49v,"f49v.33,*L0",o,o
IT2a-n,f49v,"f49v.34,=P0",shocho.oaiin.sheo.choty<$>,shocho oaiin sheo choty
IT2a-n,f49v,"f49v.36,=P0",<%>qotcho.cheol.chol.s.cho.chcthey.dcheol<->chotchody,qotcho cheol chol s cho chcthey dcheolchotchody
IT2a-n,f49v,"f49v.37,*L0",y,y
IT2a-n,f49v,"f49v.38,=P0",chokeo.sho.cheor.cheokchet.chor.d.aiin.dy<->daiin.qokg,chokeo sho cheor cheokchet chor d aiin dydaiin qokg
IT2a-n,f49v,"f49v.39,*L0",e,e
IT2a-n,f49v,"f49v.40,=P0",oaiin.chy.daiin.chol.chaiin.kshardy<->chokchy,oaiin chy daiin chol chaiin kshardychokchy
IT2a-n,f49v,"f49v.42,=P0",qokeaiin.cheo.chor.choteey.kcheol.dain<->cho.dairin,qokeaiin cheo chor choteey kcheol daincho dairin
IT2a-n,f49v,"f49v.43,*L0",d,d
IT2a-n,f49v,"f49v.44,=P0",chokaiin.cho.dls.chariin.daiin.chain.dy<->chetcho.dy,chokaiin cho dls chariin daiin chain dychetcho dy
IT2a-n,f49v,"f49v.45,*L0",y,y
IT2a-n,f49v,"f49v.46,=P0",oaiin.cheky.r.cho.rchseesy.kchor.sol<->chctho.s,oaiin cheky r cho rchseesy kchor solchctho s
IT2a-n,f49v,"f49v.47,*L0",s,s
IT2a-n,f49v,"f49v.48,=P0",qotcheol.chey.chor.chokaly.chor.dal<->chaiind,qotcheol chey chor chokaly chor dalchaiind
IT2a-n,f49v,"f49v.49,*L0",k,k
IT2a-n,f49v,"f49v.50,=P0",chol.chor.ches.chkalchy.chokeeoky<->chokoran,chol chor ches chkalchy chokeeokychokoran
IT2a-n,f49v,"f49v.51,*L0",y,y
IT2a-n,f49v,"f49v.52,=P0",ykchokeo.r.cheey.daiin<$>,ykchokeo r cheey daiin
IT2a-n,f50r,"f50r.1,@P0",<%>psheor.olkais.olfchedy.qopeeedar.opchey.dair.olaiin.chefchdy,psheor olkais olfchedy qopeeedar opchey dair olaiin chefchdy
IT2a-n,f50r,"f50r.2,+P0",sor.orsheckhy.ockhody.shos.alol.dy.kar.oky.daiiin.okar.ar.okam,sor orsheckhy ockhody shos alol dy kar oky daiiin okar ar okam
IT2a-n,f50r,"f50r.3,+P0",tshol.kar.sheedy.okeody.qokedy.chody.kchdy.pchdy.chkaiin.odam,tshol kar sheedy okeody qokedy chody kchdy pchdy chkaiin odam
IT2a-n,f50r,"f50r.4,+P0",tchdy.qokar.chedy.qokchdy.qokaiin.or.ar.alol.keodaiin.olr,tchdy qokar chedy qokchdy qokaiin or ar alol keodaiin olr
IT2a-n,f50r,"f50r.5,+P0",solkchy.chckhy.qokchdy.qokchdy.okar.ar.y.qokchdy.kar.ar.okain,solkchy chckhy qokchdy qokchdy okar ar y qokchdy kar ar okain
IT2a-n,f50r,"f50r.6,+P0",ykain.ssear.olkchedy.okal.qotor.cheeor.olkady.daiin.qoky,ykain ssear olkchedy okal qotor cheeor olkady daiin qoky
IT2a-n,f50r,"f50r.7,+P0",todalain.qotal.kaiin.otaiin.otal.she.kar.ariin.okchedy.dariin,todalain qotal kaiin otaiin otal she kar ariin okchedy dariin
IT2a-n,f50r,"f50r.8,+P0",ykykaiin.sheekar.otchdy.dar.kar.shelain.taipar.orolkain,ykykaiin sheekar otchdy dar kar shelain taipar orolkain
IT2a-n,f50r,"f50r.9,+P0",ytchdy.kchedy<->ykeey.kaiin.qokain.aldalosam,ytchdy kchedyykeey kaiin qokain aldalosam
IT2a-n,f50r,"f50r.10,+P0",solkaiin<->opalke.chckhy.dario.chky<$>,solkaiinopalke chckhy dario chky
IT2a-n,f50v,"f50v.1,@P0",<%>tchy.do.ldar.shotchdy.qokchdy.opchedy.qokol.shor.ofar.fardam,tchy do ldar shotchdy qokchdy opchedy qokol shor ofar fardam
IT2a-n,f50v,"f50v.2,+P0",tchodain.oeeey.okaiin.shedy.qokaly.chdy.oty.keody.cheey.okain,tchodain oeeey okaiin shedy qokaly chdy oty keody cheey okain
IT2a-n,f50v,"f50v.3,+P0",pochedy.qokody.checkhy.shckhy.dalol.ykeeey.qokedy.okain.okal,pochedy qokody checkhy shckhy dalol ykeeey qokedy okain okal
IT2a-n,f50v,"f50v.4,+P0",dar.qoain.olaiin.olraiin.ol.okeedy.okchdy.otar.chckhey.or,dar qoain olaiin olraiin ol okeedy okchdy otar chckhey or
IT2a-n,f50v,"f50v.5,+P0",y.chy.tair.chckhy.qekaiin.qodaiin.olcheky.chedy.chkedy.okedyd,y chy tair chckhy qekaiin qodaiin olcheky chedy chkedy okedyd
IT2a-n,f50v,"f50v.6,+P0",daiin.kedair.okal.chody.qokedy.okar.okchey.okedy.otar.chkeey,daiin kedair okal chody qokedy okar okchey okedy otar chkeey
IT2a-n,f50v,"f50v.7,+P0",tedaiin.odaiin.or.okaiin.ykor.daiin.choky.qotchdy.key.daisam,tedaiin odaiin or okaiin ykor daiin choky qotchdy key daisam
IT2a-n,f50v,"f50v.8,+P0",ykar.okair.otor.qokedy.ykchol.kar.chckhy.olkaiin.okain.qod,ykar okair otor qokedy ykchol kar chckhy olkaiin okain qod
IT2a-n,f50v,"f50v.9,+P0",ytsheod.ain.sheshy.echedy.kchdy<->otaiin.otaiin.oky,ytsheod ain sheshy echedy kchdyotaiin otaiin oky
IT2a-n,f50v,"f50v.10,+P0",dchedy.okaiin.olchdy.oloeedy<->ykeeod.ar.arod,dchedy okaiin olchdy oloeedyykeeod ar arod
IT2a-n,f50v,"f50v.11,+P0",lchey.kar.ykchy.kchdy<$>,lchey kar ykchy kchdy
IT2a-n,f51r,"f51r.1,@P0",<%>tcholdchy.qotchy.opchear.ypchedy,tcholdchy qotchy opchear ypchedy
IT2a-n,f51r,"f51r.2,+P0",dcheodaiin.ckheody.ckhody.chody,dcheodaiin ckheody ckhody chody
IT2a-n,f51r,"f51r.3,+P0",y.dchody.ckhey.oty.ckheodar.qoky,y dchody ckhey oty ckheodar qoky
IT2a-n,f51r,"f51r.4,+P0",daiin.cthes.okol.cheody.ckhy.cheeey,daiin cthes okol cheody ckhy cheeey
IT2a-n,f51r,"f51r.5,+P0",tcheody.qodaiin.ckhey.qockhey.taiin,tcheody qodaiin ckhey qockhey taiin
IT2a-n,f51r,"f51r.6,+P0",ychodaiin.chokaiin.ykcho.daiin.ykald,ychodaiin chokaiin ykcho daiin ykald
IT2a-n,f51r,"f51r.7,+P0",ychosar.chckhy.kcho.qokchy.qotal,ychosar chckhy kcho qokchy qotal
IT2a-n,f51r,"f51r.8,+P0",oshol.odaiin.ckhey.ckheody.qokey.otydy,oshol odaiin ckhey ckheody qokey otydy
IT2a-n,f51r,"f51r.9,+P0",tol.daiin.daim.qchodal.dal.qody.qoetam,tol daiin daim qchodal dal qody qoetam
IT2a-n,f51r,"f51r.10,+P0",ykchol.dor.shey.qokeol.kchey.shol.okam,ykchol dor shey qokeol kchey shol okam
IT2a-n,f51r,"f51r.11,+P0",tchodaiin.cpheody.qokol.oteodaiin.kolotam,tchodaiin cpheody qokol oteodaiin kolotam
IT2a-n,f51r,"f51r.12,+P0",yoees.ckheey.kol.cheeal.okeor.qockhey.pchodal,yoees ckheey kol cheeal okeor qockhey pchodal
IT2a-n,f51r,"f51r.13,+P0",oaiin.ckhol.yk?eol.otchey.cpheodaiin.ykeoldy,oaiin ckhol otchey cpheodaiin ykeoldy
IT2a-n,f51r,"f51r.14,+P0",daiiithy.qodaiin.kaiiidal<->cphodal<->r.al<->dam,daiiithy qodaiin kaiiidalcphodalr aldam
IT2a-n,f51r,"f51r.15,+P0",qokol.cheor.ckhal.s.or.aldy<->otal<$>,qokol cheor ckhal s or aldyotal
IT2a-n,f51v,"f51v.1,@P0",<%>poshody.qokodar.seodaiin.qotal<->dscheey.saiindy,poshody qokodar seodaiin qotaldscheey saiindy
IT2a-n,f51v,"f51v.2,+P0",dshody.ckhody.qokol.dykaiin.chy<->qokey.daiin.cthy,dshody ckhody qokol dykaiin chyqokey daiin cthy
IT2a-n,f51v,"f51v.3,+P0",tchody.cthy.chckhey.qod.ytchody<->dchol.saiin.ytam,tchody cthy chckhey qod ytchodydchol saiin ytam
IT2a-n,f51v,"f51v.4,+P0",otaiin.qodal.ytal.cheodar.sody<->oteo.daiin.shokog,otaiin qodal ytal cheodar sodyoteo daiin shokog
IT2a-n,f51v,"f51v.5,+P0",todaiin.ytody.qokol.shodol.qockhy<->ykol.otaiin.dar.y,todaiin ytody qokol shodol qockhyykol otaiin dar y
IT2a-n,f51v,"f51v.6,+P0",okor.ctheody.qocphy.qokol.qotaiin<->otykol.chol.daiin,okor ctheody qocphy qokol qotaiinotykol chol daiin
IT2a-n,f51v,"f51v.7,+P0",qotol.chodaiin.qokcheody.cho.r.chod<->ycthol.s.olcheety,qotol chodaiin qokcheody cho r chodycthol s olcheety
IT2a-n,f51v,"f51v.8,+P0",olkeeody.qokal.qodaiin.ykhor.yfal,olkeeody qokal qodaiin ykhor yfal
IT2a-n,f51v,"f51v.9,+P0",daiin.ckhol.shain.tcholol,daiin ckhol shain tcholol
IT2a-n,f51v,"f51v.10,+P0",ykeol.sheo.qokody.fold,ykeol sheo qokody fold
IT2a-n,f51v,"f51v.11,+P0",ycheoky.sheey.ykeey.chey,ycheoky sheey ykeey chey
IT2a-n,f51v,"f51v.12,+P0",ochockhy.daiin.chockhey,ochockhy daiin chockhey
IT2a-n,f51v,"f51v.13,+P0",daiin.cheol.cheodain<$>,daiin cheol cheodain
IT2a-n,f52r,"f52r.1,@P0",<%>tdokchcfhy.ycphko.ytair.shar.qofydaiin.ypchy.otchol.das.yty,tdokchcfhy ycphko ytair shar qofydaiin ypchy otchol das yty
IT2a-n,f52r,"f52r.2,+P0",oty.shor.ytoldy.qoky.koldal.oteees.dal.s<->otar.dl,oty shor ytoldy qoky koldal oteees dal sotar dl
IT2a-n,f52r,"f52r.3,+P0",tchotshey.qoty.okchol.tchody.qotam.oky<->ytoldy,tchotshey qoty okchol tchody qotam okyytoldy
IT2a-n,f52r,"f52r.4,+P0",l.shopchy.qoky.qotchy.oty.dar.oty.dam<->ychcthod,l shopchy qoky qotchy oty dar oty damychcthod
IT2a-n,f52r,"f52r.5,+P0",oky.chor.okchal.okchar.shor.tol.ykair<->ytchdam,oky chor okchal okchar shor tol ykairytchdam
IT2a-n,f52r,"f52r.6,+P0",daiin.shedaiin.qodal.dy.chokam.otchordy<->okchol.do,daiin shedaiin qodal dy chokam otchordyokchol do
IT2a-n,f52r,"f52r.7,+P0",qokshy.qockhom.dals.shodaim.tchom.dody<->ykeey.daim.am,qokshy qockhom dals shodaim tchom dodyykeey daim am
IT2a-n,f52r,"f52r.8,+P0",orcheey.dor.shey.kom.s.cheey.dchom.daiin<$>,orcheey dor shey kom s cheey dchom daiin
IT2a-n,f52v,"f52v.1,@P0",<%>pchor.chcphol.cphaiin.otcheor.ytor.kol.chocphor,pchor chcphol cphaiin otcheor ytor kol chocphor
IT2a-n,f52v,"f52v.2,+P0",ytchey.chol.cthodaiis.shy.kor.esechor.chy.dam,ytchey chol cthodaiis shy kor esechor chy dam
IT2a-n,f52v,"f52v.3,+P0",oor.chor.chochar.ls.chteeor.ytol.sheol.otam,oor chor chochar ls chteeor ytol sheol otam
IT2a-n,f52v,"f52v.4,+P0",tchor.ctheor.ctheol.cheeor.cheol.chckheey.sody,tchor ctheor ctheol cheeor cheol chckheey sody
IT2a-n,f52v,"f52v.5,+P0",yteey.cthor.cheor.cpheodor.dy<->sarg,yteey cthor cheor cpheodor dysarg
IT2a-n,f52v,"f52v.6,+P0",qotodaiin.cthor.oty.kcholy<$>,qotodaiin cthor oty kcholy
IT2a-n,f52v,"f52v.7,+P0",<%>pcheol.sholoiin.cthor.aiin,pcheol sholoiin cthor aiin
IT2a-n,f52v,"f52v.8,+P0",kodaiin.cthy.qokeey.s.ol,kodaiin cthy qokeey s ol
IT2a-n,f52v,"f52v.9,+P0",daiin.ckheol.chol.qokeyl.daiin,daiin ckheol chol qokeyl daiin
IT2a-n,f52v,"f52v.10,+P0",yokeey.qokody.chol.sols.aiin,yokeey qokody chol sols aiin
IT2a-n,f52v,"f52v.11,+P0",daiin.shor.qodaiin.ckhey.sal,daiin shor qodaiin ckhey sal
IT2a-n,f52v,"f52v.12,+P0",qoekar.ckhol.ykchody.ckhy,qoekar ckhol ykchody ckhy
IT2a-n,f52v,"f52v.13,+P0",ykor.okaiin.ckheeey.daiim,ykor okaiin ckheeey daiim
IT2a-n,f52v,"f52v.14,+P0",odar.cheokor.ckheey<$>,odar cheokor ckheey
IT2a-n,f53r,"f53r.1,@P0",<%>kodam.chocthody.oty,kodam chocthody oty
IT2a-n,f53r,"f53r.2,+P0",dol.dain.schoshe.oty,dol dain schoshe oty
IT2a-n,f53r,"f53r.3,+P0",shoar.chokan.ody,shoar chokan ody
IT2a-n,f53r,"f53r.4,+P0",ytchodaiin.yky.otchey.okod,ytchodaiin yky otchey okod
IT2a-n,f53r,"f53r.5,+P0",okes.otol.cfhy.cphodol.ykody.qokchod<->otcho.qot.oty,okes otol cfhy cphodol ykody qokchodotcho qot oty
IT2a-n,f53r,"f53r.6,+P0",ykeodar.oqoor.ockh.odor.chain.qokod<->ykchdy.chees.dal,ykeodar oqoor ockh odor chain qokodykchdy chees dal
IT2a-n,f53r,"f53r.7,+P0",sodar.otos.qoy.tchy.otey.chos.okod<->ykchody.qokchy,sodar otos qoy tchy otey chos okodykchody qokchy
IT2a-n,f53r,"f53r.8,+P0",qotchol.dar.qoty.chtor.oltsho.cto<->ykeeod.oytoyd,qotchol dar qoty chtor oltsho ctoykeeod oytoyd
IT2a-n,f53r,"f53r.9,+P0",otol.chol.ctheees.os.orol.chod.qoty<$>,otol chol ctheees os orol chod qoty
IT2a-n,f53v,"f53v.1,@P0",<%>tshor.shey.qodckhy.cpho.oltshey.daiin.qopchy,tshor shey qodckhy cpho oltshey daiin qopchy
IT2a-n,f53v,"f53v.2,+P0",okeey.daiin.sheekol.shom.shol.cthy.dcham.do,okeey daiin sheekol shom shol cthy dcham do
IT2a-n,f53v,"f53v.3,+P0",ydaiin.cphom.chol.dockhy.cthol.dam.oty,ydaiin cphom chol dockhy cthol dam oty
IT2a-n,f53v,"f53v.4,+P0",qokol.daiin.qockhor.okchor.daiin.daiin.d,qokol daiin qockhor okchor daiin daiin d
IT2a-n,f53v,"f53v.5,+P0",ysheey.ckhol.chckhey.daiin.ctheody.ydy,ysheey ckhol chckhey daiin ctheody ydy
IT2a-n,f53v,"f53v.6,+P0",ochoiky.dshey.chol.ykcheody.chol.dam,ochoiky dshey chol ykcheody chol dam
IT2a-n,f53v,"f53v.7,+P0",todaiin.shodaiin.qotea.dchy.qotod.odaiin,todaiin shodaiin qotea dchy qotod odaiin
IT2a-n,f53v,"f53v.8,+P0",sheey.kshody.tsheody.sheody.sheetchy.opod,sheey kshody tsheody sheody sheetchy opod
IT2a-n,f53v,"f53v.9,+P0",oc.theody.shody.qodal.cthody.sheor.shodaiin,oc theody shody qodal cthody sheor shodaiin
IT2a-n,f53v,"f53v.10,+P0",ychocthy.qodal.shodaiin,ychocthy qodal shodaiin
IT2a-n,f53v,"f53v.11,+P0",otsho.or.chear.sheos.chkodal,otsho or chear sheos chkodal
IT2a-n,f53v,"f53v.12,+P0",ycheey.kchy.oky.kody<->odam,ycheey kchy oky kodyodam
IT2a-n,f53v,"f53v.13,+P0",ycthodaiin.otoldy<$>,ycthodaiin otoldy
IT2a-n,f54r,"f54r.1,@P0",<%>podaiin.shodal.qopchol.cfheody<->opcheol.chocphy,podaiin shodal qopchol cfheodyopcheol chocphy
IT2a-n,f54r,"f54r.2,+P0",ytodaiin.otchey.otchey.qockho.dal<->sockhody.sar,ytodaiin otchey otchey qockho dalsockhody sar
IT2a-n,f54r,"f54r.3,+P0",daiir.cthody.otol.ekchody.ol.s.or.y<->ytchey.dam,daiir cthody otol ekchody ol s or yytchey dam
IT2a-n,f54r,"f54r.4,+P0",tor.ockhol.shokchy.kol.chom.s<->chey<->ctheotol,tor ockhol shokchy kol chom scheyctheotol
IT2a-n,f54r,"f54r.5,+P0",sar.sh.okeodaiin.chokey<$>,sar sh okeodaiin chokey
IT2a-n,f54r,"f54r.6,+P0",<%>korare.ckhos.shofom.cher.cham.kcheor<->shs.qckheol.dom,korare ckhos shofom cher cham kcheorshs qckheol dom
IT2a-n,f54r,"f54r.7,+P0",dor.s.sheey.ksheody.sho.or.cheey.chety<->sol.dsh.dam.dam,dor s sheey ksheody sho or cheey chetysol dsh dam dam
IT2a-n,f54r,"f54r.8,+P0",toshey.kodl.ckho.dar.sheekal.s.aiin<->okeom.etchal,toshey kodl ckho dar sheekal s aiinokeom etchal
IT2a-n,f54r,"f54r.9,+P0",o.aiin.or.ol.sal.qokor.chor.ckhol.s<->s.sho.chol.daiin,o aiin or ol sal qokor chor ckhol ss sho chol daiin
IT2a-n,f54r,"f54r.10,+P0",tor.ol.dol.or.chol.chol.ckhol.okol.oky<->ytchor.ol.koldy,tor ol dol or chol chol ckhol okol okyytchor ol koldy
IT2a-n,f54r,"f54r.11,+P0",daiin.okor.or.ol.ckhol.chor.chom.dam<->or.sho.chol.dam,daiin okor or ol ckhol chor chom damor sho chol dam
IT2a-n,f54r,"f54r.12,+P0",yor.shodal.o.aiin.al.dol.choek.air.oldam<$>,yor shodal o aiin al dol choek air oldam
IT2a-n,f54v,"f54v.1,@P0",<%>pcheodar.chpal.oloiin.ckhey.dar.qokeey.cpheeaiin.sal,pcheodar chpal oloiin ckhey dar qokeey cpheeaiin sal
IT2a-n,f54v,"f54v.2,+P0",dcheaiin.cphain.s.ar.cheor.qodaiin.cthaildy.ypchal,dcheaiin cphain s ar cheor qodaiin cthaildy ypchal
IT2a-n,f54v,"f54v.3,+P0",yair.ykar.oky.cham.chody.ykoldam.cheol.aim,yair ykar oky cham chody ykoldam cheol aim
IT2a-n,f54v,"f54v.4,+P0",dar.chor.cheky.chol.okaiin.chody.chol.dy,dar chor cheky chol okaiin chody chol dy
IT2a-n,f54v,"f54v.5,+P0",odaiin.ytaiin.qodaim.qokar.chy.s.am,odaiin ytaiin qodaim qokar chy s am
IT2a-n,f54v,"f54v.6,+P0",tol.cheol.shocthy.qodaiin.kchody,tol cheol shocthy qodaiin kchody
IT2a-n,f54v,"f54v.7,+P0",daiin.sheody.qoctheol.s.aiin.qotchy,daiin sheody qoctheol s aiin qotchy
IT2a-n,f54v,"f54v.8,+P0",daiino.daim.qokaiin.yteal.okal.om,daiino daim qokaiin yteal okal om
IT2a-n,f54v,"f54v.9,+P0",ydaiin.qockhey.qodal.ytam.okal.dy,ydaiin qockhey qodal ytam okal dy
IT2a-n,f54v,"f54v.10,+P0",kol.ckaiin.chckhy.qokal.dal.qocthy,kol ckaiin chckhy qokal dal qocthy
IT2a-n,f54v,"f54v.11,+P0",oaiin.qockhy.qokam,oaiin qockhy qokam
IT2a-n,f54v,"f54v.12,+P0",tol.chol.cthol.s,tol chol cthol s
IT2a-n,f54v,"f54v.13,+P0",ychol.okal.yckhey,ychol okal yckhey
IT2a-n,f54v,"f54v.14,+P0",tar.cthey.tam.aldam,tar cthey tam aldam
IT2a-n,f54v,"f54v.15,+P0",or.alchy.ytal.dal.chodoldy,or alchy ytal dal chodoldy
IT2a-n,f54v,"f54v.16,+P0",daiin.chol.oldaiin<$>,daiin chol oldaiin
IT2a-n,f55r,"f55r.1,@P0",<%>podaiin.shekchy.qofair.okar.yk.chcpaiin.qokchdy.or.arod,podaiin shekchy qofair okar yk chcpaiin qokchdy or arod
IT2a-n,f55r,"f55r.2,+P0",okair.or.aiin.chody.ykair.y.qokar.okar.ol.ykar.or.al,okair or aiin chody ykair y qokar okar ol ykar or al
IT2a-n,f55r,"f55r.3,+P0",ykaiir.chol.chky.okar.chky.chdy.qokar.okaiin.chckhy.saiin,ykaiir chol chky okar chky chdy qokar okaiin chckhy saiin
IT2a-n,f55r,"f55r.4,+P0",daiin.or.orol.chas.or.kaiin.okchd.ykar.odaiin.chdolaiin,daiin or orol chas or kaiin okchd ykar odaiin chdolaiin
IT2a-n,f55r,"f55r.5,+P0",y.or.aiin.okal.chol.kchoy.pchtchdy.oekaiin.okasor.olkam,y or aiin okal chol kchoy pchtchdy oekaiin okasor olkam
IT2a-n,f55r,"f55r.6,+P0",tcho.daiin.sho.kedy.kedy.okol.chdy<$>,tcho daiin sho kedy kedy okol chdy
IT2a-n,f55r,"f55r.7,+P0",<%>tchedor.cheolkedy.chody.kshdy.qotchdy.qokchdy.olkardam,tchedor cheolkedy chody kshdy qotchdy qokchdy olkardam
IT2a-n,f55r,"f55r.8,+P0",dchykey.char.chek.xar.odar.xaloeees.cpheody.qokeeo.dy,dchykey char chek xar odar xaloeees cpheody qokeeo dy
IT2a-n,f55r,"f55r.9,+P0",dain.cheky.das.chckhy.dal.qoko.lkeedy.dar.kaiin.dy.kam,dain cheky das chckhy dal qoko lkeedy dar kaiin dy kam
IT2a-n,f55r,"f55r.10,+P0",dair.okal.qokar.or.orai.o.as.odaiin.okeey.dar.chd.ol,dair okal qokar or orai o as odaiin okeey dar chd ol
IT2a-n,f55r,"f55r.11,+P0",lchor.chey.keedy.dy.qokal.okad.dal.shdy.otal.otaldiin,lchor chey keedy dy qokal okad dal shdy otal otaldiin
IT2a-n,f55r,"f55r.12,+P0",oain.ckhy.dl.oiiin.daiin.okaiin.chelal.qokaiin.okain.r,oain ckhy dl oiiin daiin okaiin chelal qokaiin okain r
IT2a-n,f55r,"f55r.13,+P0",lchdal.ockhy.daiin.otol.otar.shar.ain<$>,lchdal ockhy daiin otol otar shar ain
IT2a-n,f55v,"f55v.1,@P0",<%>kcheedchdy.oedaiin.chckhy<->otol.daiin.dodyd,kcheedchdy oedaiin chckhyotol daiin dodyd
IT2a-n,f55v,"f55v.2,+P0",oeeed.yteey.okeedy.qoaiin<->okeody.ykeesan,oeeed yteey okeedy qoaiinokeody ykeesan
IT2a-n,f55v,"f55v.3,+P0",qokeeey.os.aiin.qool.al.chedy<->ear.aiin.ol.kar.am,qokeeey os aiin qool al chedyear aiin ol kar am
IT2a-n,f55v,"f55v.4,+P0",okar.chckhdy.cheady.keeyfar.al<->ychedy.qokaiin.ody,okar chckhdy cheady keeyfar alychedy qokaiin ody
IT2a-n,f55v,"f55v.5,+P0",qokaiin.chaiin.ykain.ykan.ody<->daiin.chedy.talam,qokaiin chaiin ykain ykan odydaiin chedy talam
IT2a-n,f55v,"f55v.6,+P0",ykaiin.daiin.ykair.cheky.daiin.y<$>,ykaiin daiin ykair cheky daiin y
IT2a-n,f55v,"f55v.7,+P0",<%>okchd.daiin.sheokey.or.air<->cs.kchdy.pchal.ar.aldy.dary,okchd daiin sheokey or aircs kchdy pchal ar aldy dary
IT2a-n,f55v,"f55v.8,+P0",tor.ch?dy.qokaiin.okar.qol<->otarcho.cthar.talody.okary,tor qokaiin okar qolotarcho cthar talody okary
IT2a-n,f55v,"f55v.9,+P0",ykaky.qokchy.okal.chey.or<->or.aiin.okaiin.ykain.otaky,ykaky qokchy okal chey oror aiin okaiin ykain otaky
IT2a-n,f55v,"f55v.10,+P0",oaiin.ol.s.aiin.okaiin.oky<->ytaiin.otar.ykal.ykar.ol,oaiin ol s aiin okaiin okyytaiin otar ykal ykar ol
IT2a-n,f55v,"f55v.11,+P0",ykaiin.cheoar.cheeky.oldy<->aiin.okal.oltchy.or.y.orain,ykaiin cheoar cheeky oldyaiin okal oltchy or y orain
IT2a-n,f55v,"f55v.12,+P0",daiin.or.cheky.olkeechy.sl<->ar.aiin.daiin.otam<$>,daiin or cheky olkeechy slar aiin daiin otam
IT2a-n,f56r,"f56r.1,@P0",<%>otchal.chchsty.oty.esedy.chy.ycho.cphy.chor.chy.chy,otchal chchsty oty esedy chy ycho cphy chor chy chy
IT2a-n,f56r,"f56r.2,+P0",chokchey.chol.choly.kor.chy.chykey.choty.sho.kaiin,chokchey chol choly kor chy chykey choty sho kaiin
IT2a-n,f56r,"f56r.3,+P0",olchey.chokchol.chey.keey.qokeey.chokeey.choksy,olchey chokchol chey keey qokeey chokeey choksy
IT2a-n,f56r,"f56r.4,+P0",qotchor.chor.chokor.chkar.chy<->okar.chdy,qotchor chor chokor chkar chyokar chdy
IT2a-n,f56r,"f56r.5,+P0",chochor.cho.chodaly.daiin,chochor cho chodaly daiin
IT2a-n,f56r,"f56r.6,+P0",ykcho.dy.dchey.keey.daiin.y,ykcho dy dchey keey daiin y
IT2a-n,f56r,"f56r.7,+P0",sho.kchol.otchor.choky.dal,sho kchol otchor choky dal
IT2a-n,f56r,"f56r.8,+P0",schol.choy.choky.cheeckhody<$>,schol choy choky cheeckhody
IT2a-n,f56r,"f56r.9,+P0",<%>tchoky.kchol.shol.chotcheytchol,tchoky kchol shol chotcheytchol
IT2a-n,f56r,"f56r.10,+P0",ytchor.otchy.chokyt.chey.r.okaiin,ytchor otchy chokyt chey r okaiin
IT2a-n,f56r,"f56r.11,+P0",shy.kcheey.daiin.cthol.chor.chokor,shy kcheey daiin cthol chor chokor
IT2a-n,f56r,"f56r.12,+P0",sh.cho.kchey.qokokchy,sh cho kchey qokokchy
IT2a-n,f56r,"f56r.13,+P0",okchy.chokcheo.kchal,okchy chokcheo kchal
IT2a-n,f56r,"f56r.14,+P0",schol.chotol.qotchy,schol chotol qotchy
IT2a-n,f56r,"f56r.15,+P0",tchotchol.chol.cthy,tchotchol chol cthy
IT2a-n,f56r,"f56r.16,+P0",qotchy.chody.cthor.chey.kchar.m,qotchy chody cthor chey kchar m
IT2a-n,f56r,"f56r.17,+P0",chokeey.qokcheey.schey.daiin.dy,chokeey qokcheey schey daiin dy
IT2a-n,f56r,"f56r.18,+P0",sho.chokchy.kchoar<->sotodan,sho chokchy kchoarsotodan
IT2a-n,f56r,"f56r.19,+P0",otchey.keol.daiin<$>,otchey keol daiin
IT2a-n,f56v,"f56v.1,@P0",<%>kcheat.shol.chey.qokoiin.shor.qotcheol.choror,kcheat shol chey qokoiin shor qotcheol choror
IT2a-n,f56v,"f56v.2,+P0",shodshey.qoteeey.qoteey.daiin.qoteey.cthar,shodshey qoteeey qoteey daiin qoteey cthar
IT2a-n,f56v,"f56v.3,+P0",ochey.chol.chol.qotchey.daiin.choteeey.dal,ochey chol chol qotchey daiin choteeey dal
IT2a-n,f56v,"f56v.4,+P0",schy.tchey.daiin.deey.tod<->dain,schy tchey daiin deey toddain
IT2a-n,f56v,"f56v.5,+P0",qoteees.sho.kcheey.saiin,qoteees sho kcheey saiin
IT2a-n,f56v,"f56v.6,+P0",chokchol.chor.ckhos<$>,chokchol chor ckhos
IT2a-n,f56v,"f56v.7,+P0",<%>kchokchy.ckchol.shol.chol.oteey.d,kchokchy ckchol shol chol oteey d
IT2a-n,f56v,"f56v.8,+P0",ykchor.chokchy.qokcho.tcheey.kol,ykchor chokchy qokcho tcheey kol
IT2a-n,f56v,"f56v.9,+P0",shotchot.chokcho.kcho.kaiin.oky,shotchot chokcho kcho kaiin oky
IT2a-n,f56v,"f56v.10,+P0",ol.kchy.ksho.shy.ytol.chotor.ydy,ol kchy ksho shy ytol chotor ydy
IT2a-n,f56v,"f56v.11,+P0",chotchey.keeol.chey.kchol.tchain,chotchey keeol chey kchol tchain
IT2a-n,f56v,"f56v.12,+P0",qokchey.ctheey.lkeey.kcheey.tain,qokchey ctheey lkeey kcheey tain
IT2a-n,f56v,"f56v.13,+P0",ykor.aiin.chorol.sho.shol.daiin,ykor aiin chorol sho shol daiin
IT2a-n,f56v,"f56v.14,+P0",chol.cheo.kchol.chol.choky.chotor,chol cheo kchol chol choky chotor
IT2a-n,f56v,"f56v.15,+P0",otchol.chol.chol.daiin.chotaiin,otchol chol chol daiin chotaiin
IT2a-n,f56v,"f56v.16,+P0",sokchol.chol.chol.daiin<$>,sokchol chol chol daiin
IT2a-n,f57r,"f57r.1,@P0",<%>poeeo.ckhey.odain.cheop.sheody.shocfhey.dy.sheep.cheody.yodam,poeeo ckhey odain cheop sheody shocfhey dy sheep cheody yodam
IT2a-n,f57r,"f57r.2,+P0",daiir.air.chety.cheo.ckhy.chockhy.cheotey.shkchey.s.odaiin.shey,daiir air chety cheo ckhy chockhy cheotey shkchey s odaiin shey
IT2a-n,f57r,"f57r.3,+P0",qykeeody.cheooky.qokeody.sheey.okeody.cheody.cheeody.cheekeody,qykeeody cheooky qokeody sheey okeody cheody cheeody cheekeody
IT2a-n,f57r,"f57r.4,+P0",dchos.cheocthy.cheody.qotchody.octhody.okeeody.chteody.cheody.s,dchos cheocthy cheody qotchody octhody okeeody chteody cheody s
IT2a-n,f57r,"f57r.5,+P0",qokcho.daiin.cheeodam<$>,qokcho daiin cheeodam
IT2a-n,f57r,"f57r.6,+P0",<%>tsheodal.okam.chckhey.okchdy.doctho.opchey.dy.kodain.oforam,tsheodal okam chckhey okchdy doctho opchey dy kodain oforam
IT2a-n,f57r,"f57r.7,+P0",daiis.sheedy.qokeedy.chctey<->otchod.shekey.tedy.okoldm,daiis sheedy qokeedy chcteyotchod shekey tedy okoldm
IT2a-n,f57r,"f57r.8,+P0",tair.sheedy.lchedy.ckhchdy<->okchy.chedy.dal.qokedam,tair sheedy lchedy ckhchdyokchy chedy dal qokedam
IT2a-n,f57r,"f57r.9,+P0",odair.sheeo.ckhy.sar.al.daiidy<->dcheckhey.daiin.chedy.cthedy,odair sheeo ckhy sar al daiidydcheckhey daiin chedy cthedy
IT2a-n,f57r,"f57r.10,+P0",qoctchey.kedy.shedaiin<->s.cheos.ykeos.qcthhy.tcfhy,qoctchey kedy shedaiins cheos ykeos qcthhy tcfhy
IT2a-n,f57r,"f57r.11,+P0",dshedy.ctechy.cphedom<$>,dshedy ctechy cphedom
IT2a-n,f57v,"f57v.1,@L0",dairol,dairol
IT2a-n,f57v,"f57v.2,@Cc",v.sa.l.y.soeos.vs.ar.okees.o.d.socfchees.lg.sos.okey.defo.fo.rkedam.sh.ofol.sar.ddal.yty.s.y.daiis.oteo.dsh.dy.dkals.ety.fchcho.a.r.ofaiin.dal.karody.ar.okchy.daram.qokar.okal.okal.d.o.l.shkeal.dydas.o.k.sher.saiin,v sa l y soeos vs ar okees o d socfchees lg sos okey defo fo rkedam sh ofol sar ddal yty s y daiis oteo dsh dy dkals ety fchcho a r ofaiin dal karody ar okchy daram qokar okal okal d o l shkeal dydas o k sher saiin
IT2a-n,f57v,"f57v.4,+Cc",daiin.otey.ofchey.shes.o.d.okchod.o.l.okeeol.dkedar.of.aros.s.y.chedaiin.k.echty.x.doedal.vo.tchor.cs.tedas.dal.?.daiin.aiin.otyl.daro.v,daiin otey ofchey shes o d okchod o l okeeol dkedar of aros s y chedaiin k echty x doedal vo tchor cs tedas dal daiin aiin otyl daro v
IT2a-n,f57v,"f57v.5,+Cc",o.v.l.r.m.aiin.d.?.c.f.s.y.l.k.x.l.r.?.ar.o.s.?.t.l.s.d.y.ar.teodar.otodar.sheky.otchody.xsl,o v l r m aiin d c f s y l k x l r ar o s t l s d y ar teodar otodar sheky otchody xsl
IT2a-n,f57v,"f57v.6,@L0",otodarod,otodarod
IT2a-n,f57v,"f57v.7,@L0",oparairdly,oparairdly
IT2a-n,f57v,"f57v.8,@L0",olkchdal,olkchdal
IT2a-n,f57v,"f57v.9,@L0",otardaly,otardaly
IT2a-n,f57v,"f57v.10,@Ro",ackaldy,ackaldy
IT2a-n,f57v,"f57v.11,@Ro",oralaror,oralaror
IT2a-n,f57v,"f57v.12,@Ro",okchoy,okchoy
IT2a-n,f57v,"f57v.13,@Ro",ocfhor.okear,ocfhor okear
IT2a-n,f58r,"f58r.1,@P0",<%>kor.cholfy.shopchy.otoralchy.chofchol.sholy.otaly.dal.m,kor cholfy shopchy otoralchy chofchol sholy otaly dal m
IT2a-n,f58r,"f58r.2,+P0",dshodal.or.ckhy.olchear.char.tal.ytal.ytar.olchokal,dshodal or ckhy olchear char tal ytal ytar olchokal
IT2a-n,f58r,"f58r.3,+P0",ykechod.dalaldam.ytam.choty.otchy.otaly.shoty.s,ykechod dalaldam ytam choty otchy otaly shoty s
IT2a-n,f58r,"f58r.4,+P0",dshor.cholar.aiin.shalom.shaly.dalchy.oteom.dal.sholalam,dshor cholar aiin shalom shaly dalchy oteom dal sholalam
IT2a-n,f58r,"f58r.5,+P0",qor.dchairam.otar.otar.char.ar.al.char.arary.ytalar.cham,qor dchairam otar otar char ar al char arary ytalar cham
IT2a-n,f58r,"f58r.6,+P0",torchey.otaiin.chary.oteory.otal.dalchor.ykeey.choltam,torchey otaiin chary oteory otal dalchor ykeey choltam
IT2a-n,f58r,"f58r.7,+P0",saiin.cholkeey.dal.shom.sholteol.ytalody.otey.cheoly.o.tchy,saiin cholkeey dal shom sholteol ytalody otey cheoly o tchy
IT2a-n,f58r,"f58r.8,+P0",toleeshal.oleeam.dalor.chy.oteodchy.yteochy.otey.kal.dy.alam,toleeshal oleeam dalor chy oteodchy yteochy otey kal dy alam
IT2a-n,f58r,"f58r.9,+P0",sholaiin.chey.yteodaiin.qoar.aiin.arary.sheey.daiin.ealam,sholaiin chey yteodaiin qoar aiin arary sheey daiin ealam
IT2a-n,f58r,"f58r.10,+P0",tal.ar.am.shar.chepchey.otar.aldy.otal.cheam.qokaiin.ote.ry,tal ar am shar chepchey otar aldy otal cheam qokaiin ote ry
IT2a-n,f58r,"f58r.11,+P0",qocphody.qokalam.chairal.qoctaiin.otalal.dalor.orar,qocphody qokalam chairal qoctaiin otalal dalor orar
IT2a-n,f58r,"f58r.12,+P0",shoar.ar.choldal.otalchal.dal.choldy.okalys.airaldy.shar,shoar ar choldal otalchal dal choldy okalys airaldy shar
IT2a-n,f58r,"f58r.13,+P0",ytar.sheear.cheoldy.ykeol.cheal.cheody.chal.chaiin.ol.oly,ytar sheear cheoldy ykeol cheal cheody chal chaiin ol oly
IT2a-n,f58r,"f58r.14,+P0",sharam.okair.chckaiin.ytchaly.dal.chal.ykal.okalal.oly.chal,sharam okair chckaiin ytchaly dal chal ykal okalal oly chal
IT2a-n,f58r,"f58r.15,+P0",dy.r.chal.qopaiim.cholaly.dy.shedy<$>,dy r chal qopaiim cholaly dy shedy
IT2a-n,f58r,"f58r.16,+P0",<%>typchey.ar.air.ytashy.qotyshey.pchdy.dshaly.pydaly.choky.opy,typchey ar air ytashy qotyshey pchdy dshaly pydaly choky opy
IT2a-n,f58r,"f58r.17,+P0",ysholshy.qotoly.daiin.ykal.dalchdy.qoky.dal.ytchody.s.olaraly,ysholshy qotoly daiin ykal dalchdy qoky dal ytchody s olaraly
IT2a-n,f58r,"f58r.18,+P0",darar.shol.cholraly.cholaiin.odaiin.chaly.dalar.aiin.okal.otal,darar shol cholraly cholaiin odaiin chaly dalar aiin okal otal
IT2a-n,f58r,"f58r.19,+P0",todal.qotey.chaly.dal.qokaldy.otary.okalal.csees.chal.ochaly,todal qotey chaly dal qokaldy otary okalal csees chal ochaly
IT2a-n,f58r,"f58r.20,+P0",ysheockhy.oleeey.oleesey.olaiin.olkeal.daldy.otalar.ar.arodaim,ysheockhy oleeey oleesey olaiin olkeal daldy otalar ar arodaim
IT2a-n,f58r,"f58r.21,+P0",tcheos.ycheor.sheain.okey.qotaily.daiin.chy.cholkar.olkeol.oty,tcheos ycheor sheain okey qotaily daiin chy cholkar olkeol oty
IT2a-n,f58r,"f58r.22,+P0",dcholy.ytar.chol.dal.qoaiir.chalolky.osal.chotam.chal.olseeg,dcholy ytar chol dal qoaiir chalolky osal chotam chal olseeg
IT2a-n,f58r,"f58r.23,+P0",shol.aleedy.chotar.okeal.sheody.qokalchar.otal.choky.sar,shol aleedy chotar okeal sheody qokalchar otal choky sar
IT2a-n,f58r,"f58r.24,+P0",tazain.oteeor.okeal.ar.otalor.cheoekar.cheky.otakar,tazain oteeor okeal ar otalor cheoekar cheky otakar
IT2a-n,f58r,"f58r.25,+P0",oar.cheekey.oteeoaly.otar.alkar.or.aldar<$>,oar cheekey oteeoaly otar alkar or aldar
IT2a-n,f58r,"f58r.26,+P0",<%>kshar.shoky.opcheear.ofadain.opsheolaiin.opydaiin.podaiir,kshar shoky opcheear ofadain opsheolaiin opydaiin podaiir
IT2a-n,f58r,"f58r.27,+P0",yteor.oty.chaltar.ar.sheeetchy.tal.al.chear.chear.char.ar.am,yteor oty chaltar ar sheeetchy tal al chear chear char ar am
IT2a-n,f58r,"f58r.28,+P0",yshealkair.odalaly.dalal.chy.s.air.shokar.olaldy.okalody,yshealkair odalaly dalal chy s air shokar olaldy okalody
IT2a-n,f58r,"f58r.29,+P0",odalar.cheor.sar.alol.daly.cheom.chor.ar.aldam.chal.cheal.somy,odalar cheor sar alol daly cheom chor ar aldam chal cheal somy
IT2a-n,f58r,"f58r.30,+P0",ytor.ar.alom.qokalor.chdy.dair.chody.cheol.okolchy.otaldy,ytor ar alom qokalor chdy dair chody cheol okolchy otaldy
IT2a-n,f58r,"f58r.31,+P0",odshchol.taiin.okalor.chol.olekar.otarchol.chol.kam.qokal,odshchol taiin okalor chol olekar otarchol chol kam qokal
IT2a-n,f58r,"f58r.32,+P0",oqotaly.qokaiin.chtaldy.qoky.dar.al.choltaly.qokaldy,oqotaly qokaiin chtaldy qoky dar al choltaly qokaldy
IT2a-n,f58r,"f58r.33,+P0",schocthhy.dalols.qokalos.cheor.oekeody.qokaly.qokar.dy,schocthhy dalols qokalos cheor oekeody qokaly qokar dy
IT2a-n,f58r,"f58r.34,+P0",ys.sheol.chokey.dalol.shokalol.qokaly.kaldy.ytaipom,ys sheol chokey dalol shokalol qokaly kaldy ytaipom
IT2a-n,f58r,"f58r.35,+P0",dtor.sheol.qokor.sharal.ckhol.sholar.aiin.sheoctham,dtor sheol qokor sharal ckhol sholar aiin sheoctham
IT2a-n,f58r,"f58r.36,+P0",skaiin.shokal.chockhy.qoky.chcthy.ykeeshy.shoekar,skaiin shokal chockhy qoky chcthy ykeeshy shoekar
IT2a-n,f58r,"f58r.37,+P0",opolkeor.olchocfhy.cphol.chypaldy.cholols.chkaiin.olfcham,opolkeor olchocfhy cphol chypaldy cholols chkaiin olfcham
IT2a-n,f58r,"f58r.38,+P0",sysheos.okaly.cheos.otey.ykar.ls.aiin.okaiin.ytolkal,sysheos okaly cheos otey ykar ls aiin okaiin ytolkal
IT2a-n,f58r,"f58r.39,+P0",dtshol.dytal.okar.olol.sheol.qockhy.qokaly.salol.dalam,dtshol dytal okar olol sheol qockhy qokaly salol dalam
IT2a-n,f58r,"f58r.40,+P0",yroleeey.arairaly.pchody.tshaly.alols.ykaly.kar.aram,yroleeey arairaly pchody tshaly alols ykaly kar aram
IT2a-n,f58r,"f58r.41,+P0",dchol.chokal.saiin.dal.okalsalchey<$>,dchol chokal saiin dal okalsalchey
IT2a-n,f58v,"f58v.1,@P0",<%>tol.shokchy.opaiin.opaiin.chofaly.ypar.ypal.opal.opaldaiin,tol shokchy opaiin opaiin chofaly ypar ypal opal opaldaiin
IT2a-n,f58v,"f58v.2,+P0",dair.or.sheaiin.tair.y.qotalody.saiin.okeody.qotair.ar.alor.orky,dair or sheaiin tair y qotalody saiin okeody qotair ar alor orky
IT2a-n,f58v,"f58v.3,+P0",todal.qotain.sho.ckheey.qokeol.okey.qokalchal.daly.ar.aim,todal qotain sho ckheey qokeol okey qokalchal daly ar aim
IT2a-n,f58v,"f58v.4,+P0",or.aiin.okair.y.dairal.qokal.qokaiin.qokaly.okar.olkaly.okal,or aiin okair y dairal qokal qokaiin qokaly okar olkaly okal
IT2a-n,f58v,"f58v.5,+P0",faiir.ofaror.qotaiin.sholy.qotaiin.yqokaly.okal.qokaly.okaly,faiir ofaror qotaiin sholy qotaiin yqokaly okal qokaly okaly
IT2a-n,f58v,"f58v.6,+P0",qokair.or.aly.shor.daiin.choly.dal.ykaiin.org.fchey.okaly.oky,qokair or aly shor daiin choly dal ykaiin org fchey okaly oky
IT2a-n,f58v,"f58v.7,+P0",y.daiin.qokeey.qokar.lchedy.qokalor.sheols.oteor.aiin.cheky,y daiin qokeey qokar lchedy qokalor sheols oteor aiin cheky
IT2a-n,f58v,"f58v.8,+P0",taiin.ckhey.daldy.qokair.alar.ytal.aiin.otaiin.ykaiin.ykaly.dam,taiin ckhey daldy qokair alar ytal aiin otaiin ykaiin ykaly dam
IT2a-n,f58v,"f58v.9,+P0",salal.qolaiin.chockhey.tcholy.qokaiin.qokaiinos.orcheey.olaly,salal qolaiin chockhey tcholy qokaiin qokaiinos orcheey olaly
IT2a-n,f58v,"f58v.10,+P0",ykair.shey.key.ctholy.qotalom.qokal.qokaiin.okal.okaldy.ory,ykair shey key ctholy qotalom qokal qokaiin okal okaldy ory
IT2a-n,f58v,"f58v.11,+P0",tcholshol.tor.qokairor.y.ykaiin.dory.okaiir.chodaiin.otals,tcholshol tor qokairor y ykaiin dory okaiir chodaiin otals
IT2a-n,f58v,"f58v.12,+P0",oreeey.cheekey.cheal.qokey.chedal.dy.tolair.opchey.poaly.cfhy,oreeey cheekey cheal qokey chedal dy tolair opchey poaly cfhy
IT2a-n,f58v,"f58v.13,+P0",qoeear.alkeain.ytal.chor.alor.okal.chcthy.tal.ckshy.kar,qoeear alkeain ytal chor alor okal chcthy tal ckshy kar
IT2a-n,f58v,"f58v.14,+P0",shar.air.alos.chol.oeear.sho.qotal.chol.talar.tar.ar.opam,shar air alos chol oeear sho qotal chol talar tar ar opam
IT2a-n,f58v,"f58v.15,+P0",qotoiin.otal.aral.s.air.qoal.talchos.okal.cho.ytam.dam,qotoiin otal aral s air qoal talchos okal cho ytam dam
IT2a-n,f58v,"f58v.16,+P0",ykaiin.qokair.okaly.qokal.chaly.cheockhey.olaly.taldar.al,ykaiin qokair okaly qokal chaly cheockhey olaly taldar al
IT2a-n,f58v,"f58v.17,+P0",daiin.alal.dal.qokiir.otal.chodol.qokeal.cheol.chos.okeeam,daiin alal dal qokiir otal chodol qokeal cheol chos okeeam
IT2a-n,f58v,"f58v.18,+P0",taiin.chal.sheal.qockhy.dar.aiin.ockhey.qokeey.qoaiin.aral,taiin chal sheal qockhy dar aiin ockhey qokeey qoaiin aral
IT2a-n,f58v,"f58v.19,+P0",okair.chokal.cheoldy.qokor.olkam.cheol.dar.chokeey.okalchy,okair chokal cheoldy qokor olkam cheol dar chokeey okalchy
IT2a-n,f58v,"f58v.20,+P0",tolain.ar.ykeain.qokeey.otal.chol.okal.ar.chety.chkalar.ol,tolain ar ykeain qokeey otal chol okal ar chety chkalar ol
IT2a-n,f58v,"f58v.21,+P0",olain.olalor.odaiin.qotais.otal.qokal.dair.oishy.otam<$>,olain olalor odaiin qotais otal qokal dair oishy otam
IT2a-n,f58v,"f58v.22,+Pc",<%>okar.sheey.shekealy<$>,okar sheey shekealy
IT2a-n,f58v,"f58v.23,*P0",<%>pchshy.sheoltey.shopolchedy.sheolkeal.qokar.aldaiin.qokalar.dal,pchshy sheoltey shopolchedy sheolkeal qokar aldaiin qokalar dal
IT2a-n,f58v,"f58v.24,+P0",qokal.daiin.qokal.cham.qokalcheol.okorair.ainarals.okom.daly,qokal daiin qokal cham qokalcheol okorair ainarals okom daly
IT2a-n,f58v,"f58v.25,+P0",qotain.okeor.sheey.qokeol.okeoly.qokaly.qokairor.tas.ykal,qotain okeor sheey qokeol okeoly qokaly qokairor tas ykal
IT2a-n,f58v,"f58v.26,+P0",ykaly.qokal.ol.ar.qokeos.okalar.okos.al.shekar.qokair.alam,ykaly qokal ol ar qokeos okalar okos al shekar qokair alam
IT2a-n,f58v,"f58v.27,+P0",qokar.s.aiin.al.y.qokchedy.qoekaly.odaiin.qokar.chos.alaiin.om,qokar s aiin al y qokchedy qoekaly odaiin qokar chos alaiin om
IT2a-n,f58v,"f58v.28,+P0",ycheo.ckhy.okey.okal.otaly.okaldy.okeor.sheey<$>,ycheo ckhy okey okal otaly okaldy okeor sheey
IT2a-n,f58v,"f58v.29,+P0",<%>polal.keeo.oleeckhey.dalar.ykeeody.choar.ckhar.yfair.ylam<$>,polal keeo oleeckhey dalar ykeeody choar ckhar yfair ylam
IT2a-n,f58v,"f58v.30,+P0",<%>daiin.sheoikhy.ykey.sheky.qokal.qokeey.okain.okar.ol.dam,daiin sheoikhy ykey sheky qokal qokeey okain okar ol dam
IT2a-n,f58v,"f58v.31,+P0",tcheor.chor.kar.okal.qokeey.qotal.shol.qokain.ar.oetalchg,tcheor chor kar okal qokeey qotal shol qokain ar oetalchg
IT2a-n,f58v,"f58v.32,+P0",psheey.qoty.qokar.qokey.ky.ykar.cheal.otal.kol.olchedy,psheey qoty qokar qokey ky ykar cheal otal kol olchedy
IT2a-n,f58v,"f58v.33,+P0",qoais.chol.ar.chey<$>,qoais chol ar chey
IT2a-n,f58v,"f58v.34,+P0",<%>tolsheo.keoar.qofcheol.dar.aiphey.opchal.shockhy.okaly,tolsheo keoar qofcheol dar aiphey opchal shockhy okaly
IT2a-n,f58v,"f58v.35,+P0",daiin.otain.okain.chhy.okeey.qokeeos.olar.sheo.daly.dalychs,daiin otain okain chhy okeey qokeeos olar sheo daly dalychs
IT2a-n,f58v,"f58v.36,+P0",tcheody.okeor.ockhy.qokal.okal.shokey.qokeey.dalas,tcheody okeor ockhy qokal okal shokey qokeey dalas
IT2a-n,f58v,"f58v.37,+P0",olkeey.okar.ar.choky.otair.otol.chokey.cheeky.dalar,olkeey okar ar choky otair otol chokey cheeky dalar
IT2a-n,f58v,"f58v.38,+P0",ykeeody.qokar.qoky.keey.qokol.okol.okor.cheky.sydy,ykeeody qokar qoky keey qokol okol okor cheky sydy
IT2a-n,f58v,"f58v.39,+P0",oshor.qokain.okam.shear.sher.sarols<$>,oshor qokain okam shear sher sarols
IT2a-n,f65r,"f65r.1,@Lp",otaim.dam.alam,otaim dam alam
IT2a-n,f65v,"f65v.1,@P0",<%>cphy.fchecfhy.dy<->dchepain.shety.qopy.fol.chpdy,cphy fchecfhy dydchepain shety qopy fol chpdy
IT2a-n,f65v,"f65v.2,+P0",daiin.sheek.l.ody<->yteo.qop?.air.cheoteey.dalam,daiin sheek l odyyteo air cheoteey dalam
IT2a-n,f65v,"f65v.3,+P0",ytal.cheot.shky.y<->eas.cheody<$>,ytal cheot shky yeas cheody
IT2a-n,f65v,"f65v.4,+P0",<%>toeedy.otor.shedy<->yteey.sheody.qokesd.yfchey,toeedy otor shedyyteey sheody qokesd yfchey
IT2a-n,f65v,"f65v.5,+P0",dshedy.okeody.qokd<->shckhy.choky.chokeody.okey.dy,dshedy okeody qokdshckhy choky chokeody okey dy
IT2a-n,f65v,"f65v.6,+P0",qo.ytchey.shckhh.cphy<->ykchhdy.chedy.shckhdy<$>,qo ytchey shckhh cphyykchhdy chedy shckhdy
IT2a-n,f66r,"f66r.1,@L0",rary,rary
IT2a-n,f66r,"f66r.2,+L0",rals,rals
IT2a-n,f66r,"f66r.3,+L0",qor,qor
IT2a-n,f66r,"f66r.4,+L0",dara,dara
IT2a-n,f66r,"f66r.5,+L0",ykcol,ykcol
IT2a-n,f66r,"f66r.6,+L0",syly,syly
IT2a-n,f66r,"f66r.7,+L0",salf,salf
IT2a-n,f66r,"f66r.8,+L0",fary,fary
IT2a-n,f66r,"f66r.9,+L0",qotesy,qotesy
IT2a-n,f66r,"f66r.10,+L0",ykaly,ykaly
IT2a-n,f66r,"f66r.11,+L0",daoly,daoly
IT2a-n,f66r,"f66r.12,+L0",raiin,raiin
IT2a-n,f66r,"f66r.13,+L0",qokal,qokal
IT2a-n,f66r,"f66r.14,+L0",qolsa,qolsa
IT2a-n,f66r,"f66r.15,+L0",raral,raral
IT2a-n,f66r,"f66r.16,@L0",y,y
IT2a-n,f66r,"f66r.17,+L0",o,o
IT2a-n,f66r,"f66r.18,+L0",s,s
IT2a-n,f66r,"f66r.19,+L0",sh,sh
IT2a-n,f66r,"f66r.20,+L0",y,y
IT2a-n,f66r,"f66r.21,+L0",d,d
IT2a-n,f66r,"f66r.22,+L0",o,o
IT2a-n,f66r,"f66r.23,+L0",f,f
IT2a-n,f66r,"f66r.25,+L0",x,x
IT2a-n,f66r,"f66r.26,+L0",air,air
IT2a-n,f66r,"f66r.27,+L0",d,d
IT2a-n,f66r,"f66r.28,+L0",sh,sh
IT2a-n,f66r,"f66r.29,+L0",y,y
IT2a-n,f66r,"f66r.30,+L0",f,f
IT2a-n,f66r,"f66r.31,+L0",f,f
IT2a-n,f66r,"f66r.32,+L0",y,y
IT2a-n,f66r,"f66r.33,+L0",o,o
IT2a-n,f66r,"f66r.34,+L0",d,d
IT2a-n,f66r,"f66r.35,+L0",r,r
IT2a-n,f66r,"f66r.36,+L0",f,f
IT2a-n,f66r,"f66r.37,+L0",c,c
IT2a-n,f66r,"f66r.38,+L0",r,r
IT2a-n,f66r,"f66r.39,+L0",x,x
IT2a-n,f66r,"f66r.40,+L0",t,t
IT2a-n,f66r,"f66r.41,+L0",o,o
IT2a-n,f66r,"f66r.43,+L0",l,l
IT2a-n,f66r,"f66r.44,+L0",r,r
IT2a-n,f66r,"f66r.45,+L0",t,t
IT2a-n,f66r,"f66r.46,+L0",o,o
IT2a-n,f66r,"f66r.47,+L0",x,x
IT2a-n,f66r,"f66r.48,+L0",p,p
IT2a-n,f66r,"f66r.49,+L0",d,d
IT2a-n,f66r,"f66r.50,@P0",<%>pdaiin.oteedy.opchedy.chap.chefchy.shddy.ypcher.cholpchd.okedals,pdaiin oteedy opchedy chap chefchy shddy ypcher cholpchd okedals
IT2a-n,f66r,"f66r.51,+P0",rair.shekey.qokeedar.okal.okedy.qokeedy.qokal.okedy.qokshd,rair shekey qokeedar okal okedy qokeedy qokal okedy qokshd
IT2a-n,f66r,"f66r.52,+P0",ykshedy.chody.cthdy.qokees.cheeo.okcho.dy.chekeey.chedy.chckhy,ykshedy chody cthdy qokees cheeo okcho dy chekeey chedy chckhy
IT2a-n,f66r,"f66r.53,+P0",shdy.qotedy.chdy.chedy.qotedal.chcfheor.ykeedy.dar.qotey.kol.ar,shdy qotedy chdy chedy qotedal chcfheor ykeedy dar qotey kol ar
IT2a-n,f66r,"f66r.54,+P0",qokeeody.qokeody.qokeody.qokar.sheky.qokeeody.okedy.kodary,qokeeody qokeody qokeody qokar sheky qokeeody okedy kodary
IT2a-n,f66r,"f66r.55,+P0",ykeeody.choekchy.okeody.chekeody.qokeey.dyky.chctho.rotaiin,ykeeody choekchy okeody chekeody qokeey dyky chctho rotaiin
IT2a-n,f66r,"f66r.56,+P0",dsheol.okaiin.sheodaiin<$>,dsheol okaiin sheodaiin
IT2a-n,f66r,"f66r.57,+P0",<%>tocpheey.dol.kchody.qokeody.qokshy.qopaiin.dair.ykodas.okyd,tocpheey dol kchody qokeody qokshy qopaiin dair ykodas okyd
IT2a-n,f66r,"f66r.58,+P0",?shol.daiir.dal.ky.shka.qoky.shekair.choty.dar.okchy.shdy.ykol,daiir dal ky shka qoky shekair choty dar okchy shdy ykol
IT2a-n,f66r,"f66r.59,+P0",qocheky.shetey.dalal.shedy.chcta.r.sheod.shokaiir.chckhhy.dasd,qocheky shetey dalal shedy chcta r sheod shokaiir chckhhy dasd
IT2a-n,f66r,"f66r.60,+P0",shor.sheodal.sholdy.qokchedy.qofchy.qoty.chedair.cheer.kardy,shor sheodal sholdy qokchedy qofchy qoty chedair cheer kardy
IT2a-n,f66r,"f66r.61,+P0",qokchey.qokaiir.cheky.daly.daiin.dal.shedy.chedy.ltar.ol.okedy,qokchey qokaiir cheky daly daiin dal shedy chedy ltar ol okedy
IT2a-n,f66r,"f66r.62,+P0",ol.cheeky.daiir.chky.axor.akar.?hy.daiin<$>,ol cheeky daiir chky axor akar daiin
IT2a-n,f66r,"f66r.63,+P0",<%>pchof.sholfosdaiin.qotar.otalor.fchedys.chedy.dar.odair.ofaram,pchof sholfosdaiin qotar otalor fchedys chedy dar odair ofaram
IT2a-n,f66r,"f66r.64,+P0",dalcheeeky.sheol.dairody.chekchy.shed.ykesheo.l.lor.sheor.cheyl,dalcheeeky sheol dairody chekchy shed ykesheo l lor sheor cheyl
IT2a-n,f66r,"f66r.65,+P0",dar.shedy.okar.chedy.kcheody.chxar.daly.fchdar.cheor.aly.sy,dar shedy okar chedy kcheody chxar daly fchdar cheor aly sy
IT2a-n,f66r,"f66r.66,+P0",shor.shekeeody.dal.shedy.qokar.al.shes<$>,shor shekeeody dal shedy qokar al shes
IT2a-n,f66r,"f66r.67,+P0",<%>psheody.cfhol.shofol.okeody.qokoldy.ytarody.shody.shedy.kair,psheody cfhol shofol okeody qokoldy ytarody shody shedy kair
IT2a-n,f66r,"f66r.68,+P0",sair.ol.daiin.daiin.dal.dol.cheody.dair.aly.dairal.dolar.shy.dos,sair ol daiin daiin dal dol cheody dair aly dairal dolar shy dos
IT2a-n,f66r,"f66r.69,+P0",tosheo.qokaldy.oky.ol.kcheeky.qoky.dary.okees.oly<$>,tosheo qokaldy oky ol kcheeky qoky dary okees oly
IT2a-n,f66r,"f66r.70,+P0",<%>todeeey.keody.chdy.keody.shedy.shekeefy.chdy.sheol.shol.kedy.daly,todeeey keody chdy keody shedy shekeefy chdy sheol shol kedy daly
IT2a-n,f66r,"f66r.71,+P0",saiir.cheol.kal.sheody.chcthedy.dal.shol.qokeody.chody.kechody,saiir cheol kal sheody chcthedy dal shol qokeody chody kechody
IT2a-n,f66r,"f66r.72,+P0",sshedy.oteedy.ykeeody.sheocthy.ol.ld.lshedy.chokeey.chekey.chey,sshedy oteedy ykeeody sheocthy ol ld lshedy chokeey chekey chey
IT2a-n,f66r,"f66r.73,+P0",ysheeod.qoteeod.qotol.qoky.chckhedy.shey.dcheol.cheky.cheo.dor,ysheeod qoteeod qotol qoky chckhedy shey dcheol cheky cheo dor
IT2a-n,f66r,"f66r.74,+P0",ydaiin.shody.otchedy.oteochey.tolchedy.lsheody.qoky.daiin.otam,ydaiin shody otchedy oteochey tolchedy lsheody qoky daiin otam
IT2a-n,f66r,"f66r.75,+P0",tcheo.sheor.oteody.lpchees.ol.ar.alkey.otey.ltsholy.shecthy.r.ol,tcheo sheor oteody lpchees ol ar alkey otey ltsholy shecthy r ol
IT2a-n,f66r,"f66r.76,+P0",daiin.sheol.qocthedy.qokedy.lchey.qokaly.shcthy.qotal.otchdy,daiin sheol qocthedy qokedy lchey qokaly shcthy qotal otchdy
IT2a-n,f66r,"f66r.77,+P0",qokey.ar.olkeol.qokal.cheoky.ykchdy.chody.sheody.qoky.ldy,qokey ar olkeol qokal cheoky ykchdy chody sheody qoky ldy
IT2a-n,f66r,"f66r.78,+P0",dor.aiin.sheeol.lshedy.lchedy.cheedy.shekol.dalol.lodaiin,dor aiin sheeol lshedy lchedy cheedy shekol dalol lodaiin
IT2a-n,f66r,"f66r.79,+P0",sheol.oteey.ldaiin.okalchedy.pchedy.kody.qotchedy.cphedy,sheol oteey ldaiin okalchedy pchedy kody qotchedy cphedy
IT2a-n,f66r,"f66r.80,+P0",daiin.shey.qoteoly.raiin.sheedy.shcthy.lkeol.qokol.dkar,daiin shey qoteoly raiin sheedy shcthy lkeol qokol dkar
IT2a-n,f66r,"f66r.81,+P0",lchey.lkeedy.chety.shekaly.shckhar<$>,lchey lkeedy chety shekaly shckhar
IT2a-n,f66r,"f66r.82,@Lx",otcheo.chty.ykchscheg,otcheo chty ykchscheg
IT2a-n,f66v,"f66v.1,@P0",<%>okeodof.sheod.ychoopy.opch.dal.dorshefy.ytody.daldeam,okeodof sheod ychoopy opch dal dorshefy ytody daldeam
IT2a-n,f66v,"f66v.2,+P0",teodal.tchedy.dshey.okshedy.okeedy.dcheeky.daldy.qotal.sy,teodal tchedy dshey okshedy okeedy dcheeky daldy qotal sy
IT2a-n,f66v,"f66v.3,+P0",ytos.s.ar.sheeky.okechdy.okchdal.dar.otal.chody.cheky,ytos s ar sheeky okechdy okchdal dar otal chody cheky
IT2a-n,f66v,"f66v.4,+P0",shokeshy.daiin.cheos.shky.dol.shckhy.dal.kodal.chekal.dal,shokeshy daiin cheos shky dol shckhy dal kodal chekal dal
IT2a-n,f66v,"f66v.5,+P0",shdy.shedefam.qokedy.chokal.dal<$>,shdy shedefam qokedy chokal dal
IT2a-n,f66v,"f66v.6,+P0",<%>tchod.sheody.shckhhd.chos.chor.sheo.keody.chepar.shsopam,tchod sheody shckhhd chos chor sheo keody chepar shsopam
IT2a-n,f66v,"f66v.7,+P0",qokeos.sheody.chekeor.chody.kotody.qotchdy.chckhd.ytchdy,qokeos sheody chekeor chody kotody qotchdy chckhd ytchdy
IT2a-n,f66v,"f66v.8,+P0",dchekcsdy.cheody.qokchdy.qokol.keedy.cheky.chety.kody<$>,dchekcsdy cheody qokchdy qokol keedy cheky chety kody
IT2a-n,f66v,"f66v.9,+P0",<%>pody.sheody.chpadar.sheey.feedly.cheoseesey.kchy.qofchal,pody sheody chpadar sheey feedly cheoseesey kchy qofchal
IT2a-n,f66v,"f66v.10,+P0",dshol.keedy.qokyr.okaiin.dol.kal.daiin.otal.dakar.okag,dshol keedy qokyr okaiin dol kal daiin otal dakar okag
IT2a-n,f66v,"f66v.11,+P0",yteeod.aiin.shekeod.s.aiin.ykofar.otaiin.otar.chedy.kara,yteeod aiin shekeod s aiin ykofar otaiin otar chedy kara
IT2a-n,f66v,"f66v.12,+P0",qekar.okedy.cheky.dal.chekal.chckhy.kal.kal.dar.chkchody,qekar okedy cheky dal chekal chckhy kal kal dar chkchody
IT2a-n,f66v,"f66v.13,+P0",ydees.shey.daiin.dalkal<->ykedaiin.shedar.okchdy.oty<$>,ydees shey daiin dalkalykedaiin shedar okchdy oty
IT2a-n,f67r1,"f67r1.1,@P0",<%>teeodaiin.shey.epairody.osaiin.yteeoey.shey.epaiin.oaiin,teeodaiin shey epairody osaiin yteeoey shey epaiin oaiin
IT2a-n,f67r1,"f67r1.2,+P0",daiir.okeody.qoekshg.sar.oeteody.oteey.keey.keo.keeodal,daiir okeody qoekshg sar oeteody oteey keey keo keeodal
IT2a-n,f67r1,"f67r1.3,+P0",ycheo.s.o.g.cheos.aiin.okesoe.aram.shees.dalaiin.dam,ycheo s o g cheos aiin okesoe aram shees dalaiin dam
IT2a-n,f67r1,"f67r1.4,+P0",cheodaiin.chekeey.sar.air.soar.cheey.dair.cthey<$>,cheodaiin chekeey sar air soar cheey dair cthey
IT2a-n,f67r1,"f67r1.5,@Cc",soairal.shdy.chokeody.ykeedal.ol.oteodaiin.choikhedy.ot.chteokeeiin.choteedy.otor.epchy.chpiir.ar.sheees.dady.soeteed.octhchy.soeokeot.y.choteoky.chockhy.okees.sor.aiin.daram.seeder.chdar.dar.deeschdy.dar.dar.ar.otar.dar.ykaras,soairal shdy chokeody ykeedal ol oteodaiin choikhedy ot chteokeeiin choteedy otor epchy chpiir ar sheees dady soeteed octhchy soeokeot y choteoky chockhy okees sor aiin daram seeder chdar dar deeschdy dar dar ar otar dar ykaras
IT2a-n,f67r1,"f67r1.6,+Cc",dair.al.cheol.dal.oekaiin.sol.daiin.eetees.sainn.ykeos.l.chy.otodaiin.chetegy.otar.daiir.ar.chedar.okeedy.oteodaiin.ychsy.cheteey.ot.dol.al.cheor.okeor.oiin.cheeky.ary.okeokedr.oshey.shchey.chol.daiir.dain.cho.dar.aldy,dair al cheol dal oekaiin sol daiin eetees sainn ykeos l chy otodaiin chetegy otar daiir ar chedar okeedy oteodaiin ychsy cheteey ot dol al cheor okeor oiin cheeky ary okeokedr oshey shchey chol daiir dain cho dar aldy
IT2a-n,f67r1,"f67r1.7,+Cc",archeor.qoikeey.oteeos.cheockhey.oteochedy.okeohdar.dararal.okeosar.sotey.dair.ytoy.oteos.oteees.oteo.oteesy.sheokeey.oteodal.chokeed.sar.ainy.otokeedar.deeety.okeey.teodain.chekchy.dair.chparam,archeor qoikeey oteeos cheockhey oteochedy okeohdar dararal okeosar sotey dair ytoy oteos oteees oteo oteesy sheokeey oteodal chokeed sar ainy otokeedar deeety okeey teodain chekchy dair chparam
IT2a-n,f67r1,"f67r1.8,@Ri",otaldy,otaldy
IT2a-n,f67r1,"f67r1.9,@Ri",otoky,otoky
IT2a-n,f67r1,"f67r1.10,@Ri",seeoar,seeoar
IT2a-n,f67r1,"f67r1.11,@Ri",ykas.asa,ykas asa
IT2a-n,f67r1,"f67r1.12,@Ri",sosaiir,sosaiir
IT2a-n,f67r1,"f67r1.13,@Ri",oteey.dar,oteey dar
IT2a-n,f67r1,"f67r1.14,@Ri",yto.daiir,yto daiir
IT2a-n,f67r1,"f67r1.15,@Ri",sheosam,sheosam
IT2a-n,f67r1,"f67r1.16,@Ri",ykeeody,ykeeody
IT2a-n,f67r1,"f67r1.17,@Ri",okeol.sal,okeol sal
IT2a-n,f67r1,"f67r1.18,@Ri",okeey.sar,okeey sar
IT2a-n,f67r1,"f67r1.19,@Ri",dalary,dalary
IT2a-n,f67r2,"f67r2.1,@L0",ykchyr.aram,ykchyr aram
IT2a-n,f67r2,"f67r2.2,&L0",ykecho.ols.eesydy,ykecho ols eesydy
IT2a-n,f67r2,"f67r2.3,&L0",soy.shr.okar,soy shr okar
IT2a-n,f67r2,"f67r2.4,&L0",shekchy.?ykor,shekchy
IT2a-n,f67r2,"f67r2.5,&L0",ykeody.okchy,ykeody okchy
IT2a-n,f67r2,"f67r2.6,&L0",dchetdy,dchetdy
IT2a-n,f67r2,"f67r2.7,&L0",rfchykchey.ykchys,rfchykchey ykchys
IT2a-n,f67r2,"f67r2.8,&L0",chkchdar,chkchdar
IT2a-n,f67r2,"f67r2.9,&L0",ykar.ykaly,ykar ykaly
IT2a-n,f67r2,"f67r2.10,&L0",lkshykchy.okar,lkshykchy okar
IT2a-n,f67r2,"f67r2.11,&L0",chky.chykchr.chy,chky chykchr chy
IT2a-n,f67r2,"f67r2.12,&L0",ykchs.ykchos,ykchs ykchos
IT2a-n,f67r2,"f67r2.13,@Pb",<%>opodchol.dain.aldy,opodchol dain aldy
IT2a-n,f67r2,"f67r2.14,+Pb",sochy.doiin.oldy<$>,sochy doiin oldy
IT2a-n,f67r2,"f67r2.15,+L0",dylchsody,dylchsody
IT2a-n,f67r2,"f67r2.16,@Pb",<%>odaiin.otocs.oekain.y,odaiin otocs oekain y
IT2a-n,f67r2,"f67r2.17,+Pb",otchoy.soraiis.dy,otchoy soraiis dy
IT2a-n,f67r2,"f67r2.18,+Pb",qofchy.daiin.dal<$>,qofchy daiin dal
IT2a-n,f67r2,"f67r2.19,@Pb",<%>ydchos.ain.ar.amy,ydchos ain ar amy
IT2a-n,f67r2,"f67r2.20,+Pb",chocfhy.saral,chocfhy saral
IT2a-n,f67r2,"f67r2.21,+Pb",rain.am.or<$>,rain am or
IT2a-n,f67r2,"f67r2.22,+L0",okal,okal
IT2a-n,f67r2,"f67r2.23,@Pb",<%>eoporchy.salsoiin,eoporchy salsoiin
IT2a-n,f67r2,"f67r2.24,+Pb",sodar.ofor.ar,sodar ofor ar
IT2a-n,f67r2,"f67r2.25,+Pb",ydag<$>,ydag
IT2a-n,f67r2,"f67r2.26,@Pb",<%>yteoor.yto.ykor,yteoor yto ykor
IT2a-n,f67r2,"f67r2.27,+Pb",okeor.aiin.am<$>,okeor aiin am
IT2a-n,f67r2,"f67r2.28,+L0",okain.am,okain am
IT2a-n,f67r2,"f67r2.29,@Pb",<%>ytody.saiin,ytody saiin
IT2a-n,f67r2,"f67r2.30,+Pb",ochol.olol<$>,ochol olol
IT2a-n,f67r2,"f67r2.31,+L0",opcholdy,opcholdy
IT2a-n,f67r2,"f67r2.32,@Pb",<%>dorar.odar.ais.aloiin,dorar odar ais aloiin
IT2a-n,f67r2,"f67r2.33,+Pb",dakan.osar.odal<$>,dakan osar odal
IT2a-n,f67r2,"f67r2.34,+L0",dfar.oeoldan,dfar oeoldan
IT2a-n,f67r2,"f67r2.35,@Pb",<%>chol.daiin.okol,chol daiin okol
IT2a-n,f67r2,"f67r2.36,+Pb",ytor.daiin.or<$>,ytor daiin or
IT2a-n,f67r2,"f67r2.37,+L0",ytoaiin,ytoaiin
IT2a-n,f67r2,"f67r2.38,@Pb",<%>otoldos.octhole,otoldos octhole
IT2a-n,f67r2,"f67r2.39,+Pb",sor.chedaiin.dy,sor chedaiin dy
IT2a-n,f67r2,"f67r2.40,+Pb",yteos.oiin.om<$>,yteos oiin om
IT2a-n,f67r2,"f67r2.41,@Pb",<%>ytoeopchey.chekody,ytoeopchey chekody
IT2a-n,f67r2,"f67r2.42,+Pb",soshe.chos.ockhy,soshe chos ockhy
IT2a-n,f67r2,"f67r2.43,+Pb",daiin.aiin.os.yrl<$>,daiin aiin os yrl
IT2a-n,f67r2,"f67r2.44,@Pb",<%>ofydy.sheody.aiin,ofydy sheody aiin
IT2a-n,f67r2,"f67r2.45,+Pb",ycheody.es.odaiiin,ycheody es odaiiin
IT2a-n,f67r2,"f67r2.46,+Pb",yekees.oraly<$>,yekees oraly
IT2a-n,f67r2,"f67r2.47,+L0",yfain,yfain
IT2a-n,f67r2,"f67r2.48,@Pb",<%>todaiin.dain.dy,todaiin dain dy
IT2a-n,f67r2,"f67r2.49,+Pb",orchoer.aiin,orchoer aiin
IT2a-n,f67r2,"f67r2.50,+Pb",choeey.sar,choeey sar
IT2a-n,f67r2,"f67r2.52,@Ls",qotoear,qotoear
IT2a-n,f67r2,"f67r2.53,&Ls",dchodar,dchodar
IT2a-n,f67r2,"f67r2.54,&Ls",ysaldal,ysaldal
IT2a-n,f67r2,"f67r2.55,&Ls",ytodal,ytodal
IT2a-n,f67r2,"f67r2.56,&Ls",tol.daiin,tol daiin
IT2a-n,f67r2,"f67r2.57,&Ls",otardy,otardy
IT2a-n,f67r2,"f67r2.58,&Ls",chodalg,chodalg
IT2a-n,f67r2,"f67r2.59,&Ls",ytchodyy,ytchodyy
IT2a-n,f67r2,"f67r2.60,&Ls",octhys,octhys
IT2a-n,f67r2,"f67r2.61,&Ls",ytokar,ytokar
IT2a-n,f67r2,"f67r2.62,&Ls",otolor,otolor
IT2a-n,f67r2,"f67r2.63,&Ls",okadar,okadar
IT2a-n,f67r2,"f67r2.64,@L0",s.air,s air
IT2a-n,f67r2,"f67r2.65,&L0",soeor,soeor
IT2a-n,f67r2,"f67r2.66,&L0",cpheey,cpheey
IT2a-n,f67r2,"f67r2.67,&L0",okodas,okodas
IT2a-n,f67r2,"f67r2.68,&L0",oepchol,oepchol
IT2a-n,f67r2,"f67r2.69,&L0",sacthhy,sacthhy
IT2a-n,f67r2,"f67r2.70,&L0",osar,osar
IT2a-n,f67r2,"f67r2.71,&L0",oran,oran
IT2a-n,f67r2,"f67r2.72,@P0",<%>dar.aldaiin.ydaiin.qkoy.ydaiin.qofair.ypair.ykoaiin.ydoly.ytalchos.oly.okey,dar aldaiin ydaiin qkoy ydaiin qofair ypair ykoaiin ydoly ytalchos oly okey
IT2a-n,f67r2,"f67r2.73,+P0",sshey.syshees.qeykeey.ykchey.ykchey.qokeochy.oaiin.okalar.ol,sshey syshees qeykeey ykchey ykchey qokeochy oaiin okalar ol
IT2a-n,f67r2,"f67r2.74,+P0",yshey.qokeeody.cheos.oeeos.qockhy.chos.aiin.okeeody.qokoaiin.odaiin.ar.oirsg<$>,yshey qokeeody cheos oeeos qockhy chos aiin okeeody qokoaiin odaiin ar oirsg
IT2a-n,f67v2,"f67v2.2,@La",otararain,otararain
IT2a-n,f67v2,"f67v2.3,@Pb",<%>tol.or.oir.om.otoly.eain.m,tol or oir om otoly eain m
IT2a-n,f67v2,"f67v2.4,+Pb",daiin.taedaiin.or.okor<$>,daiin taedaiin or okor
IT2a-n,f67v2,"f67v2.5,@Pb",<%>okeey.keoy.osalal,okeey keoy osalal
IT2a-n,f67v2,"f67v2.6,+Pb",ykyral.am.oralady.odam<$>,ykyral am oralady odam
IT2a-n,f67v2,"f67v2.7,@Pb",<%>toal.daim.sakar.dam,toal daim sakar dam
IT2a-n,f67v2,"f67v2.8,+Pb",solair.cfhey.solal.daly<$>,solair cfhey solal daly
IT2a-n,f67v2,"f67v2.9,@Pb",<%>okeol.chol.ar.okol.dam,okeol chol ar okol dam
IT2a-n,f67v2,"f67v2.10,+Pb",koaiin.ofyl.ol.ofalaiin.oar<$>,koaiin ofyl ol ofalaiin oar
IT2a-n,f67v2,"f67v2.11,@Ro",dcsesor.ochepalain,dcsesor ochepalain
IT2a-n,f67v2,"f67v2.12,@Ri",oeola.les.airar,oeola les airar
IT2a-n,f67v2,"f67v2.13,@Ro",okydseog.oafoaly,okydseog oafoaly
IT2a-n,f67v2,"f67v2.14,@Ri",oar.ykalo.char,oar ykalo char
IT2a-n,f67v2,"f67v2.15,@Ro",ocs.ekais.okolarm,ocs ekais okolarm
IT2a-n,f67v2,"f67v2.16,@Ri",okaralet.olkao,okaralet olkao
IT2a-n,f67v2,"f67v2.17,@Ro",qokoaiis.ocfhhy,qokoaiis ocfhhy
IT2a-n,f67v2,"f67v2.18,@Ri",o?eeey.oekchdy,oekchdy
IT2a-n,f67v2,"f67v2.19,@La",soaiin<->dalam,soaiindalam
IT2a-n,f67v2,"f67v2.20,+La",sory<->okoral,soryokoral
IT2a-n,f67v2,"f67v2.22,@La",okchosam,okchosam
IT2a-n,f67v1,"f67v1.1,@L0",damamm,damamm
IT2a-n,f67v1,"f67v1.2,&L0",dairkal,dairkal
IT2a-n,f67v1,"f67v1.3,&L0",okal.ary,okal ary
IT2a-n,f67v1,"f67v1.4,&L0",dor.echkolal,dor echkolal
IT2a-n,f67v1,"f67v1.5,&L0",okolaldy,okolaldy
IT2a-n,f67v1,"f67v1.7,&L0",ykeodar,ykeodar
IT2a-n,f67v1,"f67v1.8,&L0",dechoekol,dechoekol
IT2a-n,f67v1,"f67v1.9,&L0",ockhosam,ockhosam
IT2a-n,f67v1,"f67v1.10,&L0",kochardy,kochardy
IT2a-n,f67v1,"f67v1.11,&L0",ochodare,ochodare
IT2a-n,f67v1,"f67v1.12,&L0",ols.aiiny,ols aiiny
IT2a-n,f67v1,"f67v1.13,@Ro",otorkeol.or.cheey.dary,otorkeol or cheey dary
IT2a-n,f67v1,"f67v1.14,@Ro",okechey.cheody.?eoky,okechey cheody
IT2a-n,f67v1,"f67v1.15,@Ro",otechodor.odreeey,otechodor odreeey
IT2a-n,f67v1,"f67v1.16,@Ro",chockhdy.cheockhy,chockhdy cheockhy
IT2a-n,f67v1,"f67v1.17,@Ro",ytchoy.kchochy.dair.oekey,ytchoy kchochy dair oekey
IT2a-n,f67v1,"f67v1.18,@Ro",kchcsey.chy.koldy,kchcsey chy koldy
IT2a-n,f67v1,"f67v1.19,@Ro",pchodais.otch.oekaody,pchodais otch oekaody
IT2a-n,f67v1,"f67v1.20,@Ro",dcheeos.qokiiiody.eees.oloesdr,dcheeos qokiiiody eees oloesdr
IT2a-n,f67v1,"f67v1.21,@Ro",ykoo.cheo.daiin.ypcheg.oty,ykoo cheo daiin ypcheg oty
IT2a-n,f67v1,"f67v1.22,@Ro",opcheey.chso.cheey.chedaly,opcheey chso cheey chedaly
IT2a-n,f67v1,"f67v1.23,@Ro",ykeeey.qokeey.chokeear,ykeeey qokeey chokeear
IT2a-n,f67v1,"f67v1.24,@Ro",osheey.keeody.che.dals,osheey keeody che dals
IT2a-n,f67v1,"f67v1.25,@Ro",okor.shey.qokcheor.doiir,okor shey qokcheor doiir
IT2a-n,f67v1,"f67v1.26,@Ro",oeees.otechy.okeey,oeees otechy okeey
IT2a-n,f67v1,"f67v1.27,@Ro",okeeodaiin.siiin.dairal,okeeodaiin siiin dairal
IT2a-n,f67v1,"f67v1.28,@Ro",oksheeoda.or.aral,oksheeoda or aral
IT2a-n,f67v1,"f67v1.29,@Ro",olar.aroka,olar aroka
IT2a-n,f68r1,"f68r1.1,@P0",<%>shokchy.chteey.choteey.cphol.cheor.opcheeol.otor.choctheeey.okchoal,shokchy chteey choteey cphol cheor opcheeol otor choctheeey okchoal
IT2a-n,f68r1,"f68r1.2,+P0",tochso.otchl.qokeeedy.cheey.cheeteey.yteody.chpor.cheokorchey.chod,tochso otchl qokeeedy cheey cheeteey yteody chpor cheokorchey chod
IT2a-n,f68r1,"f68r1.3,+P0",ykor.shey.qocheey.chokal<->okeey.ror.cckheor.daram,ykor shey qocheey chokalokeey ror cckheor daram
IT2a-n,f68r1,"f68r1.4,+P0",dchor.okaiin<$>,dchor okaiin
IT2a-n,f68r1,"f68r1.5,@Pb",<%>yky,yky
IT2a-n,f68r1,"f68r1.6,+Pb",dary,dary
IT2a-n,f68r1,"f68r1.7,+Pb",chkchykoly<$>,chkchykoly
IT2a-n,f68r1,"f68r1.8,@Ls",okodaly,okodaly
IT2a-n,f68r1,"f68r1.9,@Ls",odchecthy,odchecthy
IT2a-n,f68r1,"f68r1.10,@Ls",otcheody,otcheody
IT2a-n,f68r1,"f68r1.11,@Ls",okoaly,okoaly
IT2a-n,f68r1,"f68r1.12,@Ls",chocphy,chocphy
IT2a-n,f68r1,"f68r1.13,@Ls",octhey,octhey
IT2a-n,f68r1,"f68r1.14,@Ls",otcsey,otcsey
IT2a-n,f68r1,"f68r1.15,@Ls",otydy,otydy
IT2a-n,f68r1,"f68r1.16,@Ls",okeor,okeor
IT2a-n,f68r1,"f68r1.17,@Ls",cphocthy,cphocthy
IT2a-n,f68r1,"f68r1.18,@Ls",ytchody,ytchody
IT2a-n,f68r1,"f68r1.19,@Ls",otys,otys
IT2a-n,f68r1,"f68r1.20,@Ls",olor,olor
IT2a-n,f68r1,"f68r1.21,@Ls",ockhy,ockhy
IT2a-n,f68r1,"f68r1.22,@Ls",ofcheor,ofcheor
IT2a-n,f68r1,"f68r1.23,@Ls",otcsdo,otcsdo
IT2a-n,f68r1,"f68r1.24,@Ls",otykchs,otykchs
IT2a-n,f68r1,"f68r1.25,@Ls",otol,otol
IT2a-n,f68r1,"f68r1.26,@Ls",otor,otor
IT2a-n,f68r1,"f68r1.27,@Ls",oiinar,oiinar
IT2a-n,f68r1,"f68r1.28,@Ls",okoldy,okoldy
IT2a-n,f68r1,"f68r1.29,@Ls",ykchdy,ykchdy
IT2a-n,f68r1,"f68r1.30,@Ls",toeeodcthy,toeeodcthy
IT2a-n,f68r1,"f68r1.31,@Ls",ocphy,ocphy
IT2a-n,f68r1,"f68r1.32,@Ls",okeeodal,okeeodal
IT2a-n,f68r1,"f68r1.33,@Ls",okshor,okshor
IT2a-n,f68r1,"f68r1.34,@Ls",ordaiin,ordaiin
IT2a-n,f68r1,"f68r1.35,@Ls",otochedy,otochedy
IT2a-n,f68r1,"f68r1.36,@Ls",dolchedy,dolchedy
IT2a-n,f68r1,"f68r1.37,@Cc",oky.okady.okardy.q?aear.oldy,oky okady okardy oldy
IT2a-n,f68r2,"f68r2.1,@P0",<%>tsheeor.chor.sheal.dar.opchey.oeecthy.sheol.dokechy.otcheoly,tsheeor chor sheal dar opchey oeecthy sheol dokechy otcheoly
IT2a-n,f68r2,"f68r2.2,+P0",dchy.ykeechy.dchyky.okeeoda.rcheodal.chokeey.cheor.oram,dchy ykeechy dchyky okeeoda rcheodal chokeey cheor oram
IT2a-n,f68r2,"f68r2.3,+P0",tcheos.otchoky.okchol.okol.sheeor.chodchy.qokchdar,tcheos otchoky okchol okol sheeor chodchy qokchdar
IT2a-n,f68r2,"f68r2.4,+P0",chor.chesy.oriid.qoeeckhy.qockheol.qokeol.cheoal.dcholal,chor chesy oriid qoeeckhy qockheol qokeol cheoal dcholal
IT2a-n,f68r2,"f68r2.5,+P0",kcheoey.cheody<->sain.ykeody.chykchy<$>,kcheoey cheodysain ykeody chykchy
IT2a-n,f68r2,"f68r2.6,@Cc",okeo.okor.oko.okemy.okaisy.qokool.cheo.qo?ol,okeo okor oko okemy okaisy qokool cheo
IT2a-n,f68r2,"f68r2.7,@Ls",otolchcthy,otolchcthy
IT2a-n,f68r2,"f68r2.8,@Ls",cheorol,cheorol
IT2a-n,f68r2,"f68r2.9,@Ls",odaiin,odaiin
IT2a-n,f68r2,"f68r2.10,@Ls",ochory,ochory
IT2a-n,f68r2,"f68r2.11,@Ls",shdar,shdar
IT2a-n,f68r2,"f68r2.12,@Ls",dchol,dchol
IT2a-n,f68r2,"f68r2.13,@Ls",todaraiily,todaraiily
IT2a-n,f68r2,"f68r2.14,@Ls",olcheesey,olcheesey
IT2a-n,f68r2,"f68r2.15,@Ls",okchor,okchor
IT2a-n,f68r2,"f68r2.16,@Ls",oteool,oteool
IT2a-n,f68r2,"f68r2.17,@Ls",oydchy,oydchy
IT2a-n,f68r2,"f68r2.18,@Ls",okcheody,okcheody
IT2a-n,f68r2,"f68r2.19,@Ls",cholar,cholar
IT2a-n,f68r2,"f68r2.20,@Ls",dcheoldy,dcheoldy
IT2a-n,f68r2,"f68r2.21,@Ls",oteeeor,oteeeor
IT2a-n,f68r2,"f68r2.22,@Ls",etocho,etocho
IT2a-n,f68r2,"f68r2.23,@Ls",ofchsody,ofchsody
IT2a-n,f68r2,"f68r2.24,@Ls",otcheodar,otcheodar
IT2a-n,f68r2,"f68r2.25,@Ls",odair.chol,odair chol
IT2a-n,f68r2,"f68r2.26,@Ls",opocphor,opocphor
IT2a-n,f68r2,"f68r2.27,@Ls",otoshol,otoshol
IT2a-n,f68r2,"f68r2.28,@Ls",chodar,chodar
IT2a-n,f68r2,"f68r2.29,@Ls",shchy,shchy
IT2a-n,f68r2,"f68r2.30,@Ls",okeechor,okeechor
IT2a-n,f68r2,"f68r2.31,@Cc",okeo.okoaiin.okol.oky.oeeeo.r.ekey.okchol.cheo.o.koiin,okeo okoaiin okol oky oeeeo r ekey okchol cheo o koiin
IT2a-n,f68r3,"f68r3.1,@Cc",odchd.otchdy.cheoteeo.oshchey.chokol.cheody.chedy.oteodaiin.otchodal.sol.cheor.oteo.oteey.oetchdy.opcheody.dchedy.daiin.oteeody.da?cheedy.oteeody.qochecth?m.dchreo.okeodly.do.ls.oschaiin.cheockhedchy.chodal.cheody.chol.al.oteodched.okedy.qokeey.choky.dol.daleesd.okinaiir,odchd otchdy cheoteeo oshchey chokol cheody chedy oteodaiin otchodal sol cheor oteo oteey oetchdy opcheody dchedy daiin oteeody oteeody dchreo okeodly do ls oschaiin cheockhedchy chodal cheody chol al oteodched okedy qokeey choky dol daleesd okinaiir
IT2a-n,f68r3,"f68r3.2,@Ri",toees.ykeoshe.qokolchey.qokchdy,toees ykeoshe qokolchey qokchdy
IT2a-n,f68r3,"f68r3.3,@Ri",toees.chcphy.qokchdy.dol.okyld,toees chcphy qokchdy dol okyld
IT2a-n,f68r3,"f68r3.4,@Ri",dchykchy.daiir.chok.ockhodar,dchykchy daiir chok ockhodar
IT2a-n,f68r3,"f68r3.5,@Ri",qokol.chdchol.qoteey.chetechy.okchdy,qokol chdchol qoteey chetechy okchdy
IT2a-n,f68r3,"f68r3.6,@Ri",dchokchr.shhy.okey.oteos.okolshy,dchokchr shhy okey oteos okolshy
IT2a-n,f68r3,"f68r3.7,@Ri",pchody.qokchy.dshol.dsy.otgoldl,pchody qokchy dshol dsy otgoldl
IT2a-n,f68r3,"f68r3.8,@Ri",kchoty.oteey.daiin.dcheeody.oteey,kchoty oteey daiin dcheeody oteey
IT2a-n,f68r3,"f68r3.9,@Ri",dchey.qokeey.dcheey.daiir.otchal,dchey qokeey dcheey daiir otchal
IT2a-n,f68r3,"f68r3.10,@Ls",dchol.dal,dchol dal
IT2a-n,f68r3,"f68r3.11,@Ls",doaro,doaro
IT2a-n,f68r3,"f68r3.12,@La",oalcheol,oalcheol
IT2a-n,f68r3,"f68r3.13,@Ls",okos,okos
IT2a-n,f68r3,"f68r3.14,=Ls",otory,otory
IT2a-n,f68r3,"f68r3.15,@Ls",chdy.yky,chdy yky
IT2a-n,f68r3,"f68r3.16,+Ls",a.cphy,a cphy
IT2a-n,f68r3,"f68r3.17,+Ls",okolchy,okolchy
IT2a-n,f68r3,"f68r3.18,@Ls",o.cthyd,o cthyd
IT2a-n,f68r3,"f68r3.19,+Ls",otydm,otydm
IT2a-n,f68r3,"f68r3.20,=Ls",darall,darall
IT2a-n,f68r3,"f68r3.21,*Ls",okchoda,okchoda
IT2a-n,f68r3,"f68r3.22,@Cc",otchody.chokchy.okol.cheol.dar.cho.keol.dolaiin.okeol.oly,otchody chokchy okol cheol dar cho keol dolaiin okeol oly
IT2a-n,f68v3,"f68v3.1,@P0",<%>tchedy.chepchy.daiidy.shol.kcheoly.choteol.sholschey.shodaiin.chetshedy.otsho.qooto.seeey,tchedy chepchy daiidy shol kcheoly choteol sholschey shodaiin chetshedy otsho qooto seeey
IT2a-n,f68v3,"f68v3.2,+P0",scseykcheol.shchy.qety.sheey.otchol.chal.sheey.daiin.sheody.qokol.aiir.chor.cheoty.oty,scseykcheol shchy qety sheey otchol chal sheey daiin sheody qokol aiir chor cheoty oty
IT2a-n,f68v3,"f68v3.3,+P0",sho.chokar.sor.chor.cheky.daiin.dasaiin<->ytey.tol.cheeetchol.sam,sho chokar sor chor cheky daiin dasaiinytey tol cheeetchol sam
IT2a-n,f68v3,"f68v3.4,+P0",dcheey.qockhhy.chydy<$>,dcheey qockhhy chydy
IT2a-n,f68v3,"f68v3.5,@Cc",oko.otol.ees.choty.chedas.otchdy.sor.oekaiin.oteol.dar.cheo.dais.qoeeokaiin.otchey.dal.cheky.ykes.qokeol.sol.oy.ykeoees.yty.dy.dy.chody.otololees.oty.sar.qoteey.otey.chey.kodar.dar.sheody.shees.daiin.oteeoaly.oteeosol.ol.okol.olsey.tol.cheol.okeey.choekchchy.okchy.qokchshy.dchol.chshek,oko otol ees choty chedas otchdy sor oekaiin oteol dar cheo dais qoeeokaiin otchey dal cheky ykes qokeol sol oy ykeoees yty dy dy chody otololees oty sar qoteey otey chey kodar dar sheody shees daiin oteeoaly oteeosol ol okol olsey tol cheol okeey choekchchy okchy qokchshy dchol chshek
IT2a-n,f68v3,"f68v3.6,@Ri",ocheol.qoeey.keody.cheoky.okchy.chodo.dy.oteem,ocheol qoeey keody cheoky okchy chodo dy oteem
IT2a-n,f68v3,"f68v3.7,@Ri",r.al.chdail.schekol.okeody,r al chdail schekol okeody
IT2a-n,f68v3,"f68v3.8,@Ri",okeol.cheoda.qolkeey.ocheky.eeody.okchdy.oko.okos,okeol cheoda qolkeey ocheky eeody okchdy oko okos
IT2a-n,f68v3,"f68v3.9,@Ri",shoekeal.sheky.okolchey.okoldam,shoekeal sheky okolchey okoldam
IT2a-n,f68v3,"f68v3.10,@Ri",qokeody.okeey.chekchy.chckhy.okalody.chedy,qokeody okeey chekchy chckhy okalody chedy
IT2a-n,f68v3,"f68v3.11,@Ri",ycheeo.key.qokal.okeeg,ycheeo key qokal okeeg
IT2a-n,f68v3,"f68v3.12,@Ri",ochey.chekchy.dkeeeg.cheekey.teolkechey.saiir,ochey chekchy dkeeeg cheekey teolkechey saiir
IT2a-n,f68v3,"f68v3.13,@Ri",ydaiil.ol.chok.okchyd,ydaiil ol chok okchyd
IT2a-n,f68v3,"f68v3.14,@Cc",okosy.okchy.okol.choekey.okeoeeey.ol.ykor.otairor.orol.orkeeey.olkeeoly.ykeeol,okosy okchy okol choekey okeoeeey ol ykor otairor orol orkeeey olkeeoly ykeeol
IT2a-n,f68v3,"f68v3.15,@L0",otodol,otodol
IT2a-n,f68v3,"f68v3.16,=L0",opcholdg,opcholdg
IT2a-n,f68v3,"f68v3.17,@Pb",<%>doar.ykeol.darol.daly,doar ykeol darol daly
IT2a-n,f68v3,"f68v3.18,+Pb",solaiin.ckhhy.olekeey.dy,solaiin ckhhy olekeey dy
IT2a-n,f68v3,"f68v3.19,+Pb",ykeol.ctheepchy.dar<$>,ykeol ctheepchy dar
IT2a-n,f68v2,"f68v2.1,@P0",<%>teeody.shcthey.psheody.shocthy.ykeody.shdy.shot.ytchy,teeody shcthey psheody shocthy ykeody shdy shot ytchy
IT2a-n,f68v2,"f68v2.2,+P0",dchaiin.shey.dcheedy.qokeey.shekeey.dal.dy.sheetey.daldy,dchaiin shey dcheedy qokeey shekeey dal dy sheetey daldy
IT2a-n,f68v2,"f68v2.3,+P0",qoeeey.shekeey.shkeey.s.alchey.cthy.shteody.qoteeody.dam,qoeeey shekeey shkeey s alchey cthy shteody qoteeody dam
IT2a-n,f68v2,"f68v2.4,+P0",okeey.sheoy.keol.ycheety.okeody.shey.qokey.chol.chekody,okeey sheoy keol ycheety okeody shey qokey chol chekody
IT2a-n,f68v2,"f68v2.5,+P0",scheos.seekey.okey.chody<->okeos.cheo.salar.oalchdm<$>,scheos seekey okey chodyokeos cheo salar oalchdm
IT2a-n,f68v2,"f68v2.6,@Cc",okeodaiin.ykeeody.shsdy.shyokeey.dalches.okos.cheky.otees.oteydy.okechoy.yteody.cheteedy.chedady.c?eectheey.otychdy.oteey.cpheeody.otey.chkey.daiin.chey.daiir.oteeys.rar.ockheey.dorchy.okchy.qokeechy.dal.chy.chokeeey.sory,okeodaiin ykeeody shsdy shyokeey dalches okos cheky otees oteydy okechoy yteody cheteedy chedady otychdy oteey cpheeody otey chkey daiin chey daiir oteeys rar ockheey dorchy okchy qokeechy dal chy chokeeey sory
IT2a-n,f68v2,"f68v2.7,@Ro",otey.dalar,otey dalar
IT2a-n,f68v2,"f68v2.8,@Ro",otosey<->sary,otoseysary
IT2a-n,f68v2,"f68v2.9,@Ro",yshesos.ar.shy,yshesos ar shy
IT2a-n,f68v2,"f68v2.10,@Ro",socths.chety,socths chety
IT2a-n,f68v2,"f68v2.11,@Ro",oteoys<->orasaly,oteoysorasaly
IT2a-n,f68v2,"f68v2.12,@Ro",yteody.chetey,yteody chetey
IT2a-n,f68v2,"f68v2.13,@Ro",otchos.alamchy,otchos alamchy
IT2a-n,f68v2,"f68v2.14,@Ro",otchdy<->chetal,otchdychetal
IT2a-n,f68v2,"f68v2.15,@Ro",adairchdy.aiin,adairchdy aiin
IT2a-n,f68v2,"f68v2.16,@Ro",dchedal.daiin,dchedal daiin
IT2a-n,f68v2,"f68v2.17,@Ro",ykeeepol<->ypchy,ykeeepolypchy
IT2a-n,f68v2,"f68v2.18,@Ro",choteey.daro,choteey daro
IT2a-n,f68v1,"f68v1.1,@Cc",shes.ol.keey.shey.chteey.sheely.shes.yeed.shokeolls.ees.aiir.ol.cho.aiin.ykeeykeey.shes.chotey.ykeey.sses.aiin.okeyteey.cthody.chesokeeoteody.choikhy.otol.okeody.sheos.chkorchy.dy.dy.shety.oteey.dair.chotedy.chey.dal.daiin.dakeey,shes ol keey shey chteey sheely shes yeed shokeolls ees aiir ol cho aiin ykeeykeey shes chotey ykeey sses aiin okeyteey cthody chesokeeoteody choikhy otol okeody sheos chkorchy dy dy shety oteey dair chotedy chey dal daiin dakeey
IT2a-n,f68v1,"f68v1.2,@Cc",chear.s.oteey.dain.dycheckhy.oteeos.oteol.okeos.okeeody.sho.yteod.oteeol.okeeos.or.chos.or.ocko.aiin.chol.ykeey.sheo.s.cheoekeey.cheodaiir.cheekchey.chkeody.otchy.teeos.sh.cheo.eky.okey.doleed.s.aly.oteotey.otechs.opain,chear s oteey dain dycheckhy oteeos oteol okeos okeeody sho yteod oteeol okeeos or chos or ocko aiin chol ykeey sheo s cheoekeey cheodaiir cheekchey chkeody otchy teeos sh cheo eky okey doleed s aly oteotey otechs opain
IT2a-n,f68v1,"f68v1.3,@Ro",dair.cpchety.dy,dair cpchety dy
IT2a-n,f68v1,"f68v1.4,@Ro",sair.arolsas,sair arolsas
IT2a-n,f68v1,"f68v1.5,@Ro",oteeos.araly,oteeos araly
IT2a-n,f68v1,"f68v1.6,@Ro",okechdaral,okechdaral
IT2a-n,f68v1,"f68v1.7,@Ro",otol.chcs.otaly,otol chcs otaly
IT2a-n,f68v1,"f68v1.8,@Ro",okeey.ch.ek.chekeys,okeey ch ek chekeys
IT2a-n,f68v1,"f68v1.9,@Ro",dar.shes.shokey,dar shes shokey
IT2a-n,f68v1,"f68v1.10,@Ro",oteodain.sar,oteodain sar
IT2a-n,f69r,"f69r.1,@P0",<%>tcheeos.shey.opaiin.chey.shey.qokeeashdy.ol.ot.otal.sar,tcheeos shey opaiin chey shey qokeeashdy ol ot otal sar
IT2a-n,f69r,"f69r.2,+P0",daiin.shey.okaiin.shkechy.sheey.tey.chy.cthy.otol.cham,daiin shey okaiin shkechy sheey tey chy cthy otol cham
IT2a-n,f69r,"f69r.3,+P0",sheosaiin.ctar.choetey.okal.chy.ykar.ytchey.cheotam,sheosaiin ctar choetey okal chy ykar ytchey cheotam
IT2a-n,f69r,"f69r.4,+P0",ycheo.raiin.ychey.otaiin.okchor.yty.chkal.shol<$>,ycheo raiin ychey otaiin okchor yty chkal shol
IT2a-n,f69r,"f69r.5,@L0",oteos.chop.otaky,oteos chop otaky
IT2a-n,f69r,"f69r.6,&L0",ar.odain.chtaly,ar odain chtaly
IT2a-n,f69r,"f69r.7,&L0",oto.dar.archol,oto dar archol
IT2a-n,f69r,"f69r.8,&L0",okeeo.chey.dy,okeeo chey dy
IT2a-n,f69r,"f69r.9,&L0",dchochar.ar,dchochar ar
IT2a-n,f69r,"f69r.10,&L0",ytal.air.al,ytal air al
IT2a-n,f69r,"f69r.11,&L0",shy.chtairy,shy chtairy
IT2a-n,f69r,"f69r.12,&L0",ytoetear,ytoetear
IT2a-n,f69r,"f69r.13,&L0",ytey.cholam,ytey cholam
IT2a-n,f69r,"f69r.14,&L0",dair.ar.yteey.chdy,dair ar yteey chdy
IT2a-n,f69r,"f69r.15,&L0",okair.os.air,okair os air
IT2a-n,f69r,"f69r.16,&L0",chy.to.s.aly,chy to s aly
IT2a-n,f69r,"f69r.17,&L0",chetar.ar.aly,chetar ar aly
IT2a-n,f69r,"f69r.18,&L0",dalr.al.ody,dalr al ody
IT2a-n,f69r,"f69r.19,&L0",dal.daiin.otolam,dal daiin otolam
IT2a-n,f69r,"f69r.20,&L0",ytcheodytor,ytcheodytor
IT2a-n,f69r,"f69r.21,@Ro",chodchy.chotal,chodchy chotal
IT2a-n,f69r,"f69r.22,@Ro",okeo.sho.qotam,okeo sho qotam
IT2a-n,f69r,"f69r.23,@Ro",okeodar.oteody,okeodar oteody
IT2a-n,f69r,"f69r.24,@Ro",ykeeos.al.dair.dar,ykeeos al dair dar
IT2a-n,f69r,"f69r.25,@Ro",ykeey.dal.oky,ykeey dal oky
IT2a-n,f69r,"f69r.26,@Ro",doly.dal.dar.chyky,doly dal dar chyky
IT2a-n,f69r,"f69r.27,@Ro",okchol.qokol.dalo,okchol qokol dalo
IT2a-n,f69r,"f69r.28,@Ro",ykechody.otar,ykechody otar
IT2a-n,f69r,"f69r.29,@Ro",dary.dar.aloly,dary dar aloly
IT2a-n,f69r,"f69r.30,@Ro",okchocthy.okar.ar,okchocthy okar ar
IT2a-n,f69r,"f69r.31,@Ro",cheg.ar.ithor.ary,cheg ar ithor ary
IT2a-n,f69r,"f69r.32,@Ro",sair.chekey.dairam,sair chekey dairam
IT2a-n,f69r,"f69r.33,@Ro",okcho.dal.okar.ar,okcho dal okar ar
IT2a-n,f69r,"f69r.34,@Ro",sol.aiir.okeytam,sol aiir okeytam
IT2a-n,f69r,"f69r.35,@Ro",okeos.ar.alg,okeos ar alg
IT2a-n,f69r,"f69r.36,@Ro",docheeo.kody.sar,docheeo kody sar
IT2a-n,f69r,"f69r.37,@Ro",dchokey.shkchody.al,dchokey shkchody al
IT2a-n,f69r,"f69r.38,@Ro",chor.al.ylcho.ral,chor al ylcho ral
IT2a-n,f69r,"f69r.39,@Ro",soir.al.okody.otedy,soir al okody otedy
IT2a-n,f69r,"f69r.40,@Ro",okody.cheody.sar,okody cheody sar
IT2a-n,f69r,"f69r.41,@Ro",chokeod.okeea,chokeod okeea
IT2a-n,f69r,"f69r.42,@Ro",dkochy.cthody.dy,dkochy cthody dy
IT2a-n,f69r,"f69r.43,@Cc",okoeese.dainkey.ochs.cheor.yteey.okcheo.dar.cho.okchos.al.aiin,okoeese dainkey ochs cheor yteey okcheo dar cho okchos al aiin
IT2a-n,f69r,"f69r.44,@L0",y,y
IT2a-n,f69r,"f69r.45,@L0",d,d
IT2a-n,f69r,"f69r.46,@L0",o,o
IT2a-n,f69r,"f69r.47,@L0",l,l
IT2a-n,f69r,"f69r.48,@L0",s,s
IT2a-n,f69r,"f69r.49,@L0",em,em
IT2a-n,f69v,"f69v.1,@Cc",dair.cheyky.otamy<->sarar.chykar<->okair.sh.ar.chetody.okeeos.otey.otokchey.okeeody.okeey.doiir.yteeo.y.echa.ota.okedy.chsdy.okeody.dy.cho.aiin.okar.okar.chol.chese.yto.odair.oty.otcho.dar.o.ey.keody.dchor.char,dair cheyky otamysarar chykarokair sh ar chetody okeeos otey otokchey okeeody okeey doiir yteeo y echa ota okedy chsdy okeody dy cho aiin okar okar chol chese yto odair oty otcho dar o ey keody dchor char
IT2a-n,f69v,"f69v.2,@Cc",ykay.chol.ykar<->dal.ykady<->eokeeor.cheoy.choly.ykchal.cheos.oaram.ockhy.shchy.aiiny.daiial.cheody.cheol.yekey.chsar.ydy.ykey.chy.dy.chol.ykar.oly.ykeeody.chey.dal.ody.airchy.choky.ychey.chey,ykay chol ykardal ykadyeokeeor cheoy choly ykchal cheos oaram ockhy shchy aiiny daiial cheody cheol yekey chsar ydy ykey chy dy chol ykar oly ykeeody chey dal ody airchy choky ychey chey
IT2a-n,f69v,"f69v.3,@Cc",doair.otaldal<->dair.y.chdy.otoar.ar.y.chy.qoteor.cho.qotair.chda.oteeal.chear.ar.air.oteody.ytyda.dchy.otoly.okeodal.oteoarar.chetesescher.dair.chey.okody.dal.oteey.oteey,doair otaldaldair y chdy otoar ar y chy qoteor cho qotair chda oteeal chear ar air oteody ytyda dchy otoly okeodal oteoarar chetesescher dair chey okody dal oteey oteey
IT2a-n,f69v,"f69v.4,@Ri",okchy.sar,okchy sar
IT2a-n,f69v,"f69v.5,@Ri",okeo.dy,okeo dy
IT2a-n,f69v,"f69v.6,@Ri",ochoyk,ochoyk
IT2a-n,f69v,"f69v.7,@Ri",ykeey,ykeey
IT2a-n,f69v,"f69v.8,@Ri",ytary,ytary
IT2a-n,f69v,"f69v.9,@Ri",oeesa,oeesa
IT2a-n,f69v,"f69v.10,@Ri",ytody,ytody
IT2a-n,f69v,"f69v.11,@Ri",okody,okody
IT2a-n,f69v,"f69v.12,@Ri",otody,otody
IT2a-n,f69v,"f69v.13,@Ri",okeol,okeol
IT2a-n,f69v,"f69v.14,@Ri",okeod,okeod
IT2a-n,f69v,"f69v.15,@Ri",oteeys,oteeys
IT2a-n,f69v,"f69v.16,@Ri",oteol,oteol
IT2a-n,f69v,"f69v.17,@Ri",ykeydy,ykeydy
IT2a-n,f69v,"f69v.18,@Ri",okeod,okeod
IT2a-n,f69v,"f69v.19,@Ri",saral,saral
IT2a-n,f69v,"f69v.20,@Ri",saiir,saiir
IT2a-n,f69v,"f69v.21,@Ri",okolar,okolar
IT2a-n,f69v,"f69v.22,@Ri",ykeody,ykeody
IT2a-n,f69v,"f69v.23,@Ri",sarydy,sarydy
IT2a-n,f69v,"f69v.24,@Ri",otchy,otchy
IT2a-n,f69v,"f69v.25,@Ri",okchy.dy,okchy dy
IT2a-n,f69v,"f69v.26,@Ri",okey.d,okey d
IT2a-n,f69v,"f69v.27,@Ri",okeod,okeod
IT2a-n,f69v,"f69v.28,@Ri",okodchy,okodchy
IT2a-n,f69v,"f69v.29,@Ri",okeody,okeody
IT2a-n,f69v,"f69v.30,@Ri",okchey.s,okchey s
IT2a-n,f69v,"f69v.31,@Ri",oar.alys,oar alys
IT2a-n,f70r1,"f70r1.2,@Cc",oteody.choekeeos.alairdy.okol.okeey.dary.otorsheod.okchedy.oteos.okes.okeos.cy.okchol.sair.ody.o.chopcheopchy.chol.air.shekchy.choteody.oteeshs.opcheody.otol.choky.chody.chotey.sheal.ar.ykeody.oteey.chedaiin.chotar.soly,oteody choekeeos alairdy okol okeey dary otorsheod okchedy oteos okes okeos cy okchol sair ody o chopcheopchy chol air shekchy choteody oteeshs opcheody otol choky chody chotey sheal ar ykeody oteey chedaiin chotar soly
IT2a-n,f70r1,"f70r1.3,+Cc",oteodas.chy.oteody.tochody.okchody.ytar.ytory.okeol.choly.yky.okchedy.chkal.ofchor.qokal.opolaiin.okeos.oty.dal.choekeey.dal.choekeey.dal.cheo.al.otchoky.chety.chodalar.okal.chear.aly.oteos.ar.os.al.okolair.dy,oteodas chy oteody tochody okchody ytar ytory okeol choly yky okchedy chkal ofchor qokal opolaiin okeos oty dal choekeey dal choekeey dal cheo al otchoky chety chodalar okal chear aly oteos ar os al okolair dy
IT2a-n,f70r1,"f70r1.4,@Ri",yfcheodly,yfcheodly
IT2a-n,f70r1,"f70r1.5,@Ri",ytcheas.aly,ytcheas aly
IT2a-n,f70r1,"f70r1.6,@Ri",otcho.dar.yky,otcho dar yky
IT2a-n,f70r1,"f70r1.7,@Ri",opar.ykchy,opar ykchy
IT2a-n,f70r1,"f70r1.8,@Ri",y.saimchy.dam,y saimchy dam
IT2a-n,f70r1,"f70r1.9,@Ri",otair.orolgy,otair orolgy
IT2a-n,f70r1,"f70r1.10,@Ri",dchal.dam,dchal dam
IT2a-n,f70r1,"f70r1.11,@Ri",yteody.sam,yteody sam
IT2a-n,f70r1,"f70r1.12,@Ri",okchy.dal.dy,okchy dal dy
IT2a-n,f70r1,"f70r1.13,@Cc",tshey.ol.oteey.ched.ar.oteos.sheor.alal.otar.ary.oteodshey.keody.oteos.al.otechg,tshey ol oteey ched ar oteos sheor alal otar ary oteodshey keody oteos al otechg
IT2a-n,f70r1,"f70r1.14,@Ri",ykeal,ykeal
IT2a-n,f70r1,"f70r1.15,@Ri",okeody,okeody
IT2a-n,f70r1,"f70r1.16,@Ri",otody,otody
IT2a-n,f70r1,"f70r1.17,@Ri",ypolol,ypolol
IT2a-n,f70r1,"f70r1.18,@Ri",chodal,chodal
IT2a-n,f70r1,"f70r1.19,@Ri",okosd,okosd
IT2a-n,f70r2,"f70r2.1,@P1",<%>otchey.sheol.chkey.shep.al.r.ar.chly.sheteal.aram,otchey sheol chkey shep al r ar chly sheteal aram
IT2a-n,f70r2,"f70r2.2,+P1",dair.cheey.s.chotey.dshy.dam.chchetal.ykemy,dair cheey s chotey dshy dam chchetal ykemy
IT2a-n,f70r2,"f70r2.3,+P1",ykeeo.y.s.al.shey.cthy.shekey.qokal.aiir.oteom,ykeeo y s al shey cthy shekey qokal aiir oteom
IT2a-n,f70r2,"f70r2.4,+P1",daiin.okeey.shoaiin.ckhhey.otal.shshy.tal.dam,daiin okeey shoaiin ckhhey otal shshy tal dam
IT2a-n,f70r2,"f70r2.5,+P1",tal.cheeod.dal.chcthy.qetal.ddl.ar.chal.dal,tal cheeod dal chcthy qetal ddl ar chal dal
IT2a-n,f70r2,"f70r2.6,+P1",ytar.arl.yol.al.aloees.ytaiir.otal.dal,ytar arl yol al aloees ytaiir otal dal
IT2a-n,f70r2,"f70r2.7,+P1",daiin.daiin.she.tal.qokal.chol.ckhhy.dy,daiin daiin she tal qokal chol ckhhy dy
IT2a-n,f70r2,"f70r2.8,+P1",ytas.alal.dalam.dal.cthol.oparam,ytas alal dalam dal cthol oparam
IT2a-n,f70r2,"f70r2.9,+P1",dyshol.shol.shol.shocthhy.dalaly,dyshol shol shol shocthhy dalaly
IT2a-n,f70r2,"f70r2.10,+P1",yokal.chol.kshody.tol.cheey.okal,yokal chol kshody tol cheey okal
IT2a-n,f70r2,"f70r2.11,+P1",daiin.chotal.qokal.chol.chotals,daiin chotal qokal chol chotals
IT2a-n,f70r2,"f70r2.12,+P1",qokal.shkal.dal.shy.qokal.chdy,qokal shkal dal shy qokal chdy
IT2a-n,f70r2,"f70r2.13,+P1",qotal.chey.key.okechy.chdy.cham,qotal chey key okechy chdy cham
IT2a-n,f70r2,"f70r2.14,+P1",okaiin.chcthhy.s.or.ary<$>,okaiin chcthhy s or ary
IT2a-n,f70r2,"f70r2.15,@Cc",sal.air.am.shedy.chokal.choikhy.shokeey.choky.chol.dy.okeeal.oteedy.dgs.dair.aiin.okees.okeear.okeear.ar.alekeey.ar.kam.oteeodalsy.chekeoar.chokey.dar.dcheoky.otar.doithy.dair.otchetchar.okseo.lal.kchm.okar.ar.dar,sal air am shedy chokal choikhy shokeey choky chol dy okeeal oteedy dgs dair aiin okees okeear okeear ar alekeey ar kam oteeodalsy chekeoar chokey dar dcheoky otar doithy dair otchetchar okseo lal kchm okar ar dar
IT2a-n,f70r2,"f70r2.16,+Cc",otar.ar.chedal.oar.al.aldaiin.ykeeeedaiir.sheol.dar.chal.ykees.aiis.dl.cheey.rkeeo.d.oteeodar.aiin.aral.daiir.sheedal.sheodaiin.choar.char.choteoly.cho.oteey.chotey.csoeky.chedy.choteos.am.oteodar.ockhh,otar ar chedal oar al aldaiin ykeeeedaiir sheol dar chal ykees aiis dl cheey rkeeo d oteeodar aiin aral daiir sheedal sheodaiin choar char choteoly cho oteey chotey csoeky chedy choteos am oteodar ockhh
IT2a-n,f70r2,"f70r2.17,+Cc",oches.air.chess.ctheey.sheeody.shopcho.yteody.ykaldy.oteeos.aiin.shey.shee.forar.aim.cheoteeodal.sho.choetchaldy.dal.aiir.ches.otes.ar.dalol.chtam<->opaiir.chekeo.oteedy.oteeo.okol.chotal.otol.al.dl,oches air chess ctheey sheeody shopcho yteody ykaldy oteeos aiin shey shee forar aim cheoteeodal sho choetchaldy dal aiir ches otes ar dalol chtamopaiir chekeo oteedy oteeo okol chotal otol al dl
IT2a-n,f70r2,"f70r2.18,+Cc",otoy.ar.arodchedy.cheecpheey.oteeos.ees.cheol.sheeey.okeedaly.cheeoekey.ykeed?.r.oteey.s.al.s.air.oteody.dar.aiir.ody.cheeos.chey.daiin.otoeeseor.air.chedy.oko.dar.al.sho.chotol.dal.dy,otoy ar arodchedy cheecpheey oteeos ees cheol sheeey okeedaly cheeoekey r oteey s al s air oteody dar aiir ody cheeos chey daiin otoeeseor air chedy oko dar al sho chotol dal dy
IT2a-n,f70r2,"f70r2.19,@Cc",otchsy.ol.shy.oteo.sal.ol.keey.oteol.choky.otchoshy,otchsy ol shy oteo sal ol keey oteol choky otchoshy
IT2a-n,f70v2,"f70v2.1,@Cc",okcheo.dar.otey.ykeey.tchy.otsheo.oteotey.shey.sheckh.opcheol.dair.dateey.sal.ody.choteey.choeteedy.oteoteotsho.yteos.alain.sheodaly.ckho.aiin.cholkal.chotear.oteody.cholaiin.oteeeo.al.ol.sheeor.okey.chol.dy.otees.cho.r.ol.ar.otoaiin.oteeody.sos.todaiin.chokain.otalal.otcham,okcheo dar otey ykeey tchy otsheo oteotey shey sheckh opcheol dair dateey sal ody choteey choeteedy oteoteotsho yteos alain sheodaly ckho aiin cholkal chotear oteody cholaiin oteeeo al ol sheeor okey chol dy otees cho r ol ar otoaiin oteeody sos todaiin chokain otalal otcham
IT2a-n,f70v2,"f70v2.2,@Lz",otalalg,otalalg
IT2a-n,f70v2,"f70v2.3,&Lz",okasy,okasy
IT2a-n,f70v2,"f70v2.4,&Lz",otar,otar
IT2a-n,f70v2,"f70v2.5,&Lz",oty,oty
IT2a-n,f70v2,"f70v2.6,&Lz",oky.ody,oky ody
IT2a-n,f70v2,"f70v2.7,&Lz",oty.or,oty or
IT2a-n,f70v2,"f70v2.8,&Lz",okaly,okaly
IT2a-n,f70v2,"f70v2.9,&Lz",otody,otody
IT2a-n,f70v2,"f70v2.10,&Lz",otald,otald
IT2a-n,f70v2,"f70v2.11,&Lz",otal.dar,otal dar
IT2a-n,f70v2,"f70v2.12,&Lz",okody,okody
IT2a-n,f70v2,"f70v2.13,&Lz",opys.am,opys am
IT2a-n,f70v2,"f70v2.14,&Lz",chckhhy,chckhhy
IT2a-n,f70v2,"f70v2.15,&Lz",otaly,otaly
IT2a-n,f70v2,"f70v2.16,&Lz",otal.rar,otal rar
IT2a-n,f70v2,"f70v2.17,&Lz",otal.dy,otal dy
IT2a-n,f70v2,"f70v2.18,&Lz",okeoly,okeoly
IT2a-n,f70v2,"f70v2.19,&Lz",okydy,okydy
IT2a-n,f70v2,"f70v2.20,&Lz",okees,okees
IT2a-n,f70v2,"f70v2.21,@Cc",daimdy.otar.am.ar.al.otard.chedaiin.otchy.dair.shchey.daiin.chalaly.oteody.chotol.chedy.oteatey.otcheor.ar.alody.daiir.oteedar.otchy.tchy.dal.al.cheoltey.oteedy.sheeteey.s<->h?s.keeol.ykeeos.shey.okear.ar.ar.alos,daimdy otar am ar al otard chedaiin otchy dair shchey daiin chalaly oteody chotol chedy oteatey otcheor ar alody daiir oteedar otchy tchy dal al cheoltey oteedy sheeteey keeol ykeeos shey okear ar ar alos
IT2a-n,f70v2,"f70v2.22,@Lz",sar.am,sar am
IT2a-n,f70v2,"f70v2.23,&Lz",otaral,otaral
IT2a-n,f70v2,"f70v2.24,&Lz",otalar,otalar
IT2a-n,f70v2,"f70v2.25,&Lz",otalam,otalam
IT2a-n,f70v2,"f70v2.26,&Lz",dolaram,dolaram
IT2a-n,f70v2,"f70v2.27,&Lz",okaram,okaram
IT2a-n,f70v2,"f70v2.28,&Lz",oteosal,oteosal
IT2a-n,f70v2,"f70v2.29,&Lz",salols,salols
IT2a-n,f70v2,"f70v2.30,&Lz",okaldal,okaldal
IT2a-n,f70v2,"f70v2.31,&Lz",ykolaiin,ykolaiin
IT2a-n,f70v2,"f70v2.32,@Cc",otal.dlay.oteoal.dal.aildy.otaiir.ar.oteey.shal.o.qoteeal.ar.al.otaiin.al.teodaiin.oteeo.cthey.otchos.oteos.aiin.d?iy,otal dlay oteoal dal aildy otaiir ar oteey shal o qoteeal ar al otaiin al teodaiin oteeo cthey otchos oteos aiin
IT2a-n,f70v2,"f70v2.33,@Lz",otylal,otylal
IT2a-n,f70v1,"f70v1.1,@Cc",dalalody.oteoshey.okoksheo.shokey.raiin.otor.ochy.sais.cheody.cheey.oteoeey.oamr.chcthy.dlal.oteodaiin.ykeody.oteody.sheo.daiin.oteedy.chekalchs.dar.shoteeody.okeeo.dal.cheody.okchoteees.oteeody.cheokeo.otaiin.shes.toar.aly.daly.sheal.daly.sheal,dalalody oteoshey okoksheo shokey raiin otor ochy sais cheody cheey oteoeey oamr chcthy dlal oteodaiin ykeody oteody sheo daiin oteedy chekalchs dar shoteeody okeeo dal cheody okchoteees oteeody cheokeo otaiin shes toar aly daly sheal daly sheal
IT2a-n,f70v1,"f70v1.2,@Lz",otalchy.tar.am.dy,otalchy tar am dy
IT2a-n,f70v1,"f70v1.3,&Lz",opchey.sal,opchey sal
IT2a-n,f70v1,"f70v1.4,&Lz",otokaiman,otokaiman
IT2a-n,f70v1,"f70v1.5,&Lz",okalal,okalal
IT2a-n,f70v1,"f70v1.6,&Lz",otyly,otyly
IT2a-n,f70v1,"f70v1.7,&Lz",oalcheg,oalcheg
IT2a-n,f70v1,"f70v1.8,&Lz",otchodals,otchodals
IT2a-n,f70v1,"f70v1.9,&Lz",okolshy,okolshy
IT2a-n,f70v1,"f70v1.10,&Lz",otshshdy,otshshdy
IT2a-n,f70v1,"f70v1.11,&Lz",otol.ypsharal,otol ypsharal
IT2a-n,f70v1,"f70v1.12,@Cc",daiin.okey.otodal.cheokeeo.okeodal.shol.olaiin.saiin.sheo.qokeeol.oteeykey.chekeal.oteosaiin.chekey.okeolol.chees.oteey.opotey.dal.al.s.otecheo.dal,daiin okey otodal cheokeeo okeodal shol olaiin saiin sheo qokeeol oteeykey chekeal oteosaiin chekey okeolol chees oteey opotey dal al s otecheo dal
IT2a-n,f70v1,"f70v1.13,@Lz",okoly,okoly
IT2a-n,f70v1,"f70v1.14,&Lz",otolaiin,otolaiin
IT2a-n,f70v1,"f70v1.15,&Lz",oteo.alols.asaly,oteo alols asaly
IT2a-n,f70v1,"f70v1.16,&Lz",oteoeey.otal.okeal.ar,oteoeey otal okeal ar
IT2a-n,f70v1,"f70v1.17,&Lz",oteas.araydy,oteas araydy
IT2a-n,f71r,"f71r.1,@Cc",olkeeody.okody.okchedy.oky.eey.okeodar.okeoky.oteody.oto.otol.oteey.ar.ykooar.aiin.aekeeey.okeokeokeody.okeodar.chy.s.aiin.otokeoar.or.ar.al.otol.al.shckhey.oteeeodar.oteody.otol.aiin.shoekey.sal.al.ald.cheeokseo.qorky.choly,olkeeody okody okchedy oky eey okeodar okeoky oteody oto otol oteey ar ykooar aiin aekeeey okeokeokeody okeodar chy s aiin otokeoar or ar al otol al shckhey oteeeodar oteody otol aiin shoekey sal al ald cheeokseo qorky choly
IT2a-n,f71r,"f71r.2,@Lz",oteos.arar,oteos arar
IT2a-n,f71r,"f71r.3,&Lz",okldam,okldam
IT2a-n,f71r,"f71r.4,&Lz",oteoaldy,oteoaldy
IT2a-n,f71r,"f71r.5,&Lz",oteolar,oteolar
IT2a-n,f71r,"f71r.6,&Lz",okeoaly,okeoaly
IT2a-n,f71r,"f71r.7,&Lz",otaleky,otaleky
IT2a-n,f71r,"f71r.8,&Lz",otalsar,otalsar
IT2a-n,f71r,"f71r.9,&Lz",chsary,chsary
IT2a-n,f71r,"f71r.10,&Lz",oteotey.sary,oteotey sary
IT2a-n,f71r,"f71r.11,&Lz",otalaly,otalaly
IT2a-n,f71r,"f71r.12,@Cc",oteody.oteos.ockhey.oteesaey.lsheotey.okalody.shs.shey.oteey.otechar.chekal.okody.eeedy.oteodal.okol.lkchol.daiin.okeeees.ykees.al.okchy.otey.oteoshaly<->o,oteody oteos ockhey oteesaey lsheotey okalody shs shey oteey otechar chekal okody eeedy oteodal okol lkchol daiin okeeees ykees al okchy otey oteoshalyo
IT2a-n,f71r,"f71r.13,@Lz",otol.chdy,otol chdy
IT2a-n,f71r,"f71r.14,&Lz",otoloaram,otoloaram
IT2a-n,f71r,"f71r.15,&Lz",oteeol,oteeol
IT2a-n,f71r,"f71r.16,&Lz",otolchd,otolchd
IT2a-n,f71r,"f71r.17,&Lz",otal.dar,otal dar
IT2a-n,f71r,"f71r.18,@Cc",oteeol.otal.chs.char.cheky.chetshy.okeeody.oteey.chekeen.okeol,oteeol otal chs char cheky chetshy okeeody oteey chekeen okeol
IT2a-n,f71v,"f71v.1,@Cc",osheo.parar.oteeodaiin.she.ateey.daiin.oteokeey.dal.al.oteey.teey.dy.otchy.keey.shseor.ochey.???.???eodal.sheeolody.alody.cheol.otar.otam.oteodar.chpchy.cpar.al.aiin.oteochor.okeodaly.oteey.teeey.okeey.keor.or.arol.cheols.okaikaly,osheo parar oteeodaiin she ateey daiin oteokeey dal al oteey teey dy otchy keey shseor ochey sheeolody alody cheol otar otam oteodar chpchy cpar al aiin oteochor okeodaly oteey teeey okeey keor or arol cheols okaikaly
IT2a-n,f71v,"f71v.2,@Lz",char.orom,char orom
IT2a-n,f71v,"f71v.3,&Lz",chfaly,chfaly
IT2a-n,f71v,"f71v.4,&Lz",okolar,okolar
IT2a-n,f71v,"f71v.5,&Lz",otchody,otchody
IT2a-n,f71v,"f71v.6,&Lz",olcphy,olcphy
IT2a-n,f71v,"f71v.7,&Lz",otaiin,otaiin
IT2a-n,f71v,"f71v.8,&Lz",okaraiin,okaraiin
IT2a-n,f71v,"f71v.9,&Lz",okar.ar.aly,okar ar aly
IT2a-n,f71v,"f71v.10,&Lz",opalar.am.dan,opalar am dan
IT2a-n,f71v,"f71v.11,&Lz",opalor.ar,opalor ar
IT2a-n,f71v,"f71v.12,@Cc",chal.oteeos.al.shsky.okalar.ar.okeo.dar.oty.oto.kaiin.chey.tol.otchr.chtos.cheor.shepchol.otor.sheo.shopcho.ar.aly.okeo.cheey.otal.al.shldy.otaly.okol.sheeor,chal oteeos al shsky okalar ar okeo dar oty oto kaiin chey tol otchr chtos cheor shepchol otor sheo shopcho ar aly okeo cheey otal al shldy otaly okol sheeor
IT2a-n,f71v,"f71v.13,@Lz",ofacfom,ofacfom
IT2a-n,f71v,"f71v.14,&Lz",otalody,otalody
IT2a-n,f71v,"f71v.15,&Lz",otalaiin,otalaiin
IT2a-n,f71v,"f71v.16,&Lz",otar.shor,otar shor
IT2a-n,f71v,"f71v.17,&Lz",sholshdy,sholshdy
IT2a-n,f71v,"f71v.18,@Cc",okeey.okeosar.otaiin.chkeeal.okal.cheekaiin.okaiin.okchor.dar.oteey.kal,okeey okeosar otaiin chkeeal okal cheekaiin okaiin okchor dar oteey kal
IT2a-n,f72r1,"f72r1.1,@Cc",oteeo.ckhey.cholo.cheol.olchear.al.oteey.chedal.oteedy.okeodaly.cheol.chokeol.cheolky.okaiis.okeedy.sheoltey.cheor.aiin.ydal.okochey.sho.okalshey.shol.chalaiin.chekeol.kol.otos.ar.aiin.otar.otam.chotam.sal.okeo.dar.ar.adal.dar.okeeas.aiin.oteey.okoiin,oteeo ckhey cholo cheol olchear al oteey chedal oteedy okeodaly cheol chokeol cheolky okaiis okeedy sheoltey cheor aiin ydal okochey sho okalshey shol chalaiin chekeol kol otos ar aiin otar otam chotam sal okeo dar ar adal dar okeeas aiin oteey okoiin
IT2a-n,f72r1,"f72r1.2,@Lz",oshodody,oshodody
IT2a-n,f72r1,"f72r1.3,&Lz",chdaiirsainy,chdaiirsainy
IT2a-n,f72r1,"f72r1.4,&Lz",oaiin.ar.ary,oaiin ar ary
IT2a-n,f72r1,"f72r1.5,&Lz",okalam,okalam
IT2a-n,f72r1,"f72r1.6,&Lz",ytal.shda,ytal shda
IT2a-n,f72r1,"f72r1.7,&Lz",char.alf,char alf
IT2a-n,f72r1,"f72r1.8,&Lz",otaraldy,otaraldy
IT2a-n,f72r1,"f72r1.9,&Lz",otaiin.otain,otaiin otain
IT2a-n,f72r1,"f72r1.10,&Lz",otalef.as.ainam,otalef as ainam
IT2a-n,f72r1,"f72r1.11,&Lz",ochol.charam,ochol charam
IT2a-n,f72r1,"f72r1.12,@Cc",oteodar.ytey.otey.shetey.chokshor.okalal.otaiin.sheol.aiin.otaiin.chetey.cheolor.oteoteeody.otor.chokaiin.okaiin.al.alo.cheedy.oteorar.cheky.chokal.otas.al.oqokar,oteodar ytey otey shetey chokshor okalal otaiin sheol aiin otaiin chetey cheolor oteoteeody otor chokaiin okaiin al alo cheedy oteorar cheky chokal otas al oqokar
IT2a-n,f72r1,"f72r1.13,@Lz",ofaralar,ofaralar
IT2a-n,f72r1,"f72r1.14,&Lz",otchoshy,otchoshy
IT2a-n,f72r1,"f72r1.15,&Lz",otchdal,otchdal
IT2a-n,f72r1,"f72r1.16,&Lz",okeey.ary,okeey ary
IT2a-n,f72r1,"f72r1.17,&Lz",otainy,otainy
IT2a-n,f72r1,"f72r1.18,@Cc",oteeols.yroly<->okees.al.aiin.okeor.chol.o.oteos.aiin.chal.otaiin.otchor.chckhy,oteeols yrolyokees al aiin okeor chol o oteos aiin chal otaiin otchor chckhy
IT2a-n,f72r2,"f72r2.1,@Lz",ofchdady,ofchdady
IT2a-n,f72r2,"f72r2.2,&Lz",oklairdy,oklairdy
IT2a-n,f72r2,"f72r2.3,&Lz",okaram,okaram
IT2a-n,f72r2,"f72r2.4,&Lz",okairy,okairy
IT2a-n,f72r2,"f72r2.5,&Lz",okeolar,okeolar
IT2a-n,f72r2,"f72r2.6,@Cc",oteos.aiin.okeo.daiin.okeey.cheokeodal.cheol.okeol.olcthhy.oteeykeey.tey.okalaiin.okalchal.chey<->al.okeey.daiin.otar.al.chtaiin.otseey.qooeel.ckhal.chekaiin.otaiin.chy.d.r.aiin.al.y.sho.chekaiin.otedo?.qokeodal.saiin<->otais.otees,oteos aiin okeo daiin okeey cheokeodal cheol okeol olcthhy oteeykeey tey okalaiin okalchal cheyal okeey daiin otar al chtaiin otseey qooeel ckhal chekaiin otaiin chy d r aiin al y sho chekaiin qokeodal saiinotais otees
IT2a-n,f72r2,"f72r2.7,@Lz",otaraldy,otaraldy
IT2a-n,f72r2,"f72r2.8,&Lz",okalar,okalar
IT2a-n,f72r2,"f72r2.9,&Lz",okal,okal
IT2a-n,f72r2,"f72r2.10,&Lz",okaly,okaly
IT2a-n,f72r2,"f72r2.11,&Lz",okal,okal
IT2a-n,f72r2,"f72r2.12,&Lz",okeey.ary,okeey ary
IT2a-n,f72r2,"f72r2.13,&Lz",oteeary,oteeary
IT2a-n,f72r2,"f72r2.14,&Lz",otair.dy,otair dy
IT2a-n,f72r2,"f72r2.15,&Lz",okaircham,okaircham
IT2a-n,f72r2,"f72r2.16,&Lz",okeal,okeal
IT2a-n,f72r2,"f72r2.17,&Lz",otarar,otarar
IT2a-n,f72r2,"f72r2.18,&Lz",okaly,okaly
IT2a-n,f72r2,"f72r2.19,&Lz",orary,orary
IT2a-n,f72r2,"f72r2.20,&Lz",okyd,okyd
IT2a-n,f72r2,"f72r2.21,&Lz",otolam,otolam
IT2a-n,f72r2,"f72r2.22,@Cc",oteey.tey.teodal.chokaly.ol.cheol.yaiin.oteodaiin.shokal.otey.otaiin.otal.y.dal.okaly.dalchdy.cseteeey.okal.shey.qoteeody.sheycthy.chotal.chees.otoees.aiin,oteey tey teodal chokaly ol cheol yaiin oteodaiin shokal otey otaiin otal y dal okaly dalchdy cseteeey okal shey qoteeody sheycthy chotal chees otoees aiin
IT2a-n,f72r2,"f72r2.23,@Lz",otal,otal
IT2a-n,f72r2,"f72r2.24,&Lz",salal,salal
IT2a-n,f72r2,"f72r2.25,&Lz",okam,okam
IT2a-n,f72r2,"f72r2.26,&Lz",otalshy,otalshy
IT2a-n,f72r2,"f72r2.27,&Lz",okaldy,okaldy
IT2a-n,f72r2,"f72r2.28,&Lz",chosar,chosar
IT2a-n,f72r2,"f72r2.29,&Lz",otam,otam
IT2a-n,f72r2,"f72r2.30,&Lz",ainaly,ainaly
IT2a-n,f72r2,"f72r2.31,&Lz",okar.cham,okar cham
IT2a-n,f72r2,"f72r2.32,@Cc",otoar.air.aloy.okaiin.otees.chs.chchs.ar.yly.kaly.dar.otchey.okaiin.ola.in.dy,otoar air aloy okaiin otees chs chchs ar yly kaly dar otchey okaiin ola in dy
IT2a-n,f72r3,"f72r3.1,@Cc",okeey.cheky.oteo.ykeey.chedaiin.okeeol.cheeor.chocthar.ar.oteody.oteedy.okeolaiin.oteey.okarar.???dy<->sheol.al.alaiiin.okeos.olaiin.okos.okeo?ar.otes.sar.aiin.chekaithhy.chokees.oteedy.chekar.okar.ch?.ches.os.oiin.okeeey.cheey.ches.oteody.cheal.dy.shocthy.choteey.ereoly.oheol.sheey.chorain,okeey cheky oteo ykeey chedaiin okeeol cheeor chocthar ar oteody oteedy okeolaiin oteey okarar al alaiiin okeos olaiin okos otes sar aiin chekaithhy chokees oteedy chekar okar ches os oiin okeeey cheey ches oteody cheal dy shocthy choteey ereoly oheol sheey chorain
IT2a-n,f72r3,"f72r3.2,@Lz",olkalaiin,olkalaiin
IT2a-n,f72r3,"f72r3.3,&Lz",olalsy,olalsy
IT2a-n,f72r3,"f72r3.4,&Lz",or.aiin.am,or aiin am
IT2a-n,f72r3,"f72r3.5,&Lz",os.as.sheeen,os as sheeen
IT2a-n,f72r3,"f72r3.6,&Lz",otosaiin,otosaiin
IT2a-n,f72r3,"f72r3.7,&Lz",opoiisooin.al.aes,opoiisooin al aes
IT2a-n,f72r3,"f72r3.8,&Lz",ypaiin.aloly,ypaiin aloly
IT2a-n,f72r3,"f72r3.9,&Lz",oteey.daiin,oteey daiin
IT2a-n,f72r3,"f72r3.10,&Lz",oeeeodaiin,oeeeodaiin
IT2a-n,f72r3,"f72r3.11,&Lz",ofsholdy,ofsholdy
IT2a-n,f72r3,"f72r3.12,&Lz",opoeey.okaiin,opoeey okaiin
IT2a-n,f72r3,"f72r3.13,&Lz",ykolairol,ykolairol
IT2a-n,f72r3,"f72r3.14,@Cc",otochedy.otal.okoey.sheedy.oteodar.ykeolal.ya.r.oteos.cheolaiin.ykeeoly.otaiin.shear.oiin.or<->o?.?o?a.sheokeor.oteody.oekes.otees.oeteos.dotsey.se??or.oteol.shol.cheem.okeody.sheol.shey.sheysy.sho.teey.cheor.yoeteey.okeeoy.chy.okeeo.ykoly,otochedy otal okoey sheedy oteodar ykeolal ya r oteos cheolaiin ykeeoly otaiin shear oiin sheokeor oteody oekes otees oeteos dotsey oteol shol cheem okeody sheol shey sheysy sho teey cheor yoeteey okeeoy chy okeeo ykoly
IT2a-n,f72r3,"f72r3.15,@Lz",or.alkam,or alkam
IT2a-n,f72r3,"f72r3.16,&Lz",ytairal,ytairal
IT2a-n,f72r3,"f72r3.17,&Lz",oeees.aiin,oeees aiin
IT2a-n,f72r3,"f72r3.18,&Lz",ory,ory
IT2a-n,f72r3,"f72r3.19,&Lz",ochey.fydy,ochey fydy
IT2a-n,f72r3,"f72r3.20,&Lz",ofais.o.seesaly,ofais o seesaly
IT2a-n,f72r3,"f72r3.21,&Lz",ykairaiin.oiral,ykairaiin oiral
IT2a-n,f72r3,"f72r3.22,&Lz",okalar,okalar
IT2a-n,f72r3,"f72r3.23,&Lz",orara,orara
IT2a-n,f72r3,"f72r3.24,&Lz",oeaiin.olaikhy,oeaiin olaikhy
IT2a-n,f72r3,"f72r3.25,&Lz",olfsheoral,olfsheoral
IT2a-n,f72r3,"f72r3.26,@Cc",oteey.arary.eeer.chem.shses.opcholalaiin.oteeor.am.sheal.otaipchy.oteees.ar.am.olaiin.otedas.olol.choty.oteol.sheshdy.chedy.chedy.dy.shes.eedy.sheol.chy.ckhol,oteey arary eeer chem shses opcholalaiin oteeor am sheal otaipchy oteees ar am olaiin otedas olol choty oteol sheshdy chedy chedy dy shes eedy sheol chy ckhol
IT2a-n,f72r3,"f72r3.27,@Lz",opalal,opalal
IT2a-n,f72r3,"f72r3.28,&Lz",yfary,yfary
IT2a-n,f72r3,"f72r3.29,&Lz",osaiisal,osaiisal
IT2a-n,f72r3,"f72r3.30,&Lz",ytoar.shor,ytoar shor
IT2a-n,f72r3,"f72r3.31,&Lz",octho,octho
IT2a-n,f72r3,"f72r3.32,&Lz",oral,oral
IT2a-n,f72r3,"f72r3.33,&Lz",oletal,oletal
IT2a-n,f72r3,"f72r3.34,@Cc",okeos.aiin.olaiin.oraiin.octheol.arl.okeeody.oteos.aiin.koly,okeos aiin olaiin oraiin octheol arl okeeody oteos aiin koly
IT2a-n,f72v3,"f72v3.1,@Cc",soees.otchs.otedar.oteody.oteodal.oteos.ote?k??.?eody.sheokay.sheody.shedykeyl.eteodys.okoleeolar.okeey.shedy.otey.sho.shol.teody.okol???.yklede?y.okechly.olaiin.shokche??.lol.chopchey.teey.teoda.cher.okecheay.otechol.chsor.cheey.daein.oyteiedar.chr.cthy.otycheedy.oteeoly.chokory,soees otchs otedar oteody oteodal oteos sheokay sheody shedykeyl eteodys okoleeolar okeey shedy otey sho shol teody okechly olaiin lol chopchey teey teoda cher okecheay otechol chsor cheey daein oyteiedar chr cthy otycheedy oteeoly chokory
IT2a-n,f72v3,"f72v3.2,@Lz",ogeom,ogeom
IT2a-n,f72v3,"f72v3.3,&Lz",oreeey,oreeey
IT2a-n,f72v3,"f72v3.4,&Lz",okam,okam
IT2a-n,f72v3,"f72v3.5,&Lz",okey,okey
IT2a-n,f72v3,"f72v3.6,&Lz",oteeeody,oteeeody
IT2a-n,f72v3,"f72v3.7,&Lz",okyeeshy,okyeeshy
IT2a-n,f72v3,"f72v3.9,&Lz",okoly,okoly
IT2a-n,f72v3,"f72v3.10,&Lz",otoly,otoly
IT2a-n,f72v3,"f72v3.11,&Lz",ofalals,ofalals
IT2a-n,f72v3,"f72v3.12,&Lz",reeeos.ocfhey,reeeos ocfhey
IT2a-n,f72v3,"f72v3.13,&Lz",daiin.chcpy,daiin chcpy
IT2a-n,f72v3,"f72v3.14,&Lz",oteey.dchyr,oteey dchyr
IT2a-n,f72v3,"f72v3.15,&Lz",cheolpy,cheolpy
IT2a-n,f72v3,"f72v3.16,&Lz",okeeol,okeeol
IT2a-n,f72v3,"f72v3.17,&Lz",okaly,okaly
IT2a-n,f72v3,"f72v3.18,&Lz",okaldy,okaldy
IT2a-n,f72v3,"f72v3.20,@Cc",etoteear.shos.otchy.??eody.cheokey.okeoekol.oteos.aiin.yal.eeedy.okeos.aly.shy.okay.okeeey.okeedaly.cholairy.oke.cheesy.okeeol.chey.otey.aldy.chdy.del.ok?eoloky.oty.aiin.cheis.otoly.ok???,etoteear shos otchy cheokey okeoekol oteos aiin yal eeedy okeos aly shy okay okeeey okeedaly cholairy oke cheesy okeeol chey otey aldy chdy del oty aiin cheis otoly
IT2a-n,f72v3,"f72v3.21,@Lz",sholeey,sholeey
IT2a-n,f72v3,"f72v3.22,&Lz",oky,oky
IT2a-n,f72v3,"f72v3.23,&Lz",chcthhy,chcthhy
IT2a-n,f72v3,"f72v3.24,&Lz",loly,loly
IT2a-n,f72v3,"f72v3.25,&Lz",oeemy,oeemy
IT2a-n,f72v3,"f72v3.26,&Lz",odair.an,odair an
IT2a-n,f72v3,"f72v3.27,&Lz",okary,okary
IT2a-n,f72v3,"f72v3.28,&Lz",oecs.aiin,oecs aiin
IT2a-n,f72v3,"f72v3.29,&Lz",oteesod,oteesod
IT2a-n,f72v3,"f72v3.30,&Lz",epal,epal
IT2a-n,f72v3,"f72v3.31,&Lz",otaly,otaly
IT2a-n,f72v3,"f72v3.32,&Lz",otoly.yty,otoly yty
IT2a-n,f72v3,"f72v3.33,@Cc",okeserr.or.cskesol.okeol.yiin.cholal.ykesodarar.oleeo.dy.shedy.soear.aldy.oteor.cheor,okeserr or cskesol okeol yiin cholal ykesodarar oleeo dy shedy soear aldy oteor cheor
IT2a-n,f72v2,"f72v2.1,@Cc",ataseos.oty.oteos.oty.chotey.dchy.chopchy.otycoyl.ctheol.shey.tchols.choraiin.chekaiphy.oteeos.yly.oksedy.cseo.cthey.???eck?y?.ge???eem.cth???s.okeeel.okedy.cheos.okeeor.cheey.okeey.tchy.cheeey.ekeolol.sheeoeky.oekeeor.aiin.olal.olal.kair.okolraiin,ataseos oty oteos oty chotey dchy chopchy otycoyl ctheol shey tchols choraiin chekaiphy oteeos yly oksedy cseo cthey okeeel okedy cheos okeeor cheey okeey tchy cheeey ekeolol sheeoeky oekeeor aiin olal olal kair okolraiin
IT2a-n,f72v2,"f72v2.2,@Lz",oeedey,oeedey
IT2a-n,f72v2,"f72v2.3,&Lz",oeeo.daiin,oeeo daiin
IT2a-n,f72v2,"f72v2.4,&Lz",okeoram,okeoram
IT2a-n,f72v2,"f72v2.5,&Lz",airolm,airolm
IT2a-n,f72v2,"f72v2.6,&Lz",oshesy,oshesy
IT2a-n,f72v2,"f72v2.7,&Lz",okeory,okeory
IT2a-n,f72v2,"f72v2.8,&Lz",cheoekcy,cheoekcy
IT2a-n,f72v2,"f72v2.9,&Lz",eeoeety,eeoeety
IT2a-n,f72v2,"f72v2.10,&Lz",sheoeky,sheoeky
IT2a-n,f72v2,"f72v2.11,&Lz",oteodar,oteodar
IT2a-n,f72v2,"f72v2.12,&Lz",ofchdysd,ofchdysd
IT2a-n,f72v2,"f72v2.13,&Lz",oeeod,oeeod
IT2a-n,f72v2,"f72v2.14,&Lz",yteody,yteody
IT2a-n,f72v2,"f72v2.15,&Lz",okeody,okeody
IT2a-n,f72v2,"f72v2.16,&Lz",okeoldy,okeoldy
IT2a-n,f72v2,"f72v2.17,&Lz",ykeeol,ykeeol
IT2a-n,f72v2,"f72v2.18,&Lz",opaiinar,opaiinar
IT2a-n,f72v2,"f72v2.19,&Lz",eeeoloy,eeeoloy
IT2a-n,f72v2,"f72v2.20,@Cc",otees.ody.otey.otchos.sheot?.yteed.dchsaiin.shol.okches.air.am.shey.qokeodal.oteotey.oteoldy.otealchedy.chotal.al.okal.cheol.saraiin.cheokaidy.sandy.otol.chskar.alteol.oltar.or,otees ody otey otchos yteed dchsaiin shol okches air am shey qokeodal oteotey oteoldy otealchedy chotal al okal cheol saraiin cheokaidy sandy otol chskar alteol oltar or
IT2a-n,f72v2,"f72v2.21,@Lz",okaiin,okaiin
IT2a-n,f72v2,"f72v2.22,&Lz",oekeol,oekeol
IT2a-n,f72v2,"f72v2.23,&Lz",oeedy,oeedy
IT2a-n,f72v2,"f72v2.24,&Lz",opalg,opalg
IT2a-n,f72v2,"f72v2.25,&Lz",okeeom,okeeom
IT2a-n,f72v2,"f72v2.26,&Lz",olkar,olkar
IT2a-n,f72v2,"f72v2.27,&Lz",oeedaly,oeedaly
IT2a-n,f72v2,"f72v2.28,&Lz",cheos.sh?s,cheos
IT2a-n,f72v2,"f72v2.29,&Lz",ofcheay,ofcheay
IT2a-n,f72v2,"f72v2.30,&Lz",yteedy,yteedy
IT2a-n,f72v2,"f72v2.31,&Lz",oraiin,oraiin
IT2a-n,f72v2,"f72v2.32,&Lz",okeo.rar,okeo rar
IT2a-n,f72v2,"f72v2.33,@Cc",otaiin.otshedy.chokeedy.otes.al.al.ar.chetolain.sheodaly.sheokey.okealy.sany,otaiin otshedy chokeedy otes al al ar chetolain sheodaly sheokey okealy sany
IT2a-n,f72v1,"f72v1.1,@Cc",oteos.alar.otar.air.chpaly.oteody.okchesal.otear.alshey.oleealy.sh?etey.oteos.alal.dals.alchol.ytolaiin.ydaiin.chotar.ytal.oto.shoty.otey.okchedyly.shdary.sar.otedy.oto.rar.shedy.opsheytey.opairaly.choshydy.otar.cheedy.otalaiin.cheeky.okalar.ysr?y.s.ok?s?t?,oteos alar otar air chpaly oteody okchesal otear alshey oleealy oteos alal dals alchol ytolaiin ydaiin chotar ytal oto shoty otey okchedyly shdary sar otedy oto rar shedy opsheytey opairaly choshydy otar cheedy otalaiin cheeky okalar s
IT2a-n,f72v1,"f72v1.2,@Lz",oeeoty,oeeoty
IT2a-n,f72v1,"f72v1.3,&Lz",octhy,octhy
IT2a-n,f72v1,"f72v1.4,&Lz",oteoly,oteoly
IT2a-n,f72v1,"f72v1.5,&Lz",okeoly,okeoly
IT2a-n,f72v1,"f72v1.6,&Lz",oeees,oeees
IT2a-n,f72v1,"f72v1.7,&Lz",ocfshy,ocfshy
IT2a-n,f72v1,"f72v1.8,&Lz",oees,oees
IT2a-n,f72v1,"f72v1.9,&Lz",okeeoly,okeeoly
IT2a-n,f72v1,"f72v1.10,&Lz",odal,odal
IT2a-n,f72v1,"f72v1.11,&Lz",aiinod,aiinod
IT2a-n,f72v1,"f72v1.12,&Lz",odody,odody
IT2a-n,f72v1,"f72v1.13,&Lz",oteod,oteod
IT2a-n,f72v1,"f72v1.14,&Lz",yteod,yteod
IT2a-n,f72v1,"f72v1.15,&Lz",okchedy,okchedy
IT2a-n,f72v1,"f72v1.16,&Lz",okyl,okyl
IT2a-n,f72v1,"f72v1.17,&Lz",ytaly,ytaly
IT2a-n,f72v1,"f72v1.18,&Lz",ocheos,ocheos
IT2a-n,f72v1,"f72v1.19,&Lz",oteofy,oteofy
IT2a-n,f72v1,"f72v1.20,&Lz",cheoepy,cheoepy
IT2a-n,f72v1,"f72v1.21,&Lz",ykeedy,ykeedy
IT2a-n,f72v1,"f72v1.22,@Cc",otariir.otoltopar.oteol.aiin.ofas.al.otshedy.ofalar.alshdy.chpar.aiin.okaly.okar<->yaly.opcheolfy.opar.cheoekey.otolopaiin.shaldy.chepchy.atey.tear,otariir otoltopar oteol aiin ofas al otshedy ofalar alshdy chpar aiin okaly okaryaly opcheolfy opar cheoekey otolopaiin shaldy chepchy atey tear
IT2a-n,f72v1,"f72v1.23,@Lz",oeeoly,oeeoly
IT2a-n,f72v1,"f72v1.24,&Lz",okady,okady
IT2a-n,f72v1,"f72v1.25,&Lz",okeey,okeey
IT2a-n,f72v1,"f72v1.26,&Lz",oiiny,oiiny
IT2a-n,f72v1,"f72v1.27,&Lz",oeey,oeey
IT2a-n,f72v1,"f72v1.28,&Lz",okedy,okedy
IT2a-n,f72v1,"f72v1.29,&Lz",ypain,ypain
IT2a-n,f72v1,"f72v1.30,&Lz",okalair,okalair
IT2a-n,f72v1,"f72v1.31,&Lz",oeeody,oeeody
IT2a-n,f72v1,"f72v1.32,&Lz",okeol,okeol
IT2a-n,f72v1,"f72v1.33,@Cc",otalal.dalal.ykeols.oteos.aiin.yotoam.oteey.saiin.oteoos.am,otalal dalal ykeols oteos aiin yotoam oteey saiin oteoos am
IT2a-n,f73r,"f73r.1,@Lz",otoly,otoly
IT2a-n,f73r,"f73r.2,&Lz",chockhy,chockhy
IT2a-n,f73r,"f73r.3,&Lz",okedy,okedy
IT2a-n,f73r,"f73r.4,&Lz",yteeody,yteeody
IT2a-n,f73r,"f73r.5,@Cc",ypolcheey.salchedal.chepchey.daraly.oteos.air.ar.oteosdal.chotchy.soteees.alshey.ches.al.chees.cheoly.leiir?.choteey.cheteey.cheteeeosaiin.chetchody.chedar.ar.cheteey.oteor.ar.air.alor.shetch.ytchy.cheody.ykeydom.oteos.alar.alcheky,ypolcheey salchedal chepchey daraly oteos air ar oteosdal chotchy soteees alshey ches al chees cheoly choteey cheteey cheteeeosaiin chetchody chedar ar cheteey oteor ar air alor shetch ytchy cheody ykeydom oteos alar alcheky
IT2a-n,f73r,"f73r.6,@Lz",otaly,otaly
IT2a-n,f73r,"f73r.7,&Lz",okeody,okeody
IT2a-n,f73r,"f73r.8,&Lz",oteedyl,oteedyl
IT2a-n,f73r,"f73r.9,&Lz",okesdy,okesdy
IT2a-n,f73r,"f73r.10,&Lz",okery,okery
IT2a-n,f73r,"f73r.11,&Lz",oksedy,oksedy
IT2a-n,f73r,"f73r.12,&Lz",ykeeory,ykeeory
IT2a-n,f73r,"f73r.13,&Lz",oteeosy,oteeosy
IT2a-n,f73r,"f73r.14,&Lz",shekal,shekal
IT2a-n,f73r,"f73r.15,&Lz",oteedyg,oteedyg
IT2a-n,f73r,"f73r.16,&Lz",okedal,okedal
IT2a-n,f73r,"f73r.17,&Lz",chdy,chdy
IT2a-n,f73r,"f73r.18,&Lz",dalshey,dalshey
IT2a-n,f73r,"f73r.19,&Lz",opaiin,opaiin
IT2a-n,f73r,"f73r.20,&Lz",okeos,okeos
IT2a-n,f73r,"f73r.21,&Lz",otey,otey
IT2a-n,f73r,"f73r.22,@Cc",oteey.dar.al.opaiin.olalaiin.sair.ar.chopchedy.chdar.orom.otoreees.olteey.okees.otar.chey.oteas.ohor.opar.chey.daiin.qoiheey.scheey.dal.cheesy,oteey dar al opaiin olalaiin sair ar chopchedy chdar orom otoreees olteey okees otar chey oteas ohor opar chey daiin qoiheey scheey dal cheesy
IT2a-n,f73r,"f73r.23,@Lz",okary,okary
IT2a-n,f73r,"f73r.25,&Lz",ootady,ootady
IT2a-n,f73r,"f73r.26,&Lz",oky,oky
IT2a-n,f73r,"f73r.27,&Lz",chefy,chefy
IT2a-n,f73r,"f73r.28,&Lz",otal,otal
IT2a-n,f73r,"f73r.29,&Lz",shek,shek
IT2a-n,f73r,"f73r.30,&Lz",ar,ar
IT2a-n,f73r,"f73r.31,&Lz",kar,kar
IT2a-n,f73r,"f73r.32,&Lz",okeos,okeos
IT2a-n,f73r,"f73r.33,@Cc",osaiin.chedain.oteey.chedaly.okechs.chepchees.aly.oteodal,osaiin chedain oteey chedaly okechs chepchees aly oteodal
IT2a-n,f73v,"f73v.1,@Lz",okol,okol
IT2a-n,f73v,"f73v.2,&Lz",oteody,oteody
IT2a-n,f73v,"f73v.3,&Lz",oteody,oteody
IT2a-n,f73v,"f73v.4,&Lz",cheody,cheody
IT2a-n,f73v,"f73v.5,@Cc",otoar.ykeody.okodeey.qopchey.opaiin.qoteedy.dpy.otedy.csedy.qokeody.cheoral.okedal.oteody.shedy.otesalod.air.chy.ykchs.aly.ykeol.ydys.opchey.dy.toly.chfaikch.ytedar.echy.qokeey.oty.yteedy.choldy.qokalaiin.ykaipy.orary,otoar ykeody okodeey qopchey opaiin qoteedy dpy otedy csedy qokeody cheoral okedal oteody shedy otesalod air chy ykchs aly ykeol ydys opchey dy toly chfaikch ytedar echy qokeey oty yteedy choldy qokalaiin ykaipy orary
IT2a-n,f73v,"f73v.6,@Lz",okeody,okeody
IT2a-n,f73v,"f73v.7,&Lz",sheol,sheol
IT2a-n,f73v,"f73v.8,&Lz",odees,odees
IT2a-n,f73v,"f73v.9,&Lz",ecsy,ecsy
IT2a-n,f73v,"f73v.10,&Lz",ykeor,ykeor
IT2a-n,f73v,"f73v.11,&Lz",opals,opals
IT2a-n,f73v,"f73v.12,&Lz",ykeody,ykeody
IT2a-n,f73v,"f73v.13,&Lz",okeody,okeody
IT2a-n,f73v,"f73v.14,&Lz",ypaiin,ypaiin
IT2a-n,f73v,"f73v.15,&Lz",yfaiin.y,yfaiin y
IT2a-n,f73v,"f73v.16,&Lz",ofcheesy,ofcheesy
IT2a-n,f73v,"f73v.17,&Lz",oraiiny,oraiiny
IT2a-n,f73v,"f73v.18,&Lz",ykeeody,ykeeody
IT2a-n,f73v,"f73v.19,&Lz",okeos,okeos
IT2a-n,f73v,"f73v.20,&Lz",ykeear,ykeear
IT2a-n,f73v,"f73v.21,&Lz",qokeoly,qokeoly
IT2a-n,f73v,"f73v.22,@Cc",oteotor.alshy.oteolain.chokeedam.otody.qoty.shedy.chdy.tchol.oteody.cheytey.choty.okey.dy.okecholy.otey.chodaiin.chey.okchdy.saly.ar.daly,oteotor alshy oteolain chokeedam otody qoty shedy chdy tchol oteody cheytey choty okey dy okecholy otey chodaiin chey okchdy saly ar daly
IT2a-n,f73v,"f73v.23,@Lz",otedy,otedy
IT2a-n,f73v,"f73v.24,&Lz",ched,ched
IT2a-n,f73v,"f73v.25,&Lz",oky,oky
IT2a-n,f73v,"f73v.26,&Lz",oiair,oiair
IT2a-n,f73v,"f73v.27,&Lz",okal,okal
IT2a-n,f73v,"f73v.28,&Lz",ykey,ykey
IT2a-n,f73v,"f73v.29,&Lz",ykeeo,ykeeo
IT2a-n,f73v,"f73v.30,&Lz",okeod,okeod
IT2a-n,f73v,"f73v.31,&Lz",ykey,ykey
IT2a-n,f73v,"f73v.32,&Lz",ypal,ypal
IT2a-n,f73v,"f73v.33,@Cc",otedchor.alar.olkcho.oto.lam.okees.chory.ytaly.ylaly.otasam,otedchor alar olkcho oto lam okees chory ytaly ylaly otasam
IT2a-n,f75r,"f75r.1,@P0",<%>kchedy.kary<->okeey.qokar.shy.kchedy.qotar.shedy,kchedy karyokeey qokar shy kchedy qotar shedy
IT2a-n,f75r,"f75r.2,+P0",dain.shey.ly<->ssheol.qolchedy.chedykar.chekeedy.ror,dain shey lyssheol qolchedy chedykar chekeedy ror
IT2a-n,f75r,"f75r.3,+P0",qokain.chal<->orchey.qey.kain.sheeky.ltain.olkar.or,qokain chalorchey qey kain sheeky ltain olkar or
IT2a-n,f75r,"f75r.4,+P0",dackhy.lkamo<->ykeey.lshey.kal.dy.shey.or.shey.qokeedy,dackhy lkamoykeey lshey kal dy shey or shey qokeedy
IT2a-n,f75r,"f75r.5,+P0",shey.kar.chey<->ckhey.r.ain.ol.ol.sheedy.qokeey.qoky,shey kar cheyckhey r ain ol ol sheedy qokeey qoky
IT2a-n,f75r,"f75r.6,+P0",pchey.keeor.olky<->dar.okey.qokain.chcthy.qokeedy.qoky,pchey keeor olkydar okey qokain chcthy qokeedy qoky
IT2a-n,f75r,"f75r.7,+P0",pchedy.qokshdy<->ytain.chedy.qokar.chy.lol.chedy.qoky,pchedy qokshdyytain chedy qokar chy lol chedy qoky
IT2a-n,f75r,"f75r.8,+P0",sor.chey.qotardy<->dsheckhy.qokain.chckhy.lshedy.okeedy,sor chey qotardydsheckhy qokain chckhy lshedy okeedy
IT2a-n,f75r,"f75r.9,+P0",qokchdy.chcthy.lo<->qokedy.qokan.checkhy.qokar.olchedy.sal,qokchdy chcthy loqokedy qokan checkhy qokar olchedy sal
IT2a-n,f75r,"f75r.10,+P0",dshor.qotar.chdy<->shey.qokain.chckhy.dy.otey.tedy.lchedy,dshor qotar chdyshey qokain chckhy dy otey tedy lchedy
IT2a-n,f75r,"f75r.11,+P0",qokeedy.qokain.oly<->qokeedy.dy.qokal.okar.shedy.dor.chekam,qokeedy qokain olyqokeedy dy qokal okar shedy dor chekam
IT2a-n,f75r,"f75r.12,+P0",ssheckhy.qokal.oly<->shey.r.ol.cheey.shey.dy.ol.shedy.qoky,ssheckhy qokal olyshey r ol cheey shey dy ol shedy qoky
IT2a-n,f75r,"f75r.13,+P0",pchedy.keedy.qokedy<->qokedy.qokedy.qokedy.qokain.olshedy,pchedy keedy qokedyqokedy qokedy qokedy qokain olshedy
IT2a-n,f75r,"f75r.14,+P0",sain.ol.keeshy.qokain.dy<->olshedy.qokain.chckhy.qokain.otar.aly,sain ol keeshy qokain dyolshedy qokain chckhy qokain otar aly
IT2a-n,f75r,"f75r.15,+P0",sain.qokain.qol.keeoly<->saiin.chedy<->sol.or.shedy.okchdy.qoky,sain qokain qol keeolysaiin chedysol or shedy okchdy qoky
IT2a-n,f75r,"f75r.16,+P0",dshedy.qokar.sheedy.lch<->shokain.chy<->otshedy.qokain.chedy,dshedy qokar sheedy lchshokain chyotshedy qokain chedy
IT2a-n,f75r,"f75r.17,+P0",pchedar.shepchy.lshedary<->dal.shal<->shy.kol.shedy.qokam,pchedar shepchy lshedarydal shalshy kol shedy qokam
IT2a-n,f75r,"f75r.18,+P0",sol.sheedy.qol.shedy.qol<->otain.char.sar.oly,sol sheedy qol shedy qolotain char sar oly
IT2a-n,f75r,"f75r.19,+P0",qokshedy.qol.shey.qoky<->shey.ithey.qokain.ar,qokshedy qol shey qokyshey ithey qokain ar
IT2a-n,f75r,"f75r.20,+P0",ry.shey.qor.chey.lchey.lo<->ydain.shey.qokain,ry shey qor chey lchey loydain shey qokain
IT2a-n,f75r,"f75r.21,+P0",oqekain.chey.qckhsy.or<->ysheor.ol.lor.am,oqekain chey qckhsy orysheor ol lor am
IT2a-n,f75r,"f75r.22,+P0",odar.shey.qokain.chedy<->or.shey.kar.chedy.sar,odar shey qokain chedyor shey kar chedy sar
IT2a-n,f75r,"f75r.23,+P0",pchey.kshey.qokeey.qokal<->sshey.qol.chedy.qokam,pchey kshey qokeey qokalsshey qol chedy qokam
IT2a-n,f75r,"f75r.24,+P0",qokain.olkeey.qolkary<->sain.checthy.lor.ol,qokain olkeey qolkarysain checthy lor ol
IT2a-n,f75r,"f75r.25,+P0",saiin.shckhy.qokeedy.shy.dy<->qokeedy.lchedy.ram,saiin shckhy qokeedy shy dyqokeedy lchedy ram
IT2a-n,f75r,"f75r.26,+P0",dain.ol.sheol.dain.ol.qoly<->dar.ady<$>,dain ol sheol dain ol qolydar ady
IT2a-n,f75r,"f75r.27,+P0",<%>pdalshor.shtol.qoty.pshar.shedy.okaldy<->dar.otar.otedy.dy.rol,pdalshor shtol qoty pshar shedy okaldydar otar otedy dy rol
IT2a-n,f75r,"f75r.28,+P0",tchedy.pchedy.qokeey.sol.ol.dair.shecthy.qol.l.sheedy.qokeedy.lol.chedy,tchedy pchedy qokeey sol ol dair shecthy qol l sheedy qokeedy lol chedy
IT2a-n,f75r,"f75r.29,+P0",dain.chkal.dy.lolkaiin.ol.okeedy.qol.dain.olchey.qokeedy.chedy.qotan,dain chkal dy lolkaiin ol okeedy qol dain olchey qokeedy chedy qotan
IT2a-n,f75r,"f75r.30,+P0",qodaiin.cheeky.qokey.qokain.cheky.qokal.dain.chedy.okalol.shedy.okar.olom,qodaiin cheeky qokey qokain cheky qokal dain chedy okalol shedy okar olom
IT2a-n,f75r,"f75r.31,+P0",dshedy.qokey.chckhy.qokar.shedy.chey.qoked.qokedy.daldy<$>,dshedy qokey chckhy qokar shedy chey qoked qokedy daldy
IT2a-n,f75r,"f75r.32,+P0",<%>polshy.dal.shedy.qokain.das.chsdy.shedy.qokar.shedy.ldy,polshy dal shedy qokain das chsdy shedy qokar shedy ldy
IT2a-n,f75r,"f75r.33,+P0",qokeey.lshedy.qol.chedy.qokain.chcthedy.ltedy.darom,qokeey lshedy qol chedy qokain chcthedy ltedy darom
IT2a-n,f75r,"f75r.34,+P0",solkedy.okal.dar.oty.otar.otar.ol.kain.olkedy,solkedy okal dar oty otar otar ol kain olkedy
IT2a-n,f75r,"f75r.35,+P0",qokain.sheety.qokain.dar.dar.shedy.qokar.ol.dy,qokain sheety qokain dar dar shedy qokar ol dy
IT2a-n,f75r,"f75r.36,+P0",sol.keedy.qokeedy.qokey.okar.otar.dar.dar.dy,sol keedy qokeedy qokey okar otar dar dar dy
IT2a-n,f75r,"f75r.37,+P0",qokedy.dy.sheety.qokedy.qokchdy.qokechdy.lol,qokedy dy sheety qokedy qokchdy qokechdy lol
IT2a-n,f75r,"f75r.38,+P0",qokeedy.qokeedy.qokedy.qokedy.qokeedy.ldy,qokeedy qokeedy qokedy qokedy qokeedy ldy
IT2a-n,f75r,"f75r.39,+P0",yshedy.qokeedy.qokchdy.olkeedy.otey.koldy,yshedy qokeedy qokchdy olkeedy otey koldy
IT2a-n,f75r,"f75r.40,+P0",dar.shedy.qokain.shedy.dal.keedy.rshedy,dar shedy qokain shedy dal keedy rshedy
IT2a-n,f75r,"f75r.41,+P0",sokeedy.qokeedy.oteedy.qoky.dykeedy.sy,sokeedy qokeedy oteedy qoky dykeedy sy
IT2a-n,f75r,"f75r.42,+P0",dshedy.qokedy.c.qoteey.qoteedy.dar,dshedy qokedy c qoteey qoteedy dar
IT2a-n,f75r,"f75r.43,+P0",yshedy.chekar.oldy.qokain.chkar.otar.oldy,yshedy chekar oldy qokain chkar otar oldy
IT2a-n,f75r,"f75r.44,+P0",dchedy.sain.okedy.qokedy.otedy.okoldy.otar.otam.olaiin.chdar.dy,dchedy sain okedy qokedy otedy okoldy otar otam olaiin chdar dy
IT2a-n,f75r,"f75r.45,+P0",sshedy.shckhy.qokey.okedy.sorol.oty.otedy.qotedy.otedy.okaiin,sshedy shckhy qokey okedy sorol oty otedy qotedy otedy okaiin
IT2a-n,f75r,"f75r.46,+P0",qokey.qokedy.sheol.qokedy.dain.shedy.otol.chedy.olor<$>,qokey qokedy sheol qokedy dain shedy otol chedy olor
IT2a-n,f75r,"f75r.47,@Pb",<%>sal.okeedy,sal okeedy
IT2a-n,f75r,"f75r.48,+Pb",daly.ychey,daly ychey
IT2a-n,f75r,"f75r.49,+Pb",sols.daro,sols daro
IT2a-n,f75r,"f75r.50,+Pb",ychty,ychty
IT2a-n,f75r,"f75r.51,+Pb",saino,saino
IT2a-n,f75r,"f75r.52,+Pb",saldy,saldy
IT2a-n,f75r,"f75r.53,+Pb",dainy<$>,dainy
IT2a-n,f75v,"f75v.1,@P0",<%>pchedar.opchedy.qokedy.opchedy.qopdy<->dain.chetas.chcphhy.qotam,pchedar opchedy qokedy opchedy qopdydain chetas chcphhy qotam
IT2a-n,f75v,"f75v.2,=L0",s,s
IT2a-n,f75v,"f75v.3,*P0",sor.sheky.qokain.okal.dal.olchedy<->daiin.chckhy.lkar.chckhy.rom,sor sheky qokain okal dal olchedydaiin chckhy lkar chckhy rom
IT2a-n,f75v,"f75v.4,=L0",l,l
IT2a-n,f75v,"f75v.5,*P0",dl.shckhy.kain.olchey.qokain.daly.rd<->dl.shedy.qoteedy.cthedy.loly,dl shckhy kain olchey qokain daly rddl shedy qoteedy cthedy loly
IT2a-n,f75v,"f75v.6,=L0",l,l
IT2a-n,f75v,"f75v.7,*P0",qokchdy.qokal.dal.ol.chety.lchdy<->csedy.ched.otedy.qotedy.otar,qokchdy qokal dal ol chety lchdycsedy ched otedy qotedy otar
IT2a-n,f75v,"f75v.8,~L0",o,o
IT2a-n,f75v,"f75v.9,+L0",r,r
IT2a-n,f75v,"f75v.10,*P0",qokeed.chedy.ky.okedy.lchedy.dar.ody<->dchedy.dar.olchedy.otedy.qoky,qokeed chedy ky okedy lchedy dar odydchedy dar olchedy otedy qoky
IT2a-n,f75v,"f75v.11,=L0",s,s
IT2a-n,f75v,"f75v.12,*P0",qokedy.rshey.qol.chey.ol.chey.keed<->sol.key.dykedy.qokol.dar.oly,qokedy rshey qol chey ol chey keedsol key dykedy qokol dar oly
IT2a-n,f75v,"f75v.13,+P0",ocheain.cheedy.qokal.dain.sheeky.qoky<->sshedy.tedy.otedy.tedy.taral,ocheain cheedy qokal dain sheeky qokysshedy tedy otedy tedy taral
IT2a-n,f75v,"f75v.14,+P0",qol.sheckhy.qokedy.qokedy.qokaly<->sor.chedy.qoky.olshty.qokydy,qol sheckhy qokedy qokedy qokalysor chedy qoky olshty qokydy
IT2a-n,f75v,"f75v.15,+P0",ral.ol.oloin.olkey.olshed.qokaly<->qokar.chedy.qokain.ty.lshdyqo,ral ol oloin olkey olshed qokalyqokar chedy qokain ty lshdyqo
IT2a-n,f75v,"f75v.16,+P0",odchedy.qolshdy.shokshdy.qokain<->or.shedy.qolol.keedy.qokalom,odchedy qolshdy shokshdy qokainor shedy qolol keedy qokalom
IT2a-n,f75v,"f75v.17,+P0",sal.shedykain.qokain.sheckhy.ld<->saiin.ckhy.lshedy<$>,sal shedykain qokain sheckhy ldsaiin ckhy lshedy
IT2a-n,f75v,"f75v.18,@Ln",okshy,okshy
IT2a-n,f75v,"f75v.19,+Ln",saral,saral
IT2a-n,f75v,"f75v.20,@Ln",dokal,dokal
IT2a-n,f75v,"f75v.21,+Ln",darol,darol
IT2a-n,f75v,"f75v.22,@Ln",dal.dy,dal dy
IT2a-n,f75v,"f75v.23,+Ln",dal.shd,dal shd
IT2a-n,f75v,"f75v.24,@Ln",dalkar,dalkar
IT2a-n,f75v,"f75v.25,+Ln",qokal,qokal
IT2a-n,f75v,"f75v.26,@Ln",dly,dly
IT2a-n,f75v,"f75v.27,+Ln",ory,ory
IT2a-n,f75v,"f75v.28,@Ln",oty,oty
IT2a-n,f75v,"f75v.29,+Ln",lchy,lchy
IT2a-n,f75v,"f75v.30,@Ln",dary,dary
IT2a-n,f75v,"f75v.31,+Ln",dal,dal
IT2a-n,f75v,"f75v.32,@Ln",daldy,daldy
IT2a-n,f75v,"f75v.33,+Ln",qoted,qoted
IT2a-n,f75v,"f75v.34,@Ln",rkal,rkal
IT2a-n,f75v,"f75v.35,+Ln",ykedy,ykedy
IT2a-n,f75v,"f75v.36,@Ln",olkchy,olkchy
IT2a-n,f75v,"f75v.37,+Ln",otoly,otoly
IT2a-n,f75v,"f75v.38,@P0",<%>tol.sheor.qokal.dar.olked.orol.kchey.otain.olchey.okar.sheky.dedy.kedy,tol sheor qokal dar olked orol kchey otain olchey okar sheky dedy kedy
IT2a-n,f75v,"f75v.39,+P0",qoqokeey.olkain.qol.sheedy.qokeor.sheedy.qokal.or.chey.qokar.ol.aiin,qoqokeey olkain qol sheedy qokeor sheedy qokal or chey qokar ol aiin
IT2a-n,f75v,"f75v.40,+P0",dlshedy.qokain.dal.qol.qol.ol.sheedy.cheey.dal.ol.sheey.qokain.olol,dlshedy qokain dal qol qol ol sheedy cheey dal ol sheey qokain olol
IT2a-n,f75v,"f75v.41,+P0",sal.shedy.qokain.shey.qoin.ol.shey.ol.shey.qoky.qol.cheey.chl.or.sheolo,sal shedy qokain shey qoin ol shey ol shey qoky qol cheey chl or sheolo
IT2a-n,f75v,"f75v.42,+P0",ol.sheey.qolshey.qokain.okaiin.charor<$>,ol sheey qolshey qokain okaiin charor
IT2a-n,f75v,"f75v.43,+P0",<%>pokain.okeedy.or.chesy.sol.shey.qokeey.qotedy.olkedy.chey.tal.dy.qol,pokain okeedy or chesy sol shey qokeey qotedy olkedy chey tal dy qol
IT2a-n,f75v,"f75v.44,+P0",olshees.ol.sheckhy.qokain.ol.chedy.qol.chedy.qol.keey.qolchedy.chealy,olshees ol sheckhy qokain ol chedy qol chedy qol keey qolchedy chealy
IT2a-n,f75v,"f75v.45,+P0",yshey.qokar.olchedy.qor.oiin.okeedy.qokeed.qokeey.qokeey.otey.qoky.dy,yshey qokar olchedy qor oiin okeedy qokeed qokeey qokeey otey qoky dy
IT2a-n,f75v,"f75v.46,+P0",ychey.qotain.sheckhy.qokedy.qokedy.lsheckhy.qokain.dal.tol.olchedy,ychey qotain sheckhy qokedy qokedy lsheckhy qokain dal tol olchedy
IT2a-n,f75v,"f75v.47,+P0",qokain.olshey.qokain.dar.ol.shedy.qokedy.qokeedy.qokar.olshedy.oldy,qokain olshey qokain dar ol shedy qokedy qokeedy qokar olshedy oldy
IT2a-n,f75v,"f75v.48,+P0",qokeor.chedy.shckhy.dol.ycheedy.saino.ol.cheedy.qokar.otar.dal.daiin,qokeor chedy shckhy dol ycheedy saino ol cheedy qokar otar dal daiin
IT2a-n,f75v,"f75v.49,+P0",por.shey.okain.chedy.qol.sheol.olchedy<$>,por shey okain chedy qol sheol olchedy
IT2a-n,f75v,"f75v.50,@Lt",otal.opal,otal opal
IT2a-n,f75v,"f75v.51,=Lt",okeey.lol,okeey lol
IT2a-n,f75v,"f75v.52,=Lt",olol,olol
IT2a-n,f75v,"f75v.53,*Lt",ytedy,ytedy
IT2a-n,f75v,"f75v.54,+Lt",otedy,otedy
IT2a-n,f75v,"f75v.55,+Lt",oteey,oteey
IT2a-n,f75v,"f75v.56,+Lt",qotedy,qotedy
IT2a-n,f75v,"f75v.57,+Pb",<%>okedy.qeky.tedar.oly,okedy qeky tedar oly
IT2a-n,f75v,"f75v.58,+Pb",solchedy.solkedy,solchedy solkedy
IT2a-n,f75v,"f75v.59,+Pb",qokeedy.qokol.olkol,qokeedy qokol olkol
IT2a-n,f75v,"f75v.60,@P1",kolkedy.qokedy.qoky.lpchdy.qotchdy.lol,kolkedy qokedy qoky lpchdy qotchdy lol
IT2a-n,f75v,"f75v.61,+P1",okshey.qolkchy.lchdy.soiin.ol.otchdy,okshey qolkchy lchdy soiin ol otchdy
IT2a-n,f75v,"f75v.62,+P1",ykeechy.qokchdy.daiin.ol.olsheey.qoly,ykeechy qokchdy daiin ol olsheey qoly
IT2a-n,f75v,"f75v.63,+P1",oteey.qol.chey.qokey.oldy.oly.ly,oteey qol chey qokey oldy oly ly
IT2a-n,f75v,"f75v.64,+P1",sshey.qol.dy.qokar.shey.ldy,sshey qol dy qokar shey ldy
IT2a-n,f75v,"f75v.65,+P1",qokal.dain.dain.oqoky.daiin,qokal dain dain oqoky daiin
IT2a-n,f75v,"f75v.66,+P1",okal.sheedy.qoteedy.qokeey.ly,okal sheedy qoteedy qokeey ly
IT2a-n,f75v,"f75v.67,+P1",ykeedy.qokain.otain.shety,ykeedy qokain otain shety
IT2a-n,f75v,"f75v.68,+P1",octhey.shedy.otol.chckhey.ldy,octhey shedy otol chckhey ldy
IT2a-n,f75v,"f75v.69,+P1",okeshey.olkedy.olkedy.qol.chey,okeshey olkedy olkedy qol chey
IT2a-n,f75v,"f75v.70,+P1",qokey.olchedy.otey.orol<$>,qokey olchedy otey orol
IT2a-n,f76r,"f76r.1,@P0",<%>potchokar.chcfhdy.opshdy.qolp.chcphy.chcphdy.opshey.qofshy.opchdy.sain.?sy,potchokar chcfhdy opshdy qolp chcphy chcphdy opshey qofshy opchdy sain
IT2a-n,f76r,"f76r.2,+P0",dshedy.qotddyar.cthar.chep.dain.okain.qokeor.shedy.qol.ain.sheols.qokeey,dshedy qotddyar cthar chep dain okain qokeor shedy qol ain sheols qokeey
IT2a-n,f76r,"f76r.3,+P0",yshey.qokeey.qokey.qokeed.okedy.shky.qotedy.otedy.shol.qoty.ol.chedy.aiiny,yshey qokeey qokey qokeed okedy shky qotedy otedy shol qoty ol chedy aiiny
IT2a-n,f76r,"f76r.4,*L0",s,s
IT2a-n,f76r,"f76r.5,=P0",qokedy.qokchy.orar.or.chkarol.otey.qokedy.lkedy.chdy.qokchdy.qokal.chdam,qokedy qokchy orar or chkarol otey qokedy lkedy chdy qokchdy qokal chdam
IT2a-n,f76r,"f76r.6,+P0",solchedy.qokeedy.qopchedy.qokeeo.sol.shedy.qokedy.sheey.okees.al.al.chedain.dar,solchedy qokeedy qopchedy qokeeo sol shedy qokedy sheey okees al al chedain dar
IT2a-n,f76r,"f76r.7,*L0",d,d
IT2a-n,f76r,"f76r.8,=P0",qoaiin.ches.okeedal.qoked.qokeey.shedy.chey.lkeedy.okey.dar.oiin.chekain.oldy,qoaiin ches okeedal qoked qokeey shedy chey lkeedy okey dar oiin chekain oldy
IT2a-n,f76r,"f76r.9,+P0",shed.al.shckhy.sain.chcphedy.ain.olkeey.lkar.ain.otchy.lkain.chedy.dar.daly,shed al shckhy sain chcphedy ain olkeey lkar ain otchy lkain chedy dar daly
IT2a-n,f76r,"f76r.10,*L0",q,q
IT2a-n,f76r,"f76r.11,=P0",qotedshedy.qorain.oteedy.chedy.ol.chdy.raiiin.chekain.dain.chckhy.sal.oty,qotedshedy qorain oteedy chedy ol chdy raiiin chekain dain chckhy sal oty
IT2a-n,f76r,"f76r.12,+P0",sol.shedy.qool.qctheed.shdy.qo.ol.keey.dain.saiin.sar.shedy.qokeor.okeedy,sol shedy qool qctheed shdy qo ol keey dain saiin sar shedy qokeor okeedy
IT2a-n,f76r,"f76r.13,+P0",qokeedy.checthy.chckhey.okol.okaiin.sheckhey.okeedy.otey.dal.ykal.chedy.sar,qokeedy checthy chckhey okol okaiin sheckhey okeedy otey dal ykal chedy sar
IT2a-n,f76r,"f76r.14,*L0",s,s
IT2a-n,f76r,"f76r.15,=P0",chor.shedy.qoked.okees.al.ar.aiin.ar.ain.chckheed.lchedy.shedy.qolair.chedy,chor shedy qoked okees al ar aiin ar ain chckheed lchedy shedy qolair chedy
IT2a-n,f76r,"f76r.16,+P0",qotes.chedy.shckhy.qokeey.okeey.kain.checkhy.qokeedy.qotey.qotain.chekear,qotes chedy shckhy qokeey okeey kain checkhy qokeedy qotey qotain chekear
IT2a-n,f76r,"f76r.17,+P0",chey.chckh.shey.qeeey.chol.lkain.shedy.qokeedy.okain.chedy.okeed.qokaloro,chey chckh shey qeeey chol lkain shedy qokeedy okain chedy okeed qokaloro
IT2a-n,f76r,"f76r.18,*L0",o,o
IT2a-n,f76r,"f76r.19,=P0",dcheedy.qolchey.qokeey.qokeey.chedy.qokar.shedy.shedy.lshedy.qolchedy.otedyl,dcheedy qolchey qokeey qokeey chedy qokar shedy shedy lshedy qolchedy otedyl
IT2a-n,f76r,"f76r.20,+P0",dshedy.qo.chedy.lchedy.qokey.qolchey.qotain.chckhy.shckhy.lchar.okar.alchdy,dshedy qo chedy lchedy qokey qolchey qotain chckhy shckhy lchar okar alchdy
IT2a-n,f76r,"f76r.21,+P0",qokchsdy.okeey.lchedy.qo.olain.otshedy.qotaly.dar.sain.shedy.oleeed,qokchsdy okeey lchedy qo olain otshedy qotaly dar sain shedy oleeed
IT2a-n,f76r,"f76r.22,*L0",l,l
IT2a-n,f76r,"f76r.23,=P0",sheedy.qokedy.chedy.chedy.qokain.chckhy.olchy.l.ain.shedy.olain.chedy.qokey,sheedy qokedy chedy chedy qokain chckhy olchy l ain shedy olain chedy qokey
IT2a-n,f76r,"f76r.24,+P0",dalshedy.qol.sheedy.qokaldy.chepy.dain.alolor.olain.chedy.shecthy.qokeey.lor,dalshedy qol sheedy qokaldy chepy dain alolor olain chedy shecthy qokeey lor
IT2a-n,f76r,"f76r.25,+P0",qaloin.chey.qokeey.lchedy.chckhy.chey.ky.chey.qolal.lkl.chey.lchedy.chey.llaiiry,qaloin chey qokeey lchedy chckhy chey ky chey qolal lkl chey lchedy chey llaiiry
IT2a-n,f76r,"f76r.26,+P0",shedal.shey.qokey.qolchedy.qolain.ain.chey.qokaiin.okain.cheedy.lchey.loly.sy,shedal shey qokey qolchedy qolain ain chey qokaiin okain cheedy lchey loly sy
IT2a-n,f76r,"f76r.27,*L0",k,k
IT2a-n,f76r,"f76r.28,=P0",soin.sheey.chear.ol.aiin.chodaiin.qokaiin.chey.qokalchey.dal.chdy.dal.ytal,soin sheey chear ol aiin chodaiin qokaiin chey qokalchey dal chdy dal ytal
IT2a-n,f76r,"f76r.29,+P0",qokar.shedy.shedy.qokar.shedy.qokain.dar.shey.lshcthy.okar.okain.ylaiin.y,qokar shedy shedy qokar shedy qokain dar shey lshcthy okar okain ylaiin y
IT2a-n,f76r,"f76r.30,+P0",darchey.cheolchey.shcthy.chedy.qo.qokey.dalaiin.sheeky.qokain.olky.sain.chy,darchey cheolchey shcthy chedy qo qokey dalaiin sheeky qokain olky sain chy
IT2a-n,f76r,"f76r.31,*L0",r,r
IT2a-n,f76r,"f76r.32,=P0",cheor.ain.okaiin.dain.chey.dal.shedy.qokaiin.cheol.shy.chedy.rain.chedy.shy,cheor ain okaiin dain chey dal shedy qokaiin cheol shy chedy rain chedy shy
IT2a-n,f76r,"f76r.33,+P0",qokedy.lkey.kal.shedy.qopchey.qol.pchedy.okchy.chckhy.shey.lol.ral.sheey.dar,qokedy lkey kal shedy qopchey qol pchedy okchy chckhy shey lol ral sheey dar
IT2a-n,f76r,"f76r.34,+P0",cheor.shey.qoolkal.shedy.shedy.shey.shedy.ollchy.shlches.shcthy.sain.oly,cheor shey qoolkal shedy shedy shey shedy ollchy shlches shcthy sain oly
IT2a-n,f76r,"f76r.35,+P0",saiin.shedy.lshey.qokal.chcthy.okeolor.cheol.otar.chedy.qol.chcthy.chckhy,saiin shedy lshey qokal chcthy okeolor cheol otar chedy qol chcthy chckhy
IT2a-n,f76r,"f76r.36,+P0",qokal.shedy.sheol.cheal.alshy.chol.chdy.talor.olalor.chol.okeyr.ar.oly,qokal shedy sheol cheal alshy chol chdy talor olalor chol okeyr ar oly
IT2a-n,f76r,"f76r.37,*L0",s,s
IT2a-n,f76r,"f76r.38,=P0",oteey.lchey.chey.olsheol.qokal.chal<$>,oteey lchey chey olsheol qokal chal
IT2a-n,f76r,"f76r.39,+P0",<%>polalchdy.pshedy.opchedy.qokas.yksheol.qokeedy.oty.lshed.chpsheedy.ytal,polalchdy pshedy opchedy qokas yksheol qokeedy oty lshed chpsheedy ytal
IT2a-n,f76r,"f76r.40,+P0",qolchey.shckhy.qokey.lchy.opchey.dain.shdy.qokedar.olchdy.sor.oty.dy.lchedy,qolchey shckhy qokey lchy opchey dain shdy qokedar olchdy sor oty dy lchedy
IT2a-n,f76r,"f76r.41,+P0",sain.ar.okedy.lcheey.qokey.shckhy.otedy.qokal.shey.qoky.dain.chedy.qokchdyl,sain ar okedy lcheey qokey shckhy otedy qokal shey qoky dain chedy qokchdyl
IT2a-n,f76r,"f76r.42,+P0",dain.chey.lsh.daiin.chey.lchedy.qolain.qotal.shedy.dy.shecthy.otalam,dain chey lsh daiin chey lchedy qolain qotal shedy dy shecthy otalam
IT2a-n,f76r,"f76r.43,+P0",sor.shey.qokey.qokar.sheeoldy.chol.oly.chaly.lol.chdy<$>,sor shey qokey qokar sheeoldy chol oly chaly lol chdy
IT2a-n,f76r,"f76r.44,+P0",<%>poleedaran.shckhy.qoty.ykar.alol.lkaiin.olshedy.otain.okar.opar.kolpy,poleedaran shckhy qoty ykar alol lkaiin olshedy otain okar opar kolpy
IT2a-n,f76r,"f76r.45,+P0",ysheedy.qo.or.okain.shey.qokaiin.okeedy.qochy.ar.ain.sheey.chckhy,ysheedy qo or okain shey qokaiin okeedy qochy ar ain sheey chckhy
IT2a-n,f76r,"f76r.46,+P0",doin.shear.okedy.otedy.okedy.lchedy.chedy.okar.chedy.otar.ain,doin shear okedy otedy okedy lchedy chedy okar chedy otar ain
IT2a-n,f76r,"f76r.47,+P0",dain.chckhy.oraiin.sheey.qockhey.olchdar.sheey.otedy.olain.oky,dain chckhy oraiin sheey qockhey olchdar sheey otedy olain oky
IT2a-n,f76r,"f76r.48,+P0",saiin.shckhy.lkeedy.qoky.okain.ytain.oteedy.okedor.shedy.qokal,saiin shckhy lkeedy qoky okain ytain oteedy okedor shedy qokal
IT2a-n,f76r,"f76r.49,+P0",saiin.olaiin.oky.shol.sain.oky.lkar.chedy.lkar.al.loral,saiin olaiin oky shol sain oky lkar chedy lkar al loral
IT2a-n,f76r,"f76r.50,+P0",fchedy.ch.sal.dol.shdy.olkedy.qokaiin.otal.rory<$>,fchedy ch sal dol shdy olkedy qokaiin otal rory
IT2a-n,f76r,"f76r.51,+P0",<%>qkor.shedy.shey.keedy.sal.raiin.opchdy.dar.chedy.qopchedy.rorol,qkor shedy shey keedy sal raiin opchdy dar chedy qopchedy rorol
IT2a-n,f76r,"f76r.52,+P0",olsheed.qokedy.qokeedy.qokedy.lkedy.lsheedy.okar.shedy.otain,olsheed qokedy qokeedy qokedy lkedy lsheedy okar shedy otain
IT2a-n,f76r,"f76r.53,+P0",saiin.qol.shedy.ol.chedor.chal.shed.qoteedy.dshedy.okal.chedyl,saiin qol shedy ol chedor chal shed qoteedy dshedy okal chedyl
IT2a-n,f76r,"f76r.54,+P0",dal.or.chedy.qolaiin.okedal.olchedy.chdol.olchedy.choly.aiiny,dal or chedy qolaiin okedal olchedy chdol olchedy choly aiiny
IT2a-n,f76r,"f76r.55,+P0",sain.sheey.or.or.al.solshey.okeedy.ldaiin.checthey.okedalor,sain sheey or or al solshey okeedy ldaiin checthey okedalor
IT2a-n,f76r,"f76r.56,+P0",qokaiin.ol.shedy.qokeey.or.shdy<$>,qokaiin ol shedy qokeey or shdy
IT2a-n,f76v,"f76v.1,@P0",<%>polarar.okor.opcheey.yteey.opchaly.lshedy.qofchdal.lkodol.opa.korols,polarar okor opcheey yteey opchaly lshedy qofchdal lkodol opa korols
IT2a-n,f76v,"f76v.2,+P0",scsedy.keedy.cholkeeey.otedor.okor.shedy.chedy.qokeedy.oly.shey.qoyky,scsedy keedy cholkeeey otedor okor shedy chedy qokeedy oly shey qoyky
IT2a-n,f76v,"f76v.3,+P0",dchedy.qokeedy.oteedy.chedaiin.chey.qokeedy.olkedy.ror.oteedy.okal,dchedy qokeedy oteedy chedaiin chey qokeedy olkedy ror oteedy okal
IT2a-n,f76v,"f76v.4,+P0",solkeey.sor.shecthy.daiin.okar.chpchedy.cpchy.oty.olor.otchy.ralchl,solkeey sor shecthy daiin okar chpchedy cpchy oty olor otchy ralchl
IT2a-n,f76v,"f76v.5,+P0",s.otain.okain.chcthedy.qoteed.ykedy.okedy.chedy.otedy.teyteg,s otain okain chcthedy qoteed ykedy okedy chedy otedy teyteg
IT2a-n,f76v,"f76v.6,+P0",qotees.olkeey.okeedy.qoeeedy.chckhey.sheor.aiin.otar.cheedy.lchedy,qotees olkeey okeedy qoeeedy chckhey sheor aiin otar cheedy lchedy
IT2a-n,f76v,"f76v.7,+P0",doteey.qo.okaiin.oteedy.otedy.cheolchdy.okeedy.otedy.qokedy.okedar.da,doteey qo okaiin oteedy otedy cheolchdy okeedy otedy qokedy okedar da
IT2a-n,f76v,"f76v.8,+P0",qokeedy.ochedy.roiin.sheedy.qokeedy.okeedy.olor.okeedy.qolkeeey.r.al,qokeedy ochedy roiin sheedy qokeedy okeedy olor okeedy qolkeeey r al
IT2a-n,f76v,"f76v.9,+P0",sheor.chey.ral.cheey.r.al.cheedy<$>,sheor chey ral cheey r al cheedy
IT2a-n,f76v,"f76v.10,+P0",<%>cphdor.shedal.qopchdy.dshedy.shedy.tchedy.lsheetal.shecphy.daiin.dy,cphdor shedal qopchdy dshedy shedy tchedy lsheetal shecphy daiin dy
IT2a-n,f76v,"f76v.11,+P0",cheor.sheedy.daiin.oekeedy.qokeey.qokedy.oteedy.shedy.qokedy.shedam,cheor sheedy daiin oekeedy qokeey qokedy oteedy shedy qokedy shedam
IT2a-n,f76v,"f76v.12,+P0",sol.sheol.sheey.lteedy.qokeedy.qotal.chedy.checthy.otedeey.qokol.chedy.deey,sol sheol sheey lteedy qokeedy qotal chedy checthy otedeey qokol chedy deey
IT2a-n,f76v,"f76v.13,+P0",saiin.sheedy.qol.sheedy.okeeedy.qoteedy.chedy.qotedy.oleeedy.qoteedy.lo,saiin sheedy qol sheedy okeeedy qoteedy chedy qotedy oleeedy qoteedy lo
IT2a-n,f76v,"f76v.14,+P0",qokeedy.qol.cheedy.otedy.cthedy.otedy.qoteedy.shcthedy.qoeekeedy.deedy,qokeedy qol cheedy otedy cthedy otedy qoteedy shcthedy qoeekeedy deedy
IT2a-n,f76v,"f76v.15,+P0",tchedy.lsheedy.chedal.chedy.checthey<$>,tchedy lsheedy chedal chedy checthey
IT2a-n,f76v,"f76v.16,+P0",<%>polshdal.otedair.opshedal.qokedy.shedy.pschedal.tsheokeedy.oshepols,polshdal otedair opshedal qokedy shedy pschedal tsheokeedy oshepols
IT2a-n,f76v,"f76v.17,+P0",sar.olkeey.shokaiin.sheolol.otedy.qekchdy.qoeeedy.qokedy.lkedy.chdy,sar olkeey shokaiin sheolol otedy qekchdy qoeeedy qokedy lkedy chdy
IT2a-n,f76v,"f76v.18,+P0",lshey.qockhedy.qodeey.qolkeedy.qokedy.chol.chedchey.daiin.olkedy,lshey qockhedy qodeey qolkeedy qokedy chol chedchey daiin olkedy
IT2a-n,f76v,"f76v.19,+P0",or.ar.sheey.otar.shedy.otchedy.checkhey.olchedy.checkhy.sheckhy.lky,or ar sheey otar shedy otchedy checkhey olchedy checkhy sheckhy lky
IT2a-n,f76v,"f76v.20,+P0",dol.sheetey.qokedy.ol.checkhy.lshedy.qokeedy.cheedy.qokeedy.shl.loiiim,dol sheetey qokedy ol checkhy lshedy qokeedy cheedy qokeedy shl loiiim
IT2a-n,f76v,"f76v.21,+P0",cthedy.oteol.chdar.chckhy.chees.salkeedy.chey.lcheedy.lchedy.qoteedy,cthedy oteol chdar chckhy chees salkeedy chey lcheedy lchedy qoteedy
IT2a-n,f76v,"f76v.22,+P0",sol.shey.qotedy.chey.dytey.teedy.lchey.qokedy.chedy.lal.chedy.lchedy,sol shey qotedy chey dytey teedy lchey qokedy chedy lal chedy lchedy
IT2a-n,f76v,"f76v.23,+P0",dchedy.qokeedy.qoteey.qokol.shedy.shedy.chedy.olchedr.shetey.raiin,dchedy qokeedy qoteey qokol shedy shedy chedy olchedr shetey raiin
IT2a-n,f76v,"f76v.24,+P0",qokeey.lsheey.dal.lchedy.olshey<$>,qokeey lsheey dal lchedy olshey
IT2a-n,f76v,"f76v.25,+P0",<%>psheoldy.opalshedy.qokshedy.qokedy.dor.shey.opchedy.dal.ro.fcham,psheoldy opalshedy qokshedy qokedy dor shey opchedy dal ro fcham
IT2a-n,f76v,"f76v.26,+P0",dshol.qokaiin.ches.daiin.checkhy.oteoldy.qokeey.chckhyd.lar.aly,dshol qokaiin ches daiin checkhy oteoldy qokeey chckhyd lar aly
IT2a-n,f76v,"f76v.27,+P0",daiin.shckhey.chckhey.qokeedy.saiin.chek.ain.r.ain.o.kan.chlaiiin,daiin shckhey chckhey qokeedy saiin chek ain r ain o kan chlaiiin
IT2a-n,f76v,"f76v.28,+P0",saiin.sheckhy.cheol.chey.qokeedy.sair.sheckhy.lkeedy.lchedy,saiin sheckhy cheol chey qokeedy sair sheckhy lkeedy lchedy
IT2a-n,f76v,"f76v.29,+P0",sar.sheedy.qokeedy.qolkey.lchdy.scheer.shees.al.ches.okaiin.alaldy,sar sheedy qokeedy qolkey lchdy scheer shees al ches okaiin alaldy
IT2a-n,f76v,"f76v.30,+P0",tchedy.lshees.aiin.chees.tchy.rshed.chkaiin.sheky.shtal.cheedy.lsan,tchedy lshees aiin chees tchy rshed chkaiin sheky shtal cheedy lsan
IT2a-n,f76v,"f76v.31,+P0",sair.shekaiiin.shets.aiiin.shety.otey.okaiin.otedy.qotar.chedy,sair shekaiiin shets aiiin shety otey okaiin otedy qotar chedy
IT2a-n,f76v,"f76v.32,+P0",tain.sheey.qotain.chedy.qokaiin.chedy.taiin.chckhedy.otol.oty,tain sheey qotain chedy qokaiin chedy taiin chckhedy otol oty
IT2a-n,f76v,"f76v.33,+P0",saiin.otaiin.shckhedy<$>,saiin otaiin shckhedy
IT2a-n,f76v,"f76v.34,+P0",<%>sakaiin.okeedy.chedy.qotain.cphey.opcheey.oty.saiin.otary,sakaiin okeedy chedy qotain cphey opcheey oty saiin otary
IT2a-n,f76v,"f76v.35,+P0",ychees.alchedy.qokeedy.lshedy.tol.chedy.lchedy.qoky.saiin.olor,ychees alchedy qokeedy lshedy tol chedy lchedy qoky saiin olor
IT2a-n,f76v,"f76v.36,+P0",daiin.cheol.teey.lshety.okeey.qeedy<$>,daiin cheol teey lshety okeey qeedy
IT2a-n,f76v,"f76v.37,+P0",<%>qoeedy.lchedy.chees.ol.oiiin.chchky.shekeey.qokey.qoky.saiin.sy,qoeedy lchedy chees ol oiiin chchky shekeey qokey qoky saiin sy
IT2a-n,f76v,"f76v.38,+P0",saiin.chedy.shedy.qokeedy.lolsaiiin.qokain.chey.r.al.r.aiin.dl,saiin chedy shedy qokeedy lolsaiiin qokain chey r al r aiin dl
IT2a-n,f76v,"f76v.39,+P0",sshey.lshedy.qokaiin.shedy.okedy.san.ol.keedy.sar.qoky.dedy,sshey lshedy qokaiin shedy okedy san ol keedy sar qoky dedy
IT2a-n,f76v,"f76v.40,+P0",sol.shedy.qoky.daiin.shedy.chey.qokaiin.cheedy.qo.char.aiin,sol shedy qoky daiin shedy chey qokaiin cheedy qo char aiin
IT2a-n,f76v,"f76v.41,+P0",sol.shey.chedy.qokedy.chedy.qol.r.aiin.shedy<$>,sol shey chedy qokedy chedy qol r aiin shedy
IT2a-n,f77r,"f77r.1,@Ln",darchdar,darchdar
IT2a-n,f77r,"f77r.2,+Lt",olkchs,olkchs
IT2a-n,f77r,"f77r.3,=Lt",otedy,otedy
IT2a-n,f77r,"f77r.4,~Lt",otork,otork
IT2a-n,f77r,"f77r.5,=Lt",otol,otol
IT2a-n,f77r,"f77r.6,~Lt",dchdy,dchdy
IT2a-n,f77r,"f77r.7,~Lt",soral,soral
IT2a-n,f77r,"f77r.8,~Ln",dotedy,dotedy
IT2a-n,f77r,"f77r.9,@P0",<%>pol.darair.ol.qokol.chey.qopchedy.qopchedy.dylches.olkedy.loly,pol darair ol qokol chey qopchedy qopchedy dylches olkedy loly
IT2a-n,f77r,"f77r.10,+P0",tol.chd.ar.shey.qotaiin.qotedy.qokol.chdy.qokain.chetey.sal,tol chd ar shey qotaiin qotedy qokol chdy qokain chetey sal
IT2a-n,f77r,"f77r.11,+P0",qoteedy.qokaiin.shedy.chol.shedy.shcthey.qokeedy.oteedy.cham,qoteedy qokaiin shedy chol shedy shcthey qokeedy oteedy cham
IT2a-n,f77r,"f77r.12,+P0",solteedy.qoteedy.qodeedy.shedaiin.chedy.shedaiin.sheol.ol.ched,solteedy qoteedy qodeedy shedaiin chedy shedaiin sheol ol ched
IT2a-n,f77r,"f77r.13,+P0",qokeedy.qolsheedy.shol.tedy.chedy.lsheedy.qokedy.qolal.chedy,qokeedy qolsheedy shol tedy chedy lsheedy qokedy qolal chedy
IT2a-n,f77r,"f77r.14,+P0",sokcheey.sain.sheeol.qoteedy.qokaiin.shedy.qokeedy.qotedy,sokcheey sain sheeol qoteedy qokaiin shedy qokeedy qotedy
IT2a-n,f77r,"f77r.15,+P0",qokeedy.shedy.qotol.shedy.qokaiin.sheety.qokeedy.lchedy.lol,qokeedy shedy qotol shedy qokaiin sheety qokeedy lchedy lol
IT2a-n,f77r,"f77r.16,+P0",sshedy.qotaiin.chedy.qokaiin.shedy.qolcheedy.qokeedy.lol,sshedy qotaiin chedy qokaiin shedy qolcheedy qokeedy lol
IT2a-n,f77r,"f77r.17,+P0",qoteedy.qoteedy.qokedy.sheed.qeey.saiin.sheety.qokeedy.lol,qoteedy qoteedy qokedy sheed qeey saiin sheety qokeedy lol
IT2a-n,f77r,"f77r.18,+P0",daiin.cheedy.lshey.qol.or.chees.sheckhedy.qol.cheedy.qotaiin,daiin cheedy lshey qol or chees sheckhedy qol cheedy qotaiin
IT2a-n,f77r,"f77r.19,+P0",qokeedy.lchey.lsheey.qokeedy.qokeedy.qokar.qokeey.laiin.chey,qokeedy lchey lsheey qokeedy qokeedy qokar qokeey laiin chey
IT2a-n,f77r,"f77r.20,+P0",qotain.sheal.qokeedy.qoteey.qokain.sheey.qotedy.dalchedy,qotain sheal qokeedy qoteey qokain sheey qotedy dalchedy
IT2a-n,f77r,"f77r.21,+P0",chedaiin.shedy.qokeedy.qokedy.qokeey.chedy.shear.olaiiny,chedaiin shedy qokeedy qokedy qokeey chedy shear olaiiny
IT2a-n,f77r,"f77r.22,+P0",qoteedy.al.lchedy.r.oin.chy.chedaiin.cheey.okedy.qoky,qoteedy al lchedy r oin chy chedaiin cheey okedy qoky
IT2a-n,f77r,"f77r.23,+P0",sheoky.qokaiin.chedy.lchedy.olshedy.qokeedy.chedy.qokol,sheoky qokaiin chedy lchedy olshedy qokeedy chedy qokol
IT2a-n,f77r,"f77r.24,+P0",daiin.dol.shor.cphey.lfcheol.shear.qolchy<$>,daiin dol shor cphey lfcheol shear qolchy
IT2a-n,f77r,"f77r.25,+P0",<%>otedy.qokor.shedy.qokal.shedar.dal.chedy.daror,otedy qokor shedy qokal shedar dal chedy daror
IT2a-n,f77r,"f77r.26,+P0",qoteedy.qokeedy.qokaiin.chcthy.lchedy.qokaly,qoteedy qokeedy qokaiin chcthy lchedy qokaly
IT2a-n,f77r,"f77r.27,+P0",solchedy.qokain.okaiin.shedy.qokeedy.qotedy,solchedy qokain okaiin shedy qokeedy qotedy
IT2a-n,f77r,"f77r.28,+P0",olchey.qotey.qokain.olcheedy.sar.lom,olchey qotey qokain olcheedy sar lom
IT2a-n,f77r,"f77r.29,+P0",saiin.cheeol.qokeedy.qokeedy.qotal,saiin cheeol qokeedy qokeedy qotal
IT2a-n,f77r,"f77r.30,+P0",qokaiin.chckhey.saiin.qolkain.cheeky.lol,qokaiin chckhey saiin qolkain cheeky lol
IT2a-n,f77r,"f77r.31,+P0",qokain.chckhy.qokeey.qotedy.qotedy.qotary,qokain chckhy qokeey qotedy qotedy qotary
IT2a-n,f77r,"f77r.32,+P0",qor.ain.cheol.ol.chealor.cheey.qetaiin.dary,qor ain cheol ol chealor cheey qetaiin dary
IT2a-n,f77r,"f77r.33,+P0",daiin.chedy.qol.keedy.qoteeedy.sar.oiiiin.cheety.dy,daiin chedy qol keedy qoteeedy sar oiiiin cheety dy
IT2a-n,f77r,"f77r.34,+P0",qokaiin.shedy.chedy.qol.chedy.qokaiin.qokaiin.checkhy.raiin,qokaiin shedy chedy qol chedy qokaiin qokaiin checkhy raiin
IT2a-n,f77r,"f77r.35,+P0",solkeey.okaiin.chedy.qokain.sheedy.qokaiin.chedaiin.chealy,solkeey okaiin chedy qokain sheedy qokaiin chedaiin chealy
IT2a-n,f77r,"f77r.36,+P0",dshedy.pchedy.qotain.chedy.dolchl.qokeedy.qokol.olchey,dshedy pchedy qotain chedy dolchl qokeedy qokol olchey
IT2a-n,f77r,"f77r.37,+P0",teeolain.chey.qoteedy.qokain.cheedy.cheey.lchedy<$>,teeolain chey qoteedy qokain cheedy cheey lchedy
IT2a-n,f77r,"f77r.38,+P0",<%>pol.shedy.qoeedy.qokaiin.chcphey.qol.ltaiin.shedy.qol,pol shedy qoeedy qokaiin chcphey qol ltaiin shedy qol
IT2a-n,f77r,"f77r.39,+P0",olaiin.cheey.sheckhey.lsheey.qykaiin.sheedy.laiin,olaiin cheey sheckhey lsheey qykaiin sheedy laiin
IT2a-n,f77r,"f77r.40,+P0",daiiin.ol.eeedy.okaiin.sheeol.qotaiin.shody.qoty,daiiin ol eeedy okaiin sheeol qotaiin shody qoty
IT2a-n,f77r,"f77r.41,+P0",daiin.sh.qolchey.qotedy.qotal.rain.chlr.arol,daiin sh qolchey qotedy qotal rain chlr arol
IT2a-n,f77r,"f77r.42,+P0",qokeedy.qotedy.qokeedy.qokeedy.qokeey.raiin.al,qokeedy qotedy qokeedy qokeedy qokeey raiin al
IT2a-n,f77r,"f77r.43,+P0",dchee.ol.cheedy.qotaiin.qoteedy.qotedy.raiin,dchee ol cheedy qotaiin qoteedy qotedy raiin
IT2a-n,f77r,"f77r.44,+P0",sheey.qepchedy.qol.cheedy.qokear.cheey.loly.dy,sheey qepchedy qol cheedy qokear cheey loly dy
IT2a-n,f77r,"f77r.45,+P0",qokaiin.ches.lchear.dal.chr.sls.ain.ol.raiin.lod,qokaiin ches lchear dal chr sls ain ol raiin lod
IT2a-n,f77r,"f77r.46,+P0",daiin.chlchpsheey.tal.cheol.dam.arotey.daiin,daiin chlchpsheey tal cheol dam arotey daiin
IT2a-n,f77r,"f77r.47,+P0",ysheey.dal.saiirol.sal.dalo.tain.dary.dalo,ysheey dal saiirol sal dalo tain dary dalo
IT2a-n,f77r,"f77r.48,+P0",sodar.oloky<$>,sodar oloky
IT2a-n,f77r,"f77r.49,@Ln",otchdy,otchdy
IT2a-n,f77r,"f77r.50,@Lt",otolaiino,otolaiino
IT2a-n,f77v,"f77v.1,@Lt",okain.ykal,okain ykal
IT2a-n,f77v,"f77v.2,=Lt",otol.shedy,otol shedy
IT2a-n,f77v,"f77v.3,=Lt",olkeedal,olkeedal
IT2a-n,f77v,"f77v.4,@Lt",otolor,otolor
IT2a-n,f77v,"f77v.5,=Lt",orchedal,orchedal
IT2a-n,f77v,"f77v.6,@P0",<%>qetedy.shedy.qotol.odal.chal.dar.qopshedy.qotedy.qotedy.qokedy.dal,qetedy shedy qotol odal chal dar qopshedy qotedy qotedy qokedy dal
IT2a-n,f77v,"f77v.7,+P0",olshedy.qolsheedy.qy.rchr.ycheedy.okedy.lshedy.chr.shdal.chedy.qolky,olshedy qolsheedy qy rchr ycheedy okedy lshedy chr shdal chedy qolky
IT2a-n,f77v,"f77v.8,+P0",qokeeey.shedy.qokeedy.qodykey.qokedy.rsheedy.taiiin.sheol.teedy.yry,qokeeey shedy qokeedy qodykey qokedy rsheedy taiiin sheol teedy yry
IT2a-n,f77v,"f77v.9,+P0",dcheol.kshey.qol.chshy.cheol.olchedy.ol.chs.ol.sheedy.qokedy.chedy,dcheol kshey qol chshy cheol olchedy ol chs ol sheedy qokedy chedy
IT2a-n,f77v,"f77v.10,+P0",tchedar.olain.checkhy.sal.shedy.qokal.chedy.qokedy.qol.shedy.lol,tchedar olain checkhy sal shedy qokal chedy qokedy qol shedy lol
IT2a-n,f77v,"f77v.11,+P0",qockhy.dol.chdy.dsheedal.qokal.chedy.dal.shedy.qokeedy.dal.olchy,qockhy dol chdy dsheedal qokal chedy dal shedy qokeedy dal olchy
IT2a-n,f77v,"f77v.12,+P0",lchedy.shedal.qokedy.okal.chedy.qokal.shedy.chedy.qol.chdy.lam,lchedy shedal qokedy okal chedy qokal shedy chedy qol chdy lam
IT2a-n,f77v,"f77v.13,+P0",sor.sheol.chdy.qokeedy.dar.shedy.chedy.qokal.chedy.qokey.lshedy.dal,sor sheol chdy qokeedy dar shedy chedy qokal chedy qokey lshedy dal
IT2a-n,f77v,"f77v.14,+P0",darcheedal.qeedy.qeedeey.olchey.lchey.qedy.or.cheey.qol.rar.ar,darcheedal qeedy qeedeey olchey lchey qedy or cheey qol rar ar
IT2a-n,f77v,"f77v.15,+P0",qol.kaiin.shey<$>,qol kaiin shey
IT2a-n,f77v,"f77v.16,+P0",<%>tedal.daiin.okaiin.shedy.qokedy.qokain.otedy.dasy,tedal daiin okaiin shedy qokedy qokain otedy dasy
IT2a-n,f77v,"f77v.17,+P0",olchedy.qol.shedy.qokchedy.qokeey.daiin.olol,olchedy qol shedy qokchedy qokeey daiin olol
IT2a-n,f77v,"f77v.18,+P0",qokaiin.sheol.ekedy.qokey.qokal.dal.daly,qokaiin sheol ekedy qokey qokal dal daly
IT2a-n,f77v,"f77v.19,+P0",qoraiin.shey.qokaiin.chal.aiiin.chedy.qol,qoraiin shey qokaiin chal aiiin chedy qol
IT2a-n,f77v,"f77v.20,+P0",daiin.sal.chedy.qokedy.qokal.shed.keoly,daiin sal chedy qokedy qokal shed keoly
IT2a-n,f77v,"f77v.21,+P0",qokal.salchedy.shey.fchor.qotas.olky.darory,qokal salchedy shey fchor qotas olky darory
IT2a-n,f77v,"f77v.22,+P0",dalohey.qol.chedy.oqokain.olkaiin.chckhy.qokal.dar,dalohey qol chedy oqokain olkaiin chckhy qokal dar
IT2a-n,f77v,"f77v.23,+P0",qokal.chees.ol.shedy.doraiin.ol.qoky.ches.ol.dal,qokal chees ol shedy doraiin ol qoky ches ol dal
IT2a-n,f77v,"f77v.24,+P0",daiin.sheekey.qokeedy.daiin.dail.qokedy.qotedy.sol,daiin sheekey qokeedy daiin dail qokedy qotedy sol
IT2a-n,f77v,"f77v.25,+P0",lchor.oiin.shedy.qokaiin.saiin.dal.sheedy.qokeedy.ral,lchor oiin shedy qokaiin saiin dal sheedy qokeedy ral
IT2a-n,f77v,"f77v.26,+P0",dairol.shedy.rchy.sheor.qokedy.qoky.chckhy.qokchy.ldol,dairol shedy rchy sheor qokedy qoky chckhy qokchy ldol
IT2a-n,f77v,"f77v.27,+P0",tshedy.qokain.chedal.fchedy.cheky.sain.chedy.qokain.ol,tshedy qokain chedal fchedy cheky sain chedy qokain ol
IT2a-n,f77v,"f77v.28,+P0",ychedy.qokedy.qoked.olsheor.olchdy<$>,ychedy qokedy qoked olsheor olchdy
IT2a-n,f77v,"f77v.29,+P0",<%>tcho.dchy.lshedy.daly.dal.dsheedy.pcheol.lfol.ol.cheedy.qoty,tcho dchy lshedy daly dal dsheedy pcheol lfol ol cheedy qoty
IT2a-n,f77v,"f77v.30,+P0",shey.ol.sheey.qokedy.lchedy.qokaiin.dal.daiin.chedy,shey ol sheey qokedy lchedy qokaiin dal daiin chedy
IT2a-n,f77v,"f77v.31,+P0",qoar.shedy.qokaiin.shcthy.qotedy.rchr.oltedy.lchy,qoar shedy qokaiin shcthy qotedy rchr oltedy lchy
IT2a-n,f77v,"f77v.32,+P0",ycheey.qolshedy.qokal.chedy.qokaiin.checkhy.qokal,ycheey qolshedy qokal chedy qokaiin checkhy qokal
IT2a-n,f77v,"f77v.33,+P0",qokaiin.cheky.rar.chedy.qokal.dary.qotal.dal.rain,qokaiin cheky rar chedy qokal dary qotal dal rain
IT2a-n,f77v,"f77v.34,+P0",solkchedy.shar.ytal.dy.dychedy.lkchey.qokedy.rched,solkchedy shar ytal dy dychedy lkchey qokedy rched
IT2a-n,f77v,"f77v.35,+P0",tchor.sheey.qokain.qokain.sheol.qokeedy.qokal.dary,tchor sheey qokain qokain sheol qokeedy qokal dary
IT2a-n,f77v,"f77v.36,+P0",qotchy.qokal.shedy.qokedy.lchedy.qokedy.qol.raiin.chey,qotchy qokal shedy qokedy lchedy qokedy qol raiin chey
IT2a-n,f77v,"f77v.37,+P0",schedy.qotar.sarol.sheedy.qokain.cheey.raiin.daiin.shey,schedy qotar sarol sheedy qokain cheey raiin daiin shey
IT2a-n,f77v,"f77v.38,+P0",toldal.shedy.qokedy.qotain.dolcheedy.rolchedy.qokedy,toldal shedy qokedy qotain dolcheedy rolchedy qokedy
IT2a-n,f77v,"f77v.39,+P0",dcheol.kchedy.sockhey.qokal.qokal.shedy.sholdy.qokal.dar,dcheol kchedy sockhey qokal qokal shedy sholdy qokal dar
IT2a-n,f77v,"f77v.40,+P0",qokeey.rol.chdor.cheey.qokaiin.saiin.shedy.qokeedy.qokam,qokeey rol chdor cheey qokaiin saiin shedy qokeedy qokam
IT2a-n,f77v,"f77v.41,+P0",chedy.lchedy.lkaiin.dy.qokal.dar.chdain.ldchey.ol.raiin.oldy,chedy lchedy lkaiin dy qokal dar chdain ldchey ol raiin oldy
IT2a-n,f77v,"f77v.42,+P0",tcheey.qokeey.qokol.lchedy.cheol.kaiin.okol<$>,tcheey qokeey qokol lchedy cheol kaiin okol
IT2a-n,f77v,"f77v.43,@Ln",sosoral,sosoral
IT2a-n,f77v,"f77v.44,@Lt",okalo,okalo
IT2a-n,f77v,"f77v.45,@Ln",oleoeder,oleoeder
IT2a-n,f78r,"f78r.1,@Lt",okchdldlo,okchdldlo
IT2a-n,f78r,"f78r.2,@Lt",okchdy,okchdy
IT2a-n,f78r,"f78r.3,@P0",<%>tshedor.shedy.qopchedy.qokedy.dy.qokol.oky,tshedor shedy qopchedy qokedy dy qokol oky
IT2a-n,f78r,"f78r.4,+P0",qokeedy.qokedy.shedy.tchedy.otar.olkedy.dam,qokeedy qokedy shedy tchedy otar olkedy dam
IT2a-n,f78r,"f78r.5,+P0",qckhedy.cheky.dol.chedy.qokedy.qokain.olkedy,qckhedy cheky dol chedy qokedy qokain olkedy
IT2a-n,f78r,"f78r.6,+P0",yteedy.qotal.dol.shedy.qokedar.chcthhy.otor.dor.or,yteedy qotal dol shedy qokedar chcthhy otor dor or
IT2a-n,f78r,"f78r.7,+P0",qokal.otedy.qokedy.qokedy.dal.qokedy.qokedy.s.kam,qokal otedy qokedy qokedy dal qokedy qokedy s kam
IT2a-n,f78r,"f78r.8,+P0",dshedy.qokedy.okar.qokedy.shedy.ykedy.shedy.qoky,dshedy qokedy okar qokedy shedy ykedy shedy qoky
IT2a-n,f78r,"f78r.9,+P0",schedy.keedy.qokedy.chckhd.qokain.chedy.qotedy.dy,schedy keedy qokedy chckhd qokain chedy qotedy dy
IT2a-n,f78r,"f78r.10,+P0",dshedy.deedy.qokeedy.otedy.otal.tedy.otey.oloiin,dshedy deedy qokeedy otedy otal tedy otey oloiin
IT2a-n,f78r,"f78r.11,+P0",qoky.okeedy.sheety.qoteedy.otey.shckhedy.sokol.or,qoky okeedy sheety qoteedy otey shckhedy sokol or
IT2a-n,f78r,"f78r.12,+P0",dor.shekedy.qokol.kechdy.otedy.ol.tedy.chckhedy,dor shekedy qokol kechdy otedy ol tedy chckhedy
IT2a-n,f78r,"f78r.13,+P0",qokedy.ol.kedy.qokain.okedy.kedy.tol.dy.qoteedy.dy,qokedy ol kedy qokain okedy kedy tol dy qoteedy dy
IT2a-n,f78r,"f78r.14,+P0",sor.checkhy.or.chckhdy.dol.kedy.qokededy.qokan.ol,sor checkhy or chckhdy dol kedy qokededy qokan ol
IT2a-n,f78r,"f78r.15,+P0",dchckhedy.qokchdy.qokedy.okedy.dal.or.okeed.olkain,dchckhedy qokchdy qokedy okedy dal or okeed olkain
IT2a-n,f78r,"f78r.16,+P0",qokol.oted.okain.ched.or.alory,qokol oted okain ched or alory
IT2a-n,f78r,"f78r.17,+P0",soiin.kar.kedy.pchey.tchdoltdy,soiin kar kedy pchey tchdoltdy
IT2a-n,f78r,"f78r.18,+P0",ol.chedy.qokain.dar.ar.okain,ol chedy qokain dar ar okain
IT2a-n,f78r,"f78r.19,+P0",y.ches.aiin.okeedy.qokain.chl,y ches aiin okeedy qokain chl
IT2a-n,f78r,"f78r.20,+P0",sol.shedy.dal.shdy.qokychdy,sol shedy dal shdy qokychdy
IT2a-n,f78r,"f78r.21,+P0",qchedy.qokain.cheeky.lokeedy,qchedy qokain cheeky lokeedy
IT2a-n,f78r,"f78r.22,+P0",yched.qokain.daiin.chckhdy.lr,yched qokain daiin chckhdy lr
IT2a-n,f78r,"f78r.23,+P0",sain.sheor.ol.kchdy.roiin.okeedy,sain sheor ol kchdy roiin okeedy
IT2a-n,f78r,"f78r.24,+P0",qokeedy.kedy.qokeey.qokedy.olol,qokeedy kedy qokeey qokedy olol
IT2a-n,f78r,"f78r.25,+P0",sokeedy.keol.loroin.olkeey.raiin,sokeedy keol loroin olkeey raiin
IT2a-n,f78r,"f78r.26,+P0",sol.shey.kary.or.csedy.qeedar.ain.aol,sol shey kary or csedy qeedar ain aol
IT2a-n,f78r,"f78r.27,+P0",daiin.chckhal.daiil.aldy<$>,daiin chckhal daiil aldy
IT2a-n,f78r,"f78r.28,+P0",<%>porain.ol.qokeedy.kchol.tchal.olkee.yfchey.ofchedy.taly,porain ol qokeedy kchol tchal olkee yfchey ofchedy taly
IT2a-n,f78r,"f78r.29,+P0",s.sheky.ol.kedy.chckhy.dain.oty.qokor.oky.dain.chy.ol,s sheky ol kedy chckhy dain oty qokor oky dain chy ol
IT2a-n,f78r,"f78r.30,+P0",qokeedy.qokey.daiin.olkain.dal.chedy.ololdal.chchty.tedy,qokeedy qokey daiin olkain dal chedy ololdal chchty tedy
IT2a-n,f78r,"f78r.31,+P0",solkeedy.sheckhy.qokedy.otal.shedy.otar.olchedy.cthdy,solkeedy sheckhy qokedy otal shedy otar olchedy cthdy
IT2a-n,f78r,"f78r.32,+P0",qokedy.ckhdy.qokain.chedy.dalky.lkain.ykeedy.okaly.dy,qokedy ckhdy qokain chedy dalky lkain ykeedy okaly dy
IT2a-n,f78r,"f78r.33,+P0",ytedy.daiin.ykedy.yolsheey.qokchy.okal.ol.keedy.dyky,ytedy daiin ykedy yolsheey qokchy okal ol keedy dyky
IT2a-n,f78r,"f78r.34,+P0",dshedy.qokeedy.qopchedy.qokaly.dar.okaiin.okeeal.am,dshedy qokeedy qopchedy qokaly dar okaiin okeeal am
IT2a-n,f78r,"f78r.35,+P0",y.sain.checkhy.qokain.cheeky.daiin.daiin.ytees.oly,y sain checkhy qokain cheeky daiin daiin ytees oly
IT2a-n,f78r,"f78r.36,+P0",qotchedy.lchedy.lchedy.kedy.qol.saiin.ckhain.or,qotchedy lchedy lchedy kedy qol saiin ckhain or
IT2a-n,f78r,"f78r.37,+P0",osal.ol.s.aiin.shes.aiin.oly,osal ol s aiin shes aiin oly
IT2a-n,f78r,"f78r.38,+P0",sar.aiin.oteedy.ol.aiin.chedy,sar aiin oteedy ol aiin chedy
IT2a-n,f78r,"f78r.39,+P0",qotaiin.qokaiin.okedy.lkeedy,qotaiin qokaiin okedy lkeedy
IT2a-n,f78r,"f78r.40,+P0",shedy.qol.shedy.qokaiin.drol,shedy qol shedy qokaiin drol
IT2a-n,f78r,"f78r.41,+P0",ykain.chdar.chedy.qokain.dy,ykain chdar chedy qokain dy
IT2a-n,f78r,"f78r.42,+P0",dain.chfaiin.opaly.kotaly,dain chfaiin opaly kotaly
IT2a-n,f78r,"f78r.43,+P0",lchedy.pchedy.qokaiin.dar<$>,lchedy pchedy qokaiin dar
IT2a-n,f78r,"f78r.44,@Lt",daraloikhy,daraloikhy
IT2a-n,f78r,"f78r.45,@Lt",dchedaly,dchedaly
IT2a-n,f78r,"f78r.46,@Lt",otasodlory<->orory,otasodloryorory
IT2a-n,f78r,"f78r.47,@Lt",okaral,okaral
IT2a-n,f78v,"f78v.1,@P0",<%>pykedy.olfchedy.qokedy.spchy.chedy.rol.dor.ofchedy.qokedy,pykedy olfchedy qokedy spchy chedy rol dor ofchedy qokedy
IT2a-n,f78v,"f78v.2,+P0",olshedy.qokedy.rshedy.cthdy.otedy.kedy.dal.dal.dol.oty.dal,olshedy qokedy rshedy cthdy otedy kedy dal dal dol oty dal
IT2a-n,f78v,"f78v.3,+P0",qokedy.chety.qolshedy.okedy.dol.ees.olchey.qotedy.ol.dam,qokedy chety qolshedy okedy dol ees olchey qotedy ol dam
IT2a-n,f78v,"f78v.4,+P0",ol.chy.lshdy.lcheckhy.ol.keedy.lcheckhey.lolkedy.kain.ol,ol chy lshdy lcheckhy ol keedy lcheckhey lolkedy kain ol
IT2a-n,f78v,"f78v.5,+P0",qor.olkeey.olkain.ol.eesey.ol.cheeky.dar.okal.dal.olchedy,qor olkeey olkain ol eesey ol cheeky dar okal dal olchedy
IT2a-n,f78v,"f78v.6,+P0",ety.okeey.or.sheey.ykeey.loeey.qokain.okedy.qokedy.qol,ety okeey or sheey ykeey loeey qokain okedy qokedy qol
IT2a-n,f78v,"f78v.7,+P0",otor.yshedy.otedy.shedy.qokeedy.qokedy.otar.otedy,otor yshedy otedy shedy qokeedy qokedy otar otedy
IT2a-n,f78v,"f78v.8,+P0",qokedy.otedy.qokain.oteedy.qokeedy.dar.okedy.dkedy.dain,qokedy otedy qokain oteedy qokeedy dar okedy dkedy dain
IT2a-n,f78v,"f78v.9,+P0",ycheolk.olkeedy.qokedy.ol.chedol.okeedy.qotedy.ror.arol,ycheolk olkeedy qokedy ol chedol okeedy qotedy ror arol
IT2a-n,f78v,"f78v.10,+P0",dshedy.qokedy.or.shedy.pchedy.qokchdy.okedy.opchedy,dshedy qokedy or shedy pchedy qokchdy okedy opchedy
IT2a-n,f78v,"f78v.11,+P0",qol.chedy.qol.okeey.ykal.ol.chdy.qokain.chcthy.daiin,qol chedy qol okeey ykal ol chdy qokain chcthy daiin
IT2a-n,f78v,"f78v.12,+P0",sheor.ol.qokaiin.shckhy.otaly.qolsheey.qokal.sain,sheor ol qokaiin shckhy otaly qolsheey qokal sain
IT2a-n,f78v,"f78v.13,+P0",dchokol.chedy.qokedy.qokey.qol.chedy.qokeedy.lchey,dchokol chedy qokedy qokey qol chedy qokeedy lchey
IT2a-n,f78v,"f78v.14,+P0",qolkeshdy.qol.shedy.olkedy.okol.chedy.qokain.dal,qolkeshdy qol shedy olkedy okol chedy qokain dal
IT2a-n,f78v,"f78v.15,+P0",cheey.qol.chedy.qokey.or.cheef.chckhey.tedy.qokedy.lr,cheey qol chedy qokey or cheef chckhey tedy qokedy lr
IT2a-n,f78v,"f78v.16,+P0",lshey.rshedy.d.qokedy.okey.lchedy.qokdy.daiin.oly,lshey rshedy d qokedy okey lchedy qokdy daiin oly
IT2a-n,f78v,"f78v.17,+P0",qol.sheedy.qol.lcheol.lchdy.dchdy.da.qor.ol.kal.dy,qol sheedy qol lcheol lchdy dchdy da qor ol kal dy
IT2a-n,f78v,"f78v.18,+P0",chedy.shckhy.qokedy.dal.lshckhy.qol.qol.oteedy.qor,chedy shckhy qokedy dal lshckhy qol qol oteedy qor
IT2a-n,f78v,"f78v.19,+P0",lchedy.ol.chedar.shedy.lor.shedaldy.orain<$>,lchedy ol chedar shedy lor shedaldy orain
IT2a-n,f78v,"f78v.20,+P0",<%>qofcheol.opchedy.qokain.opchedy.lchey.cphar.ol.okalor,qofcheol opchedy qokain opchedy lchey cphar ol okalor
IT2a-n,f78v,"f78v.21,+P0",chedy.lshedy.olshedy.otaiin.ol.qokar.shedy.yteedy,chedy lshedy olshedy otaiin ol qokar shedy yteedy
IT2a-n,f78v,"f78v.22,+P0",okal.shey.ol.shedy.okal.okchey.okeol.olchedy.qol,okal shey ol shedy okal okchey okeol olchedy qol
IT2a-n,f78v,"f78v.23,+P0",qol.chedy.okeshy.qoteedy.okeedy.olshedy.qokedydy,qol chedy okeshy qoteedy okeedy olshedy qokedydy
IT2a-n,f78v,"f78v.24,+P0",ytaiin.shedy.ol.sheedy.olshdy.shey.kshdy.shol.kedy,ytaiin shedy ol sheedy olshdy shey kshdy shol kedy
IT2a-n,f78v,"f78v.25,+P0",teeol.olkeshey.qolcheol.ol.or.sheckhedy.or.ol.sham,teeol olkeshey qolcheol ol or sheckhedy or ol sham
IT2a-n,f78v,"f78v.26,+P0",qokaiin.or.sheedy.otain.ol.shedy.sol.fchedy.otaldy,qokaiin or sheedy otain ol shedy sol fchedy otaldy
IT2a-n,f78v,"f78v.27,+P0",lol.kar.shr.r.ol.ols.sheey.ol.chedy.oltar.olkaiin,lol kar shr r ol ols sheey ol chedy oltar olkaiin
IT2a-n,f78v,"f78v.28,+P0",olkain.shey.qokey.okar.ol.oteedy.chcthy.los.aiin.d,olkain shey qokey okar ol oteedy chcthy los aiin d
IT2a-n,f78v,"f78v.29,+P0",lchedy.otchey.qol.chedy.lr.al.s.aiiin.ol.shedy.ary,lchedy otchey qol chedy lr al s aiiin ol shedy ary
IT2a-n,f78v,"f78v.30,+P0",sal.shol.sain.sheety.or.oiiin.okal.oltal.qokar.ary,sal shol sain sheety or oiiin okal oltal qokar ary
IT2a-n,f78v,"f78v.31,+P0",sor.ar.or.dchor.otaiin.otain.ytedy.olshdy.shol.kal,sor ar or dchor otaiin otain ytedy olshdy shol kal
IT2a-n,f78v,"f78v.32,+P0",lol.cheor.sheol.dy.qokar.otalor<$>,lol cheor sheol dy qokar otalor
IT2a-n,f79r,"f79r.1,@P0",<%>torain.shedy.pchor.or.shek.otar.pchdy.opcholor.otal.shedy,torain shedy pchor or shek otar pchdy opcholor otal shedy
IT2a-n,f79r,"f79r.2,+P0",qoteedy.lshdy.otchedy.olshey.ol.shey.qol.sheey.qoteey.loly,qoteedy lshdy otchedy olshey ol shey qol sheey qoteey loly
IT2a-n,f79r,"f79r.3,+P0",yshealdy.rshedy.qoteedy.chckhey.qoy.chey.lchey.qokeey.rchedy,yshealdy rshedy qoteedy chckhey qoy chey lchey qokeey rchedy
IT2a-n,f79r,"f79r.4,+P0",teey.dar.qotar.sheds.sheekeey.qokeey.okey.qolshy.olchey.qoky.ol,teey dar qotar sheds sheekeey qokeey okey qolshy olchey qoky ol
IT2a-n,f79r,"f79r.5,+P0",qokal.shedy.chcthy.or.chear.solchey.qol.shal.chey.l.cheol.chol.chy,qokal shedy chcthy or chear solchey qol shal chey l cheol chol chy
IT2a-n,f79r,"f79r.6,+P0",shol.okar.ol.olkeey.qokey.sain.ol.cheey.qol.chey<$>,shol okar ol olkeey qokey sain ol cheey qol chey
IT2a-n,f79r,"f79r.7,+P0",<%>polchedy.qokar.shey.qokl.ol.cheey.qokain.chey.qoty.qokar,polchedy qokar shey qokl ol cheey qokain chey qoty qokar
IT2a-n,f79r,"f79r.8,+P0",qokol.cheedy.qokal.shed.ykchedy.chcthy.yoky.qokal.cholo,qokol cheedy qokal shed ykchedy chcthy yoky qokal cholo
IT2a-n,f79r,"f79r.9,+P0",saiin.shedy.psheedy.qokar.sheol.qolchey.qoty.qokal.qokam,saiin shedy psheedy qokar sheol qolchey qoty qokal qokam
IT2a-n,f79r,"f79r.10,+P0",qokshedy.qokain.cheor.okol.sheeol.qoteesy.choty.otechys,qokshedy qokain cheor okol sheeol qoteesy choty otechys
IT2a-n,f79r,"f79r.11,+P0",shoikhy.chedy.tshey.dshdy.otchar.shek.chcthy.otal.ory,shoikhy chedy tshey dshdy otchar shek chcthy otal ory
IT2a-n,f79r,"f79r.12,+P0",qokchy.qotchey.ldaiin.shedy.qotaiin.sal<$>,qokchy qotchey ldaiin shedy qotaiin sal
IT2a-n,f79r,"f79r.13,+P0",<%>pshorol.shckhy.qotshdy.qokaldy.opchedy.qotar.or.aiin.ol,pshorol shckhy qotshdy qokaldy opchedy qotar or aiin ol
IT2a-n,f79r,"f79r.14,+P0",saral.qokain.checkhy.qotal.qol.cheey.chey.dain.chedy.qol,saral qokain checkhy qotal qol cheey chey dain chedy qol
IT2a-n,f79r,"f79r.15,+P0",qokl.shey.qokal.chedy.okol.dyty.saiin.ol.sheol.lchey,qokl shey qokal chedy okol dyty saiin ol sheol lchey
IT2a-n,f79r,"f79r.16,+P0",shain.shckhy.qoly.kshedy.otal.sheey.qokain.shey.qokam,shain shckhy qoly kshedy otal sheey qokain shey qokam
IT2a-n,f79r,"f79r.17,+P0",qokaiin.shy.lsheey.ls.air.or.aror.otaiin.ches.olol.ol,qokaiin shy lsheey ls air or aror otaiin ches olol ol
IT2a-n,f79r,"f79r.18,+P0",solor.olshey.qokaiin.chey.qokain.otain.otain.otal.ol.dam,solor olshey qokaiin chey qokain otain otain otal ol dam
IT2a-n,f79r,"f79r.19,+P0",sol.cheey.chol.sain.or.al.shey.qokain.sheyky.shoky.oly,sol cheey chol sain or al shey qokain sheyky shoky oly
IT2a-n,f79r,"f79r.20,+P0",y.shal.ychedar.oikhy.scthey.tal.chear<$>,y shal ychedar oikhy scthey tal chear
IT2a-n,f79r,"f79r.21,+P0",<%>pol.shar.shar.pchey.otshey.okaos.aiin.okshey.dalkeeey.ry,pol shar shar pchey otshey okaos aiin okshey dalkeeey ry
IT2a-n,f79r,"f79r.22,+P0",lchey.dal.sheedy.efchedy.otain.shey.qofchey.ol.dor.ched.chey,lchey dal sheedy efchedy otain shey qofchey ol dor ched chey
IT2a-n,f79r,"f79r.23,+P0",dar.shear.qotaiin.ol.lkain.otchedy.or.olkl.otshedy.otory,dar shear qotaiin ol lkain otchedy or olkl otshedy otory
IT2a-n,f79r,"f79r.24,+P0",qokshedy.qolkeey.qolkeedy.qokedy.otain.otchey.okain.y,qokshedy qolkeey qolkeedy qokedy otain otchey okain y
IT2a-n,f79r,"f79r.25,+P0",cholchey.qotshy.qol.shey.qokar.shedy.oteey.chcthy<$>,cholchey qotshy qol shey qokar shedy oteey chcthy
IT2a-n,f79r,"f79r.26,+P0",<%>polaiin.olteedy.qotchey.dykeedy.qokchdy.opchedy.shol.ory,polaiin olteedy qotchey dykeedy qokchdy opchedy shol ory
IT2a-n,f79r,"f79r.27,+P0",qokeedy.sheey.kas.cheey.olkaiin.ol.ory.cholor.oty.oky,qokeedy sheey kas cheey olkaiin ol ory cholor oty oky
IT2a-n,f79r,"f79r.28,+P0",y.dol.sheey.qokain.odain.yteey.chyteey.otoldy.lchey,y dol sheey qokain odain yteey chyteey otoldy lchey
IT2a-n,f79r,"f79r.29,+P0",lcheey.qochey.qody.qokal.olor.okchd.dchol.dchy.oly,lcheey qochey qody qokal olor okchd dchol dchy oly
IT2a-n,f79r,"f79r.30,+P0",yshedy.qotal.ysheey.olor<$>,yshedy qotal ysheey olor
IT2a-n,f79r,"f79r.31,+P0",<%>pol.shey.oltshedy.sheol.ykeey.okeey.cheor.sheedy.ol,pol shey oltshedy sheol ykeey okeey cheor sheedy ol
IT2a-n,f79r,"f79r.32,+P0",sol.cheedy.qoteedy.okaiin.ol.olaiin.shey.daiin.chey.ol,sol cheedy qoteedy okaiin ol olaiin shey daiin chey ol
IT2a-n,f79r,"f79r.33,+P0",daiin.shedy.qotshedy.oteeedy.oteedy.chey.qokaiin.ol,daiin shedy qotshedy oteeedy oteedy chey qokaiin ol
IT2a-n,f79r,"f79r.34,+P0",lcheol.kchedy.qotas.sheey.teol.oteedy<$>,lcheol kchedy qotas sheey teol oteedy
IT2a-n,f79r,"f79r.35,+P0",<%>pol.chedy.shedy.qoteedy.qotain.ody.chekes.otal,pol chedy shedy qoteedy qotain ody chekes otal
IT2a-n,f79r,"f79r.36,+P0",sol.sheeol.ol.cheey.os.sheky.sheol.or.shear.oly,sol sheeol ol cheey os sheky sheol or shear oly
IT2a-n,f79r,"f79r.37,+P0",lcheol.ol.ol.sheey.olsheey.shol.keey.okchey.dain,lcheol ol ol sheey olsheey shol keey okchey dain
IT2a-n,f79r,"f79r.38,+P0",pol.olkeeey.sheol.qokeey<$>,pol olkeeey sheol qokeey
IT2a-n,f79r,"f79r.39,+P0",<%>polkeey.qokol.otshdy.olky.orkar.shecphhdy.olkal,polkeey qokol otshdy olky orkar shecphhdy olkal
IT2a-n,f79r,"f79r.40,+P0",y.shedy.qokched.oltshey.otchotor.ol.okaiin.chckhy,y shedy qokched oltshey otchotor ol okaiin chckhy
IT2a-n,f79r,"f79r.41,+P0",qokain.shedy.qotain.oteedy.chkain.ol.ol.chedy.oly,qokain shedy qotain oteedy chkain ol ol chedy oly
IT2a-n,f79r,"f79r.42,+P0",sain.okain.chedy.lkchedy.aiin.okain.oly.cheedy,sain okain chedy lkchedy aiin okain oly cheedy
IT2a-n,f79r,"f79r.43,+P0",y.shey.qokain.cheol.qoky.daiin.chkam.ar.cheedy.ldy,y shey qokain cheol qoky daiin chkam ar cheedy ldy
IT2a-n,f79r,"f79r.44,+P0",ody.oaan.okeey.dar.cheory<$>,ody oaan okeey dar cheory
IT2a-n,f79v,"f79v.1,@P0",<%>poldshedy.olkory.qotolol.otaldy.otedol.or.olorol,poldshedy olkory qotolol otaldy otedol or olorol
IT2a-n,f79v,"f79v.2,+P0",qoteedy.qokchey.qoty.lshey.qokain.shey.qorchedy,qoteedy qokchey qoty lshey qokain shey qorchedy
IT2a-n,f79v,"f79v.3,+P0",dol.sheol.okchy.qokain.cseedy.qokshedy.qokedy.otaram,dol sheol okchy qokain cseedy qokshedy qokedy otaram
IT2a-n,f79v,"f79v.4,+P0",qokeedy.qokeedy.qotain.sol.chedy.rchey.qoky.lchedy,qokeedy qokeedy qotain sol chedy rchey qoky lchedy
IT2a-n,f79v,"f79v.5,+P0",qolkeedy.qokedy.qotol.saiin.ory.qokedy.oteedy.lcheam,qolkeedy qokedy qotol saiin ory qokedy oteedy lcheam
IT2a-n,f79v,"f79v.6,+P0",ycheckhey.r.ain.chedy.qokain.chedy.olshedy.dar.ytam,ycheckhey r ain chedy qokain chedy olshedy dar ytam
IT2a-n,f79v,"f79v.7,+P0",qokshey.qokeedy.qol.kedy.qokeedy.qokain.solchedy,qokshey qokeedy qol kedy qokeedy qokain solchedy
IT2a-n,f79v,"f79v.8,+P0",ychedy.qotey.okedy.tedyol.sheedy.qokeey.qoteedy.lol,ychedy qotey okedy tedyol sheedy qokeey qoteedy lol
IT2a-n,f79v,"f79v.9,+P0",sor.ol.sheey.qokeedy.qokechey.qol<$>,sor ol sheey qokeedy qokechey qol
IT2a-n,f79v,"f79v.10,+P0",<%>pchedy.lsheckhedy.qokeey.qokaiin.olky.opchedy.pchedy,pchedy lsheckhedy qokeey qokaiin olky opchedy pchedy
IT2a-n,f79v,"f79v.11,+P0",olcheey.lchedy.qolkeedy.qokain.chckhy.otar.ol.kam<$>,olcheey lchedy qolkeedy qokain chckhy otar ol kam
IT2a-n,f79v,"f79v.12,+P0",<%>pshdy.ofchdy.qokedy.qoteedy.qokedy.qoltedy.qotedy.oky,pshdy ofchdy qokedy qoteedy qokedy qoltedy qotedy oky
IT2a-n,f79v,"f79v.13,+P0",dain.ar.olshey.dytain.qokain.checthy.okeedy.qokeedy.ror,dain ar olshey dytain qokain checthy okeedy qokeedy ror
IT2a-n,f79v,"f79v.14,+P0",qokeey.qokedy.okeey.qokol.sheedy.qokeedy.rol.chey.qokeedy,qokeey qokedy okeey qokol sheedy qokeedy rol chey qokeedy
IT2a-n,f79v,"f79v.15,+P0",yteedy.qokeedy.qokain.olkeey.cheokain.dy.teey.qokain,yteedy qokeedy qokain olkeey cheokain dy teey qokain
IT2a-n,f79v,"f79v.16,+P0",dol.sheey.qol.olkshey.qokeedy.olkeedy.qol.okaiin.oly,dol sheey qol olkshey qokeedy olkeedy qol okaiin oly
IT2a-n,f79v,"f79v.17,+P0",qol.sheey.chol.ol.dar.qokaiin.cheekey.qoky.otain.oram,qol sheey chol ol dar qokaiin cheekey qoky otain oram
IT2a-n,f79v,"f79v.18,+P0",qokain.sheey.qokeey.teey.oteey.lsheey.qokeey.olkeedy.rchey,qokain sheey qokeey teey oteey lsheey qokeey olkeedy rchey
IT2a-n,f79v,"f79v.19,+P0",ykail.shy.qolar.shey.qokedy.qokedy.qokedy.dar.olkain.cham,ykail shy qolar shey qokedy qokedy qokedy dar olkain cham
IT2a-n,f79v,"f79v.20,+P0",dchedy.lchey.qety.shedy.okain.ykees.olkey.oty.shey.qoly,dchedy lchey qety shedy okain ykees olkey oty shey qoly
IT2a-n,f79v,"f79v.21,+P0",dshey.qokal.sheedy.sheky.orain.otshdy.dain.cther.aror,dshey qokal sheedy sheky orain otshdy dain cther aror
IT2a-n,f79v,"f79v.22,+P0",tshey.ykeey.ra?kain.oroiiin<$>,tshey ykeey oroiiin
IT2a-n,f79v,"f79v.23,+P0",<%>tolkey.okar.ol.okaiin.okylor.qokol.okeedy.dalary,tolkey okar ol okaiin okylor qokol okeedy dalary
IT2a-n,f79v,"f79v.24,+P0",ycheear.o.oiin.oeedy.qotain.chedy.qokeey.oteey.qokchy.lol,ycheear o oiin oeedy qotain chedy qokeey oteey qokchy lol
IT2a-n,f79v,"f79v.25,+P0",qokeey.ol.olshdy.qotain.oteedy.olkain.otshey.sain.ol,qokeey ol olshdy qotain oteedy olkain otshey sain ol
IT2a-n,f79v,"f79v.26,+P0",ykeedy.okaiin.dykaiin.otedy.dkeey.tar.ol.otol.oiiiny,ykeedy okaiin dykaiin otedy dkeey tar ol otol oiiiny
IT2a-n,f79v,"f79v.27,+P0",odchey.kar.okain.opar.otain.olkey<$>,odchey kar okain opar otain olkey
IT2a-n,f79v,"f79v.28,+P0",<%>pchey.ksheol.qokain.ofchedy.otalshdy.olkair.otaiin.okeedy,pchey ksheol qokain ofchedy otalshdy olkair otaiin okeedy
IT2a-n,f79v,"f79v.29,+P0",dain.shey.keedy.lko.opchedy.qotedy.otey.tal.dain.otchy.oty,dain shey keedy lko opchedy qotedy otey tal dain otchy oty
IT2a-n,f79v,"f79v.30,+P0",qokain.sheeky.okar.okey.qokey.tedy.skain.oteedy.qoky,qokain sheeky okar okey qokey tedy skain oteedy qoky
IT2a-n,f79v,"f79v.31,+P0",yshees.aiin.o.ykeedy.qokeedy.qokar.oteedy.rol.tain,yshees aiin o ykeedy qokeedy qokar oteedy rol tain
IT2a-n,f79v,"f79v.32,+P0",olkeey.ol.or.ocheey.ol.ol.o.keeedy.checkhy.aror<$>,olkeey ol or ocheey ol ol o keeedy checkhy aror
IT2a-n,f79v,"f79v.33,+P0",<%>por.ar.or.yteey.teey.otar.oshey.qoky.chey.okeey.ldy.orol,por ar or yteey teey otar oshey qoky chey okeey ldy orol
IT2a-n,f79v,"f79v.34,+P0",ykeeey.qokeey.lshey.qoky.tchedy.orsheedy.otain.sheor.oly,ykeeey qokeey lshey qoky tchedy orsheedy otain sheor oly
IT2a-n,f79v,"f79v.35,+P0",qor.cheey.kain.chl.ol.otol.dain.otain.ol.oteedy.qokan,qor cheey kain chl ol otol dain otain ol oteedy qokan
IT2a-n,f79v,"f79v.36,+P0",ysheey.ol.shey.oltshsey.sheepshey<$>,ysheey ol shey oltshsey sheepshey
IT2a-n,f79v,"f79v.37,+P0",<%>pol.ol.shal.kain.okeey.lkeey.qokal.otchsdy.okechdy,pol ol shal kain okeey lkeey qokal otchsdy okechdy
IT2a-n,f79v,"f79v.38,+P0",olkeeey.qokeey.okeedy.shedy.qokeey.okain.sheckhdy.dag,olkeeey qokeey okeedy shedy qokeey okain sheckhdy dag
IT2a-n,f79v,"f79v.39,+P0",qokeedy.ykeey.sheey.or.or.aiin.yefaiin.chcthhy.dor.yty,qokeedy ykeey sheey or or aiin yefaiin chcthhy dor yty
IT2a-n,f79v,"f79v.40,+P0",qokees.aiin.okain.ol.oiin.qokoin.sheky.qokeedy.qokar.ol,qokees aiin okain ol oiin qokoin sheky qokeedy qokar ol
IT2a-n,f79v,"f79v.41,+P0",yshedy.qokeey.okain.olkeey.daldy.chedy.raiin.orain,yshedy qokeey okain olkeey daldy chedy raiin orain
IT2a-n,f79v,"f79v.42,+P0",okchedy.qokain.sheky.chedy.olaiin.ydaral<$>,okchedy qokain sheky chedy olaiin ydaral
IT2a-n,f80r,"f80r.1,@Ln",yoraly,yoraly
IT2a-n,f80r,"f80r.2,=Ln",olchdy,olchdy
IT2a-n,f80r,"f80r.3,=Ln",okaly,okaly
IT2a-n,f80r,"f80r.4,=Ln",okolo,okolo
IT2a-n,f80r,"f80r.5,=Ln",okory,okory
IT2a-n,f80r,"f80r.6,=Ln",opor,opor
IT2a-n,f80r,"f80r.7,~Ln",olky,olky
IT2a-n,f80r,"f80r.8,=Ln",otalshedy,otalshedy
IT2a-n,f80r,"f80r.9,~Ln",okar,okar
IT2a-n,f80r,"f80r.10,+Ln",otan,otan
IT2a-n,f80r,"f80r.11,@P0",<%>pdol.fshedy.qopolkain.octhor.okchdy.qokeedy.qopcheol<->oltoiin.y.darshey,pdol fshedy qopolkain octhor okchdy qokeedy qopcheololtoiin y darshey
IT2a-n,f80r,"f80r.12,+P0",dykshy.olotchedy.qokain.qotain.chckhy.qokain.okal.qotain.okedy.qolr,dykshy olotchedy qokain qotain chckhy qokain okal qotain okedy qolr
IT2a-n,f80r,"f80r.13,+P0",tchedy.qotair.cheol.qokal.qokal.cheety.qokain.qokar.qokain.chedy.qokam,tchedy qotair cheol qokal qokal cheety qokain qokar qokain chedy qokam
IT2a-n,f80r,"f80r.14,+P0",solkain.shl.lky.chcthy.qokain.qotchy.qotal.dy.chckhy.lchey.qotar.otal,solkain shl lky chcthy qokain qotchy qotal dy chckhy lchey qotar otal
IT2a-n,f80r,"f80r.15,+P0",qokedy.qokeedy.checkhy.olchedy.qokain.chey.qokechckhy.otar.cheoltain.sy,qokedy qokeedy checkhy olchedy qokain chey qokechckhy otar cheoltain sy
IT2a-n,f80r,"f80r.16,+P0",solchedy.qokeedy.qokar.ol.chedy.qokain.shecthy.qokeedy.saltar.chkain.oty,solchedy qokeedy qokar ol chedy qokain shecthy qokeedy saltar chkain oty
IT2a-n,f80r,"f80r.17,+P0",solky.sheckhy.sheky.shkeol.qokar.sheky.chetain.ol.olkar.okain.sheky.qokal.day<$>,solky sheckhy sheky shkeol qokar sheky chetain ol olkar okain sheky qokal day
IT2a-n,f80r,"f80r.18,+P0",<%>paiin.sheol.qokain.chety.qokeedy.qokar.shcthy.qotol.shecthy.qokain.olkam,paiin sheol qokain chety qokeedy qokar shcthy qotol shecthy qokain olkam
IT2a-n,f80r,"f80r.19,+P0",dcheol.shedy.qokal.qotaiin.chtal.schcthy.qokal.chcthy.qokain.okain.oloky,dcheol shedy qokal qotaiin chtal schcthy qokal chcthy qokain okain oloky
IT2a-n,f80r,"f80r.20,+P0",qoteedy.keey.qokain.chckhy.qoty.dalched.otain.shedy.qokair.shey.dalom,qoteedy keey qokain chckhy qoty dalched otain shedy qokair shey dalom
IT2a-n,f80r,"f80r.21,+P0",shedy.qokey.shckhey.qotar.chckhy.otol.teol.sheol.qotal.oltain.chcthy,shedy qokey shckhey qotar chckhy otol teol sheol qotal oltain chcthy
IT2a-n,f80r,"f80r.22,+P0",qokeedy.qol.shecthy.qokal.keol.qoky.qokal.shedy.sal.olkain.sheo.qokl,qokeedy qol shecthy qokal keol qoky qokal shedy sal olkain sheo qokl
IT2a-n,f80r,"f80r.23,+P0",yshey.l.shey.kaiin.lor.aiiin.shcthy.epchey.ty.ol.keedy.tar.oky.las,yshey l shey kaiin lor aiiin shcthy epchey ty ol keedy tar oky las
IT2a-n,f80r,"f80r.24,+P0",lol.chey.rchy.r.ol.dain.oty.qoty.otalor.sheckhy.olkeey.ral.chedyor,lol chey rchy r ol dain oty qoty otalor sheckhy olkeey ral chedyor
IT2a-n,f80r,"f80r.25,+P0",dar.sheal.cheeky.okain.sol.lshedy.dol.checthy.orol.eeesal.olo.teol.ory,dar sheal cheeky okain sol lshedy dol checthy orol eeesal olo teol ory
IT2a-n,f80r,"f80r.26,+P0",lchol.dar.shecthy.otedy.qol.olcheedy.opcheeky.qotchy.qokaiin.otair.olky,lchol dar shecthy otedy qol olcheedy opcheeky qotchy qokaiin otair olky
IT2a-n,f80r,"f80r.27,+P0",lol.shar.otaiin.olkaiin.ol.olkain.oraiin.olor.checthy.olor<$>,lol shar otaiin olkaiin ol olkain oraiin olor checthy olor
IT2a-n,f80r,"f80r.28,+P0",<%>pcheolkal.dal.korchy.qotey.qoty.rchedy.qokal.olkol.shedy.chty,pcheolkal dal korchy qotey qoty rchedy qokal olkol shedy chty
IT2a-n,f80r,"f80r.29,+P0",okchey.qoky.chedy.qokain.shedy.qol.cseey.qokal.dar.ary,okchey qoky chedy qokain shedy qol cseey qokal dar ary
IT2a-n,f80r,"f80r.30,+P0",dshedy.qokal.chcthy.qokain.shedy.okaiin.shey.daiin.ol,dshedy qokal chcthy qokain shedy okaiin shey daiin ol
IT2a-n,f80r,"f80r.31,+P0",qokal.checthy.sol.chey.okalol.okaly.qokeedy.oly,qokal checthy sol chey okalol okaly qokeedy oly
IT2a-n,f80r,"f80r.32,+P0",solchey.qoky.r.cheykain.sheckhy.qokain.okain.ol,solchey qoky r cheykain sheckhy qokain okain ol
IT2a-n,f80r,"f80r.33,+P0",solchey.qokeey.lkar.otal.olkeey.okain.shecthy.ol<$>,solchey qokeey lkar otal olkeey okain shecthy ol
IT2a-n,f80r,"f80r.34,+P0",<%>cthcthey.rcheky.shepchedy.qokor.ol.qockhey.olchey.qokedy.koroiin.y,cthcthey rcheky shepchedy qokor ol qockhey olchey qokedy koroiin y
IT2a-n,f80r,"f80r.35,+P0",olkeey.lsheol.qokeey.shedy.qol.shedy.qokaiin.shey.qoty.qokaiin.qokady,olkeey lsheol qokeey shedy qol shedy qokaiin shey qoty qokaiin qokady
IT2a-n,f80r,"f80r.36,+P0",qokeey.rchey.tain.oteey.qokain.shekaiin.sheckhy.qolshey.qokain.ol.lom,qokeey rchey tain oteey qokain shekaiin sheckhy qolshey qokain ol lom
IT2a-n,f80r,"f80r.37,+P0",sol.olkeeey.otar.orchey.qokeey.ltalor.olor.qokaiin.ol.shey.qotor.alom,sol olkeeey otar orchey qokeey ltalor olor qokaiin ol shey qotor alom
IT2a-n,f80r,"f80r.38,+P0",sor.olky.qoty.ty.tor.cheyky.totol.opchedy.qokain.sheky.qokain.ol,sor olky qoty ty tor cheyky totol opchedy qokain sheky qokain ol
IT2a-n,f80r,"f80r.39,+P0",qokeedy.qokail.oteey.otain.shedy.ykeey.rar.alshees<$>,qokeedy qokail oteey otain shedy ykeey rar alshees
IT2a-n,f80r,"f80r.40,+P0",<%>torolshsdy.opchey.shepchy.qotain.shcthy.qokedy.daly,torolshsdy opchey shepchy qotain shcthy qokedy daly
IT2a-n,f80r,"f80r.41,+P0",tolkain.otal.chedy.qokar.ol.shedy.checkhy.oroly,tolkain otal chedy qokar ol shedy checkhy oroly
IT2a-n,f80r,"f80r.42,+P0",ycheeytal.checthy.qokain.qokain.checthy.qokain.ol,ycheeytal checthy qokain qokain checthy qokain ol
IT2a-n,f80r,"f80r.43,+P0",sor.sheckhy.qokar.checkhy.okain.sheckhy.qokeey.ly,sor sheckhy qokar checkhy okain sheckhy qokeey ly
IT2a-n,f80r,"f80r.44,+P0",qokain.shckhy.qokolkain.chedy.qokain.checthy.lor,qokain shckhy qokolkain chedy qokain checthy lor
IT2a-n,f80r,"f80r.45,+P0",okain.shedy.qokan.chedy.qotain.cheky.lteey.lolom,okain shedy qokan chedy qotain cheky lteey lolom
IT2a-n,f80r,"f80r.46,+P0",qokain.cheey.olkain.shedy.qokain.orol.s<$>,qokain cheey olkain shedy qokain orol s
IT2a-n,f80r,"f80r.47,+P0",<%>polchy.efaloir.okain.okaiin.cheey.kain.ylor.olkeey.qokal,polchy efaloir okain okaiin cheey kain ylor olkeey qokal
IT2a-n,f80r,"f80r.48,+P0",sal.shy.loiin.cheey.qotl.shety.cheoky.qokain.cheey.ram,sal shy loiin cheey qotl shety cheoky qokain cheey ram
IT2a-n,f80r,"f80r.49,+P0",tain.chey.ral.kas.chey.lkl.ol.shees.okaiin.olky.oklor,tain chey ral kas chey lkl ol shees okaiin olky oklor
IT2a-n,f80r,"f80r.50,+P0",lol.chey.saiin.shety.okaiiin.sheor.tchey.lkaiin.okainy,lol chey saiin shety okaiiin sheor tchey lkaiin okainy
IT2a-n,f80r,"f80r.51,+P0",talkl.ol.s.al.cheoly.daiin.otaly.otain.chey.lkain.olom,talkl ol s al cheoly daiin otaly otain chey lkain olom
IT2a-n,f80r,"f80r.52,+P0",sol.tl.shey.qoklcheey.lkaiin.ol.olor.aiin.ydaiin.cheol.kain,sol tl shey qoklcheey lkaiin ol olor aiin ydaiin cheol kain
IT2a-n,f80r,"f80r.53,+P0",lol.eey.lchey.qokal.cheol.lchor.otlol<$>,lol eey lchey qokal cheol lchor otlol
IT2a-n,f80v,"f80v.1,@P0",<%>pcheedy.dolfchedy.qokeedy.qotedy.qotol.fchedy.roly,pcheedy dolfchedy qokeedy qotedy qotol fchedy roly
IT2a-n,f80v,"f80v.2,+P0",tshedy.qotedy.olkain.otal.chckhy.qoky.daiin.daly,tshedy qotedy olkain otal chckhy qoky daiin daly
IT2a-n,f80v,"f80v.3,+P0",schedy.qolchedy.qokaiin.chcthy.otaiin.sheeky.qol,schedy qolchedy qokaiin chcthy otaiin sheeky qol
IT2a-n,f80v,"f80v.4,+P0",qokedy.qokar.qokain.chedy.qol.qol.shectyhy.qoly,qokedy qokar qokain chedy qol qol shectyhy qoly
IT2a-n,f80v,"f80v.5,+P0",okeedy.chedy.olkeedy.oithy.qokaiin.shckhy.qotain.ol,okeedy chedy olkeedy oithy qokaiin shckhy qotain ol
IT2a-n,f80v,"f80v.6,+P0",tcheol.kedy.pcheol.kain.shedy.qokaiin.otey.qokedy.chedy<$>,tcheol kedy pcheol kain shedy qokaiin otey qokedy chedy
IT2a-n,f80v,"f80v.7,+P0",<%>polshol.tchey.qokol.shedy.qotshey.saly.kchey.stolpchy,polshol tchey qokol shedy qotshey saly kchey stolpchy
IT2a-n,f80v,"f80v.8,+P0",olteedy.qokaiin.shedy.qokain.sheol.qokchdy.qokchdy.qoty.dy,olteedy qokaiin shedy qokain sheol qokchdy qokchdy qoty dy
IT2a-n,f80v,"f80v.9,+P0",tchdy.qol.tol.tal.taldain.chcthy.qokal.dol.checthy.qokal.ly,tchdy qol tol tal taldain chcthy qokal dol checthy qokal ly
IT2a-n,f80v,"f80v.10,+P0",sol.sheey.qokaiin.shcthy.dolshedy.qokal.shecthy.qotain.ol,sol sheey qokaiin shcthy dolshedy qokal shecthy qotain ol
IT2a-n,f80v,"f80v.11,+P0",tol.sheedy.qokar.olky.rorcheey.sheckhy.qotain.chedy.rol,tol sheedy qokar olky rorcheey sheckhy qotain chedy rol
IT2a-n,f80v,"f80v.12,+P0",ycheol.kain.shey.qokaiin.chedy.qokol.olkain.shcthhy.l,ycheol kain shey qokaiin chedy qokol olkain shcthhy l
IT2a-n,f80v,"f80v.13,+P0",lor.ar.ol.olor.chey.koldy<$>,lor ar ol olor chey koldy
IT2a-n,f80v,"f80v.14,+P0",<%>tshedy.qokain.shedy.qokas.otal.qopshedy.qoty.lchedy.qopalor,tshedy qokain shedy qokas otal qopshedy qoty lchedy qopalor
IT2a-n,f80v,"f80v.15,+P0",qotaiin.chty.lchedy.saly.tol.chey.qoteedy.otal.dain.ol.dal,qotaiin chty lchedy saly tol chey qoteedy otal dain ol dal
IT2a-n,f80v,"f80v.16,+P0",cheol.key.qotar.dy.qotal.dy.keedy.qokain.oty.loldy.tal,cheol key qotar dy qotal dy keedy qokain oty loldy tal
IT2a-n,f80v,"f80v.17,+P0",solcheol.qokaiin.shecthy.qokal.cheoldy.qotlolkal.chedyr,solcheol qokaiin shecthy qokal cheoldy qotlolkal chedyr
IT2a-n,f80v,"f80v.18,+P0",ychedy.qol.okaiin.olkedy.or.okain<$>,ychedy qol okaiin olkedy or okain
IT2a-n,f80v,"f80v.19,+P0",<%>psheoldy.dkshey.qokopy.ror.opor.olpoikhy.oltydy,psheoldy dkshey qokopy ror opor olpoikhy oltydy
IT2a-n,f80v,"f80v.20,+P0",ysheey.qorar.ol.cheey.daiin.shey.qokaiin.ol.okaiin,ysheey qorar ol cheey daiin shey qokaiin ol okaiin
IT2a-n,f80v,"f80v.21,+P0",tor.kain.okal.yrchey.qokal.olor.aiin.okal.otam,tor kain okal yrchey qokal olor aiin okal otam
IT2a-n,f80v,"f80v.22,+P0",dchedy.qokal.ol.chey.dal.or.shedy.lshedy<$>,dchedy qokal ol chey dal or shedy lshedy
IT2a-n,f80v,"f80v.23,+P0",<%>polteshol.opy.shey.qopshedy.qoteedy.qotol.shy.kolshd.qoky,polteshol opy shey qopshedy qoteedy qotol shy kolshd qoky
IT2a-n,f80v,"f80v.24,+P0",yshedy.qokeey.qokey.qoty.qotol.otaiin.ol.chedy.qoky.daiin,yshedy qokeey qokey qoty qotol otaiin ol chedy qoky daiin
IT2a-n,f80v,"f80v.25,+P0",lshedy.qoty.olol.cheey.qokain.okalchy.tal.or.checthy.sar,lshedy qoty olol cheey qokain okalchy tal or checthy sar
IT2a-n,f80v,"f80v.26,+P0",qoty.chey.qy.taiin.chey.lchedy.shedy.olchey<$>,qoty chey qy taiin chey lchedy shedy olchey
IT2a-n,f80v,"f80v.27,+P0",<%>pshol.kain.olkar.shey.qokain.dal.oltaiin.okain.shal.qoty,pshol kain olkar shey qokain dal oltaiin okain shal qoty
IT2a-n,f80v,"f80v.28,+P0",olcheol.qokain.or.al.chain.qokain.ol.kaiin.okeedy.qokey.ly,olcheol qokain or al chain qokain ol kaiin okeedy qokey ly
IT2a-n,f80v,"f80v.29,+P0",qokain.olkain.olkain.ol.keeol<$>,qokain olkain olkain ol keeol
IT2a-n,f80v,"f80v.30,+P0",<%>pol.or.olkain.ockhy.qokaiin.okain.okar.shey.qolky,pol or olkain ockhy qokaiin okain okar shey qolky
IT2a-n,f80v,"f80v.31,+P0",qol.oloiin.olkain.ol.chedy.qokain.olshey.qokain,qol oloiin olkain ol chedy qokain olshey qokain
IT2a-n,f80v,"f80v.32,+P0",solkain.shol.kair.or.arol.keedy.olky.qolkain.shedy,solkain shol kair or arol keedy olky qolkain shedy
IT2a-n,f80v,"f80v.33,+P0",qokeedy.qoker.olkain.olshedy.qokey.qokeey.tchcthy.lom,qokeedy qoker olkain olshedy qokey qokeey tchcthy lom
IT2a-n,f80v,"f80v.34,+P0",dol.sheyr.shey.olshey.cthor.ylchdy.olkain.shcthy.qoly,dol sheyr shey olshey cthor ylchdy olkain shcthy qoly
IT2a-n,f80v,"f80v.35,+P0",tol.oltain.olkar.y.qol.qol.kain.okiin.ol.kain.shey.ldy,tol oltain olkar y qol qol kain okiin ol kain shey ldy
IT2a-n,f80v,"f80v.36,+P0",soin.okain.sheor.ol.shey.daly.olshedy.olal.shedy.lchy,soin okain sheor ol shey daly olshedy olal shedy lchy
IT2a-n,f80v,"f80v.37,+P0",polshdy.qokeedy.shky.ololchey<$>,polshdy qokeedy shky ololchey
IT2a-n,f80v,"f80v.38,+P0",<%>pol.kedy.lsheckhy.olky.ot.olkchy.rchey.qcthy.rchey.ral,pol kedy lsheckhy olky ot olkchy rchey qcthy rchey ral
IT2a-n,f80v,"f80v.39,+P0",sol.aiin.chey.qokain.ches.ol.chckhy.qokeedy.tchdy.aral,sol aiin chey qokain ches ol chckhy qokeedy tchdy aral
IT2a-n,f80v,"f80v.40,+P0",qokain.ol.cheeor.olar.chey.tchar.ol.chedy.qotal.olchedy,qokain ol cheeor olar chey tchar ol chedy qotal olchedy
IT2a-n,f80v,"f80v.41,+P0",tor.arol.ar.shckhy.lkol.otol.chedy.qokain.chckhy.qokal,tor arol ar shckhy lkol otol chedy qokain chckhy qokal
IT2a-n,f80v,"f80v.42,+P0",pol.al.aiin.olkal.shar.shedy.qokol.chdy.ldol.dar.al,pol al aiin olkal shar shedy qokol chdy ldol dar al
IT2a-n,f80v,"f80v.43,+P0",sor.ain.shkain.shar.okshey.dalar.shokal.dy,sor ain shkain shar okshey dalar shokal dy
IT2a-n,f80v,"f80v.44,+P0",qokal.orol<$>,qokal orol
IT2a-n,f81r,"f81r.1,@P0",<%>polchey.qokedy.shol.opchedy.olpchedy.ofshdy.oly,polchey qokedy shol opchedy olpchedy ofshdy oly
IT2a-n,f81r,"f81r.2,+P0",dchey.lshl.olched.qokol.chol.otar.chedy.oky,dchey lshl olched qokol chol otar chedy oky
IT2a-n,f81r,"f81r.3,+P0",qotey.lchees.olkal.ol.chedy.okar.shedy,qotey lchees olkal ol chedy okar shedy
IT2a-n,f81r,"f81r.4,+P0",dchedy.qokain.ol.ol.chcthy.ykeedy.al,dchedy qokain ol ol chcthy ykeedy al
IT2a-n,f81r,"f81r.5,+P0",qol.cheol.okeey.ol.ol.ol.aiin.ol.orain,qol cheol okeey ol ol ol aiin ol orain
IT2a-n,f81r,"f81r.6,+P0",sar.ol.eses.oteey.shor.qokeey.ol,sar ol eses oteey shor qokeey ol
IT2a-n,f81r,"f81r.7,+P0",dshees.okain.chcthy.otey.okain,dshees okain chcthy otey okain
IT2a-n,f81r,"f81r.8,+P0",pchedy.qokeey.oty.qotey.oteey.oly,pchedy qokeey oty qotey oteey oly
IT2a-n,f81r,"f81r.9,+P0",qoteesy.qotedy.qokeedy.chcphey,qoteesy qotedy qokeedy chcphey
IT2a-n,f81r,"f81r.10,+P0",chol.dain.otedy.cheey.qotain.ly,chol dain otedy cheey qotain ly
IT2a-n,f81r,"f81r.11,+P0",olsheol.olkedy.sheckhedy.oltedy,olsheol olkedy sheckhedy oltedy
IT2a-n,f81r,"f81r.12,+P0",ychedy.tedy.ol.sheedy.qokeey.loly,ychedy tedy ol sheedy qokeey loly
IT2a-n,f81r,"f81r.13,+P0",dchol.shedy.qotedy.qol.chedy.chety.ry,dchol shedy qotedy qol chedy chety ry
IT2a-n,f81r,"f81r.14,+P0",qokechedy.qol.sheedy.orain.arol.oeeedy,qokechedy qol sheedy orain arol oeeedy
IT2a-n,f81r,"f81r.15,+P0",sain.ol.cheedy.qokeedy.otedy<$>,sain ol cheedy qokeedy otedy
IT2a-n,f81r,"f81r.16,+P0",<%>polchdy.qopchol.qokor.olpchedy.opol.oroiry,polchdy qopchol qokor olpchedy opol oroiry
IT2a-n,f81r,"f81r.17,+P0",ychecthy.okeedy.shey.qokedy.ol.ochedar,ychecthy okeedy shey qokedy ol ochedar
IT2a-n,f81r,"f81r.18,+P0",osheedy.shedy.ol.shedy.okeedy.orar,osheedy shedy ol shedy okeedy orar
IT2a-n,f81r,"f81r.19,+P0",qokedy.sheedy.chedy.qoteedy.olam,qokedy sheedy chedy qoteedy olam
IT2a-n,f81r,"f81r.20,+P0",qopchedy.qol.chedy.qokeey.odaiin.rain.daly,qopchedy qol chedy qokeey odaiin rain daly
IT2a-n,f81r,"f81r.21,+P0",dshedy.qokal.olkeey.oteey.olshey.otey.lol,dshedy qokal olkeey oteey olshey otey lol
IT2a-n,f81r,"f81r.22,+P0",qotal.chedy.qol.ol.daiin.ol.chedar.ol.oly,qotal chedy qol ol daiin ol chedar ol oly
IT2a-n,f81r,"f81r.23,+P0",chey.okain.sheckhy.soiin.chey.lchey<$>,chey okain sheckhy soiin chey lchey
IT2a-n,f81r,"f81r.24,+P0",<%>parody.shecphy.cheol.qotal.dar.otedy.oly,parody shecphy cheol qotal dar otedy oly
IT2a-n,f81r,"f81r.25,+P0",sar.shedy.qol.otain.okais.okal.chedy.dy,sar shedy qol otain okais okal chedy dy
IT2a-n,f81r,"f81r.26,+P0",pchedy.qokey.oteol.qol.sheor.shedy.qcthdys,pchedy qokey oteol qol sheor shedy qcthdys
IT2a-n,f81r,"f81r.27,+P0",sal.chedy.qokedy.olkedy.dol.qokchedy,sal chedy qokedy olkedy dol qokchedy
IT2a-n,f81r,"f81r.28,+P0",qokesdy.chedy.qokar.chey.taiin.otey.lchl,qokesdy chedy qokar chey taiin otey lchl
IT2a-n,f81r,"f81r.29,+P0",y.sheedy.shy.chey.lchcthy.ytar.olkaiin.ol,y sheedy shy chey lchcthy ytar olkaiin ol
IT2a-n,f81r,"f81r.30,+P0",l.shedy.qokedy.sor.olkar.olkaiin.olkshdy,l shedy qokedy sor olkar olkaiin olkshdy
IT2a-n,f81r,"f81r.31,+P0",sol.shedy.ol.lchedy.shedy.shy.olkedy.ches.ar.or.oraiiin<$>,sol shedy ol lchedy shedy shy olkedy ches ar or oraiiin
IT2a-n,f81v,"f81v.1,@P0",<%>par.shey.keedy.shekal.dal.dar.ol.pchedy.shek.dain.ofal.sheky,par shey keedy shekal dal dar ol pchedy shek dain ofal sheky
IT2a-n,f81v,"f81v.2,+P0",qokedy.okaiin.kair.okal.sar.ol.kain.olkain.al.ol.rol.dl,qokedy okaiin kair okal sar ol kain olkain al ol rol dl
IT2a-n,f81v,"f81v.3,+P0",saiin.daiin.olkeedy.okedy.dykain.shek.chdy.dalal.oldy,saiin daiin olkeedy okedy dykain shek chdy dalal oldy
IT2a-n,f81v,"f81v.4,+P0",qokaiin.okain.cheeky.dy.ol.kaiin.dain.dy.daiin.chckhy,qokaiin okain cheeky dy ol kaiin dain dy daiin chckhy
IT2a-n,f81v,"f81v.5,+P0",okaiin.daiin.otain.chckhy.okeedy.qoky.kar.daiin.okar,okaiin daiin otain chckhy okeedy qoky kar daiin okar
IT2a-n,f81v,"f81v.6,+P0",qokain.okaiin.ol.chedy.cheol.lky.ls.aiin.okain.daldy,qokain okaiin ol chedy cheol lky ls aiin okain daldy
IT2a-n,f81v,"f81v.7,+P0",olor.ol.sheckhal.daiin.qokeedal.daiin.chckhy.schedy.qol,olor ol sheckhal daiin qokeedal daiin chckhy schedy qol
IT2a-n,f81v,"f81v.8,+P0",ykol.or.shedy.sheedy.qol.keedy.daiin.dkain.cphedy.oldy,ykol or shedy sheedy qol keedy daiin dkain cphedy oldy
IT2a-n,f81v,"f81v.9,+P0",yar.olchey.kaiin.okeey.daiin.olor.checkhy.daiidy<$>,yar olchey kaiin okeey daiin olor checkhy daiidy
IT2a-n,f81v,"f81v.10,+P0",<%>polshy.oshyteed.qop.okeedy.otedy.okshedy.qoty.dairam,polshy oshyteed qop okeedy otedy okshedy qoty dairam
IT2a-n,f81v,"f81v.11,+P0",oshey.qokeey.okeey.oky.ykeey.qoky.okylky.olchy.ky.dsholyd,oshey qokeey okeey oky ykeey qoky okylky olchy ky dsholyd
IT2a-n,f81v,"f81v.12,+P0",qol.ol.chdy.shedy.qokedy.ytedy.chetedy.lkedey.ytedy,qol ol chdy shedy qokedy ytedy chetedy lkedey ytedy
IT2a-n,f81v,"f81v.13,+P0",ykecsey.dched.ytedy.ytedy.dar.ykeda.iphy.qoty.ykedy.okal,ykecsey dched ytedy ytedy dar ykeda iphy qoty ykedy okal
IT2a-n,f81v,"f81v.14,+P0",dshedy.ykeedy.cseeky.daiin.okedy.qokeed.qokedy.lchpchdy,dshedy ykeedy cseeky daiin okedy qokeed qokedy lchpchdy
IT2a-n,f81v,"f81v.15,+P0",qokal.chedy.ol.sheey.salshcthdy.qofchedy.r.chedy.ltary,qokal chedy ol sheey salshcthdy qofchedy r chedy ltary
IT2a-n,f81v,"f81v.16,+P0",lor.shedy.qoeedy.ol.chy.rshdy.lshedy.dar.chdy.pchdy,lor shedy qoeedy ol chy rshdy lshedy dar chdy pchdy
IT2a-n,f81v,"f81v.17,+P0",sshkchdy.chedy.ol.shedy.qolchedy.qokain.shckhy.dl.ral,sshkchdy chedy ol shedy qolchedy qokain shckhy dl ral
IT2a-n,f81v,"f81v.18,+P0",qokchdy.chey.ol.cheky.ol.shedy.qokedy.qokedy.chckhy.qoky,qokchdy chey ol cheky ol shedy qokedy qokedy chckhy qoky
IT2a-n,f81v,"f81v.19,+P0",solkeey.ol.shedy.qokar.sheckhy.dcsedy.qokar.qokal.dol.chy,solkeey ol shedy qokar sheckhy dcsedy qokar qokal dol chy
IT2a-n,f81v,"f81v.20,+P0",qocthey.chekal.chody.qokedy.lshety.qoldy.ltedy.qotain,qocthey chekal chody qokedy lshety qoldy ltedy qotain
IT2a-n,f81v,"f81v.21,+P0",lsho.qokey.lshedy.lshedy.chedy.qolky.lchedal.qol.otar,lsho qokey lshedy lshedy chedy qolky lchedal qol otar
IT2a-n,f81v,"f81v.22,+P0",qokal.qol.oiin.cheey.dal.lohedy.shedy.sal.chtedytar,qokal qol oiin cheey dal lohedy shedy sal chtedytar
IT2a-n,f81v,"f81v.23,+P0",shol.qekchy.ykaiin.olkain.shedy.qoky.dchedy.rol.ol.cthdy,shol qekchy ykaiin olkain shedy qoky dchedy rol ol cthdy
IT2a-n,f81v,"f81v.24,+P0",ytey.okchedy.qokal.okeey.qol.cheedy.sal.teol.dchdy.ly,ytey okchedy qokal okeey qol cheedy sal teol dchdy ly
IT2a-n,f81v,"f81v.25,+P0",oshedy.qotedy.shol.chedy.yshchey.ol.chey.qol.chedy.tchd.oky,oshedy qotedy shol chedy yshchey ol chey qol chedy tchd oky
IT2a-n,f81v,"f81v.26,+P0",ol.chechol.tar.oiin.okedy.dal.shey.olkeol.olkeedy.okeol,ol chechol tar oiin okedy dal shey olkeol olkeedy okeol
IT2a-n,f81v,"f81v.27,+P0",dsheol.oiiin.olkeedy.tedy.cheky.shckhedy.chal<$>,dsheol oiiin olkeedy tedy cheky shckhedy chal
IT2a-n,f81v,"f81v.28,@Lt",otoin.olkol,otoin olkol
IT2a-n,f82r,"f82r.1,@P0",<%>qocseedy.qokeol.daiin.shckhy<->okeeor.cheey.daiin.shey,qocseedy qokeol daiin shckhyokeeor cheey daiin shey
IT2a-n,f82r,"f82r.2,+P0",dchedy.qolchedy.qokain.dy<->qokeedy.qokal.lcheckhy.lched,dchedy qolchedy qokain dyqokeedy qokal lcheckhy lched
IT2a-n,f82r,"f82r.3,+P0",qokeey.lcheckhedy.qokaly<->solkaiin.chckhy.qokaiin,qokeey lcheckhedy qokalysolkaiin chckhy qokaiin
IT2a-n,f82r,"f82r.4,+P0",qokaiin.octheol.chkeey.ldy<->oteey.qokal.sheckhy.qoky,qokaiin octheol chkeey ldyoteey qokal sheckhy qoky
IT2a-n,f82r,"f82r.5,+P0",sol.lkchedy.qokeedy.qokal<->cthol.chedy.qoteedy.qokal,sol lkchedy qokeedy qokalcthol chedy qoteedy qokal
IT2a-n,f82r,"f82r.6,+P0",sor.shedy.qol.shedaiin.sheckhy.okal.sheky.qotaiin.chedol,sor shedy qol shedaiin sheckhy okal sheky qotaiin chedol
IT2a-n,f82r,"f82r.7,+P0",dshedy.sotaiin.qokar.shedy.solshedy.qokeey.qoky.ls.cheey,dshedy sotaiin qokar shedy solshedy qokeey qoky ls cheey
IT2a-n,f82r,"f82r.8,+P0",qokeey.sheedy.qokedy.lchor.cheey.qokey.qotal.chedy.qoteor,qokeey sheedy qokedy lchor cheey qokey qotal chedy qoteor
IT2a-n,f82r,"f82r.9,+P0",sshol.shecthy.qokaiin.chkedy.rchey.dairchey.qokaiin<$>,sshol shecthy qokaiin chkedy rchey dairchey qokaiin
IT2a-n,f82r,"f82r.10,@Lt",orol.dain,orol dain
IT2a-n,f82r,"f82r.11,@P0",<%>kolchdy.qokedy.qopol.qotedor.chopchedy.qotal.chedy.kam,kolchdy qokedy qopol qotedor chopchedy qotal chedy kam
IT2a-n,f82r,"f82r.12,+P0",otedy.qodched.olqo.dar.checkho.lolol.okal.okair.chedy,otedy qodched olqo dar checkho lolol okal okair chedy
IT2a-n,f82r,"f82r.13,+P0",tcheol.olchedy.qokeedy.qotedy.chedar.cheey.lchey.sal.arol,tcheol olchedy qokeedy qotedy chedar cheey lchey sal arol
IT2a-n,f82r,"f82r.14,+P0",rolchy.qokol.chey.qokain.deeedy.qokeey.qokaiin.olchedy,rolchy qokol chey qokain deeedy qokeey qokaiin olchedy
IT2a-n,f82r,"f82r.15,+P0",tedy.lchedy.qokedy.qokchdy.lkeedy.qokaiin.dy.daiin.chdy.dy,tedy lchedy qokedy qokchdy lkeedy qokaiin dy daiin chdy dy
IT2a-n,f82r,"f82r.16,+P0",qokeedy.lchedy.qokeedy.cheey.ror.ol.saiin.chey.raity.dam,qokeedy lchedy qokeedy cheey ror ol saiin chey raity dam
IT2a-n,f82r,"f82r.17,+P0",dshedy.qoteey.chedy.qokeeey.qokedy.lteedy.qokeedy.rolchey,dshedy qoteey chedy qokeeey qokedy lteedy qokeedy rolchey
IT2a-n,f82r,"f82r.18,+P0",polched.otain.shedy.shedy.dal.chedar.qokeey.okeey.lsoraiin.ory<$>,polched otain shedy shedy dal chedar qokeey okeey lsoraiin ory
IT2a-n,f82r,"f82r.19,+Pr",<%>okain.char.okain.qokeedy.lchy<$>,okain char okain qokeedy lchy
IT2a-n,f82r,"f82r.20,*P0",<%>posalshy.qokedy.cphal.shedy.sheol.keeedy.lkaiin.shedy.qoly,posalshy qokedy cphal shedy sheol keeedy lkaiin shedy qoly
IT2a-n,f82r,"f82r.21,+P0",daiin.cheoky.lkedy.rolshey.daiin.chey.qol.chedy.qokeey.dal,daiin cheoky lkedy rolshey daiin chey qol chedy qokeey dal
IT2a-n,f82r,"f82r.22,+P0",qokaiin.cheor.sheey.qokaiin.shckhey.qol.keeedy.qokeeey.rary,qokaiin cheor sheey qokaiin shckhey qol keeedy qokeeey rary
IT2a-n,f82r,"f82r.23,+P0",cheey.qcthey.qokeey.lcheey.daiin.chey.qokeeedy.lchedy.lar,cheey qcthey qokeey lcheey daiin chey qokeeedy lchedy lar
IT2a-n,f82r,"f82r.24,+P0",qokeedy.lcheedy.qokeey.sal.raiin.qokeey.lkeey.qokeey.raiin.ydy,qokeedy lcheedy qokeey sal raiin qokeey lkeey qokeey raiin ydy
IT2a-n,f82r,"f82r.25,+P0",dol.qoesedy.sheeerl.sheedy.lshed.qockhey.lchedy.lor.sheey.ry,dol qoesedy sheeerl sheedy lshed qockhey lchedy lor sheey ry
IT2a-n,f82r,"f82r.26,+P0",tshey.qokeedy.cheal.lchedar.ches.aiin.oteey.qokaiin.okey,tshey qokeedy cheal lchedar ches aiin oteey qokaiin okey
IT2a-n,f82r,"f82r.27,+P0",pchedy.rsheal.daldy.qokeedy.rshedy.qoteedy.qokeedy.lochedy,pchedy rsheal daldy qokeedy rshedy qoteedy qokeedy lochedy
IT2a-n,f82r,"f82r.28,+P0",qokoiin.shedy.qokeedy.qotain.chcthey.qoteeol.chey.qokaiin.oly,qokoiin shedy qokeedy qotain chcthey qoteeol chey qokaiin oly
IT2a-n,f82r,"f82r.29,+P0",dcheey.lchedy.qokeedy.lchedy.rchedy.okchhy.qotedy.qoty.qoty,dcheey lchedy qokeedy lchedy rchedy okchhy qotedy qoty qoty
IT2a-n,f82r,"f82r.30,+P0",qoteey.raiin.cheol.qoteey.shedy.qokeey.lshedy.qokeedy.ram,qoteey raiin cheol qoteey shedy qokeey lshedy qokeedy ram
IT2a-n,f82r,"f82r.31,+P0",cheol.ol.rsheedy.lchedy.qoty.lcheeor.qokain.cheedy.lched,cheol ol rsheedy lchedy qoty lcheeor qokain cheedy lched
IT2a-n,f82r,"f82r.32,+P0",teoiin.she.daiin.chckhey.lchey.lcheckhy.sheey.lr.chey.rain,teoiin she daiin chckhey lchey lcheckhy sheey lr chey rain
IT2a-n,f82r,"f82r.33,+P0",sain.ol.cheol.ikhey.cheor.chey<$>,sain ol cheol ikhey cheor chey
IT2a-n,f82r,"f82r.34,@Ln",okar,okar
IT2a-n,f82r,"f82r.35,@Lt",darol,darol
IT2a-n,f82r,"f82r.36,@Ln",okal,okal
IT2a-n,f82r,"f82r.37,@Ln",okoldy,okoldy
IT2a-n,f82r,"f82r.38,@Lt",daryry,daryry
IT2a-n,f82r,"f82r.39,+Ln",okairady,okairady
IT2a-n,f82r,"f82r.40,*Ln",sororl,sororl
IT2a-n,f82r,"f82r.41,=Ln",olko.ky,olko ky
IT2a-n,f82r,"f82r.42,=Ln",sokoly,sokoly
IT2a-n,f82r,"f82r.43,=Ln",dolol,dolol
IT2a-n,f82r,"f82r.44,=Ln",olaiin,olaiin
IT2a-n,f82r,"f82r.45,=Ln",okeeor,okeeor
IT2a-n,f82v,"f82v.1,@Ln",otechdy,otechdy
IT2a-n,f82v,"f82v.2,=Ln",otedy,otedy
IT2a-n,f82v,"f82v.3,@Lt",daiin.oty,daiin oty
IT2a-n,f82v,"f82v.4,@Lt",otedal,otedal
IT2a-n,f82v,"f82v.5,@P0",<%>tokol.olfchedy.qokeedy.qokedal.shol.qotal.otdal.dal.olshedy,tokol olfchedy qokeedy qokedal shol qotal otdal dal olshedy
IT2a-n,f82v,"f82v.6,+P0",qokedy.lshedy.qotol.dol.shedy.shedy.dy.dar.otedy.chetedy.lokam,qokedy lshedy qotol dol shedy shedy dy dar otedy chetedy lokam
IT2a-n,f82v,"f82v.7,+P0",dair.ol.chedy.qotedy.qotedy.chsdy.qotal.qoty.qokal.qokedy.lo,dair ol chedy qotedy qotedy chsdy qotal qoty qokal qokedy lo
IT2a-n,f82v,"f82v.8,+P0",qokain.sheol.qoteedy.chedy.qokey.qokedy.qokol.chedy.chedy.lchy,qokain sheol qoteedy chedy qokey qokedy qokol chedy chedy lchy
IT2a-n,f82v,"f82v.9,+P0",solshedy.lchedy.dolshedy.qokal.sheckhy.shey.teeol.oteedy.qokedy,solshedy lchedy dolshedy qokal sheckhy shey teeol oteedy qokedy
IT2a-n,f82v,"f82v.10,+P0",qotey.qokal.shoky.qokal.chedy.qotal.shedy<$>,qotey qokal shoky qokal chedy qotal shedy
IT2a-n,f82v,"f82v.11,+P0",<%>pcheol.dar.qokeey.cheeky.qokol.dal.shedy.pchdy.rol.qotedy.rol,pcheol dar qokeey cheeky qokol dal shedy pchdy rol qotedy rol
IT2a-n,f82v,"f82v.12,+P0",dal.shol.dar.ol.qoky.qol.chedy.qokar.qoteytyqoky.chcthy.qoky,dal shol dar ol qoky qol chedy qokar qoteytyqoky chcthy qoky
IT2a-n,f82v,"f82v.13,+P0",tchedy.qocthes.qokar.chckhy.qokain.cholkaiin.chckhdy.qokoldy,tchedy qocthes qokar chckhy qokain cholkaiin chckhdy qokoldy
IT2a-n,f82v,"f82v.14,+P0",dolchedy.lchey.rol.rol.cheey.sain.shey<$>,dolchedy lchey rol rol cheey sain shey
IT2a-n,f82v,"f82v.15,+P0",<%>tar.sheckhy.qokal.qokain.cheal.tedy.rchedy.pchedy.rsheol.dal,tar sheckhy qokal qokain cheal tedy rchedy pchedy rsheol dal
IT2a-n,f82v,"f82v.16,+P0",qokedy.lchey.cheey.raiin.shes.qokchey.qokain.okal.dy.lchedam,qokedy lchey cheey raiin shes qokchey qokain okal dy lchedam
IT2a-n,f82v,"f82v.17,+P0",orain.shedy.qok.char.okai.qokeedy.rcheey.qotedy.chtedy.rches.aly,orain shedy qok char okai qokeedy rcheey qotedy chtedy rches aly
IT2a-n,f82v,"f82v.18,+P0",ykeedy.qokeedy.chedy.qokar.okeey.lkedy.qokal.olkeedy.qokeedy.oky,ykeedy qokeedy chedy qokar okeey lkedy qokal olkeedy qokeedy oky
IT2a-n,f82v,"f82v.19,+P0",qokol.chedy.cheal.chedy.oty.chdy.dy.checkhy.otal.chls<$>,qokol chedy cheal chedy oty chdy dy checkhy otal chls
IT2a-n,f82v,"f82v.20,+P0",<%>tolsheol.qokedy.qolkedy.rshedy.qokedy.rsheedar.oinaly,tolsheol qokedy qolkedy rshedy qokedy rsheedar oinaly
IT2a-n,f82v,"f82v.21,+P0",dain.chey.qokeeey.qoky.okaiin.okain.olkain.otain.okaraly,dain chey qokeeey qoky okaiin okain olkain otain okaraly
IT2a-n,f82v,"f82v.22,+P0",qokain.chedy.qolkshey.qotal.shey.qokain.olcheckhy.ly,qokain chedy qolkshey qotal shey qokain olcheckhy ly
IT2a-n,f82v,"f82v.23,+P0",yshedy.qolchey.qolaiin.otain.olkeedy.qotshedy.oll,yshedy qolchey qolaiin otain olkeedy qotshedy oll
IT2a-n,f82v,"f82v.24,+P0",dshedy.qokaiin.olchedy.qokal.shedy.qotal.dytary.lgl,dshedy qokaiin olchedy qokal shedy qotal dytary lgl
IT2a-n,f82v,"f82v.25,+P0",qok.sheol.kechey.qoty.ral.tchdarol.sheytchdy.qokal,qok sheol kechey qoty ral tchdarol sheytchdy qokal
IT2a-n,f82v,"f82v.26,+P0",saiin.shey.qokol.chol.qol.sheedy.qokal.shedy.qokaiin,saiin shey qokol chol qol sheedy qokal shedy qokaiin
IT2a-n,f82v,"f82v.27,+P0",qokain.sheal.qolchedy.qokaiir.olkaiin.shedy<$>,qokain sheal qolchedy qokaiir olkaiin shedy
IT2a-n,f82v,"f82v.28,*P0",<%>tchal.olkair.sheeky.qolchey.qokar.shey.qokain.otshedy,tchal olkair sheeky qolchey qokar shey qokain otshedy
IT2a-n,f82v,"f82v.29,+P0",daiin.chey.qoky.shedy.qokaiin.olkeedy.qokechedy.qotar,daiin chey qoky shedy qokaiin olkeedy qokechedy qotar
IT2a-n,f82v,"f82v.30,+P0",pol.olor.chey.qokain.shedy.qokain.olchesy.ol.r.aindar,pol olor chey qokain shedy qokain olchesy ol r aindar
IT2a-n,f82v,"f82v.31,+P0",qokeey.rain.chey.qolkain.oky.otaly.qokalsh.olshalsy,qokeey rain chey qolkain oky otaly qokalsh olshalsy
IT2a-n,f82v,"f82v.32,+P0",sar.ol.loraiin.chey.qokain.oroiiin<$>,sar ol loraiin chey qokain oroiiin
IT2a-n,f82v,"f82v.33,+P0",<%>qody.shar.aithy.qokchey.kchey.olkain.opchedy.qfol.shty.oral,qody shar aithy qokchey kchey olkain opchedy qfol shty oral
IT2a-n,f82v,"f82v.34,+P0",yckhey.qokain.cheky.otaiin.olor.okain.qolkeey.qotar.olkain,yckhey qokain cheky otaiin olor okain qolkeey qotar olkain
IT2a-n,f82v,"f82v.35,+P0",cthor.chey.qsain.qokeey.qokain.otain.otal.okeedy.qokal.dym,cthor chey qsain qokeey qokain otain otal okeedy qokal dym
IT2a-n,f82v,"f82v.36,+P0",saiin.shey.qokeedy.qokar.sheecthey.qokaiin.daltedy.rcheold,saiin shey qokeedy qokar sheecthey qokaiin daltedy rcheold
IT2a-n,f82v,"f82v.37,+P0",sol.chey.r.alchey.chol.olkol.chckhy.dalchckhy.olkain.olkeeyr,sol chey r alchey chol olkol chckhy dalchckhy olkain olkeeyr
IT2a-n,f82v,"f82v.38,+P0",pcheol.shedy.qokaiin.sholdy<$>,pcheol shedy qokaiin sholdy
IT2a-n,f82v,"f82v.39,@Ln",olkeedy,olkeedy
IT2a-n,f82v,"f82v.40,@Ln",okalchy,okalchy
IT2a-n,f82v,"f82v.41,@Ln",okain,okain
IT2a-n,f82v,"f82v.42,~Lt",okooky,okooky
IT2a-n,f82v,"f82v.43,~Lt",okedor,okedor
IT2a-n,f82v,"f82v.44,~Ln",okol,okol
IT2a-n,f82v,"f82v.45,@Lt",otoldy,otoldy
IT2a-n,f82v,"f82v.46,@Lt",olkol,olkol
IT2a-n,f82v,"f82v.47,@Lt",otedol,otedol
IT2a-n,f82v,"f82v.48,+Lt",oteedy,oteedy
IT2a-n,f83r,"f83r.1,@P0",<%>tchedy.lpchedy.opcsedy.chepol.pchedar.shedy.qopchedy,tchedy lpchedy opcsedy chepol pchedar shedy qopchedy
IT2a-n,f83r,"f83r.2,+P0",sol.cheey.qokaiin.shol.lchs.shey.qoteedy.sches.ar.chedy.dor,sol cheey qokaiin shol lchs shey qoteedy sches ar chedy dor
IT2a-n,f83r,"f83r.3,+P0",olkeedy.qotal.chkeedy.chey.daiin.chey.lchedy.qokaiin.qotal.dar,olkeedy qotal chkeedy chey daiin chey lchedy qokaiin qotal dar
IT2a-n,f83r,"f83r.4,+P0",qokshedy.chedy.qokedy.chkedy.daiin.shetar.shedy.qekaiin.chedy,qokshedy chedy qokedy chkedy daiin shetar shedy qekaiin chedy
IT2a-n,f83r,"f83r.5,+P0",dsheey.qotaiin.checkhy.qoty.cheg.shedy.qokeey.rchedy.qokeedy.lo,dsheey qotaiin checkhy qoty cheg shedy qokeey rchedy qokeedy lo
IT2a-n,f83r,"f83r.6,+P0",schedy.chedchy.qokal.olchedy.qokaiin.chedy.qokeedy.lchedy.qoky,schedy chedchy qokal olchedy qokaiin chedy qokeedy lchedy qoky
IT2a-n,f83r,"f83r.7,+P0",solshed.lsheedy.qeeedy.qoky.oqol.rsheedy.qokedy.qoteedy.qoteedy,solshed lsheedy qeeedy qoky oqol rsheedy qokedy qoteedy qoteedy
IT2a-n,f83r,"f83r.8,+P0",pchedal.otedy.shecthedchy.qoky.chedy.chary<$>,pchedal otedy shecthedchy qoky chedy chary
IT2a-n,f83r,"f83r.9,+P0",<%>pchor.checphedy.qokedy.lsheedy.qokchdy.r.shedkedy.qofshdy.qopy,pchor checphedy qokedy lsheedy qokchdy r shedkedy qofshdy qopy
IT2a-n,f83r,"f83r.10,+P0",olkeey.rchs.cheen.ols.aiin.skal.dain.cthal.saiin.chky.lal.ram,olkeey rchs cheen ols aiin skal dain cthal saiin chky lal ram
IT2a-n,f83r,"f83r.11,+P0",sor.shedy.qokaiin.chkain.shcthey.qokedy.okair.sheedy.lchedy.lo,sor shedy qokaiin chkain shcthey qokedy okair sheedy lchedy lo
IT2a-n,f83r,"f83r.12,+P0",qockhol.sheckhy.otal.qokeal.cseckhdy.ckol.okedy.qokedy.qokal,qockhol sheckhy otal qokeal cseckhdy ckol okedy qokedy qokal
IT2a-n,f83r,"f83r.13,+P0",solcheol.tar.shedy.saltedy.sair.qokedy.qpchedy.lchcphedy.ldar,solcheol tar shedy saltedy sair qokedy qpchedy lchcphedy ldar
IT2a-n,f83r,"f83r.14,+P0",qokchedy.qokeedy.shedy.qokshedy.dal.lchedy.qokaiin.shcthy.dal.sy,qokchedy qokeedy shedy qokshedy dal lchedy qokaiin shcthy dal sy
IT2a-n,f83r,"f83r.15,+P0",saiin.shedal.shecthy.chey.tal.shcthy.dalchdy.qotchedy.lchedy,saiin shedal shecthy chey tal shcthy dalchdy qotchedy lchedy
IT2a-n,f83r,"f83r.16,+P0",tchedy.qokchdy.cheedar.chldaiin.chedy.qokain.checthy.chealror,tchedy qokchdy cheedar chldaiin chedy qokain checthy chealror
IT2a-n,f83r,"f83r.17,+P0",dcheo.kedy.lkeed.shckhey.ytaiin.shechy.schety<$>,dcheo kedy lkeed shckhey ytaiin shechy schety
IT2a-n,f83r,"f83r.18,+P0",<%>pdal.shdy.shocphedy.otor.shedy.opshedy.otshdy.qokedal.shdy.soldy,pdal shdy shocphedy otor shedy opshedy otshdy qokedal shdy soldy
IT2a-n,f83r,"f83r.19,+P0",sor.shedaiin.ockhey.sain.ched.shedy.qetal.dal.shedy.shey.lchedy,sor shedaiin ockhey sain ched shedy qetal dal shedy shey lchedy
IT2a-n,f83r,"f83r.20,+P0",solkeedy.qoteedy.qokeey.qokedy.sol.cheeety.qokedy.qoky.saiin,solkeedy qoteedy qokeey qokedy sol cheeety qokedy qoky saiin
IT2a-n,f83r,"f83r.21,+P0",solkeedy.qokedy.otedy.sol.chedy.lkedy.qokchedy.qokedy.chckhdy.sar,solkeedy qokedy otedy sol chedy lkedy qokchedy qokedy chckhdy sar
IT2a-n,f83r,"f83r.22,+P0",schedair.otchedy.qokeedy.chedain.chedy.qotedaiin.otaiin.otedy.ldy,schedair otchedy qokeedy chedain chedy qotedaiin otaiin otedy ldy
IT2a-n,f83r,"f83r.23,+P0",tchedy.qotedy.qokal.shedy.qokedy.shecthedy.shecthy.otor.chedy,tchedy qotedy qokal shedy qokedy shecthedy shecthy otor chedy
IT2a-n,f83r,"f83r.24,+P0",soiiin.checthy.chety.otaiin.olsaly.shedy<$>,soiiin checthy chety otaiin olsaly shedy
IT2a-n,f83r,"f83r.25,@P1",<%>qokeedy.qolchey.qokeey.qokedy.chedy.otal,qokeedy qolchey qokeey qokedy chedy otal
IT2a-n,f83r,"f83r.26,+P1",otchey.qokeey.qoky.tol.shedy.qokylddy,otchey qokeey qoky tol shedy qokylddy
IT2a-n,f83r,"f83r.27,+P1",dain.chedy.qokeedy.shckhedy.shckhedy,dain chedy qokeedy shckhedy shckhedy
IT2a-n,f83r,"f83r.28,+P1",saiin.cheeky.sheey.qokedy.shedy.oldy,saiin cheeky sheey qokedy shedy oldy
IT2a-n,f83r,"f83r.29,+P1",solchedy.cheey.qody.kesd.oldy,solchedy cheey qody kesd oldy
IT2a-n,f83r,"f83r.30,+P1",sokeedy.qokeedy.qoky.sairn,sokeedy qokeedy qoky sairn
IT2a-n,f83r,"f83r.31,+P1",techedy.qotchedy.okeedy.ldy,techedy qotchedy okeedy ldy
IT2a-n,f83r,"f83r.32,+P1",?cheol.qokchedy.lchedy.qokey,qokchedy lchedy qokey
IT2a-n,f83r,"f83r.33,+P1",sy.saiin.sheekchy.qokey.sain,sy saiin sheekchy qokey sain
IT2a-n,f83r,"f83r.34,+P1",shky.lchedy.dolshed.qokchy,shky lchedy dolshed qokchy
IT2a-n,f83r,"f83r.35,+P1",saiin.cheky.okeeol.okain.chdy,saiin cheky okeeol okain chdy
IT2a-n,f83r,"f83r.36,+P1",sor.aiin.shy.shey.lshedy.qoky,sor aiin shy shey lshedy qoky
IT2a-n,f83r,"f83r.37,+P1",sol.lkedy.lchedy.qokol.shedy,sol lkedy lchedy qokol shedy
IT2a-n,f83r,"f83r.38,+P1",or.chey.qockhey.dairydy,or chey qockhey dairydy
IT2a-n,f83r,"f83r.39,+P1",qokain.shey.kain.chckhal,qokain shey kain chckhal
IT2a-n,f83r,"f83r.40,+P1",solchedy.olchedy.chedaiin,solchedy olchedy chedaiin
IT2a-n,f83r,"f83r.41,+P1",solkey.lchedy.qolkain.dal,solkey lchedy qolkain dal
IT2a-n,f83r,"f83r.42,+P1",sol.ol.chcthdy.lchedy.lchdy,sol ol chcthdy lchedy lchdy
IT2a-n,f83r,"f83r.43,+P1",daiin.sheol.chedy.qotyl.rar,daiin sheol chedy qotyl rar
IT2a-n,f83r,"f83r.44,+P1",skar.shedy<$>,skar shedy
IT2a-n,f83r,"f83r.45,@Lt",chtorol,chtorol
IT2a-n,f83r,"f83r.46,=Lt",olsaiin,olsaiin
IT2a-n,f83r,"f83r.47,@Pb",<%>otchdy.qokchdy.shedal,otchdy qokchdy shedal
IT2a-n,f83r,"f83r.48,+Pb",dal.cheol.lol.chdal.aiin,dal cheol lol chdal aiin
IT2a-n,f83r,"f83r.49,+Pb",sol.daiiin.chedy<$>,sol daiiin chedy
IT2a-n,f83r,"f83r.50,@Lt",saroldal,saroldal
IT2a-n,f83r,"f83r.51,+Lt",darolsy,darolsy
IT2a-n,f83r,"f83r.52,@Pb",<%>solkeey.qekey.raly.ol,solkeey qekey raly ol
IT2a-n,f83r,"f83r.53,+Pb",solchkal.cheol.qotar.ol,solchkal cheol qotar ol
IT2a-n,f83r,"f83r.54,+Pb",daiin.ol.dain.chey.ldalor,daiin ol dain chey ldalor
IT2a-n,f83r,"f83r.55,+Pb",sol.rtain.cthol<$>,sol rtain cthol
IT2a-n,f83v,"f83v.1,@P0",<%>poldaky.dalol.otedy.chtair.opchedy.qotal.shedy.chepchedy.opchey,poldaky dalol otedy chtair opchedy qotal shedy chepchedy opchey
IT2a-n,f83v,"f83v.2,+P0",dol.shedy.qokedy.shedy.qotedar.checthedy.qokedy.qotal.chey.dar,dol shedy qokedy shedy qotedar checthedy qokedy qotal chey dar
IT2a-n,f83v,"f83v.3,+P0",qotain.chcthy.dal.olkedy.shedy.qotaldy.qokaiin.dair.shedy.oteey,qotain chcthy dal olkedy shedy qotaldy qokaiin dair shedy oteey
IT2a-n,f83v,"f83v.4,+P0",dain.sheedy.oteeody.doldy.qotedy.qokeedy.qokedar.sheoldy.qol.oly,dain sheedy oteeody doldy qotedy qokeedy qokedar sheoldy qol oly
IT2a-n,f83v,"f83v.5,+P0",qokal.shedy.qotain.chedy.chedol.doiin.otaiin.shedy.qokeedy.okaiin,qokal shedy qotain chedy chedol doiin otaiin shedy qokeedy okaiin
IT2a-n,f83v,"f83v.6,+P0",chedy.qotchdy.otalshedy.sol.chl.ches.okeol.shedy.qokol.chedy.qokal,chedy qotchdy otalshedy sol chl ches okeol shedy qokol chedy qokal
IT2a-n,f83v,"f83v.7,+P0",qokeey.oteey.qokalol.chedy.dy.dol.qokal.olkshedy.qokeedy.qokal,qokeey oteey qokalol chedy dy dol qokal olkshedy qokeedy qokal
IT2a-n,f83v,"f83v.8,+P0",rolkeedy.qokaiin.okaiin.ched.okchey<$>,rolkeedy qokaiin okaiin ched okchey
IT2a-n,f83v,"f83v.9,@Lt",ololary,ololary
IT2a-n,f83v,"f83v.10,@Lt",okarchy,okarchy
IT2a-n,f83v,"f83v.11,@P0",<%>pchedas.shedas.qokar.shedal<->okchdy.qokedy.okail.shedy.qoky.lsheg,pchedas shedas qokar shedalokchdy qokedy okail shedy qoky lsheg
IT2a-n,f83v,"f83v.12,+P0",daiin.shckhy.qoeeo.lldar.cheey.qoal.qokeedy.olkar.sheedy.qokain.olal,daiin shckhy qoeeo lldar cheey qoal qokeedy olkar sheedy qokain olal
IT2a-n,f83v,"f83v.13,+P0",qol.chey.qo.lched.qolky.qokal.chedy.chedy.daiin.chckhey.cheor.ol.lal,qol chey qo lched qolky qokal chedy chedy daiin chckhey cheor ol lal
IT2a-n,f83v,"f83v.14,+P0",salched.qol.shedy.qolchedy.qolchdy.qol.rchedy.cheol.qokeor.sholdy,salched qol shedy qolchedy qolchdy qol rchedy cheol qokeor sholdy
IT2a-n,f83v,"f83v.15,+P0",qotaiin.cheol.shey.qokeey.cheol.dal.cheeaiin.olkeedy.qokal.chaloly,qotaiin cheol shey qokeey cheol dal cheeaiin olkeedy qokal chaloly
IT2a-n,f83v,"f83v.16,+P0",daiin.qokal.sheckhey.qokeey.chal.qokeey.qokaiin.chedy.sar.al,daiin qokal sheckhey qokeey chal qokeey qokaiin chedy sar al
IT2a-n,f83v,"f83v.17,+P0",qotaiin.cheeol.qokaiin.sheol.qokear.cheedy.olcheey.qokal.qokaoy,qotaiin cheeol qokaiin sheol qokear cheedy olcheey qokal qokaoy
IT2a-n,f83v,"f83v.18,+P0",solkeedy.qokeedy.qokeedy.saiin.okaiin.chedy.qokeedy.qolkeedy,solkeedy qokeedy qokeedy saiin okaiin chedy qokeedy qolkeedy
IT2a-n,f83v,"f83v.19,+P0",qolchedy.qolteedy.qokeedy.qokal.okaiin.chear.checkhy.dal.checkhdy,qolchedy qolteedy qokeedy qokal okaiin chear checkhy dal checkhdy
IT2a-n,f83v,"f83v.20,+P0",tocthey.cheor.olol.cheol.tedy.sheckhal.sheeckhy.cheal<$>,tocthey cheor olol cheol tedy sheckhal sheeckhy cheal
IT2a-n,f83v,"f83v.21,+P0",<%>qokeed.qokaiin.sheolkain.sheol.olkeedy.l.shedy,qokeed qokaiin sheolkain sheol olkeedy l shedy
IT2a-n,f83v,"f83v.22,+P0",char.qokar.cheolkain.shckhey.qokal.cheor.ols,char qokar cheolkain shckhey qokal cheor ols
IT2a-n,f83v,"f83v.23,+P0",qol.aiiin.chckhedy.sheol.qokaiin.shckhy.lchey,qol aiiin chckhedy sheol qokaiin shckhy lchey
IT2a-n,f83v,"f83v.24,+P0",ol.cheedy.qokeedy.qokain.dalshal.shldy.lor,ol cheedy qokeedy qokain dalshal shldy lor
IT2a-n,f83v,"f83v.25,+P0",y.shey.otechd.ar.okol.dal.shedy.qokaly,y shey otechd ar okol dal shedy qokaly
IT2a-n,f83v,"f83v.26,+P0",sal.chear.shey.qokar.shedy.qokain.ollchy,sal chear shey qokar shedy qokain ollchy
IT2a-n,f83v,"f83v.27,+P0",dsheol.cheol.shedy.qokaiin.cheeky.lols,dsheol cheol shedy qokaiin cheeky lols
IT2a-n,f83v,"f83v.28,+P0",qol.shol.cheedy.qol.oqo.qokain.ol.sheam,qol shol cheedy qol oqo qokain ol sheam
IT2a-n,f83v,"f83v.29,+P0",ol.cheal.shedy.chey.tal.shedal.dalshdy,ol cheal shedy chey tal shedal dalshdy
IT2a-n,f83v,"f83v.30,+P0",qokaiin.chedy.qokal.otal.chedy.qotals,qokaiin chedy qokal otal chedy qotals
IT2a-n,f83v,"f83v.31,+P0",oyshey.qol.qokal.chedy.qoty,oyshey qol qokal chedy qoty
IT2a-n,f83v,"f83v.32,+P0",qol.olain.sheol.qo.qokal.sheol,qol olain sheol qo qokal sheol
IT2a-n,f83v,"f83v.33,+P0",shey.opchey.cthey.olohy<$>,shey opchey cthey olohy
IT2a-n,f83v,"f83v.34,@Ln",okchdy,okchdy
IT2a-n,f83v,"f83v.35,@Lt",okaiin,okaiin
IT2a-n,f84r,"f84r.1,@Lt",lmyl,lmyl
IT2a-n,f84r,"f84r.2,@Ln",or.shekar,or shekar
IT2a-n,f84r,"f84r.3,+Ln",ydy,ydy
IT2a-n,f84r,"f84r.4,@Ln",okedy,okedy
IT2a-n,f84r,"f84r.5,=Ln",oloy,oloy
IT2a-n,f84r,"f84r.6,@Ln",doiis,doiis
IT2a-n,f84r,"f84r.7,=Ln",ol.shy,ol shy
IT2a-n,f84r,"f84r.8,@Ln",otedy,otedy
IT2a-n,f84r,"f84r.9,=Ln",lkol,lkol
IT2a-n,f84r,"f84r.10,@Ln",okolshy,okolshy
IT2a-n,f84r,"f84r.11,@Ln",otoly,otoly
IT2a-n,f84r,"f84r.12,@Ln",dshedy,dshedy
IT2a-n,f84r,"f84r.13,@P0",<%>kal.chedy.qokeey.otedy.dytedy.okeedy.olshed.opshed.ykcsedy.qotedy.opoly,kal chedy qokeey otedy dytedy okeedy olshed opshed ykcsedy qotedy opoly
IT2a-n,f84r,"f84r.14,+P0",tol.or.sheey.chckhdy.schckhy.dal.yshedy.otedy.qol.or.ol.eedy.qokeey.oroly,tol or sheey chckhdy schckhy dal yshedy otedy qol or ol eedy qokeey oroly
IT2a-n,f84r,"f84r.15,+P0",qokeey.dar.shedy.qokedy.qokeedy.qokedy.chedy.okain.chey.qokedy.dar.olar.dy,qokeey dar shedy qokedy qokeedy qokedy chedy okain chey qokedy dar olar dy
IT2a-n,f84r,"f84r.16,+P0",tor.shedy.tedy.rol.ol.cheol.shedy.shckhy.qokal.olkedy<$>,tor shedy tedy rol ol cheol shedy shckhy qokal olkedy
IT2a-n,f84r,"f84r.17,+P0",<%>pchol.cphol.sol.teol.tedy.qotedy.qokeedy.qokeey.ol.keedy.tey.qokedy.qopor.oly,pchol cphol sol teol tedy qotedy qokeedy qokeey ol keedy tey qokedy qopor oly
IT2a-n,f84r,"f84r.18,+P0",otchy.ol.shedy.qokedy.shedy.okedy.shckhy.chckhy.olchey.schey.dal.chckhy.ral,otchy ol shedy qokedy shedy okedy shckhy chckhy olchey schey dal chckhy ral
IT2a-n,f84r,"f84r.19,+P0",qokey.sol.yqokain.qolkeey.qotedy.qokain.shedy.salchedy<$>,qokey sol yqokain qolkeey qotedy qokain shedy salchedy
IT2a-n,f84r,"f84r.20,+P0",<%>pshol.pchcfhdy.qokeedy.dy.qokedy.daiin.shckhedy.qokaiin.checthy.dar.checthy.am,pshol pchcfhdy qokeedy dy qokedy daiin shckhedy qokaiin checthy dar checthy am
IT2a-n,f84r,"f84r.21,+P0",qokaiin.chol.cheky.okaly.chey.okal.chedy.tory.otshedy.qokey.lshedy,qokaiin chol cheky okaly chey okal chedy tory otshedy qokey lshedy
IT2a-n,f84r,"f84r.22,+P0",qotchsdy.ykeedy.qokal.ol.shedy.qokedy.qokeedy.qokeedy.chedy.raiin.chey.otar.dar,qotchsdy ykeedy qokal ol shedy qokedy qokeedy qokeedy chedy raiin chey otar dar
IT2a-n,f84r,"f84r.23,+P0",dar.sheor.shcthy.qokeor.qotedy.rshedy.qolchey.oteey.qol.shedy.ol.daiin.olor,dar sheor shcthy qokeor qotedy rshedy qolchey oteey qol shedy ol daiin olor
IT2a-n,f84r,"f84r.24,+P0",pol.tar.shedy.qokedy.okal.shey.qokar.chckhy.otchey.qokchedy.chey.qokaiin,pol tar shedy qokedy okal shey qokar chckhy otchey qokchedy chey qokaiin
IT2a-n,f84r,"f84r.25,+P0",pchedy.qotchedy.otaiiin.chcthy.shedy.otedy.qoty.qotedy.ol.okedy.otedy.rom,pchedy qotchedy otaiiin chcthy shedy otedy qoty qotedy ol okedy otedy rom
IT2a-n,f84r,"f84r.26,+P0",qotol.shcthhy.oty.dar.shcthy.schdy.qokeedy.olkey<$>,qotol shcthhy oty dar shcthy schdy qokeedy olkey
IT2a-n,f84r,"f84r.27,+P0",<%>palchd.fchedy.shcthy.olky.dar.opalkaiin.oqofchedy.oraiiin.ofoly.oroly,palchd fchedy shcthy olky dar opalkaiin oqofchedy oraiiin ofoly oroly
IT2a-n,f84r,"f84r.28,+P0",sor.ol.olaiin.oqol.yqor.or.ckhedy.chkedy.okain.shedy.qokolchedy.olain,sor ol olaiin oqol yqor or ckhedy chkedy okain shedy qokolchedy olain
IT2a-n,f84r,"f84r.29,+P0",qokeedy.okeey.dar.olchedy.qsolkeedy.rar.checkhy.otar.chedy.olchcthy.lor,qokeedy okeey dar olchedy qsolkeedy rar checkhy otar chedy olchcthy lor
IT2a-n,f84r,"f84r.30,+P0",dchdy.qokedy.ol.chckhy.olchdy.sar.or.ykeedy.chetey.sain.shedy.shekam,dchdy qokedy ol chckhy olchdy sar or ykeedy chetey sain shedy shekam
IT2a-n,f84r,"f84r.31,+P0",ykchdar.or.arar.shedy.qokal.daiin.shedy.olkedy.qokedy.qoky.chedy.daiin,ykchdar or arar shedy qokal daiin shedy olkedy qokedy qoky chedy daiin
IT2a-n,f84r,"f84r.32,+P0",qotar.ytedy.tedy.dar.olkedy.qotedy.shckhy.chtol.tedy.dar.or.oly,qotar ytedy tedy dar olkedy qotedy shckhy chtol tedy dar or oly
IT2a-n,f84r,"f84r.33,+P0",shol.tchdy.tedy.ykain.shey.cheol.ytedy.alkedy.okedar.olkeed.ol.ary,shol tchdy tedy ykain shey cheol ytedy alkedy okedar olkeed ol ary
IT2a-n,f84r,"f84r.34,+P0",dshey.teey.sor.ol.shedy.dar.aldy.otedaiin.shckhchy.chckhy.daiin.aryly,dshey teey sor ol shedy dar aldy otedaiin shckhchy chckhy daiin aryly
IT2a-n,f84r,"f84r.35,+P0",qokal.daiin.dain.otey.cheor.air.shckhy.orair.oro<$>,qokal daiin dain otey cheor air shckhy orair oro
IT2a-n,f84r,"f84r.36,+P0",<%>shey.dar.shey.dain.aiin.shedy.orol.ykar.okedy.qoky.chedy.okedar.chey.alol,shey dar shey dain aiin shedy orol ykar okedy qoky chedy okedar chey alol
IT2a-n,f84r,"f84r.37,@P1",qoteedy.qokol.otedy.shedy.qokeedy.dol.ol.dam,qoteedy qokol otedy shedy qokeedy dol ol dam
IT2a-n,f84r,"f84r.38,+P1",sor.olchdy.lshedy.qokchy.dol.otedy.ytchor.olky,sor olchdy lshedy qokchy dol otedy ytchor olky
IT2a-n,f84r,"f84r.39,+P1",dshedy.sheedy.qokedy.chedy.teedy.qokeedy,dshedy sheedy qokedy chedy teedy qokeedy
IT2a-n,f84r,"f84r.40,+P1",qokeedy.dkedy.olcsedy.qokal.shckhy.olkeedy,qokeedy dkedy olcsedy qokal shckhy olkeedy
IT2a-n,f84r,"f84r.41,+P1",dshedy.oteedy.qotar.chekar.or.shedy.saiin,dshedy oteedy qotar chekar or shedy saiin
IT2a-n,f84r,"f84r.42,+P1",okaiin.otchdy.qokain.csedy.qokeey.qotedy,okaiin otchdy qokain csedy qokeey qotedy
IT2a-n,f84r,"f84r.43,+P1",qokain.otchedy.skeey.rcheky.dol.okechy,qokain otchedy skeey rcheky dol okechy
IT2a-n,f84r,"f84r.44,+P1",ykedy.qotedy.chcthy.olchcthy.dar.ar.osy,ykedy qotedy chcthy olchcthy dar ar osy
IT2a-n,f84r,"f84r.45,+P1",yt?yl.chedy.qokor.shekedy.okedy.ithhy.dam,chedy qokor shekedy okedy ithhy dam
IT2a-n,f84r,"f84r.46,+P1",doledy.qokedy.ar.aror.okedy.okedy<$>,doledy qokedy ar aror okedy okedy
IT2a-n,f84r,"f84r.47,@Lt",otaly,otaly
IT2a-n,f84v,"f84v.1,@P1",<%>otdy.dar.chdy.dar.oram,otdy dar chdy dar oram
IT2a-n,f84v,"f84v.2,+P1",soiin.okeeey.sol.okaly<$>,soiin okeeey sol okaly
IT2a-n,f84v,"f84v.3,@P0",<%>kor.shedy.otedy.qotedy.otedar.cfhdorol,kor shedy otedy qotedy otedar cfhdorol
IT2a-n,f84v,"f84v.4,+P0",oteey.qokeey.okey.chetain.cseeky.daiin.al,oteey qokeey okey chetain cseeky daiin al
IT2a-n,f84v,"f84v.5,+P0",qokeey.oteedy.shedy.qokeed.or.okeedy.ry,qokeey oteedy shedy qokeed or okeedy ry
IT2a-n,f84v,"f84v.6,+P0",ykeedy.qoeedy.olkeey.sheky.qokeey,ykeedy qoeedy olkeey sheky qokeey
IT2a-n,f84v,"f84v.7,+P0",poiin.ol.kedy.okedy.qoky.okeedy.qokey,poiin ol kedy okedy qoky okeedy qokey
IT2a-n,f84v,"f84v.8,+P0",qokedy.okedy.qokeedy.okeedy.shedy.qoky,qokedy okedy qokeedy okeedy shedy qoky
IT2a-n,f84v,"f84v.9,+P0",cseol.qolchey.okeedy.saiin.okeedy.chkeedy,cseol qolchey okeedy saiin okeedy chkeedy
IT2a-n,f84v,"f84v.10,+P0",qoteed.otedy.sheedy.qokeedy.qoeedy.okeedy.dam,qoteed otedy sheedy qokeedy qoeedy okeedy dam
IT2a-n,f84v,"f84v.11,+P0",csedy.qoeedy.ol.cheey.daiin.chckhedy.dain.dy.daiin,csedy qoeedy ol cheey daiin chckhedy dain dy daiin
IT2a-n,f84v,"f84v.12,+P0",qokees.qokedy.otedy.shedy.qokedy.dol.olkeedy.dol.teedam,qokees qokedy otedy shedy qokedy dol olkeedy dol teedam
IT2a-n,f84v,"f84v.13,+P0",shedol.chedy.okedy.otol.chckhedy.qotedy.dokedy.dol.lkeey.qokydy,shedol chedy okedy otol chckhedy qotedy dokedy dol lkeey qokydy
IT2a-n,f84v,"f84v.14,+P0",dshey.olkchy.dol.ol.otedy.okedy.okedy.qokedy.dol.dar.ol.chedy.sain,dshey olkchy dol ol otedy okedy okedy qokedy dol dar ol chedy sain
IT2a-n,f84v,"f84v.15,+P0",qokshedy.qokeedy.daiin.checthy.okal.ol.kedy.chedy.dolkedy.okedam,qokshedy qokeedy daiin checthy okal ol kedy chedy dolkedy okedam
IT2a-n,f84v,"f84v.16,+P0",soiiin.ol.chedy.qol.kedy.shey.qokedy.qokey.dol.y.ol.shedy.qokedy,soiiin ol chedy qol kedy shey qokedy qokey dol y ol shedy qokedy
IT2a-n,f84v,"f84v.17,+P0",qokeey.otol.chedy.daiin.dol.sheedy.chedy.okedy.rkchdy.kol.kaldy,qokeey otol chedy daiin dol sheedy chedy okedy rkchdy kol kaldy
IT2a-n,f84v,"f84v.18,+P0",dsheey.qokeedy.ykedy.qokor.shedy.qoky.dol.shckhy.qokain.ol.koldy,dsheey qokeedy ykedy qokor shedy qoky dol shckhy qokain ol koldy
IT2a-n,f84v,"f84v.19,+P0",solkes.olokar.sheky.shkol.qokor.chdy.tal.shedy.okar.okedy.shedy.dy,solkes olokar sheky shkol qokor chdy tal shedy okar okedy shedy dy
IT2a-n,f84v,"f84v.20,+P0",tolshy.qoky.qokedy.shedy.qokeedy<$>,tolshy qoky qokedy shedy qokeedy
IT2a-n,f84v,"f84v.21,+P0",<%>pchol.shedy.shtal.okedy.opcholor.kchdy.ofchedy.saiin.cfheey.ols,pchol shedy shtal okedy opcholor kchdy ofchedy saiin cfheey ols
IT2a-n,f84v,"f84v.22,+P0",oshey.tedy.okain.shey.qokedy.kchdy.okedy.okey.dy.okedy.olshdy,oshey tedy okain shey qokedy kchdy okedy okey dy okedy olshdy
IT2a-n,f84v,"f84v.23,+P0",qokeey.oltaiin.okol.shedy.cthy.korol.oror,qokeey oltaiin okol shedy cthy korol oror
IT2a-n,f84v,"f84v.24,+P0",ycheey.okeedy.olkain.olchey.saiin.oly,ycheey okeedy olkain olchey saiin oly
IT2a-n,f84v,"f84v.25,+P0",qokaiin.okaiin.olol.okal.chedy.chedy,qokaiin okaiin olol okal chedy chedy
IT2a-n,f84v,"f84v.26,+P0",ol.qokar.shedy.qol.otedy.olchedy,ol qokar shedy qol otedy olchedy
IT2a-n,f84v,"f84v.27,+P0",y.or.shedy.qolkeedy.olchedy.olkal,y or shedy qolkeedy olchedy olkal
IT2a-n,f84v,"f84v.28,+P0",dal.shedy.qokedy.shedy.dain.daiin,dal shedy qokedy shedy dain daiin
IT2a-n,f84v,"f84v.29,+P0",soin.shedy.qokeey.daiin.okedy.oldy,soin shedy qokeey daiin okedy oldy
IT2a-n,f84v,"f84v.30,+P0",qokey.ol.keed.qokedy.qokey.qokeoly,qokey ol keed qokedy qokey qokeoly
IT2a-n,f84v,"f84v.31,+P0",cheel.daiin.otal.chdy.otal.chckhor.aly,cheel daiin otal chdy otal chckhor aly
IT2a-n,f84v,"f84v.32,+P0",qokedy.shey.kal.okedy.yfchedy.tedy.lolor,qokedy shey kal okedy yfchedy tedy lolor
IT2a-n,f84v,"f84v.33,+P0",shedy.qokey.qokedy.chey.dar.okey.okeshy.olchy,shedy qokey qokedy chey dar okey okeshy olchy
IT2a-n,f84v,"f84v.34,+P0",qokain.ol.chedy.olchey.s.al.or.chdy.dchey.okey.lchy,qokain ol chedy olchey s al or chdy dchey okey lchy
IT2a-n,f84v,"f84v.35,+P0",shor.ol.okain.shedy.ol.shedy.tolokeedy.chedy.okedy.lol,shor ol okain shedy ol shedy tolokeedy chedy okedy lol
IT2a-n,f84v,"f84v.36,+P0",qokey.sol.kedy.okey.lkain.shey.shes.ol.shedy.qokeey.ror,qokey sol kedy okey lkain shey shes ol shedy qokeey ror
IT2a-n,f84v,"f84v.37,+P0",chckhy.qokaiin.shey.dain.qokeey.daiin.okaiin.qokal.dys,chckhy qokaiin shey dain qokeey daiin okaiin qokal dys
IT2a-n,f84v,"f84v.38,+P0",qokchey.qokeedy.okedy.dolor.ol.chedy.oteol.olol,qokchey qokeedy okedy dolor ol chedy oteol olol
IT2a-n,f84v,"f84v.39,+P0",lshedy.qol.aiin.okey.olchey.lchey.olshedy.shckhy.soly,lshedy qol aiin okey olchey lchey olshedy shckhy soly
IT2a-n,f84v,"f84v.40,+P0",yteedar.olkeey.olchey.qokey.lkeoldy.daiin.olkedy.ykaiin,yteedar olkeey olchey qokey lkeoldy daiin olkedy ykaiin
IT2a-n,f84v,"f84v.41,+P0",sor.otes.dol.kedy.otol.chedy<$>,sor otes dol kedy otol chedy
IT2a-n,f84v,"f84v.42,@Pb",<%>okar,okar
IT2a-n,f84v,"f84v.43,+Pb",ydairol,ydairol
IT2a-n,f84v,"f84v.44,+Pb",ychckhy,ychckhy
IT2a-n,f84v,"f84v.45,+Pb",dshedy<$>,dshedy
IT2a-n,f84v,"f84v.46,@Pb",<%>okchdy,okchdy
IT2a-n,f84v,"f84v.47,+Pb",solchey,solchey
IT2a-n,f84v,"f84v.48,+Pb",daisoldy,daisoldy
IT2a-n,f84v,"f84v.49,+Pb",darchy,darchy
IT2a-n,f84v,"f84v.50,+Pb",yskhy,yskhy
IT2a-n,f84v,"f84v.51,+Pb",ochedy<$>,ochedy
IT2a-n,f85r1,"f85r1.1,@P0",<%>pdsheody.shdol.shey.otchdy.dshedy.soeeedy.dchefoey.sair.shedy.sodair.shey,pdsheody shdol shey otchdy dshedy soeeedy dchefoey sair shedy sodair shey
IT2a-n,f85r1,"f85r1.2,+P0",yoiin.cheey.qocthdy.otedy.dol.oraiin.okshd.okchedy.otedy.chckhdy.otam,yoiin cheey qocthdy otedy dol oraiin okshd okchedy otedy chckhdy otam
IT2a-n,f85r1,"f85r1.3,+P0",tarar.otedy.opcheey.ykdair.chy.qotedy.qokchdy.otedy.cheol.saiin.otedam,tarar otedy opcheey ykdair chy qotedy qokchdy otedy cheol saiin otedam
IT2a-n,f85r1,"f85r1.4,+P0",odeedaiin.qokechy.daiin.chekchy.olshedy.qokeedy.doltshdy.otar.otchdy.ols,odeedaiin qokechy daiin chekchy olshedy qokeedy doltshdy otar otchdy ols
IT2a-n,f85r1,"f85r1.5,+P0",tchedy.kchedy.qodaiin.olkeedy.oraiin.olshedy.okchy.kedy.tedy.tdam,tchedy kchedy qodaiin olkeedy oraiin olshedy okchy kedy tedy tdam
IT2a-n,f85r1,"f85r1.6,+P0",rorain.shey.pchey.qokeey.chor.ol.shedy<$>,rorain shey pchey qokeey chor ol shedy
IT2a-n,f85r1,"f85r1.7,+P0",<%>pchedy.oraiin.shefchdy.qopar.sheedy.qokedy.qotchedy.kchdar.ypchdy.ldo,pchedy oraiin shefchdy qopar sheedy qokedy qotchedy kchdar ypchdy ldo
IT2a-n,f85r1,"f85r1.8,+P0",daiin.chckhdy.qotchdy.opchsd.qokchdy.otchy.qodal.daiin.dal.shdar.oram,daiin chckhdy qotchdy opchsd qokchdy otchy qodal daiin dal shdar oram
IT2a-n,f85r1,"f85r1.9,+P0",tsheed.lchey.qokeshy.dair.csedar.sheol.qoar.chofchdy.qotdcty.ofar,tsheed lchey qokeshy dair csedar sheol qoar chofchdy qotdcty ofar
IT2a-n,f85r1,"f85r1.10,+P0",dair.chokaiin.cheod.cheolkeedy<$>,dair chokaiin cheod cheolkeedy
IT2a-n,f85r1,"f85r1.11,+P0",<%>pdar.ol.shdair.qopcheedy.dal.chdal.chor.shefshoro.raiin.dalor.aiin.opakam,pdar ol shdair qopcheedy dal chdal chor shefshoro raiin dalor aiin opakam
IT2a-n,f85r1,"f85r1.12,+P0",tdain.okeody.lchdy.lkor.oeeseary.dar.shedaiin.oto.daiin.dxar.am,tdain okeody lchdy lkor oeeseary dar shedaiin oto daiin dxar am
IT2a-n,f85r1,"f85r1.13,+P0",rsheodor.qoctho.kar.okaiin.ykeeeody.qotal.ol.s.aiin.ol.daldy.shody,rsheodor qoctho kar okaiin ykeeeody qotal ol s aiin ol daldy shody
IT2a-n,f85r1,"f85r1.14,+P0",daror.sheedy.keody.oteody.sar.aiin.cheedy.otaiin.dar.al.odaiiin,daror sheedy keody oteody sar aiin cheedy otaiin dar al odaiiin
IT2a-n,f85r1,"f85r1.15,+P0",qokeeodain.chey.okaiin.okal.al.dl.sheokey.cheokain.ol.keeo.dal.olky,qokeeodain chey okaiin okal al dl sheokey cheokain ol keeo dal olky
IT2a-n,f85r1,"f85r1.16,+P0",shoiin.qokar.okary.cheey<$>,shoiin qokar okary cheey
IT2a-n,f85r1,"f85r1.17,+P0",<%>polky.shey.olkedaiin.shor.cphedy.dair.shcphhy.ofchey.shtor.aiin.sham,polky shey olkedaiin shor cphedy dair shcphhy ofchey shtor aiin sham
IT2a-n,f85r1,"f85r1.18,+P0",olkeey.otchey.qokedy.qodaiin.chcthihy.checphey.otshey.qokshey.schdy.dam,olkeey otchey qokedy qodaiin chcthihy checphey otshey qokshey schdy dam
IT2a-n,f85r1,"f85r1.19,+Pr",okchy.okchdy.otchedy.dam.lam<$>,okchy okchdy otchedy dam lam
IT2a-n,f85r1,"f85r1.20,*P0",<%>pcheoy.kshedy.qocphdy.qofol.shdaldy.dairar.cheeteey.otchedy.qokchdy.dy,pcheoy kshedy qocphdy qofol shdaldy dairar cheeteey otchedy qokchdy dy
IT2a-n,f85r1,"f85r1.21,+P0",daiin.cheody.oraiin.ol.okaiin.cheocthey.olor.otedy.qotaiin.chor.chedy,daiin cheody oraiin ol okaiin cheocthey olor otedy qotaiin chor chedy
IT2a-n,f85r1,"f85r1.22,+P0",ydair.tar.chedy.oraiin.ychedy.okedy<$>,ydair tar chedy oraiin ychedy okedy
IT2a-n,f85r1,"f85r1.23,+P0",<%>pchdaiin.shodaiin.shofshedy.yteody.ypar.ches.aiin.chol.dy.qopar.shetam,pchdaiin shodaiin shofshedy yteody ypar ches aiin chol dy qopar shetam
IT2a-n,f85r1,"f85r1.24,+P0",tedair.ykeedy.dain.cheedy.qokor.chedy.okar.sheekchy.qokedy.olchedy,tedair ykeedy dain cheedy qokor chedy okar sheekchy qokedy olchedy
IT2a-n,f85r1,"f85r1.25,+P0",schedaiir.oteody.chcthdy.qokaiin.ykchedy<$>,schedaiir oteody chcthdy qokaiin ykchedy
IT2a-n,f85r1,"f85r1.26,+P0",<%>pchdairor.shshdar.qopchedy.opchdy.qofchdy.dar.s.ain.chcphdy.darordaiin,pchdairor shshdar qopchedy opchdy qofchdy dar s ain chcphdy darordaiin
IT2a-n,f85r1,"f85r1.27,+P0",ychedy.shetshdy.qotar.okedy.qokal.saiin.ol.karar.odeeed<$>,ychedy shetshdy qotar okedy qokal saiin ol karar odeeed
IT2a-n,f85r1,"f85r1.28,+P0",<%>kchedar.yteol.okchdy.qekedy.otor.odor.or.chedy.otechdy.dal.cphedy,kchedar yteol okchdy qekedy otor odor or chedy otechdy dal cphedy
IT2a-n,f85r1,"f85r1.29,+P0",oees.aiin.olkeeody.ors.cheey.qokchdy.qotol.okar.otar.otchy.dkam,oees aiin olkeeody ors cheey qokchdy qotol okar otar otchy dkam
IT2a-n,f85r1,"f85r1.30,+P0",dorchdy.osaiin.okedes.chcthy.okedy.chdy.chdy.otal.otchdy.otalom<$>,dorchdy osaiin okedes chcthy okedy chdy chdy otal otchdy otalom
IT2a-n,f85r1,"f85r1.31,+P0",<%>podaiin.shdar.ypchdar.dar.ypchdy.qopol.dar.keshor.dchdal.cholairy,podaiin shdar ypchdar dar ypchdy qopol dar keshor dchdal cholairy
IT2a-n,f85r1,"f85r1.32,+P0",ytor.chol.shdytody.qotchdy.otchol.chees.ar.eeodaiin.or.aral.alkam,ytor chol shdytody qotchdy otchol chees ar eeodaiin or aral alkam
IT2a-n,f85r1,"f85r1.33,+P0",raraiiin.shey.osaiin.otar.ytar.otedy.or.aiin.otar.alar.olkeedy,raraiiin shey osaiin otar ytar otedy or aiin otar alar olkeedy
IT2a-n,f85r1,"f85r1.34,+P0",ysheedy.ksheey.qokoror.chod.lkchedy.qotody.qokar.shty.otarar<$>,ysheedy ksheey qokoror chod lkchedy qotody qokar shty otarar
IT2a-n,f85r1,"f85r1.35,+Pc",<%>sar.chedar.olpchdy.otol.otchedy<$>,sar chedar olpchdy otol otchedy
IT2a-n,f85r2,"f85r2.1,@Cc",odchdy.otedy.opoees.ar.chcthy.otchdy.otedy.otar.chepaiin.otadar.otodaiin.opoiin.otaiin.qopchchs.otchedy.olkaiin.odar.aloees.otchedy.qotedaiin.odar.octhody.shedaiin.olaiin.olfor.daiin.ol.lkech?.os.aiin.otchdy.dar.otees.ofaiin.chcphdar,odchdy otedy opoees ar chcthy otchdy otedy otar chepaiin otadar otodaiin opoiin otaiin qopchchs otchedy olkaiin odar aloees otchedy qotedaiin odar octhody shedaiin olaiin olfor daiin ol os aiin otchdy dar otees ofaiin chcphdar
IT2a-n,f85r2,"f85r2.2,@Pb",<%>sain.or.or.aiin.opchdy,sain or or aiin opchdy
IT2a-n,f85r2,"f85r2.3,+Pb",qotor.sheedy.shodaiin.olfar.ary,qotor sheedy shodaiin olfar ary
IT2a-n,f85r2,"f85r2.4,+Pb",dair.sheo.oraiin.chol.daiin,dair sheo oraiin chol daiin
IT2a-n,f85r2,"f85r2.5,+Pb",ockhdor.olkor.shoral,ockhdor olkor shoral
IT2a-n,f85r2,"f85r2.6,+Pb",sosees<$>,sosees
IT2a-n,f85r2,"f85r2.7,@Pb",<%>pchedeey.olkey.qokedy.sheos.fcheey,pchedeey olkey qokedy sheos fcheey
IT2a-n,f85r2,"f85r2.8,+Pb",otchedy.chotey.qocthey.oteey.ol.oloeorain,otchedy chotey qocthey oteey ol oloeorain
IT2a-n,f85r2,"f85r2.9,+Pb",daiin.qotaiin.tchedy.otedy.qotchdy.chckhey,daiin qotaiin tchedy otedy qotchdy chckhey
IT2a-n,f85r2,"f85r2.10,+Pb",qtchedy.qodar.qotedar.qokar.qotchd.qotom,qtchedy qodar qotedar qokar qotchd qotom
IT2a-n,f85r2,"f85r2.11,+Pb",soiis.aiin.shedaiin.chokcod<$>,soiis aiin shedaiin chokcod
IT2a-n,f85r2,"f85r2.12,@Pb",<%>otchs.shedor.chey.sorain,otchs shedor chey sorain
IT2a-n,f85r2,"f85r2.13,+Pb",or.shedy.tedy.sodaiiin.chy,or shedy tedy sodaiiin chy
IT2a-n,f85r2,"f85r2.14,+Pb",ytedar.ch?s.aiin.arody,ytedar aiin arody
IT2a-n,f85r2,"f85r2.15,+Pb",ypshedy.dar.chedy.or.am,ypshedy dar chedy or am
IT2a-n,f85r2,"f85r2.16,+Pb",oteey.qodain.odain.an.chey,oteey qodain odain an chey
IT2a-n,f85r2,"f85r2.17,+Pb",orar.oldar.ain<$>,orar oldar ain
IT2a-n,f85r2,"f85r2.18,@Pb",<%>okees.olaiin.qokal.chdy.sary,okees olaiin qokal chdy sary
IT2a-n,f85r2,"f85r2.19,+Pb",qokshedy.qodain.chckhy.ykeedy.chedy,qokshedy qodain chckhy ykeedy chedy
IT2a-n,f85r2,"f85r2.20,+Pb",ar.aiin.ckhedy.or.ain.olchey.qokal.shedy,ar aiin ckhedy or ain olchey qokal shedy
IT2a-n,f85r2,"f85r2.21,+Pb",qokeody.qoekedy.dody.csedy.qodaiin,qokeody qoekedy dody csedy qodaiin
IT2a-n,f85r2,"f85r2.22,+Pb",los.ar.shedy.qokshey.qoseey.or.aiinog,los ar shedy qokshey qoseey or aiinog
IT2a-n,f85r2,"f85r2.23,+Pb",ol.lcheol.chol.ol.sheoly<$>,ol lcheol chol ol sheoly
IT2a-n,f85r2,"f85r2.24,@Cc",okees.ochar.otedar.ochedy.otody.olchedy.otchdo.ar.or.air.ol.otees.ar.ar.am,okees ochar otedar ochedy otody olchedy otchdo ar or air ol otees ar ar am
IT2a-n,f86v4,"f86v4.1,@Cc",opor.os.sheody.pchedar.odsheo.qody.cheepchdy.lpchedy.olkar.shdar.dchdor<->qopcher.cher.oseeedar.odaiin.pcheodar.chdair.orarorchy.shar.opchsey.otedy.chcphhy.chedy.sar.shed.odar.sheey.scheor.al.cheefar.shetchy.qoteol.otor.shar.qoteshy.doin.ofor.arar.dl,opor os sheody pchedar odsheo qody cheepchdy lpchedy olkar shdar dchdorqopcher cher oseeedar odaiin pcheodar chdair orarorchy shar opchsey otedy chcphhy chedy sar shed odar sheey scheor al cheefar shetchy qoteol otor shar qoteshy doin ofor arar dl
IT2a-n,f86v4,"f86v4.2,@Cc",oeeey.o?daiin.otedaiin.otedy.oteey.chedaiin.octhedy.chy.shedaiin<->chotaiin.oraiin.otodeeeo.or.yteeody.oteedar.aiin.shedaiin.chdar.shedy.qotedain.chedy.tchdy.chetdy.chedy.qotor.chedy.chckhy.daiin.otedy.schsdy.tchy.sam,oeeey otedaiin otedy oteey chedaiin octhedy chy shedaiinchotaiin oraiin otodeeeo or yteeody oteedar aiin shedaiin chdar shedy qotedain chedy tchdy chetdy chedy qotor chedy chckhy daiin otedy schsdy tchy sam
IT2a-n,f86v4,"f86v4.3,@Cc",kchey.dair.alody.shes.qeeor.or.odarchdy.chdy.olcheos.orain<->or.oteed.chedees.oteedy.qoty.otedy.shedy.otedy.dar.shd.shyy.scody.chdchdy.dodar.aiin.or.aiin.sar.orchedy.qotchdy.deedes.ar.sheody.opcho.fchsom,kchey dair alody shes qeeor or odarchdy chdy olcheos orainor oteed chedees oteedy qoty otedy shedy otedy dar shd shyy scody chdchdy dodar aiin or aiin sar orchedy qotchdy deedes ar sheody opcho fchsom
IT2a-n,f86v4,"f86v4.4,@Cc",pchedar.ar.oepor.oteer.o.cs.aiin.olkeor.dar.air.dery.doeedey<->opchedy.shedaiin.dar.otedy.dain.otey.dam.otedy.daiin.chocthy.dtedair.chody.sheos.otedos.qokechy.pchdeedy.dan.ol.dol.oty.sho.pol.otoldyl,pchedar ar oepor oteer o cs aiin olkeor dar air dery doeedeyopchedy shedaiin dar otedy dain otey dam otedy daiin chocthy dtedair chody sheos otedos qokechy pchdeedy dan ol dol oty sho pol otoldyl
IT2a-n,f86v4,"f86v4.5,@P0",<%>pchsodar.oedy.qokeol.qoeol<->oqokeol.dar.ol.olair.am,pchsodar oedy qokeol qoeoloqokeol dar ol olair am
IT2a-n,f86v4,"f86v4.6,+P0",ycseol.tar.ol.olsheey.qokey.or.aiin.sheeor.sar.al.ol.sheey.qockheey,ycseol tar ol olsheey qokey or aiin sheeor sar al ol sheey qockheey
IT2a-n,f86v4,"f86v4.7,+P0",tol.shs.or.aiin.ol.keeod.lcheody.okedy.qokeody.qoaiin.al<$>,tol shs or aiin ol keeod lcheody okedy qokeody qoaiin al
IT2a-n,f86v4,"f86v4.8,+P0",<%>dain.ol.keedy.otar.olshedy.okol.aiin.okal.cheockhy.shockhhy.daiin<$>,dain ol keedy otar olshedy okol aiin okal cheockhy shockhhy daiin
IT2a-n,f86v4,"f86v4.9,+Pc",<%>dar.oleey.ol.yy<$>,dar oleey ol yy
IT2a-n,f86v6,"f86v6.1,@P0",<%>pchey.pchdar.opor.cphy.cher.aiin.ofy.chedy.otedalol.orairody.qotchdain.qopy,pchey pchdar opor cphy cher aiin ofy chedy otedalol orairody qotchdain qopy
IT2a-n,f86v6,"f86v6.2,+P0",ochody.chol.chey.qotchdy.kchdy.qopchd.chpchy.qopchy.qoky.chedy.qokol.lram,ochody chol chey qotchdy kchdy qopchd chpchy qopchy qoky chedy qokol lram
IT2a-n,f86v6,"f86v6.3,+P0",qolchy.olkeedy.chdal.chedy.chor.ar.arody.qokchdy.chdal.okar.chdy.otaiin,qolchy olkeedy chdal chedy chor ar arody qokchdy chdal okar chdy otaiin
IT2a-n,f86v6,"f86v6.4,+P0",dshor.shdy.shor.ol.aiin.olkeedy.shdal.oteor.chdar.lkarchees.olkar.dalam,dshor shdy shor ol aiin olkeedy shdal oteor chdar lkarchees olkar dalam
IT2a-n,f86v6,"f86v6.5,+P0",tar.lol.chol.olkar.daiin.chear.or.otshey.qokar.opchey.taiky.qokar,tar lol chol olkar daiin chear or otshey qokar opchey taiky qokar
IT2a-n,f86v6,"f86v6.6,+P0",daiin.sheol.keear.or.chedy.orsheeen.qotain.odaiin.olkeshar.qokar.ar,daiin sheol keear or chedy orsheeen qotain odaiin olkeshar qokar ar
IT2a-n,f86v6,"f86v6.7,+P0",qokaiin.ylchedor.or.aiin.ol.or.olkal.or.shedy.qokal.sar.orchey.dy,qokaiin ylchedor or aiin ol or olkal or shedy qokal sar orchey dy
IT2a-n,f86v6,"f86v6.8,+P0",ykaiin.odaiin.chal.sair.ytar.chody.ldaly.chdal.ykchedy.lkchedy.dam,ykaiin odaiin chal sair ytar chody ldaly chdal ykchedy lkchedy dam
IT2a-n,f86v6,"f86v6.9,+P0",dshor.ykaiin.dar.sheey.qokol.cheol.otar.ar.aiiin.qoteeos.aiin,dshor ykaiin dar sheey qokol cheol otar ar aiiin qoteeos aiin
IT2a-n,f86v6,"f86v6.10,+P0",sarar.ykaiin.saldam.sheol.qckhy.dalor.olaiin.olkaiin.qodar.oxy,sarar ykaiin saldam sheol qckhy dalor olaiin olkaiin qodar oxy
IT2a-n,f86v6,"f86v6.11,+P0",qokaiin.olkeey.qokear.or.cheeaiin.yteedy.qoko.lchdol.or.chcphar.ar,qokaiin olkeey qokear or cheeaiin yteedy qoko lchdol or chcphar ar
IT2a-n,f86v6,"f86v6.12,+P0",ykeealar.qokal.otar.ykairolky<$>,ykeealar qokal otar ykairolky
IT2a-n,f86v6,"f86v6.13,+P0",<%>ctholcthy.qopaiin.ypchdy.cpholkaiin.cholfchy.qopar.aroiin.opchedy.opoly,ctholcthy qopaiin ypchdy cpholkaiin cholfchy qopar aroiin opchedy opoly
IT2a-n,f86v6,"f86v6.14,+P0",ykchy.cholkaiin.chey.ykeeedy.okal.or.checfhy.lkey.okar.dar.ol.ain,ykchy cholkaiin chey ykeeedy okal or checfhy lkey okar dar ol ain
IT2a-n,f86v6,"f86v6.15,+P0",shol.shotaiin.shckhor.olaiin.chdy.qokain.odaiiin.cheor.olkain.chey,shol shotaiin shckhor olaiin chdy qokain odaiiin cheor olkain chey
IT2a-n,f86v6,"f86v6.16,+P0",taiin.okaiin.qokaiin.yteey.otain.chey.okam.qokar.qokain.okaiin,taiin okaiin qokaiin yteey otain chey okam qokar qokain okaiin
IT2a-n,f86v6,"f86v6.17,+P0",par.or.aiin.dar.aiiin.qckhear.shoifhy.qotedy.opchdy.olain.ar.alkar.am,par or aiin dar aiiin qckhear shoifhy qotedy opchdy olain ar alkar am
IT2a-n,f86v6,"f86v6.18,+P0",ytaiin.ytair.dalol.ytal.dar.aiiin.chol.olkchey.lkar.otal.qotar.dam,ytaiin ytair dalol ytal dar aiiin chol olkchey lkar otal qotar dam
IT2a-n,f86v6,"f86v6.19,+P0",pol.shopchey.pchecfhey.or.aiiin.qokaiin.cholkar<$>,pol shopchey pchecfhey or aiiin qokaiin cholkar
IT2a-n,f86v6,"f86v6.20,+P0",<%>pdaiin.otol.podaiin.ocphey.opchor.olkshed.qofod.opdaiin.adar.dairody,pdaiin otol podaiin ocphey opchor olkshed qofod opdaiin adar dairody
IT2a-n,f86v6,"f86v6.21,+P0",oreeey.lkeeor.daiin.olteody.tar.otyteeodain.yty.sheey.tar.ar.am.ody,oreeey lkeeor daiin olteody tar otyteeodain yty sheey tar ar am ody
IT2a-n,f86v6,"f86v6.22,+P0",lshechy.tshy.qokeedy.kain.ytaiin.chees.tairoor.qotar.taikhy.damom,lshechy tshy qokeedy kain ytaiin chees tairoor qotar taikhy damom
IT2a-n,f86v6,"f86v6.23,+P0",qokar.olkedy.otor.chedy.qokar.opchedy.dar.okar.ar.dair.ain.ol.keodar,qokar olkedy otor chedy qokar opchedy dar okar ar dair ain ol keodar
IT2a-n,f86v6,"f86v6.24,+P0",chey.keody.choty.dal.ody.qokeedy.pchedy.ytshy.tody.dal.tchedy.qokar.oly,chey keody choty dal ody qokeedy pchedy ytshy tody dal tchedy qokar oly
IT2a-n,f86v6,"f86v6.25,+P0",yteedy.qokar.olkar.qodar.ykaiin.orokeeeey.ofchedy.qokaiin.araram,yteedy qokar olkar qodar ykaiin orokeeeey ofchedy qokaiin araram
IT2a-n,f86v6,"f86v6.26,+P0",saiin.shor.shekaiin.chedy.cholkeod.qokchy.orchcthy.olteedy.dar.otar.aim,saiin shor shekaiin chedy cholkeod qokchy orchcthy olteedy dar otar aim
IT2a-n,f86v6,"f86v6.27,+P0",alshdr.lkar.dal.kshd.shdar.shedy.qody.sheey.qotedy.olkeey.qokchdy.ramshy,alshdr lkar dal kshd shdar shedy qody sheey qotedy olkeey qokchdy ramshy
IT2a-n,f86v6,"f86v6.28,+P0",qokaiin.qokar.okar.qotar.lor.qokchdy.dar.shey.dytshedy.qotol.dytshy.dy,qokaiin qokar okar qotar lor qokchdy dar shey dytshedy qotol dytshy dy
IT2a-n,f86v6,"f86v6.29,+P0",dchedy.chcthdy.shol.oky.ytaiin.ykain.chedy.dy.dal.shdaiin<$>,dchedy chcthdy shol oky ytaiin ykain chedy dy dal shdaiin
IT2a-n,f86v6,"f86v6.30,+P0",<%>polkchy.tshed.qopchey.paroiin.chefchy.qopar.qopchedy.qopydaiin.qopary,polkchy tshed qopchey paroiin chefchy qopar qopchedy qopydaiin qopary
IT2a-n,f86v6,"f86v6.31,+P0",dair.chepy.qokaiin.olkar.olkchdy.okaral.dar.olkchey.otytam.orom,dair chepy qokaiin olkar olkchdy okaral dar olkchey otytam orom
IT2a-n,f86v6,"f86v6.32,+P0",qokeey.qoeear.chsey.oky.qokar.orchey.qotar.olkchedy.qokaiin.am,qokeey qoeear chsey oky qokar orchey qotar olkchedy qokaiin am
IT2a-n,f86v6,"f86v6.33,+P0",dar.olkaiin.ydy.lkchedy.okeeeykchy.dl.ld.lol.sheey.qokshey.tain.g,dar olkaiin ydy lkchedy okeeeykchy dl ld lol sheey qokshey tain g
IT2a-n,f86v6,"f86v6.34,+P0",sor.aiin.ar.shey.qoteody.or.aiiin.oeey.ldaiiin.or.oro.ol.kaiiin,sor aiin ar shey qoteody or aiiin oeey ldaiiin or oro ol kaiiin
IT2a-n,f86v6,"f86v6.35,+P0",sas.aiin.otariin.otar.cheody.qotaiin.qokaiin.ol.tey.qokaiin.otar.ol,sas aiin otariin otar cheody qotaiin qokaiin ol tey qokaiin otar ol
IT2a-n,f86v6,"f86v6.36,+P0",dairal.daiin.qokar.choltal.cthdy.qokeey.lkaiin.olkaiin.araiin,dairal daiin qokar choltal cthdy qokeey lkaiin olkaiin araiin
IT2a-n,f86v6,"f86v6.37,+P0",lshar.okar.qoeedy.qotar.otal.olky.qokal.ol.kaiin.octhair.lo,lshar okar qoeedy qotar otal olky qokal ol kaiin octhair lo
IT2a-n,f86v6,"f86v6.38,+P0",poiin.otal.kal.toror.olaiin.okeockhey.olkeey.qoedy.lkaiin.oltam,poiin otal kal toror olaiin okeockhey olkeey qoedy lkaiin oltam
IT2a-n,f86v6,"f86v6.39,+P0",yaiin.dar.otol.qokain.qoky.lkor.dal.oraiin.cheoty.qotaiin.olkam,yaiin dar otol qokain qoky lkor dal oraiin cheoty qotaiin olkam
IT2a-n,f86v6,"f86v6.40,+P0",daiin.ar.qotal.kshdy.otar.shcthdy.qokol.chotal.kar.olkar.alky,daiin ar qotal kshdy otar shcthdy qokol chotal kar olkar alky
IT2a-n,f86v6,"f86v6.41,+P0",qokaiin.octhy.oltchey.qotal.lkalol.sheol.qotaiin.ytain.ytody,qokaiin octhy oltchey qotal lkalol sheol qotaiin ytain ytody
IT2a-n,f86v6,"f86v6.42,+P0",otaiin.qokain.otal.otal.lt.al.lkar.chdy.qotol.qokain,otaiin qokain otal otal lt al lkar chdy qotol qokain
IT2a-n,f86v6,"f86v6.43,+P0",qokaiin.choty.ytaiin.chokain.chocthy.chy.taiin.okaiin.okan,qokaiin choty ytaiin chokain chocthy chy taiin okaiin okan
IT2a-n,f86v6,"f86v6.44,+P0",shor.qoky.chorolk.chokaiin.qoolkaiin.qoaiin.or.aiiin.ykedy,shor qoky chorolk chokaiin qoolkaiin qoaiin or aiiin ykedy
IT2a-n,f86v6,"f86v6.45,+P0",paiin.otar.otolkshy.qokshey.ar.otalky.chear.aiodam<$>,paiin otar otolkshy qokshey ar otalky chear aiodam
IT2a-n,f86v5,"f86v5.1,@P0",<%>pshdal.choky.sheody.lfchy.fyshey.qoky.opy.ypar.oraiin.ytor.aiin.opy,pshdal choky sheody lfchy fyshey qoky opy ypar oraiin ytor aiin opy
IT2a-n,f86v5,"f86v5.2,+P0",losair.yteody.qokar.shy.qokar.shor.qopchol.tal.ol.ytal.otam.otam,losair yteody qokar shy qokar shor qopchol tal ol ytal otam otam
IT2a-n,f86v5,"f86v5.3,+P0",shedy.chdy.qokar.okeeey.sheokaiin.cheoky.oteeodail.otaiin.otain,shedy chdy qokar okeeey sheokaiin cheoky oteeodail otaiin otain
IT2a-n,f86v5,"f86v5.4,+P0",ypchery.oky.sheeey.qoty.qotaiin.sain.chepy.ltedy.dar.olkar.am,ypchery oky sheeey qoty qotaiin sain chepy ltedy dar olkar am
IT2a-n,f86v5,"f86v5.5,+P0",daiin.or.otol.otshey.otal.olkey.chcthody.ytar.dal.ar.okary,daiin or otol otshey otal olkey chcthody ytar dal ar okary
IT2a-n,f86v5,"f86v5.6,+P0",olkeedy.shety.ytar.ytaiin.shdam.araiin.ytaiin<$>,olkeedy shety ytar ytaiin shdam araiin ytaiin
IT2a-n,f86v5,"f86v5.7,+P0",<%>pdaiin.qoteedy.opchey.qopor.otol.kshdy.qopcheey.shdar.fchcfhy,pdaiin qoteedy opchey qopor otol kshdy qopcheey shdar fchcfhy
IT2a-n,f86v5,"f86v5.8,+P0",octhal.shckhy.otshey.opor.shey.tor.ar.otar.aiin.chdy.tar.cheeg,octhal shckhy otshey opor shey tor ar otar aiin chdy tar cheeg
IT2a-n,f86v5,"f86v5.9,+P0",lkaiin.otain.r.al.ykain.chaiin.ykal.ykaiin.otal.or.alkam,lkaiin otain r al ykain chaiin ykal ykaiin otal or alkam
IT2a-n,f86v5,"f86v5.10,+P0",ykar.olkal.kar.shedy.shor.qokar.chor.or.ykaiin.otam.ytam,ykar olkal kar shedy shor qokar chor or ykaiin otam ytam
IT2a-n,f86v5,"f86v5.11,+P0",taral.okar.octhey.sal.kaiin.ytal.chey.otal.aiiin.olkam<$>,taral okar octhey sal kaiin ytal chey otal aiiin olkam
IT2a-n,f86v5,"f86v5.12,+P0",<%>poraiiindy.otshs.al.ar.shey.tair.sheody.qopchesy.lfar.air.amod,poraiiindy otshs al ar shey tair sheody qopchesy lfar air amod
IT2a-n,f86v5,"f86v5.13,+P0",daiin.shar.otam.ytaiin.otal.teody.cthy.or.aiin.otar.aiiin,daiin shar otam ytaiin otal teody cthy or aiin otar aiiin
IT2a-n,f86v5,"f86v5.14,+P0",qoar.aiiin.al.ody.ar.aiin.qokeeey.cheey.qotaiin.ykar.aithy,qoar aiiin al ody ar aiin qokeeey cheey qotaiin ykar aithy
IT2a-n,f86v5,"f86v5.15,+P0",ykar.ar.alody.or.eees.aiin.okar.qokaiin.ykar.al.ol.chsky,ykar ar alody or eees aiin okar qokaiin ykar al ol chsky
IT2a-n,f86v5,"f86v5.16,+P0",dcheytain.qoko.daiin.ykalkain.ykar.alkaiin.dalkalytam,dcheytain qoko daiin ykalkain ykar alkaiin dalkalytam
IT2a-n,f86v5,"f86v5.17,+P0",ockhedy.ched.ytaiin.ykaiin.qotal.yshey.otaiin.olkam<$>,ockhedy ched ytaiin ykaiin qotal yshey otaiin olkam
IT2a-n,f86v5,"f86v5.18,+P0",<%>poldaiin.sheo.tesaiin.otcho.lkaiin.os.al.ody.qotar.ytedy.daiin,poldaiin sheo tesaiin otcho lkaiin os al ody qotar ytedy daiin
IT2a-n,f86v5,"f86v5.19,+P0",ycheeytydaiin.ykeeo.chey.shckhy.shoky.oty.oty.otain.olkchdy,ycheeytydaiin ykeeo chey shckhy shoky oty oty otain olkchdy
IT2a-n,f86v5,"f86v5.20,+P0",ychor.ar.aiin.ytaly.otaiin.ykaiin.otar.ytar.aiin.ytaiim,ychor ar aiin ytaly otaiin ykaiin otar ytar aiin ytaiim
IT2a-n,f86v5,"f86v5.21,+P0",oar.ar.aiin.okaiin.yteey.ytaiin.qokees.aiin.yteey.qotey.lkey,oar ar aiin okaiin yteey ytaiin qokees aiin yteey qotey lkey
IT2a-n,f86v5,"f86v5.22,+P0",ykaiin.ykeey.ykal.chod.aiin.oeey.teodkaiin.otodaiin.okain,ykaiin ykeey ykal chod aiin oeey teodkaiin otodaiin okain
IT2a-n,f86v5,"f86v5.23,+P0",ykaiin.or.aiin.okol.chokar.sheol.qokar.cheey.oraiiin.ody,ykaiin or aiin okol chokar sheol qokar cheey oraiiin ody
IT2a-n,f86v5,"f86v5.24,+P0",oar.aiin.ykain.okal.kchody.chckhy.otaiin.olkar.otaiin,oar aiin ykain okal kchody chckhy otaiin olkar otaiin
IT2a-n,f86v5,"f86v5.25,+P0",sair.kain.ar.alosheey.qoeey.lkesy<$>,sair kain ar alosheey qoeey lkesy
IT2a-n,f86v5,"f86v5.26,+P0",<%>pochor.air.shoar.pshody.shody.qopchy.ocfhdy.dar.olpshy.dam.shey,pochor air shoar pshody shody qopchy ocfhdy dar olpshy dam shey
IT2a-n,f86v5,"f86v5.27,+P0",pchor.ypchor.aiin.otar.shody.pchykar.ytar.odar.oeees.aral.om,pchor ypchor aiin otar shody pchykar ytar odar oeees aral om
IT2a-n,f86v5,"f86v5.28,+P0",odaiin.oal.kar.ar.or.ytdar.qokeeey.teodyteytar.an.ytarar,odaiin oal kar ar or ytdar qokeeey teodyteytar an ytarar
IT2a-n,f86v5,"f86v5.29,+P0",ysheoar.qoteody.qokar.shody.qokal.tchey.ytchy.tal.tar,ysheoar qoteody qokar shody qokal tchey ytchy tal tar
IT2a-n,f86v5,"f86v5.30,+P0",odaiin.otches.chey.chodaiin.shedy.otal.kchol.shy.olkeeeary,odaiin otches chey chodaiin shedy otal kchol shy olkeeeary
IT2a-n,f86v5,"f86v5.31,+P0",tol.kaiin.ytchdy.chol.ytedy.ytain.qodaiin.ytody.ykeshy.ar,tol kaiin ytchdy chol ytedy ytain qodaiin ytody ykeshy ar
IT2a-n,f86v5,"f86v5.32,+P0",dshey.ytchy.dy.qotal.shdy.or.aiin.chody.chey.ol.teody.aiin,dshey ytchy dy qotal shdy or aiin chody chey ol teody aiin
IT2a-n,f86v5,"f86v5.33,+P0",qokeey.ol.kaiin.ol.kain.olkeedy.qopcheey.oty.daiin.otam,qokeey ol kaiin ol kain olkeedy qopcheey oty daiin otam
IT2a-n,f86v5,"f86v5.34,+P0",oteey.ol.tey.choaiin.ysheedy.ychedy.ytaiin.otam.aiin,oteey ol tey choaiin ysheedy ychedy ytaiin otam aiin
IT2a-n,f86v5,"f86v5.35,+P0",ychey.or.aiin.ytair.ytaim.otal.shod.qokchy.qoody.saim,ychey or aiin ytair ytaim otal shod qokchy qoody saim
IT2a-n,f86v5,"f86v5.36,+P0",shody.qoty.chody.ytody.olkey.otoloty.oltal.oky.dam,shody qoty chody ytody olkey otoloty oltal oky dam
IT2a-n,f86v5,"f86v5.37,+P0",dchol.chedy.qotain.otaiin.ol.cheody.olkeeody.oreeem,dchol chedy qotain otaiin ol cheody olkeeody oreeem
IT2a-n,f86v5,"f86v5.38,+P0",sol.odaiin.ykeeshy.ytchey.lchody.ykar.shey.ytaiin<$>,sol odaiin ykeeshy ytchey lchody ykar shey ytaiin
IT2a-n,f86v5,"f86v5.39,+Pr",<%>yteody.chedy.qoteey.octhy.dy<$>,yteody chedy qoteey octhy dy
IT2a-n,f86v3,"f86v3.1,@Pb",<%>tchedy.qokeedy.qoedy.qopchy.raiin.olpchey.qokaiin,tchedy qokeedy qoedy qopchy raiin olpchey qokaiin
IT2a-n,f86v3,"f86v3.2,+Pb",sain.ychedy.qoeeey.otair.cheody.ytain.qokaiin<$>,sain ychedy qoeeey otair cheody ytain qokaiin
IT2a-n,f86v3,"f86v3.3,+Pb",<%>taiin.ytaiin.ytaiin.ytaiin.or.ar.ytar.am,taiin ytaiin ytaiin ytaiin or ar ytar am
IT2a-n,f86v3,"f86v3.4,+Pb",ykaiin.qoeedy.qor.aiin.ytechy.ar.aiin.aram,ykaiin qoeedy qor aiin ytechy ar aiin aram
IT2a-n,f86v3,"f86v3.5,+Pb",ysheey.qotaiin.chdy.ypsheor.ytain.otain.ytam,ysheey qotaiin chdy ypsheor ytain otain ytam
IT2a-n,f86v3,"f86v3.6,+Pb",daiinls.aiin.chcthy.ykaiin.ykaiin.chdar.araiin,daiinls aiin chcthy ykaiin ykaiin chdar araiin
IT2a-n,f86v3,"f86v3.7,+Pb",sain.ytaiin.ytapy.odeeey.dal.dair.ytam,sain ytaiin ytapy odeeey dal dair ytam
IT2a-n,f86v3,"f86v3.8,+Pb",sar.aiin.otey.otais<$>,sar aiin otey otais
IT2a-n,f86v3,"f86v3.9,@Pb",<%>tchol.olkey.cfhyaiin.opchedy.okchedy.or.acheody.e?ol.shedy.yteey.daiin.dady,tchol olkey cfhyaiin opchedy okchedy or acheody shedy yteey daiin dady
IT2a-n,f86v3,"f86v3.10,+Pb",ychey.ol.keeey.qotchedy.qokeey.qotchedar.sheedy.qokaiin.qokedy.ykaiin.qotaiior.am,ychey ol keeey qotchedy qokeey qotchedar sheedy qokaiin qokedy ykaiin qotaiior am
IT2a-n,f86v3,"f86v3.11,+Pb",tcheod.oteey.yteeody.chdy.chedos.shedy.cheos.?s.aiir.sheey.ytchcseey.oteeodam,tcheod oteey yteeody chdy chedos shedy cheos aiir sheey ytchcseey oteeodam
IT2a-n,f86v3,"f86v3.12,+Pb",yteedy.ykeey.daim.choaiin.checkhy.sykeeeochy.tcheey.otodaiin.opaiin.otchey.otam,yteedy ykeey daim choaiin checkhy sykeeeochy tcheey otodaiin opaiin otchey otam
IT2a-n,f86v3,"f86v3.13,+Pb",osheey.or.sheey.tcheody.qokain.qodaiin.olkar.chedaiin.ychedy.qokody.cholkain,osheey or sheey tcheody qokain qodaiin olkar chedaiin ychedy qokody cholkain
IT2a-n,f86v3,"f86v3.14,+Pb",ar.aiin.shodain.shor.chalkar.shekshol.okchor<$>,ar aiin shodain shor chalkar shekshol okchor
IT2a-n,f86v3,"f86v3.15,@P0",<%>tshdcsey.dalkshdy.shocfhy.saiin.or.airody<->chedaly,tshdcsey dalkshdy shocfhy saiin or airodychedaly
IT2a-n,f86v3,"f86v3.16,+P0",dcheody.skeeody.qokshey.chodain.ykched<->raraldy,dcheody skeeody qokshey chodain ykchedraraldy
IT2a-n,f86v3,"f86v3.17,+P0",dsheody.qokchey.dal.or.odaiin.sar<$>,dsheody qokchey dal or odaiin sar
IT2a-n,f86v3,"f86v3.18,+P0",<%>pchedaiin.dchedy.qokchdy.qopchol.shol<->sheody.rolkam,pchedaiin dchedy qokchdy qopchol sholsheody rolkam
IT2a-n,f86v3,"f86v3.19,+P0",dchey.otain.olkechy.qokam.chol.kchdy.chol.tchdy.dar.aiin.dy,dchey otain olkechy qokam chol kchdy chol tchdy dar aiin dy
IT2a-n,f86v3,"f86v3.20,+P0",lshodair.ykcho.dar.chody.ykeeody.qochey.chcthey.lkar.ary,lshodair ykcho dar chody ykeeody qochey chcthey lkar ary
IT2a-n,f86v3,"f86v3.21,+P0",dshedy.kshey.tchdy.shdy.ralkchedy.ytchol.qoty.okshy.tam,dshedy kshey tchdy shdy ralkchedy ytchol qoty okshy tam
IT2a-n,f86v3,"f86v3.22,+P0",ytchdy.dar.shol.or.alor<$>,ytchdy dar shol or alor
IT2a-n,f86v3,"f86v3.23,@Pb",<%>tshedal.ypchey.shdy.qopcheeody.opchdy.olfchey.ypchey.qotaiin,tshedal ypchey shdy qopcheeody opchdy olfchey ypchey qotaiin
IT2a-n,f86v3,"f86v3.24,+Pb",dshedy.qokeey.qotchy.shedy.qokaiin.chdy.otor.otaiin.ykaiin,dshedy qokeey qotchy shedy qokaiin chdy otor otaiin ykaiin
IT2a-n,f86v3,"f86v3.25,+Pb",qodaiin.yochedy.qotchey.qoky.daiin.chdy.oteedy.qoty.daiin.om,qodaiin yochedy qotchey qoky daiin chdy oteedy qoty daiin om
IT2a-n,f86v3,"f86v3.26,+Pb",shor.yteey.oteedy.shedaiin.sheey.otaiin.ytaiin.otodar.aiin,shor yteey oteedy shedaiin sheey otaiin ytaiin otodar aiin
IT2a-n,f86v3,"f86v3.27,+Pb",teeos.aiin.yteey.qoteey.otchey.qoteeody.cheeor.cheedaiin,teeos aiin yteey qoteey otchey qoteeody cheeor cheedaiin
IT2a-n,f86v3,"f86v3.28,+Pb",ycheeody.daiis.oteey.qoedy.oteey.olteey<$>,ycheeody daiis oteey qoedy oteey olteey
IT2a-n,f86v3,"f86v3.29,@Pb",<%>toeeedchy.okchey.qokchedy.shedy.ytcheodar,toeeedchy okchey qokchedy shedy ytcheodar
IT2a-n,f86v3,"f86v3.30,+Pb",ytchey.yteey.chdal.or.cheey.daiin.cheokaiim,ytchey yteey chdal or cheey daiin cheokaiim
IT2a-n,f86v3,"f86v3.31,+Pb",tchedy.chy.tchey.otchedy.qokal.oeedy.lkam,tchedy chy tchey otchedy qokal oeedy lkam
IT2a-n,f86v3,"f86v3.32,+Pb",oees.aiiin.yteeedy.chedy.qotaiin.cheody,oees aiiin yteeedy chedy qotaiin cheody
IT2a-n,f86v3,"f86v3.33,+Pb",ytchey.otaiin.kshd.qotar.chear.or.am,ytchey otaiin kshd qotar chear or am
IT2a-n,f86v3,"f86v3.34,+Pb",yteeo.dy.chedy.qokal.yteey.qotar.am,yteeo dy chedy qokal yteey qotar am
IT2a-n,f86v3,"f86v3.35,+Pb",dcheey.teeody.oty.otchedy.daiir.aiim,dcheey teeody oty otchedy daiir aiim
IT2a-n,f86v3,"f86v3.36,+Pb",ykeeedy.qoteey.qodaiin.okeeey<$>,ykeeedy qoteey qodaiin okeeey
IT2a-n,f87r,"f87r.1,@P0",<%>poalshsal.shocphor.ypchocpheosaiin.oteodal.saiin,poalshsal shocphor ypchocpheosaiin oteodal saiin
IT2a-n,f87r,"f87r.2,+P0",dcheeckhos.chety.cthodal.yteodam.cpheckhy.syty,dcheeckhos chety cthodal yteodam cpheckhy syty
IT2a-n,f87r,"f87r.3,+P0",tchos.oteedy.ykeey.ctheody.keos.shee.kchey.saiidy,tchos oteedy ykeey ctheody keos shee kchey saiidy
IT2a-n,f87r,"f87r.4,+P0",soraiin.qockhos.cheodor.ckheokey.chcthody.s.odar,soraiin qockhos cheodor ckheokey chcthody s odar
IT2a-n,f87r,"f87r.5,+P0",daiin.ctheey.ckheckhy.cthody.chor.sal.dar.chor,daiin ctheey ckheckhy cthody chor sal dar chor
IT2a-n,f87r,"f87r.6,+P0",tos.she.keodaiin.fcheos.sheo.so.shkeody.soraiin,tos she keodaiin fcheos sheo so shkeody soraiin
IT2a-n,f87r,"f87r.7,+P0",yteeodal.chokeeody.shy.kol.sals.chekol,yteeodal chokeeody shy kol sals chekol
IT2a-n,f87r,"f87r.8,+P0",sol.sheor.ysaiin.chor.cheory.kchody,sol sheor ysaiin chor cheory kchody
IT2a-n,f87r,"f87r.9,+P0",sor.shocthey.oteody.dchol.soraiin,sor shocthey oteody dchol soraiin
IT2a-n,f87r,"f87r.10,+P0",sho.cthos.cheodal.ctheody.qoty<$>,sho cthos cheodal ctheody qoty
IT2a-n,f87r,"f87r.11,+P0",<%>psheodshy.dal.shee.saldal.shol.aldy,psheodshy dal shee saldal shol aldy
IT2a-n,f87r,"f87r.12,+P0",ysheees.chetchy.teodar.otcheol.tockhy,ysheees chetchy teodar otcheol tockhy
IT2a-n,f87r,"f87r.13,+P0",keor.ckheey.shody.qoeeeety.schody.daiin,keor ckheey shody qoeeeety schody daiin
IT2a-n,f87r,"f87r.14,+P0",daiin.shol.cthey.okeol.cheor.okeeo.daiim,daiin shol cthey okeol cheor okeeo daiim
IT2a-n,f87r,"f87r.15,+P0",shos.cheol.cheos.ckhey.saiin.qockheol.daiin,shos cheol cheos ckhey saiin qockheol daiin
IT2a-n,f87r,"f87r.16,+P0",yteeos.cheol.dcheeol<$>,yteeos cheol dcheeol
IT2a-n,f87v,"f87v.1,@P0",<%>pcheey.daiin.cphodar.shody.dcheody.todor.ochepchody<->oldar,pcheey daiin cphodar shody dcheody todor ochepchodyoldar
IT2a-n,f87v,"f87v.2,+P0",schey.ctheey.qocthsy.s<->dcheoky.scth,schey ctheey qocthsy sdcheoky scth
IT2a-n,f87v,"f87v.3,+P0",ycheockhy.okey.cthy<->yteeor.ctos,ycheockhy okey cthyyteeor ctos
IT2a-n,f87v,"f87v.4,+P0",dcheecthey.cthosy<->ykeeor.oky,dcheecthey cthosyykeeor oky
IT2a-n,f87v,"f87v.5,+P0",ycheey.keeo.sal.ckhy<->soiin.scheom,ycheey keeo sal ckhysoiin scheom
IT2a-n,f87v,"f87v.6,+P0",dcheos.shey.solchyd<->oteos.cthey,dcheos shey solchydoteos cthey
IT2a-n,f87v,"f87v.7,+P0",qotechoep.cheos.cthey<->qokeod.qokeog,qotechoep cheos ctheyqokeod qokeog
IT2a-n,f87v,"f87v.8,+P0",shoeey.cthey.qo.cthodol<->yteodain.sheol,shoeey cthey qo cthodolyteodain sheol
IT2a-n,f87v,"f87v.9,+P0",techol.qoscheody.otol<$>,techol qoscheody otol
IT2a-n,f87v,"f87v.10,+P0",<%>opcheey.cthhy.cpheckhy<->cheor.chepcheol,opcheey cthhy cpheckhycheor chepcheol
IT2a-n,f87v,"f87v.11,+P0",kchor.ol.cheeol.qokodal<->lseeey.keodam,kchor ol cheeol qokodallseeey keodam
IT2a-n,f87v,"f87v.12,+P0",ytcheo.qy.chos.ckheos.cheoy<->scheol.sal.dain,ytcheo qy chos ckheos cheoyscheol sal dain
IT2a-n,f87v,"f87v.13,+P0",ksheol.qoar.cfhs.ykaiin<->saral.aiim.am,ksheol qoar cfhs ykaiinsaral aiim am
IT2a-n,f87v,"f87v.14,+P0",san.ainy.keol.dair.old<->aiin.atolg,san ainy keol dair oldaiin atolg
IT2a-n,f87v,"f87v.15,+P0",yksho.qos<->arolor.or<->al.daraiinm,yksho qosarolor oral daraiinm
IT2a-n,f87v,"f87v.16,+P0",saiin.olcthr<$>,saiin olcthr
IT2a-n,f88r,"f88r.1,@Lc",otorchety,otorchety
IT2a-n,f88r,"f88r.2,@Lf",oral,oral
IT2a-n,f88r,"f88r.3,@Lf",orald,orald
IT2a-n,f88r,"f88r.4,@Lf",oldar,oldar
IT2a-n,f88r,"f88r.5,@Lf",otoky,otoky
IT2a-n,f88r,"f88r.6,@Lf",otaly,otaly
IT2a-n,f88r,"f88r.7,@P0",<%>dorsheoy.ctheol.qockhey.dory.sheor.sholfchor.dal.chckhod,dorsheoy ctheol qockhey dory sheor sholfchor dal chckhod
IT2a-n,f88r,"f88r.8,+P0",sal.sheom.kol.chear.shekor.qokor.daiin.sar.raiin.oky.sam,sal sheom kol chear shekor qokor daiin sar raiin oky sam
IT2a-n,f88r,"f88r.9,+P0",oain.or.om.otam.okeom.cheeor.qokeody.dar.or.om.cheody,oain or om otam okeom cheeor qokeody dar or om cheody
IT2a-n,f88r,"f88r.10,+P0",qokeol.cheol.saiin.cheos.cheol.doleeey.or.cheom.cheomam,qokeol cheol saiin cheos cheol doleeey or cheom cheomam
IT2a-n,f88r,"f88r.11,+P0",yokeody.cheom.qoor.chees.ykeor.shy.sam<$>,yokeody cheom qoor chees ykeor shy sam
IT2a-n,f88r,"f88r.12,@Lc",otaldy,otaldy
IT2a-n,f88r,"f88r.13,@Lf",oram,oram
IT2a-n,f88r,"f88r.14,@Lf",dary,dary
IT2a-n,f88r,"f88r.15,@Lf",okol,okol
IT2a-n,f88r,"f88r.16,@Lf",sorory,sorory
IT2a-n,f88r,"f88r.17,@Lf",otyda,otyda
IT2a-n,f88r,"f88r.18,@P0",<%>koaiphhy.cphol.orchor.pcheoly.otchol.oldy.sal.saly,koaiphhy cphol orchor pcheoly otchol oldy sal saly
IT2a-n,f88r,"f88r.19,+P0",dchey.chokol.daiin.qoekol.qoekol.qockhoy.okol.cheol,dchey chokol daiin qoekol qoekol qockhoy okol cheol
IT2a-n,f88r,"f88r.20,+P0",dsheol.qokeey.s.chy.saiin.chor.oteor.aiin.chosals,dsheol qokeey s chy saiin chor oteor aiin chosals
IT2a-n,f88r,"f88r.21,+P0",teol.chor.olsheody.qokeol.shoikhy.ol.sheeol.sheol.dg,teol chor olsheody qokeol shoikhy ol sheeol sheol dg
IT2a-n,f88r,"f88r.22,+P0",ychey.okaiin.chol.cheor.ol.chorcholsal<$>,ychey okaiin chol cheor ol chorcholsal
IT2a-n,f88r,"f88r.23,@Lc",ofyskydal,ofyskydal
IT2a-n,f88r,"f88r.24,@Lf",otor.am,otor am
IT2a-n,f88r,"f88r.25,@Lf",ofaldo,ofaldo
IT2a-n,f88r,"f88r.26,@P0",<%>poeeas.sheoky.olkeey.cthol.poldy.s<->okoldy,poeeas sheoky olkeey cthol poldy sokoldy
IT2a-n,f88r,"f88r.27,+P0",qokol.chol.qokol.qokol.chol.cheey.or.aiin.oldal,qokol chol qokol qokol chol cheey or aiin oldal
IT2a-n,f88r,"f88r.28,+P0",ykar.cheol.chol.chey.ckhey.s.or.shear.ar.alsy,ykar cheol chol chey ckhey s or shear ar alsy
IT2a-n,f88r,"f88r.29,+P0",kor.chey.qokol.cheol.chody.qokol.kchor.chol.dal,kor chey qokol cheol chody qokol kchor chol dal
IT2a-n,f88r,"f88r.30,+P0",ykeeey.cheor.cheotey.cheol.qokeor.chetchy.ofal,ykeeey cheor cheotey cheol qokeor chetchy ofal
IT2a-n,f88r,"f88r.31,+P0",dar.chear.chol.dol.qoekeor.cheom<$>,dar chear chol dol qoekeor cheom
IT2a-n,f88v,"f88v.1,@Lc",okolyd,okolyd
IT2a-n,f88v,"f88v.2,@Lf",cheocthy,cheocthy
IT2a-n,f88v,"f88v.3,@Lf",cpheor,cpheor
IT2a-n,f88v,"f88v.4,@Lf",otar.arody,otar arody
IT2a-n,f88v,"f88v.5,@Lf",otokol,otokol
IT2a-n,f88v,"f88v.6,@P0",<%>teodal.lkeo.cheor.soshckhy.sorshy<->aiin.cheokal.saldaiin,teodal lkeo cheor soshckhy sorshyaiin cheokal saldaiin
IT2a-n,f88v,"f88v.7,+P0",dshor.shor.qokeody.qokeo.lchey.chkeor.qokeey.daiin.qokeom,dshor shor qokeody qokeo lchey chkeor qokeey daiin qokeom
IT2a-n,f88v,"f88v.8,+P0",qoaiin.cheoy.olcheody.qoekeol.cho.chckhy.qoeey.key.cheokam,qoaiin cheoy olcheody qoekeol cho chckhy qoeey key cheokam
IT2a-n,f88v,"f88v.9,+P0",choeey.keeody.s.aiin.chody.okearcheol.archeey.rainal,choeey keeody s aiin chody okearcheol archeey rainal
IT2a-n,f88v,"f88v.10,+P0",dar.cheorol.chekol.daraly<$>,dar cheorol chekol daraly
IT2a-n,f88v,"f88v.11,@Lc",otoram,otoram
IT2a-n,f88v,"f88v.12,@Lf",otory,otory
IT2a-n,f88v,"f88v.13,@Lf",cheosdy,cheosdy
IT2a-n,f88v,"f88v.14,@Lf",okaiin,okaiin
IT2a-n,f88v,"f88v.15,@P0",<%>kosholda.qotody.opykey.ol.daiin.qoteody.yfolaiin.oraiin,kosholda qotody opykey ol daiin qoteody yfolaiin oraiin
IT2a-n,f88v,"f88v.16,+P0",ysheod.sheo.sheody.qokeody.qoky.chees.cheody.qokeody.dal,ysheod sheo sheody qokeody qoky chees cheody qokeody dal
IT2a-n,f88v,"f88v.17,+P0",qokeey.qokeoda.chor.oteody.qockhol.okol.cheedy.qokody,qokeey qokeoda chor oteody qockhol okol cheedy qokody
IT2a-n,f88v,"f88v.18,+P0",ykeeor.chockhy.otol.cheeol.cheody.qotody.soteol.chotam,ykeeor chockhy otol cheeol cheody qotody soteol chotam
IT2a-n,f88v,"f88v.19,+P0",odoiin.sheo.ol.qokeey.olaiin.cheody.chocthey.oteody.dy,odoiin sheo ol qokeey olaiin cheody chocthey oteody dy
IT2a-n,f88v,"f88v.20,+P0",sqokeo.daiin.cheody.oteol.cheockhy.chody<$>,sqokeo daiin cheody oteol cheockhy chody
IT2a-n,f88v,"f88v.21,+P0",<%>toairshy.oteeody.cpheody.ykchey.dam.cheor.chaly.korain,toairshy oteeody cpheody ykchey dam cheor chaly korain
IT2a-n,f88v,"f88v.22,+P0",dairo.dain.ykeodain.dain.shedy.qoteo.lchdy.qokeor.ain,dairo dain ykeodain dain shedy qoteo lchdy qokeor ain
IT2a-n,f88v,"f88v.23,+P0",tol.keeodaiin.qoky.sheol.daiin.chees.aiin.chokar.daimd,tol keeodaiin qoky sheol daiin chees aiin chokar daimd
IT2a-n,f88v,"f88v.24,+P0",daiin.sheor.sheedy.daiin.shoikhy.qokeody.doikhy.dair,daiin sheor sheedy daiin shoikhy qokeody doikhy dair
IT2a-n,f88v,"f88v.25,+P0",ykeey.sheor.tos.checkhy.dain.cheos.cheockhy.raldy,ykeey sheor tos checkhy dain cheos cheockhy raldy
IT2a-n,f88v,"f88v.26,+P0",saiin.choky.cheor.shy<$>,saiin choky cheor shy
IT2a-n,f88v,"f88v.27,@Lc",daramdal,daramdal
IT2a-n,f88v,"f88v.28,@Lf",otydary,otydary
IT2a-n,f88v,"f88v.29,@Lf",otdordy,otdordy
IT2a-n,f88v,"f88v.30,@Lf",dararda,dararda
IT2a-n,f89r1,"f89r1.1,@Lc",okchshy,okchshy
IT2a-n,f89r1,"f89r1.2,@Lf",qkol,qkol
IT2a-n,f89r1,"f89r1.3,@Lf",oldam,oldam
IT2a-n,f89r1,"f89r1.4,@Lf",otoldy,otoldy
IT2a-n,f89r1,"f89r1.5,@Lf",ararchodaiin,ararchodaiin
IT2a-n,f89r1,"f89r1.6,@P0",<%>qoar.shar.qopcholy.qokod.chepy.dar.sheey.okor.sheeos.oldain,qoar shar qopcholy qokod chepy dar sheey okor sheeos oldain
IT2a-n,f89r1,"f89r1.7,+P0",dshody.qocthy.chockhy.dal.chedy.qokeody.daldaiin.chodaiin.dal,dshody qocthy chockhy dal chedy qokeody daldaiin chodaiin dal
IT2a-n,f89r1,"f89r1.8,+P0",qokeol.chol.qodaiin.chol.cheody.qokechy.daiin.ctheody.dam,qokeol chol qodaiin chol cheody qokechy daiin ctheody dam
IT2a-n,f89r1,"f89r1.9,+P0",yshor<->oiiin.daiin.qokeey.daiin.ckhol.qokain.cheamy,yshoroiiin daiin qokeey daiin ckhol qokain cheamy
IT2a-n,f89r1,"f89r1.10,+P0",tdain.s<->chol.cheoky<->cheody.qokar.dal.chor.ckhhy.daiin<$>,tdain schol cheokycheody qokar dal chor ckhhy daiin
IT2a-n,f89r1,"f89r1.11,@Lc",ykyd,ykyd
IT2a-n,f89r1,"f89r1.12,@Lf",chol.ches,chol ches
IT2a-n,f89r1,"f89r1.13,@Lf",otorain,otorain
IT2a-n,f89r1,"f89r1.14,@Lf",okaiin.dan,okaiin dan
IT2a-n,f89r1,"f89r1.15,@P0",<%>tcheol.qoeair.sheol.qocphey.saiin.cheocphey.dal.darolm,tcheol qoeair sheol qocphey saiin cheocphey dal darolm
IT2a-n,f89r1,"f89r1.16,+P0",om.sheey.qokey.l.daiin.dal.chom.chekechy.chol.cheos.aiin.dy,om sheey qokey l daiin dal chom chekechy chol cheos aiin dy
IT2a-n,f89r1,"f89r1.17,+P0",qeaiin.cheol.seey.qotey.qokeeol.daiin.ykeedy.daiin.dam,qeaiin cheol seey qotey qokeeol daiin ykeedy daiin dam
IT2a-n,f89r1,"f89r1.18,+P0",dals.al.dal.cheody.dainaldy.al.daldal<$>,dals al dal cheody dainaldy al daldal
IT2a-n,f89r1,"f89r1.19,+P0",<%>pshol.sheo.?oaithy.cheoepey.s.sheor.qokair.y.dam.daly,pshol sheo cheoepey s sheor qokair y dam daly
IT2a-n,f89r1,"f89r1.20,+P0",daim.cheom.qoaikhy.air.cheody.ldain.dal.chom.chtaem,daim cheom qoaikhy air cheody ldain dal chom chtaem
IT2a-n,f89r1,"f89r1.21,+P0",taiin.dam.shoety.dal.qokchy.ykchdy.otcham.ol.rchs.aiin,taiin dam shoety dal qokchy ykchdy otcham ol rchs aiin
IT2a-n,f89r1,"f89r1.22,+P0",ysheeo.r.sheol.qockhedy.yty.sheody.qotol.chead.chey.dal,ysheeo r sheol qockhedy yty sheody qotol chead chey dal
IT2a-n,f89r1,"f89r1.23,+P0",dain.oteor.cheody.cheodain.daiin<->chodaiin<$>,dain oteor cheody cheodain daiinchodaiin
IT2a-n,f89r1,"f89r1.24,@Lc",ykocfhy,ykocfhy
IT2a-n,f89r1,"f89r1.25,@Lf",saldam,saldam
IT2a-n,f89r1,"f89r1.26,@Lf",sydarary,sydarary
IT2a-n,f89r1,"f89r1.27,@Lf",ydcphdy,ydcphdy
IT2a-n,f89r2,"f89r2.1,@Lc",odory,odory
IT2a-n,f89r2,"f89r2.2,@Lf",doly,doly
IT2a-n,f89r2,"f89r2.3,@Lf",opchosam,opchosam
IT2a-n,f89r2,"f89r2.4,@Lf",saloiin.sheol,saloiin sheol
IT2a-n,f89r2,"f89r2.5,@Lf",opcheor,opcheor
IT2a-n,f89r2,"f89r2.6,@P0",<%>qokcheody.cheodal.dair.cholkeedy.qokedy.cheyd.cheo.dal.qoair.shey.cphoeedol.deey.qockhey.choldy.daim,qokcheody cheodal dair cholkeedy qokedy cheyd cheo dal qoair shey cphoeedol deey qockhey choldy daim
IT2a-n,f89r2,"f89r2.7,+P0",chos.aiin.cheodal.daiin.chy.chedain.dolchsyckheol.daiin.choy.cheedy.tchodol.chor.choldy.chos.dol.okcheeg,chos aiin cheodal daiin chy chedain dolchsyckheol daiin choy cheedy tchodol chor choldy chos dol okcheeg
IT2a-n,f89r2,"f89r2.8,+P0",toy.daiin.daiin.daiin.ody.qokeey.cheoldy.qody.cheor.s.ain.daiin.oky.cheody.cheoky<$>,toy daiin daiin daiin ody qokeey cheoldy qody cheor s ain daiin oky cheody cheoky
IT2a-n,f89r2,"f89r2.9,@Lc",otoldy,otoldy
IT2a-n,f89r2,"f89r2.10,@Lf",okol.shol.dy,okol shol dy
IT2a-n,f89r2,"f89r2.11,@Lf",opcharoiin,opcharoiin
IT2a-n,f89r2,"f89r2.12,@P0",<%>porechol.qoda.qoteol.oldaiin.otol.sheor.shor.ol.daiin.otchol.cheol<->otolfcho.dar.cho.lkeopol.oeeor.or,porechol qoda qoteol oldaiin otol sheor shor ol daiin otchol cheolotolfcho dar cho lkeopol oeeor or
IT2a-n,f89r2,"f89r2.13,+P0",daiin.olkey.okeol.okey<->okeeol.qoor.ol.chor.cheky.shol.daiiin.chol.cheol.kol.dam.olcheol.dol.cheol,daiin olkey okeol okeyokeeol qoor ol chor cheky shol daiiin chol cheol kol dam olcheol dol cheol
IT2a-n,f89r2,"f89r2.14,+P0",tos.ol.chor.ydaiin.chey.s.oiiin.chckhy.qokeol.okey.okeey.keey.coeky.qokol.okeey.dal.cheeody.ockhy,tos ol chor ydaiin chey s oiiin chckhy qokeol okey okeey keey coeky qokol okeey dal cheeody ockhy
IT2a-n,f89r2,"f89r2.15,+P0",ycheo.keeo.ckho.saiin.okeo.daiin.ockhy.s.ockhey.saiin.sheeky<$>,ycheo keeo ckho saiin okeo daiin ockhy s ockhey saiin sheeky
IT2a-n,f89r2,"f89r2.16,@Lc",korain.y,korain y
IT2a-n,f89r2,"f89r2.17,@Lf",sodar,sodar
IT2a-n,f89r2,"f89r2.18,@Lf",cheys,cheys
IT2a-n,f89r2,"f89r2.19,@Lf",cheody,cheody
IT2a-n,f89r2,"f89r2.20,@Lf",oforain,oforain
IT2a-n,f89r2,"f89r2.21,@Lf",okshd.chos,okshd chos
IT2a-n,f89r2,"f89r2.22,@P0",<%>kolches.sheol.qokeoefy.sheey.opcheor.opcheol.shody.sholdy<->qokol.chey.oldy.sheodal.ytoldy,kolches sheol qokeoefy sheey opcheor opcheol shody sholdyqokol chey oldy sheodal ytoldy
IT2a-n,f89r2,"f89r2.23,+P0",daiin.cheok.okeol.daiin.dal.dair.qokeey.okeol.daiin.ykeody<->okeeeo.ees.cheey.ykeol.cheo.cheky,daiin cheok okeol daiin dal dair qokeey okeol daiin ykeodyokeeeo ees cheey ykeol cheo cheky
IT2a-n,f89r2,"f89r2.24,+P0",yokeeol.cheol.qokeey.qokeol.chey.eeeokor.okeey.key.daiin<->qokeol.cheey.qokeey.saiin.oteos,yokeeol cheol qokeey qokeol chey eeeokor okeey key daiinqokeol cheey qokeey saiin oteos
IT2a-n,f89r2,"f89r2.25,+P0",doiin.dal.sheol.s.aiin.qocheey.daiin.qokeeol.qokeody.chol.cheol<->ykeo.qo.qol.cheo.loiiin.daimom,doiin dal sheol s aiin qocheey daiin qokeeol qokeody chol cheolykeo qo qol cheo loiiin daimom
IT2a-n,f89r2,"f89r2.26,+P0",scheor.sy.sorcheey.dol.cheor.cheea.keeo.qokeey.daiin.ycheas.y<->okeey.keeokechy.cthey.daiin.dy,scheor sy sorcheey dol cheor cheea keeo qokeey daiin ycheas yokeey keeokechy cthey daiin dy
IT2a-n,f89r2,"f89r2.27,+P0",qokol.cheor.okoiin.okeoy.qoeey.cheo.r.cheey.qokeol.cheal.s.aiin<->o.cheol.soiiin.dair.chey.daiin,qokol cheor okoiin okeoy qoeey cheo r cheey qokeol cheal s aiino cheol soiiin dair chey daiin
IT2a-n,f89r2,"f89r2.28,+P0",o.r.ain.or.ain.ol.daiin.qoaiin.ol.chkaiin.daiin.okar.s.air.yl.dairl<$>,o r ain or ain ol daiin qoaiin ol chkaiin daiin okar s air yl dairl
IT2a-n,f89r2,"f89r2.29,@Lc",okain,okain
IT2a-n,f89r2,"f89r2.30,+Lc",yorain,yorain
IT2a-n,f89r2,"f89r2.31,@Lf",ofakal,ofakal
IT2a-n,f89r2,"f89r2.32,@Lf",otalsy,otalsy
IT2a-n,f89r2,"f89r2.33,@Lf",ytarem,ytarem
IT2a-n,f89r2,"f89r2.34,@Lf",otolarol,otolarol
IT2a-n,f89v2,"f89v2.1,@Lc",choeesy,choeesy
IT2a-n,f89v2,"f89v2.2,@Lf",okam,okam
IT2a-n,f89v2,"f89v2.3,@Lf",darcheos,darcheos
IT2a-n,f89v2,"f89v2.4,@Lf",chokaro,chokaro
IT2a-n,f89v2,"f89v2.5,@Lf",sheol,sheol
IT2a-n,f89v2,"f89v2.6,@Lf",chokam,chokam
IT2a-n,f89v2,"f89v2.7,@P0",<%>kosar.sheol.s.aiin.koiin.chtodaiin.pdan.choto.qofoiin.dy.qopdol.doiir.ofaiin.ol.cfheol.dam,kosar sheol s aiin koiin chtodaiin pdan choto qofoiin dy qopdol doiir ofaiin ol cfheol dam
IT2a-n,f89v2,"f89v2.8,+P0",daiin.ykodair.okor.chear<->oteee.eeckhy.s.aiin.ckhey.otaiin.okar.dain.okol.al.chor.dar,daiin ykodair okor chearoteee eeckhy s aiin ckhey otaiin okar dain okol al chor dar
IT2a-n,f89v2,"f89v2.9,+P0",yched.okeey.qoeol.daiin<->chor.chor.cheos.qol.eeeey.dal.chody.cheor.chey.qoaiin.chody,yched okeey qoeol daiinchor chor cheos qol eeeey dal chody cheor chey qoaiin chody
IT2a-n,f89v2,"f89v2.10,+P0",dair.or.cheol.chom<->qol.cheo.lcheo.lor.cheo.daiin.chkam<$>,dair or cheol chomqol cheo lcheo lor cheo daiin chkam
IT2a-n,f89v2,"f89v2.11,@Lc",okory,okory
IT2a-n,f89v2,"f89v2.12,@Lf",otair.chody,otair chody
IT2a-n,f89v2,"f89v2.13,@Lf",dydariin,dydariin
IT2a-n,f89v2,"f89v2.14,@Lf",opcheedoy,opcheedoy
IT2a-n,f89v2,"f89v2.15,@P0",<%>sor.oairar.sheety<->chod.s.kory.ochar.eair.sheotain.ytodaiin,sor oairar sheetychod s kory ochar eair sheotain ytodaiin
IT2a-n,f89v2,"f89v2.16,+P0",octhos.okaiir.okeos<->dar.s.?ain.ykeody.dar.okal.dal.doral.dar.am,octhos okaiir okeosdar s ykeody dar okal dal doral dar am
IT2a-n,f89v2,"f89v2.17,+P0",y?eo.qokeeol.chey.sair<->dam.??yfor.opodaiin.dam.sary.qodam.yteos.aiin,qokeeol chey sairdam opodaiin dam sary qodam yteos aiin
IT2a-n,f89v2,"f89v2.18,+P0",qokor.chor.cthy.daiin<->chos.?eey.dar.aiin.choeees.okar.chcthy.darams<$>,qokor chor cthy daiinchos dar aiin choeees okar chcthy darams
IT2a-n,f89v2,"f89v2.19,+P0",<%>toar.qokeeody.doefshey<->dairy.sheos.psheoepoain.dain.qekor.ykeor.otol.sheey.daldaiin,toar qokeeody doefsheydairy sheos psheoepoain dain qekor ykeor otol sheey daldaiin
IT2a-n,f89v2,"f89v2.20,+P0",dol.dair.chey.okaiin.shy<->daiir.odor.sheos.aiin.daikeody.qokorar.sheody.qoko.ltcheody.otal,dol dair chey okaiin shydaiir odor sheos aiin daikeody qokorar sheody qoko ltcheody otal
IT2a-n,f89v2,"f89v2.21,+P0",dar.qockhy.qokal.okeoy<->cho???.daiin.odaiin.ykeoda.okols.sheey.keeody.daiin.qokos.okeom,dar qockhy qokal daiin odaiin ykeoda okols sheey keeody daiin qokos okeom
IT2a-n,f89v2,"f89v2.22,+P0",ockhody.daiin.ykam.s<->chty.chy.cthey.dairair.chool.loy.dair.cheodaiin<$>,ockhody daiin ykam schty chy cthey dairair chool loy dair cheodaiin
IT2a-n,f89v2,"f89v2.23,@Lc",opaloiiry,opaloiiry
IT2a-n,f89v2,"f89v2.24,@Lf",otaram,otaram
IT2a-n,f89v2,"f89v2.25,@Lf",chtody,chtody
IT2a-n,f89v2,"f89v2.27,@Lf",rady,rady
IT2a-n,f89v2,"f89v2.28,@Lf",dareky,dareky
IT2a-n,f89v1,"f89v1.1,@Lc",okoraldy,okoraldy
IT2a-n,f89v1,"f89v1.2,@Lf",otoikhy,otoikhy
IT2a-n,f89v1,"f89v1.3,@Lf",otchar,otchar
IT2a-n,f89v1,"f89v1.4,@Lf",darshody,darshody
IT2a-n,f89v1,"f89v1.5,@P0",<%>koldal.sfal.cfhoy.ofcheol.opolsy.daiin.qopol.oldaiin.octhody,koldal sfal cfhoy ofcheol opolsy daiin qopol oldaiin octhody
IT2a-n,f89v1,"f89v1.6,+P0",dor.sheey.qokol.cheol.cthody.qockhy.dain.yteey.otar.cthol,dor sheey qokol cheol cthody qockhy dain yteey otar cthol
IT2a-n,f89v1,"f89v1.7,+P0",qokey.daiin.cheey.cthody.qoor.sheor.sol.chor.cheor.ory,qokey daiin cheey cthody qoor sheor sol chor cheor ory
IT2a-n,f89v1,"f89v1.8,+P0",shockhey.orarol.cheoky.qoy.chodair.choky.daiin.otar.okar,shockhey orarol cheoky qoy chodair choky daiin otar okar
IT2a-n,f89v1,"f89v1.9,+P0",tocheo.cthor.okol.chekaiin.os.aiin.ol.cheokchey.qokoiiin.dan,tocheo cthor okol chekaiin os aiin ol cheokchey qokoiiin dan
IT2a-n,f89v1,"f89v1.10,+P0",tor.sheor.cheor.cthey.qokol.daiin.chekal.dal.s.chear.qotam,tor sheor cheor cthey qokol daiin chekal dal s chear qotam
IT2a-n,f89v1,"f89v1.11,+P0",osheokaiin.sain.ol.shodain.qokar.ain.chekal.daiin.dar,osheokaiin sain ol shodain qokar ain chekal daiin dar
IT2a-n,f89v1,"f89v1.12,+P0",qokar.odaiin<$>,qokar odaiin
IT2a-n,f89v1,"f89v1.13,+P0",<%>tosheo.fcheody.shekey.orshos.oiir.cphey.qokeody.cheody.dal.dy,tosheo fcheody shekey orshos oiir cphey qokeody cheody dal dy
IT2a-n,f89v1,"f89v1.14,+P0",ykeey.ykeey.odal.shoky.okol.chody.okoaiin.dal.chdy.dal.daldy,ykeey ykeey odal shoky okol chody okoaiin dal chdy dal daldy
IT2a-n,f89v1,"f89v1.15,+P0",dcheocy.daiin.cthol.daiin.daldy.okeor.ytey.keor.cheyty.ochy,dcheocy daiin cthol daiin daldy okeor ytey keor cheyty ochy
IT2a-n,f89v1,"f89v1.16,+P0",qokaiin.ykchol.qockhy.okalda.otal.dal.chodar.okaiin.dalg,qokaiin ykchol qockhy okalda otal dal chodar okaiin dalg
IT2a-n,f89v1,"f89v1.17,+P0",sal.shol.ykol.dar.am.shol.ckhy.dolchoy.dalshdy.okeol.dydchy,sal shol ykol dar am shol ckhy dolchoy dalshdy okeol dydchy
IT2a-n,f89v1,"f89v1.18,+P0",qokol.cheol.qokol.dal.chol.dam.qoeey.saiin.ols.chokaiin,qokol cheol qokol dal chol dam qoeey saiin ols chokaiin
IT2a-n,f89v1,"f89v1.19,+P0",sar.a.daiin.ckhey.qotchy.okol.ycheo.cthody.okol.olkeeycthy,sar a daiin ckhey qotchy okol ycheo cthody okol olkeeycthy
IT2a-n,f89v1,"f89v1.20,+P0",sol.chey.okchol.sair.daiin.okal.choldy<$>,sol chey okchol sair daiin okal choldy
IT2a-n,f89v1,"f89v1.21,@Lc",koeeorain,koeeorain
IT2a-n,f89v1,"f89v1.22,@Lf",otor.chos,otor chos
IT2a-n,f89v1,"f89v1.23,@Lf",opol.olaiin,opol olaiin
IT2a-n,f89v1,"f89v1.24,@Lf",opal.daiin,opal daiin
IT2a-n,f90r1,"f90r1.1,@P0",<%>poleeol.qokeol.qokchod.chody.cthom,poleeol qokeol qokchod chody cthom
IT2a-n,f90r1,"f90r1.2,+P0",yshol.tor.sheor.qotchor.qoky.darala,yshol tor sheor qotchor qoky darala
IT2a-n,f90r1,"f90r1.3,+P0",dair.shkeeo.s.sary.okor.ykarshy.lkaldy,dair shkeeo s sary okor ykarshy lkaldy
IT2a-n,f90r1,"f90r1.4,+P0",tol.chor.chodaiin.chocfhor.qokchor.chockhy<->okchod.qofchol,tol chor chodaiin chocfhor qokchor chockhyokchod qofchol
IT2a-n,f90r1,"f90r1.5,+P0",ytor.ckhy.lpychol.sho.ol.okachey.s.sheom.keol.dchy.dasady,ytor ckhy lpychol sho ol okachey s sheom keol dchy dasady
IT2a-n,f90r1,"f90r1.6,+P0",tol.otchol.shorydar.qokeos.okeoschso.chol.ytod.qokeor.dolshy,tol otchol shorydar qokeos okeoschso chol ytod qokeor dolshy
IT2a-n,f90r1,"f90r1.7,+P0",dol.chos.qocthy.qokcho.shko.qokol.oteey.chofy.ykeody.qokod,dol chos qocthy qokcho shko qokol oteey chofy ykeody qokod
IT2a-n,f90r1,"f90r1.8,+P0",kor.sheol.qodar.oko.ykeey.qokeey.qodar.qokeed.s.choky,kor sheol qodar oko ykeey qokeey qodar qokeed s choky
IT2a-n,f90r1,"f90r1.9,+Pr",ykodar.qoekchy.seokol.okom<$>,ykodar qoekchy seokol okom
IT2a-n,f90r2,"f90r2.1,@P0",<%>toealchs.shokol.sheo.qoekeey<->soeeol.qoteody,toealchs shokol sheo qoekeeysoeeol qoteody
IT2a-n,f90r2,"f90r2.2,+P0",saiin.ckheo.saiin.qockhey.s.ykeeody<->s.cheey.chor.ckhs,saiin ckheo saiin qockhey s ykeeodys cheey chor ckhs
IT2a-n,f90r2,"f90r2.3,+P0",dsheeor.qokeod.qokeo.chol.ol.okal<->saiin.ctheo.s.ar,dsheeor qokeod qokeo chol ol okalsaiin ctheo s ar
IT2a-n,f90r2,"f90r2.4,+P0",al.s.ain.cheo.ro.sokeey.qokeeos<->al.aral.oys,al s ain cheo ro sokeey qokeeosal aral oys
IT2a-n,f90r2,"f90r2.5,+P0",ychor.ckhor.qoeeor.okaiin.dom<->ol.cheo.ro.daiin,ychor ckhor qoeeor okaiin domol cheo ro daiin
IT2a-n,f90r2,"f90r2.6,+P0",daiin.qokor.okoiin.daiin<$>,daiin qokor okoiin daiin
IT2a-n,f90v2,"f90v2.1,@P0",<%>cphdaithy.qocfhey.opol.raiin.ofchedol.rs<->shese.shodaiin.sheos,cphdaithy qocfhey opol raiin ofchedol rsshese shodaiin sheos
IT2a-n,f90v2,"f90v2.2,+P0",podchey.ctheod.ikheeos.cheey.ykeey.s.oes<->qokoor.s.oin.sam,podchey ctheod ikheeos cheey ykeey s oesqokoor s oin sam
IT2a-n,f90v2,"f90v2.3,+P0",saiin.sheom.sheey.keeos.ol.cheeor.chy<->shy.tchody.okeeom,saiin sheom sheey keeos ol cheeor chyshy tchody okeeom
IT2a-n,f90v2,"f90v2.4,+P0",tchos.oteey.saiin.okeeey<$>,tchos oteey saiin okeeey
IT2a-n,f90v2,"f90v2.5,+P0",<%>tcheody.cpheol.qoar.cheol.chos.olols<->dshcheal.sheol.qodar,tcheody cpheol qoar cheol chos ololsdshcheal sheol qodar
IT2a-n,f90v2,"f90v2.6,+P0",sal.sheol.shey.qokeey.qokeol.cheody.s<->ykeeol.dar.chody.y,sal sheol shey qokeey qokeol cheody sykeeol dar chody y
IT2a-n,f90v2,"f90v2.7,+P0",shey.s.sheeyl.sheol.sheody.tol.sheocty<->oteey.chodar.choy,shey s sheeyl sheol sheody tol sheoctyoteey chodar choy
IT2a-n,f90v2,"f90v2.8,+P0",teeos.qkeody.qokchy.oteeol.dain<$>,teeos qkeody qokchy oteeol dain
IT2a-n,f90v1,"f90v1.1,@P0",<%>pcheor.chodar.oleees.chepy.shol<->shckhey<->otol.shey<->cheor.cheokeey,pcheor chodar oleees chepy sholshckheyotol sheycheor cheokeey
IT2a-n,f90v1,"f90v1.2,+P0",tshor.olsheod.qodaiin.qokeeor.sy<->or.aiin<->ykeeol<->octheody.cthchy,tshor olsheod qodaiin qokeeor syor aiinykeeoloctheody cthchy
IT2a-n,f90v1,"f90v1.3,+P0",doiin.shody.cfheos.qockhy.chol.ol<->s.als<->sol<->yteey.or.cheeytey,doiin shody cfheos qockhy chol ols alssolyteey or cheeytey
IT2a-n,f90v1,"f90v1.4,+P0",kos.sheor.chockhor.qekeody.cheody<->sy<->s<->olcheey.cthey.qoky,kos sheor chockhor qekeody cheodysysolcheey cthey qoky
IT2a-n,f90v1,"f90v1.5,+P0",dcheey.keey.keeey.cthey.yty.okeeody<->sy<->olcheey.she.qokeas,dcheey keey keeey cthey yty okeeodysyolcheey she qokeas
IT2a-n,f90v1,"f90v1.6,+P0",shctheo.ror.sheolol.kaiin<$>,shctheo ror sheolol kaiin
IT2a-n,f90v1,"f90v1.7,+P0",<%>ksheodal.sheody.qocheoty.shokol.qokeshs<->yteody.etodaithey,ksheodal sheody qocheoty shokol qokeshsyteody etodaithey
IT2a-n,f90v1,"f90v1.8,+P0",daiin.okeeey.cheo.qotecheor.cthodaim.s<->cheol.chol.okeam,daiin okeeey cheo qotecheor cthodaim scheol chol okeam
IT2a-n,f90v1,"f90v1.9,+P0",sheor.ol.qokeeoky.okeeol.okeeodaiin.ytol<->s.or.ariin.aiin,sheor ol qokeeoky okeeol okeeodaiin ytols or ariin aiin
IT2a-n,f90v1,"f90v1.10,+P0",ykeeor.cheos.qkhey.cheos.oteol.okechod<->oeey.keeos.aiiin,ykeeor cheos qkhey cheos oteol okechodoeey keeos aiiin
IT2a-n,f90v1,"f90v1.11,+P0",deeocthey.keeeol.sheol.stsheol.daiin<$>,deeocthey keeeol sheol stsheol daiin
IT2a-n,f93r,"f93r.1,@P0",<%>kodshol.otolsheeos.octhodaly.opalefom.oepchksheey.qotodain.s.oar,kodshol otolsheeos octhodaly opalefom oepchksheey qotodain s oar
IT2a-n,f93r,"f93r.2,+P0",ycham.s.chol.chotom.cthodar.sheo.s.oteodal.s<->ofchoshy.cthoshol,ycham s chol chotom cthodar sheo s oteodal sofchoshy cthoshol
IT2a-n,f93r,"f93r.3,+P0",dsho.dal.dalody.ytchchy.dam.chody.dal.ol<->schodchy.qotchd,dsho dal dalody ytchchy dam chody dal olschodchy qotchd
IT2a-n,f93r,"f93r.4,+P0",sol.shotol.qokchodal.shody.chotols<->otol.ykchdg,sol shotol qokchodal shody chotolsotol ykchdg
IT2a-n,f93r,"f93r.5,+P0",ol.chody.cfhol.dol.qokol.otodar<->chodain,ol chody cfhol dol qokol otodarchodain
IT2a-n,f93r,"f93r.6,+P0",tor.otor.s.cho.s.chol.sheoees,tor otor s cho s chol sheoees
IT2a-n,f93r,"f93r.7,+P0",shor.shol.ody.cheodaiin.s,shor shol ody cheodaiin s
IT2a-n,f93r,"f93r.8,+P0",lor.sheeody.chodaiin.sodar,lor sheeody chodaiin sodar
IT2a-n,f93r,"f93r.9,+P0",shodam.okcheody.ctho.ckhol,shodam okcheody ctho ckhol
IT2a-n,f93r,"f93r.10,+P0",ychor.chey.keol.cheol.ckhody,ychor chey keol cheol ckhody
IT2a-n,f93r,"f93r.11,+P0",okeol.oteol.sodal.sheo.al.sal,okeol oteol sodal sheo al sal
IT2a-n,f93r,"f93r.12,+P0",qokor.shey.okcheor.sheedom,qokor shey okcheor sheedom
IT2a-n,f93r,"f93r.13,+P0",shodaiin.qotchy.kchol.s,shodaiin qotchy kchol s
IT2a-n,f93r,"f93r.14,+P0",ychey.ckhos.okcheod.chs,ychey ckhos okcheod chs
IT2a-n,f93r,"f93r.15,+P0",ochol.shodal.dol.cheodam,ochol shodal dol cheodam
IT2a-n,f93r,"f93r.16,+P0",choshy.qokor.chckhs,choshy qokor chckhs
IT2a-n,f93r,"f93r.17,+P0",tcheo.l.cho.lch.cthody,tcheo l cho lch cthody
IT2a-n,f93r,"f93r.18,+P0",olkees.shodaiin.shody,olkees shodaiin shody
IT2a-n,f93r,"f93r.19,+P0",tchor.shol.s.sheoky,tchor shol s sheoky
IT2a-n,f93r,"f93r.20,+P0",ychockhy.cthol.osos,ychockhy cthol osos
IT2a-n,f93r,"f93r.21,+P0",dol.shol.daiin.shcthy,dol shol daiin shcthy
IT2a-n,f93r,"f93r.22,+P0",kchor.cthy.chokal.daiin,kchor cthy chokal daiin
IT2a-n,f93r,"f93r.23,+P0",oain.okor.shody.teols,oain okor shody teols
IT2a-n,f93r,"f93r.24,+P0",ychocthy.chotey.teeys,ychocthy chotey teeys
IT2a-n,f93r,"f93r.25,+P0",ysaiin.chotar.shody,ysaiin chotar shody
IT2a-n,f93r,"f93r.26,+P0",ocheodaiin.tchos.sor,ocheodaiin tchos sor
IT2a-n,f93r,"f93r.27,+P0",qokor.cheo.los.ckheody,qokor cheo los ckheody
IT2a-n,f93r,"f93r.28,+P0",ychor.odol.cho.daiin.s,ychor odol cho daiin s
IT2a-n,f93r,"f93r.29,+P0",dain.ckcho.ctho.cthosm,dain ckcho ctho cthosm
IT2a-n,f93r,"f93r.30,+P0",shodaiin.qokcho.cthol,shodaiin qokcho cthol
IT2a-n,f93r,"f93r.31,+P0",ol.chol.cthol.olchod,ol chol cthol olchod
IT2a-n,f93r,"f93r.32,+P0",dol.chokal.schos<$>,dol chokal schos
IT2a-n,f93v,"f93v.1,@P0",<%>possheody.qoteeo.qoshocphy.opchody.opor<->opchy<->otchdal.or.shodaiin,possheody qoteeo qoshocphy opchody oporopchyotchdal or shodaiin
IT2a-n,f93v,"f93v.2,+P0",yteeody.qotody.qotchol.qocthody.ytey<->oky<->daiin<->dar.cthog,yteeody qotody qotchol qocthody yteyokydaiindar cthog
IT2a-n,f93v,"f93v.3,+P0",dchos.chody.qockhol.oky.cheodaiin.oty<->daiin<->otal<->dair.okol,dchos chody qockhol oky cheodaiin otydaiinotaldair okol
IT2a-n,f93v,"f93v.4,+P0",sol.shol.shdchy.qokchol.qokchody.chol<->chol<->cty<->ykchy.dar,sol shol shdchy qokchol qokchody cholcholctyykchy dar
IT2a-n,f93v,"f93v.5,+P0",tshoky.cthody.qotchol.ckhol.dchog.s<->olo<->oteoc<->chodaiindy,tshoky cthody qotchol ckhol dchog solooteocchodaiindy
IT2a-n,f93v,"f93v.6,+P0",ytch?l.ckhol.qochoithy.ctha.chkeey.cthody.s<->dar.sheqokam,ckhol qochoithy ctha chkeey cthody sdar sheqokam
IT2a-n,f93v,"f93v.7,+P0",oees.ckheody.okcheey.koldy.tchodaiin.ctheos<->shodain.qokeeam,oees ckheody okcheey koldy tchodaiin ctheosshodain qokeeam
IT2a-n,f93v,"f93v.8,+P0",dcho.chody.teol.sheol.cheeoldair.okchey.cthey<->dsheog.okeey.damo,dcho chody teol sheol cheeoldair okchey ctheydsheog okeey damo
IT2a-n,f93v,"f93v.9,+P0",odeeeeodl.cheodar.oksho.chody.okchey.cthol.oly<->ytchol.sar.dar,odeeeeodl cheodar oksho chody okchey cthol olyytchol sar dar
IT2a-n,f93v,"f93v.10,+P0",ychol.chs.ckhy.scheeol<$>,ychol chs ckhy scheeol
IT2a-n,f94r,"f94r.1,@P0",<%>tchedy.opaiis.chedaiin.dsheedy.qopchedal.keo.daiin.otalaiin.oar,tchedy opaiis chedaiin dsheedy qopchedal keo daiin otalaiin oar
IT2a-n,f94r,"f94r.2,+P0",dor.cheody.okaiin.odor.okal.okair.oky.daiis.qotar.okar.olaiin,dor cheody okaiin odor okal okair oky daiis qotar okar olaiin
IT2a-n,f94r,"f94r.3,+P0",todal.cholky.qokal.shdy.qoky.otody.qokol.chey.qokair.opary,todal cholky qokal shdy qoky otody qokol chey qokair opary
IT2a-n,f94r,"f94r.4,+P0",shor.olkeedy.olkchdy.cheedy.kalchdy.ched.aiin.or.chol.kar.am,shor olkeedy olkchdy cheedy kalchdy ched aiin or chol kar am
IT2a-n,f94r,"f94r.5,+P0",daiin.chekar.olkaiin.olkeody.ykaiin.otain.dar.okeedy.ykaro,daiin chekar olkaiin olkeody ykaiin otain dar okeedy ykaro
IT2a-n,f94r,"f94r.6,+P0",saiin.choky.qotchdy.otaly.chedy.dal.dy.chckhaiin.chk.qof,saiin choky qotchdy otaly chedy dal dy chckhaiin chk qof
IT2a-n,f94r,"f94r.7,+P0",pchedar.or.aiin.cheor.kas.or.als<->oxockhey.olkain.am,pchedar or aiin cheor kas or alsoxockhey olkain am
IT2a-n,f94r,"f94r.8,+P0",yty.qokaiin.ykal.chdy.qoky<->osain.chy.kaedy.dam<$>,yty qokaiin ykal chdy qokyosain chy kaedy dam
IT2a-n,f94r,"f94r.9,+Pc",<%>otar.chdy.dytchdy<$>,otar chdy dytchdy
IT2a-n,f94v,"f94v.1,@P0",<%>tshedy.chedar.char.qokchedy.okal.dar<->opchaikhy.oteedan,tshedy chedar char qokchedy okal daropchaikhy oteedan
IT2a-n,f94v,"f94v.2,+P0",ol.teedy.oteey.qekeey.oteey.teedal<->ykeedy.qotar.ain,ol teedy oteey qekeey oteey teedalykeedy qotar ain
IT2a-n,f94v,"f94v.3,+P0",yshedy.chdaiin.otedy.sdal.tam.dy<->eedy.qokeey.tam,yshedy chdaiin otedy sdal tam dyeedy qokeey tam
IT2a-n,f94v,"f94v.4,+P0",dchdy.otar.otchy.kedy.qokchdy.ol<->okchy<$>,dchdy otar otchy kedy qokchdy olokchy
IT2a-n,f94v,"f94v.5,+P0",<%>tedain.chedy.qokshd.okchdy.qokeal<->chorchor.tchor.am,tedain chedy qokshd okchdy qokealchorchor tchor am
IT2a-n,f94v,"f94v.6,+P0",ycheeo.lkeol.otor.opchdy.qotar.aral<->otor.otchy.tody.oty,ycheeo lkeol otor opchdy qotar aralotor otchy tody oty
IT2a-n,f94v,"f94v.7,+P0",toky.shey.qokaiin<$>,toky shey qokaiin
IT2a-n,f94v,"f94v.8,+P0",<%>pchedaiin.sheocthy.daiin.cphedy.pchd<->oteey.qotchy.par.ar,pchedaiin sheocthy daiin cphedy pchdoteey qotchy par ar
IT2a-n,f94v,"f94v.9,+P0",ytar.okedy.okeedy.qokshey.otaiin.y<->ypchdair.ol.s.aiin.oly,ytar okedy okeedy qokshey otaiin yypchdair ol s aiin oly
IT2a-n,f94v,"f94v.10,+P0",ol.air.cheey.okchaiin.shy.tar.ar.aiin<->otody.qodar.oteey.dar,ol air cheey okchaiin shy tar ar aiinotody qodar oteey dar
IT2a-n,f94v,"f94v.11,+P0",todaiin.shcthhy.qokar.chetaiin.chdy<->ykol.qoky.or.eedy.oky,todaiin shcthhy qokar chetaiin chdyykol qoky or eedy oky
IT2a-n,f94v,"f94v.12,+P0",daiin.chcthy.chdy.chckhy.okaiin<$>,daiin chcthy chdy chckhy okaiin
IT2a-n,f95r1,"f95r1.1,@P0",<%>kshdor.chepchdy.ofaiin.ol.oldaiin.opshol.qokaiin.oty.odain,kshdor chepchdy ofaiin ol oldaiin opshol qokaiin oty odain
IT2a-n,f95r1,"f95r1.2,+P0",ol.chdy.chdy.qokaiin.shdy.qokaiin.chdy.kol.chdy.qoty.oky.dan,ol chdy chdy qokaiin shdy qokaiin chdy kol chdy qoty oky dan
IT2a-n,f95r1,"f95r1.3,+P0",teodaiin.oekeey.qokees.ody.chekaiin.chekaiin.chky.chaiin,teodaiin oekeey qokees ody chekaiin chekaiin chky chaiin
IT2a-n,f95r1,"f95r1.4,+P0",ycheey.ky.olkain.chey.kain.cholky.chedy.qokaiin.chy.kaiin.ly,ycheey ky olkain chey kain cholky chedy qokaiin chy kaiin ly
IT2a-n,f95r1,"f95r1.5,+P0",ytar.chedy.todain.qoky.shdaly<$>,ytar chedy todain qoky shdaly
IT2a-n,f95r1,"f95r1.6,+P0",<%>tchdor.or.chekchdy.qokar.chcthy.qotchdy.lshedy.qoky.qofain.dy,tchdor or chekchdy qokar chcthy qotchdy lshedy qoky qofain dy
IT2a-n,f95r1,"f95r1.7,+P0",ykchedy.sheky.chekar.chdain.chdaiin.okar.chetchdy.chdy.chkam,ykchedy sheky chekar chdain chdaiin okar chetchdy chdy chkam
IT2a-n,f95r1,"f95r1.8,+P0",olkor.chdaiin.chol.kaiin.qokeedy.qoky.chedy.lchedy.chedy.alod,olkor chdaiin chol kaiin qokeedy qoky chedy lchedy chedy alod
IT2a-n,f95r1,"f95r1.9,+P0",tchdy.tchor.chol.tar.chdy.okol.ykoldy.olkeedy.qotaiin.or,tchdy tchor chol tar chdy okol ykoldy olkeedy qotaiin or
IT2a-n,f95r1,"f95r1.10,+P0",daiin.chckhy.okaiin.chckhy.daiin.ykedy.epaiin.okaraiin.ls,daiin chckhy okaiin chckhy daiin ykedy epaiin okaraiin ls
IT2a-n,f95r1,"f95r1.11,+P0",ykaiin.or.chdy.chekain.ol.dar.ykar.olkeey.ldar.chckhal<$>,ykaiin or chdy chekain ol dar ykar olkeey ldar chckhal
IT2a-n,f95r2,"f95r2.1,@P0",<%>kshedy.or.chdy.dalfchy.qodaiin.chckhyfchy.daraiin.dalal,kshedy or chdy dalfchy qodaiin chckhyfchy daraiin dalal
IT2a-n,f95r2,"f95r2.2,+P0",daiin.shody.chkain.chol.chckhy.otain.oty.oteedy.kar.okam,daiin shody chkain chol chckhy otain oty oteedy kar okam
IT2a-n,f95r2,"f95r2.3,+P0",todaiin.chor.chckhy.qokol.chkar.ol.otaiin.ofar.okain.aram,todaiin chor chckhy qokol chkar ol otaiin ofar okain aram
IT2a-n,f95r2,"f95r2.4,+P0",daiin.shody.tor.or.okain.chckhey<$>,daiin shody tor or okain chckhey
IT2a-n,f95r2,"f95r2.5,+P0",<%>tshod.qokal.ody.chcfhol.okal.chedy.dalshdy.qopchdy.kary,tshod qokal ody chcfhol okal chedy dalshdy qopchdy kary
IT2a-n,f95r2,"f95r2.6,+P0",y.olkor.ol.shol.qotar.chdy.chdy.qokar.okar.qokar.odaly,y olkor ol shol qotar chdy chdy qokar okar qokar odaly
IT2a-n,f95r2,"f95r2.7,+P0",dshedy.otol.qokal.dol.or.eeedy.okeesy.okedyted.otam,dshedy otol qokal dol or eeedy okeesy okedyted otam
IT2a-n,f95r2,"f95r2.8,+P0",tedy.kaiin.ycheol.okal.chedy.shdy.qokchdy.otar.chctham,tedy kaiin ycheol okal chedy shdy qokchdy otar chctham
IT2a-n,f95r2,"f95r2.9,+P0",poiin.okar.qokol.shsdy.okor.chdaiin.olky<$>,poiin okar qokol shsdy okor chdaiin olky
IT2a-n,f95v2,"f95v2.1,@P0",<%>tchody.podar.shody.qofaiin.ofchdy.otedy.qotedaiin.shor.olsain,tchody podar shody qofaiin ofchdy otedy qotedaiin shor olsain
IT2a-n,f95v2,"f95v2.2,+P0",sol.shedy.qotchey.olor.chdy.ty.olor.okody.chody.qotaiin.ykaipy,sol shedy qotchey olor chdy ty olor okody chody qotaiin ykaipy
IT2a-n,f95v2,"f95v2.3,+P0",arcsy.taiin.shekain.okar.or.aiin.chckhy.okal.otain.okal.ody,arcsy taiin shekain okar or aiin chckhy okal otain okal ody
IT2a-n,f95v2,"f95v2.4,+P0",daiin.olkain.qokan.shar.shekydy.dain.alkain<->okal.aiin.s,daiin olkain qokan shar shekydy dain alkainokal aiin s
IT2a-n,f95v2,"f95v2.5,+P0",tar.fcheey.shos.aiin.okar.olkaiin.otalain<->okaiin.ar,tar fcheey shos aiin okar olkaiin otalainokaiin ar
IT2a-n,f95v2,"f95v2.6,+P0",dain.ykaly.chals<->shedain.olaiin.y<->okain.ldy,dain ykaly chalsshedain olaiin yokain ldy
IT2a-n,f95v2,"f95v2.7,+P0",qokeey.dar.chdy.kain<->ytasal.otain<$>,qokeey dar chdy kainytasal otain
IT2a-n,f95v1,"f95v1.1,@P0",<%>tolteedy.cthoepain.oekshy.qofchdaiin.shoyfar.okshy.okain.ar.alfshed,tolteedy cthoepain oekshy qofchdaiin shoyfar okshy okain ar alfshed
IT2a-n,f95v1,"f95v1.2,+P0",okshy.tshor.qoksh.qokain.otar.oty.qokedy.otal.ytchdy.qokar.am,okshy tshor qoksh qokain otar oty qokedy otal ytchdy qokar am
IT2a-n,f95v1,"f95v1.3,+P0",tchody.qokaiin.ychar.okain.sheody.chedy.chcthy.kedy.ety.dain.al,tchody qokaiin ychar okain sheody chedy chcthy kedy ety dain al
IT2a-n,f95v1,"f95v1.4,+P0",tchedy.qokal.oty.shekshey.otaldy.okshey.ytshedy.akarar.yty.chdy,tchedy qokal oty shekshey otaldy okshey ytshedy akarar yty chdy
IT2a-n,f95v1,"f95v1.5,+P0",otal.shedy.odaiin.chey<$>,otal shedy odaiin chey
IT2a-n,f95v1,"f95v1.6,+P0",<%>tshdol.qokshy.dchdy.shedy.dkshey.chefar.otchdy.ol.shedar.chdam,tshdol qokshy dchdy shedy dkshey chefar otchdy ol shedar chdam
IT2a-n,f95v1,"f95v1.7,+P0",dshey.kain.qokar.oltar.chy.tar.otar.chdy.kchdy.dolkain.otardy,dshey kain qokar oltar chy tar otar chdy kchdy dolkain otardy
IT2a-n,f95v1,"f95v1.8,+P0",dchody.sheos.qodaiin.fchodaiin.chtal.dar.okedy.okchedy<$>,dchody sheos qodaiin fchodaiin chtal dar okedy okchedy
IT2a-n,f95v1,"f95v1.9,+P0",<%>tshey.taiin.ol.kshol.kshed.qokeeod.raiin.qokeey.qoko.skchdy,tshey taiin ol kshol kshed qokeeod raiin qokeey qoko skchdy
IT2a-n,f95v1,"f95v1.10,+P0",sain.sheyk.chody.kchedaiin.chedaiin.otain.daiin<$>,sain sheyk chody kchedaiin chedaiin otain daiin
IT2a-n,f95v1,"f95v1.11,+P0",<%>pshedar.shedy.kshedy.qotches.or.aiin.shekain.otain.tshes.qokain,pshedar shedy kshedy qotches or aiin shekain otain tshes qokain
IT2a-n,f95v1,"f95v1.12,+P0",sho.tshey.s.aiin.ody.olkchdy.qotaiin.shcthy.dolkchy.tchdaiin.dal,sho tshey s aiin ody olkchdy qotaiin shcthy dolkchy tchdaiin dal
IT2a-n,f95v1,"f95v1.13,+P0",lshee.qodain.okaiin.otody.chcthy<$>,lshee qodain okaiin otody chcthy
IT2a-n,f96r,"f96r.1,@P0",<%>tor.cheeor.ckheos.olsheeosol.cpheol.cpheor.chodar,tor cheeor ckheos olsheeosol cpheol cpheor chodar
IT2a-n,f96r,"f96r.2,+P0",ytol.oteeor.sheol.oteey.qokeody.qokeeody.cthey,ytol oteeor sheol oteey qokeody qokeeody cthey
IT2a-n,f96r,"f96r.3,+P0",toaiin.ctheodal.chos.ckheody.keody.chodol.oty,toaiin ctheodal chos ckheody keody chodol oty
IT2a-n,f96r,"f96r.4,+P0",or.chor.chkchol.chokchor.s.or.sheockhy.choly,or chor chkchol chokchor s or sheockhy choly
IT2a-n,f96r,"f96r.5,+P0",daiin.chodaiin.cthey.tol.sheor.qokeol.okol,daiin chodaiin cthey tol sheor qokeol okol
IT2a-n,f96r,"f96r.6,+P0",lor.ckheey.chol.cholody.cheol.ctheor.sor,lor ckheey chol cholody cheol ctheor sor
IT2a-n,f96r,"f96r.7,+P0",oiir.or.ckhor.chkey.ckhocthy.or.chockhy,oiir or ckhor chkey ckhocthy or chockhy
IT2a-n,f96r,"f96r.8,+P0",ykeor.secheeol.sheol.qokeeey.chol.daiin<$>,ykeor secheeol sheol qokeeey chol daiin
IT2a-n,f96r,"f96r.9,+P0",<%>todar.sheo.cthody.shokocfhy.chopcho.dory,todar sheo cthody shokocfhy chopcho dory
IT2a-n,f96r,"f96r.10,+P0",otcho.dol.shocthody.shockhy.otchodor.chocty,otcho dol shocthody shockhy otchodor chocty
IT2a-n,f96r,"f96r.11,+P0",teol.cheody.shodol.qokchod<->s<->aiin<->chokey,teol cheody shodol qokchodsaiinchokey
IT2a-n,f96r,"f96r.12,+P0",dcheor<->cheol<->cheodain.ol<->dy<->d<->chs<->archeody,dcheorcheolcheodain oldydchsarcheody
IT2a-n,f96r,"f96r.13,+P0",oteeo.dsho.qotchos<$>,oteeo dsho qotchos
IT2a-n,f96v,"f96v.1,@P0",<%>psheoas.sheeor.qoepsheody.odar.ocpheo<->opar.ysarasod,psheoas sheeor qoepsheody odar ocpheoopar ysarasod
IT2a-n,f96v,"f96v.2,+P0",ytear.yteor.olcheey.dteodoiin<->saro<->qoches.ycheom,ytear yteor olcheey dteodoiinsaroqoches ycheom
IT2a-n,f96v,"f96v.3,+P0",dcheoteos.cpheos.sor.chcthosy<->cth<->ytchey.daiin,dcheoteos cpheos sor chcthosycthytchey daiin
IT2a-n,f96v,"f96v.4,+P0",dsheos.sheey.teo.cthy.ctheodody,dsheos sheey teo cthy ctheodody
IT2a-n,f96v,"f96v.5,+P0",tockhy.cthey.ckheeody.ar.cheykey,tockhy cthey ckheeody ar cheykey
IT2a-n,f96v,"f96v.6,+P0",yteeody.teodar.alchey.sy,yteeody teodar alchey sy
IT2a-n,f96v,"f96v.7,+P0",sheodal.chor.ory.ctol,sheodal chor ory ctol
IT2a-n,f96v,"f96v.8,+P0",ycheey.ckheol.daiin.s,ycheey ckheol daiin s
IT2a-n,f96v,"f96v.9,+P0",eol.ckheor.cheor.aiin,eol ckheor cheor aiin
IT2a-n,f96v,"f96v.10,+P0",ctheor.oral.chor.ckhey,ctheor oral chor ckhey
IT2a-n,f96v,"f96v.11,+P0",sar.os.checkhey.socthh,sar os checkhey socthh
IT2a-n,f96v,"f96v.12,+P0",sosar.cheekeo.dain,sosar cheekeo dain
IT2a-n,f96v,"f96v.13,+P0",soy.sar.cheor<$>,soy sar cheor
IT2a-n,f99r,"f99r.1,@Lc",okoramog,okoramog
IT2a-n,f99r,"f99r.2,@Lf",okary,okary
IT2a-n,f99r,"f99r.3,@Lf",darar,darar
IT2a-n,f99r,"f99r.4,@Lf",oky,oky
IT2a-n,f99r,"f99r.5,@Lf",salo,salo
IT2a-n,f99r,"f99r.6,@Lf",oro,oro
IT2a-n,f99r,"f99r.7,+Lf",ain,ain
IT2a-n,f99r,"f99r.8,@Lf",okor,okor
IT2a-n,f99r,"f99r.9,@Lf",salol,salol
IT2a-n,f99r,"f99r.10,@Lf",skeeal,skeeal
IT2a-n,f99r,"f99r.11,@Lf",okary,okary
IT2a-n,f99r,"f99r.12,@Lf",okolo,okolo
IT2a-n,f99r,"f99r.13,@Lf",otalam,otalam
IT2a-n,f99r,"f99r.14,@Lf",otoldy,otoldy
IT2a-n,f99r,"f99r.15,@P0",<%>pcheody.oteody.daiin.cpheey.tshol.dal.cfheol.olaiin.rar,pcheody oteody daiin cpheey tshol dal cfheol olaiin rar
IT2a-n,f99r,"f99r.16,+P0",raroshy.shor.sshor.sheol.kol.sheol.qoeol.shol.kol.ckhol.ckhory,raroshy shor sshor sheol kol sheol qoeol shol kol ckhol ckhory
IT2a-n,f99r,"f99r.17,+P0",dcheor.chs.al.yckhy.okeol.ckhor.oraiin.chor.qokeeor.chory,dcheor chs al yckhy okeol ckhor oraiin chor qokeeor chory
IT2a-n,f99r,"f99r.18,+P0",qokeor.chol.ykol.cheey.chody.ckhol.daiin.okeoly.daiin.ckhy<$>,qokeor chol ykol cheey chody ckhol daiin okeoly daiin ckhy
IT2a-n,f99r,"f99r.19,@Lc",oparal,oparal
IT2a-n,f99r,"f99r.20,@Lf",oaro,oaro
IT2a-n,f99r,"f99r.21,@Lf",aloly,aloly
IT2a-n,f99r,"f99r.22,@Lf",ooror,ooror
IT2a-n,f99r,"f99r.23,@Lf",choky,choky
IT2a-n,f99r,"f99r.24,@Lf",oky,oky
IT2a-n,f99r,"f99r.25,@Lf",okeoly,okeoly
IT2a-n,f99r,"f99r.26,@Lf",yteold,yteold
IT2a-n,f99r,"f99r.27,@Lf",cheotchy,cheotchy
IT2a-n,f99r,"f99r.28,@P0",<%>kodaiin.opchey.qoky.dor.otchor.opsho.okeol.sheol.oteoefol,kodaiin opchey qoky dor otchor opsho okeol sheol oteoefol
IT2a-n,f99r,"f99r.29,+P0",dsheol.ckhey.ckheol.okeol.ctheol.qokey.ckhol.okeol.okeey.dald,dsheol ckhey ckheol okeol ctheol qokey ckhol okeol okeey dald
IT2a-n,f99r,"f99r.30,+P0",tol.cheody.qokol.okoly.okoldy.qokoly.qokal.okchol.qokold,tol cheody qokol okoly okoldy qokoly qokal okchol qokold
IT2a-n,f99r,"f99r.31,+P0",chees.okeey.qotol.sheol.daiin.qotol.okeol<$>,chees okeey qotol sheol daiin qotol okeol
IT2a-n,f99r,"f99r.32,@Lc",tsholdy,tsholdy
IT2a-n,f99r,"f99r.33,@Lf",okos,okos
IT2a-n,f99r,"f99r.34,@Lf",oekey,oekey
IT2a-n,f99r,"f99r.35,@Lf",dor,dor
IT2a-n,f99r,"f99r.36,@Lf",chockhhy,chockhhy
IT2a-n,f99r,"f99r.37,@Lf",rchey.ot,rchey ot
IT2a-n,f99r,"f99r.38,@Lf",saiiny,saiiny
IT2a-n,f99r,"f99r.39,@Lf",rory,rory
IT2a-n,f99r,"f99r.40,@Lf",dam,dam
IT2a-n,f99r,"f99r.41,@P0",<%>tsheeor.cpheol.ckey.pchol.ckhey.ypchol.chor.choly.qotocthey.qkory,tsheeor cpheol ckey pchol ckhey ypchol chor choly qotocthey qkory
IT2a-n,f99r,"f99r.42,+P0",sol.sheol.keshey.qokeeey.chs.chey.dolchey.ctheey.daiin.cheom,sol sheol keshey qokeeey chs chey dolchey ctheey daiin cheom
IT2a-n,f99r,"f99r.43,+P0",daiin.cheeokeey.checkhey.dor.oldy.sheey.keody.okeeey.s.aiin.ols,daiin cheeokeey checkhey dor oldy sheey keody okeeey s aiin ols
IT2a-n,f99r,"f99r.44,+P0",qokey.chkeey.chey.ckhey.ckhey.ykeey.oiin.air.chody.oeksa<$>,qokey chkeey chey ckhey ckhey ykeey oiin air chody oeksa
IT2a-n,f99r,"f99r.45,@Lc",yteoldy,yteoldy
IT2a-n,f99r,"f99r.46,@Lf",tolsasy,tolsasy
IT2a-n,f99r,"f99r.47,@P0",<%>tol.keey.ctheey,tol keey ctheey
IT2a-n,f99r,"f99r.48,+P0",ykeol.okeol.o.ckheo.chol.cheodal.okeo.r.olcheem.orar,ykeol okeol o ckheo chol cheodal okeo r olcheem orar
IT2a-n,f99r,"f99r.49,+P0",okeeey.keey.keeor.okeey.daiin.okeols.aiin.olaiir.oolsal,okeeey keey keeor okeey daiin okeols aiin olaiir oolsal
IT2a-n,f99r,"f99r.50,+P0",qokeeo.okeey.qokeey.okesy.qokeeo.sar.sheseky.or.al,qokeeo okeey qokeey okesy qokeeo sar sheseky or al
IT2a-n,f99r,"f99r.51,+P0",yshain.ykhey.octhey.dy.daiin.okor.okeey.shcty.sh,yshain ykhey octhey dy daiin okor okeey shcty sh
IT2a-n,f99r,"f99r.52,+P0",ychor.ols.or.am.air.om<$>,ychor ols or am air om
IT2a-n,f99v,"f99v.1,@Lc",otaramy,otaramy
IT2a-n,f99v,"f99v.2,@Lf",otoldy,otoldy
IT2a-n,f99v,"f99v.3,@Lf",otor<->chy,otorchy
IT2a-n,f99v,"f99v.4,@Lf",oldy,oldy
IT2a-n,f99v,"f99v.5,@Lf",dar<->ary,darary
IT2a-n,f99v,"f99v.6,@Lf",otaly,otaly
IT2a-n,f99v,"f99v.7,@Lf",olsy,olsy
IT2a-n,f99v,"f99v.8,@Lf",arol,arol
IT2a-n,f99v,"f99v.9,@Lf",otoky,otoky
IT2a-n,f99v,"f99v.10,@P0",<%>sol.cheols.ockhey.qockhy.qkoldy.s<->ok.oleees.oteey.dain,sol cheols ockhey qockhy qkoldy sok oleees oteey dain
IT2a-n,f99v,"f99v.11,+P0",okoiin.choty.qokchol.qokeol.okoldy<->qkholdy.toly.daiin,okoiin choty qokchol qokeol okoldyqkholdy toly daiin
IT2a-n,f99v,"f99v.12,+P0",qokeo.qokeol.chockhy.otol.daiin.oty<->otockey.da.chosaiin,qokeo qokeol chockhy otol daiin otyotockey da chosaiin
IT2a-n,f99v,"f99v.13,+P0",okoraiin.okol.shocthy.qokor.oloiram<$>,okoraiin okol shocthy qokor oloiram
IT2a-n,f99v,"f99v.14,@Lc",okoldody,okoldody
IT2a-n,f99v,"f99v.15,@Lf",oeeesary,oeeesary
IT2a-n,f99v,"f99v.16,@Lf",daiiine,daiiine
IT2a-n,f99v,"f99v.17,@Lf",sory,sory
IT2a-n,f99v,"f99v.18,@Lf",saiino,saiino
IT2a-n,f99v,"f99v.19,@Lf",otolsar,otolsar
IT2a-n,f99v,"f99v.20,@Lf",osary,osary
IT2a-n,f99v,"f99v.21,@P0",<%>doror.okeeody.opar.okor.eosaiin.otoraiin.shey.ols.aiiin.qoetal,doror okeeody opar okor eosaiin otoraiin shey ols aiiin qoetal
IT2a-n,f99v,"f99v.22,+P0",doiin.otey.okeeol.saiin.okeol.qokeol.ctheol.qokeol.dy.qokaiin,doiin otey okeeol saiin okeol qokeol ctheol qokeol dy qokaiin
IT2a-n,f99v,"f99v.23,+P0",qokeey.chol.okeoldy.qokol.qokeolo.lchol.okeol.sheodol.qokeechom,qokeey chol okeoldy qokol qokeolo lchol okeol sheodol qokeechom
IT2a-n,f99v,"f99v.24,+P0",shokeeey.chol.shey.okol.qokey.okeodal.oldy<$>,shokeeey chol shey okol qokey okeodal oldy
IT2a-n,f99v,"f99v.25,@Lc",darolaly,darolaly
IT2a-n,f99v,"f99v.26,@Lf",okechy,okechy
IT2a-n,f99v,"f99v.27,@Lf",otal,otal
IT2a-n,f99v,"f99v.28,@Lf",chor.olekor,chor olekor
IT2a-n,f99v,"f99v.29,@Lf",okeodor,okeodor
IT2a-n,f99v,"f99v.30,@Lf",olky,olky
IT2a-n,f99v,"f99v.31,@Lf",doldam,doldam
IT2a-n,f99v,"f99v.32,@P0",<%>qoteeoy.chokol.qokeeo.dy.qokeeol.olpchey.doiir.okeedy<->okolol,qoteeoy chokol qokeeo dy qokeeol olpchey doiir okeedyokolol
IT2a-n,f99v,"f99v.33,+P0",dol.okeeol.okeor.okol.okaiin.ckheol.okolaiin.okolaiin.cheol.dy,dol okeeol okeor okol okaiin ckheol okolaiin okolaiin cheol dy
IT2a-n,f99v,"f99v.34,+P0",yoiin.ol.ol.olaiin.qockhey.qokol.olshy.qokeeor.or.aiin.dol.dam,yoiin ol ol olaiin qockhey qokol olshy qokeeor or aiin dol dam
IT2a-n,f99v,"f99v.35,+P0",ol.okeeey.oqoeeol.cheol.chody.okoiin<$>,ol okeeey oqoeeol cheol chody okoiin
IT2a-n,f99v,"f99v.36,@Lc",dralas,dralas
IT2a-n,f99v,"f99v.37,@P0",<%>oteol.socthey.qokol.olkeol.daiin<->okoly,oteol socthey qokol olkeol daiinokoly
IT2a-n,f99v,"f99v.38,+P0",olcheey.qokeol.okeol.okeol.shokol<->ykey,olcheey qokeol okeol okeol shokolykey
IT2a-n,f99v,"f99v.39,+P0",dor.shol.okchey.ckhey.qokololal<->okeol,dor shol okchey ckhey qokololalokeol
IT2a-n,f99v,"f99v.40,+P0",or.aiin.okeody.okol.odaiin.qoky<->olaldy,or aiin okeody okol odaiin qokyolaldy
IT2a-n,f99v,"f99v.41,+P0",qockhol.aiin.shody.qokol.aiidal<->aii.daiim,qockhol aiin shody qokol aiidalaii daiim
IT2a-n,f99v,"f99v.42,+P0",olsheol.olkeol.okol.or.oraloly<->ykeol.okal.okoldaly,olsheol olkeol okol or oralolyykeol okal okoldaly
IT2a-n,f99v,"f99v.43,+P0",ychol.olkeeoldy<$>,ychol olkeeoldy
IT2a-n,f99v,"f99v.44,@Lf",koleearol,koleearol
IT2a-n,f100r,"f100r.1,@Lf",chosaroshol,chosaroshol
IT2a-n,f100r,"f100r.2,@Lf",sochorcfhy,sochorcfhy
IT2a-n,f100r,"f100r.3,@Lf",otear,otear
IT2a-n,f100r,"f100r.4,@Lf",chofary,chofary
IT2a-n,f100r,"f100r.5,@Lf",sar.char<->daiindy,sar chardaiindy
IT2a-n,f100r,"f100r.6,@Lf",osaro,osaro
IT2a-n,f100r,"f100r.7,@Lf",chalsain,chalsain
IT2a-n,f100r,"f100r.8,@Lf",soity,soity
IT2a-n,f100r,"f100r.9,@Lf",sosam,sosam
IT2a-n,f100r,"f100r.10,@Lf",dakocth,dakocth
IT2a-n,f100r,"f100r.11,@Lf",sofal,sofal
IT2a-n,f100r,"f100r.12,@P0",<%>pcheol.sheod.qocpheeckhy.shodol.cthdaoto.ch.qeos.sheey.chcthso.s,pcheol sheod qocpheeckhy shodol cthdaoto ch qeos sheey chcthso s
IT2a-n,f100r,"f100r.13,+P0",dsheor.cthey.qokeey.oteey.ykeeodain.sorary.daiin.daiin.deeamshol,dsheor cthey qokeey oteey ykeeodain sorary daiin daiin deeamshol
IT2a-n,f100r,"f100r.14,+P0",shor.chkeey.qoteey.qokeody.qoteold.qokeol.so.raiin.otal.ykecho,shor chkeey qoteey qokeody qoteold qokeol so raiin otal ykecho
IT2a-n,f100r,"f100r.15,+P0",dcheor.shol.qokeeol.chor.chol.qokeeody.dorean<$>,dcheor shol qokeeol chor chol qokeeody dorean
IT2a-n,f100r,"f100r.16,@Lf",okeeos,okeeos
IT2a-n,f100r,"f100r.17,@Lf",shockhey,shockhey
IT2a-n,f100r,"f100r.18,@Lf",orol,orol
IT2a-n,f100r,"f100r.19,@Lf",olcheom,olcheom
IT2a-n,f100r,"f100r.20,@Lf",oteol,oteol
IT2a-n,f100r,"f100r.21,@Lf",okols,okols
IT2a-n,f100r,"f100r.22,@P0",<%>folshody.chol.daiin.fchodycheol.cphol.qotees.shey.oreso.alcfhy,folshody chol daiin fchodycheol cphol qotees shey oreso alcfhy
IT2a-n,f100r,"f100r.23,+P0",soiin.chol.cphol.shol.shol.qockhol.chor.chol.sho.keey.cckhhy.ykeeam,soiin chol cphol shol shol qockhol chor chol sho keey cckhhy ykeeam
IT2a-n,f100r,"f100r.24,+P0",saiichor.sheor.qockhody.odeor.yksheey.chol.sheody.sai.cheol.raiin,saiichor sheor qockhody odeor yksheey chol sheody sai cheol raiin
IT2a-n,f100r,"f100r.25,+P0",sheor.qkeeody.chol.daiin.ctheol.olcheol.cheky.cheol.cheockhy.okeol,sheor qkeeody chol daiin ctheol olcheol cheky cheol cheockhy okeol
IT2a-n,f100r,"f100r.26,+P0",yaiin.chekeey.chol.cholody.chos.olchor.qokeol.okeeol.cheols.al,yaiin chekeey chol cholody chos olchor qokeol okeeol cheols al
IT2a-n,f100r,"f100r.27,+P0",chol.cheol.cho.chckheody.otolchey<$>,chol cheol cho chckheody otolchey
IT2a-n,f100v,"f100v.1,@Lf",tolchd,tolchd
IT2a-n,f100v,"f100v.2,@Lf",chols,chols
IT2a-n,f100v,"f100v.3,@Lf",opchor,opchor
IT2a-n,f100v,"f100v.4,@Lf",rolsy,rolsy
IT2a-n,f100v,"f100v.5,@Lf",sol.eesos,sol eesos
IT2a-n,f100v,"f100v.6,@Lf",ykchochdy,ykchochdy
IT2a-n,f100v,"f100v.7,@Lf",ykchdy,ykchdy
IT2a-n,f100v,"f100v.8,@Lf",dchdy,dchdy
IT2a-n,f100v,"f100v.9,@Lf",dalsy,dalsy
IT2a-n,f100v,"f100v.10,@Lf",okcheor,okcheor
IT2a-n,f100v,"f100v.11,@Lf",ytchol,ytchol
IT2a-n,f100v,"f100v.12,@Lf",dykchal,dykchal
IT2a-n,f100v,"f100v.13,@Lf",chos.cthoral,chos cthoral
IT2a-n,f100v,"f100v.14,@P0",<%>cthdeecthy.sheocphy.qoteody.ckhoor.ar.chor.oteey.daiin.qokomo,cthdeecthy sheocphy qoteody ckhoor ar chor oteey daiin qokomo
IT2a-n,f100v,"f100v.15,+P0",sor.cheey.dair.ol.cheol.qoolkeey.chol.cheey.qokeol.chotols,sor cheey dair ol cheol qoolkeey chol cheey qokeol chotols
IT2a-n,f100v,"f100v.16,+P0",ykeeol.chol.chey.eeoseeos.sheeo.okeol.ches.okeor.okeol.dy,ykeeol chol chey eeoseeos sheeo okeol ches okeor okeol dy
IT2a-n,f100v,"f100v.17,+P0",chockhey.cholkcheol.qokeol.okol.chol.chotor.chso.solcthy,chockhey cholkcheol qokeol okol chol chotor chso solcthy
IT2a-n,f100v,"f100v.18,+P0",tocheo.sol.cheo.cheeor.odaidy.ckhod.sh.chod.qokeol.sal,tocheo sol cheo cheeor odaidy ckhod sh chod qokeol sal
IT2a-n,f100v,"f100v.19,+P0",sain.cheokeos.chockhy.chocthey.kchody.chockhhor.chckhey.dan,sain cheokeos chockhy chocthey kchody chockhhor chckhey dan
IT2a-n,f100v,"f100v.20,+P0",ycheoky.shokeesy.qokeey.chokeol.soraloaly.cheor.ol.chockhar,ycheoky shokeesy qokeey chokeol soraloaly cheor ol chockhar
IT2a-n,f100v,"f100v.21,+P0",soral.okor.ol.choy.ly.araroy.okar.cheeeal.cheokeol.orey,soral okor ol choy ly araroy okar cheeeal cheokeol orey
IT2a-n,f100v,"f100v.22,+P0",daiin.cheky.chory<$>,daiin cheky chory
IT2a-n,f101r,"f101r.1,@P0",<%>pcheol.cheol.ol.shey.qockhol.shor.yteol.sheockhey.qpol.cheor.sain.olo.o.qkeey.chopcheey.checkhey.cpheocthy.ykchy.cheey.chekeey.dal.chsm,pcheol cheol ol shey qockhol shor yteol sheockhey qpol cheor sain olo o qkeey chopcheey checkhey cpheocthy ykchy cheey chekeey dal chsm
IT2a-n,f101r,"f101r.2,+P0",dol.chokeey.chkey.cthey.okal.chol.kol.okeey.r.or.ol.okolol.olchey.qokchor.okey.qokeol.kor.shey.teol.or.aiin.chol.daiin<$>,dol chokeey chkey cthey okal chol kol okeey r or ol okolol olchey qokchor okey qokeol kor shey teol or aiin chol daiin
IT2a-n,f101r,"f101r.3,+P0",<%>etolctheol.okeor.r.sheol.qotol.sheo.dol.shey.okeey.ctheea.yteeoldy.kchdol.sheody.or.ol.sheor.qotoiir.otol.sheey.ssheo.tchey.ol.dar.am,etolctheol okeor r sheol qotol sheo dol shey okeey ctheea yteeoldy kchdol sheody or ol sheor qotoiir otol sheey ssheo tchey ol dar am
IT2a-n,f101r,"f101r.4,+P0",ycheeo.or.sheeol.daiin.sheeol.okeol.ctheol.shkeeo.qockheol.daiin.shy.csol.okeeor.ctody.chkchol.doteoda.okeol.daisin.okeey.okeey.dairin,ycheeo or sheeol daiin sheeol okeol ctheol shkeeo qockheol daiin shy csol okeeor ctody chkchol doteoda okeol daisin okeey okeey dairin
IT2a-n,f101r,"f101r.5,+P0",daiin.ctheol.cheol.okor.or.aiin.cheol.cho.keeo.dchey.okol.okeol.dor.chol.chy.r.aiin.oteol.oraiin.olchey.oteeod.sheol.okeol.chosaiin.sheom,daiin ctheol cheol okor or aiin cheol cho keeo dchey okol okeol dor chol chy r aiin oteol oraiin olchey oteeod sheol okeol chosaiin sheom
IT2a-n,f101r,"f101r.6,+P0",okeeol.sho.shody.sho.shol.okeeeol.cheos.sheokeey.sheeor.chchy.chodaiin.sheeckhey.teeol.scheol.sar.oeeor<$>,okeeol sho shody sho shol okeeeol cheos sheokeey sheeor chchy chodaiin sheeckhey teeol scheol sar oeeor
IT2a-n,f101r,"f101r.7,+P0",<%>cphoar.oaiin.ypcholy.daiin.otaiin.otaiin.yfolaiin.fcheolain.ypchey.ypho?o<->shotey.odariin.sheoor.sheor.ckheey.ykhey.qokchey.cholp.cheol.dy,cphoar oaiin ypcholy daiin otaiin otaiin yfolaiin fcheolain ypchey odariin sheoor sheor ckheey ykhey qokchey cholp cheol dy
IT2a-n,f101r,"f101r.8,+P0",olaiin.oteol.chor.oteey.chokchey.kor.daiin.shok.chol.chol.qoky.daiin<->ol.s.al.ydar.daiin.or.ory.okeey.daiin.shea.daiin.okol.chear,olaiin oteol chor oteey chokchey kor daiin shok chol chol qoky daiinol s al ydar daiin or ory okeey daiin shea daiin okol chear
IT2a-n,f101r,"f101r.9,+P0",daiin.okeol.qokcheol.ykeor.dar.ol.otechy.ykeor.dor.aiin.chls.cheol<->okol.shey.qodar.soiin.choko.qokeol.daiin.odar.okchol.cheor.chety,daiin okeol qokcheol ykeor dar ol otechy ykeor dor aiin chls cheolokol shey qodar soiin choko qokeol daiin odar okchol cheor chety
IT2a-n,f101r,"f101r.10,+P0",kor.aithy.ol.chs<->sho.olcheeol.kalshey.okeoly.oiin.aiioly<$>,kor aithy ol chssho olcheeol kalshey okeoly oiin aiioly
IT2a-n,f101v,"f101v.1,@Lf",sairaly,sairaly
IT2a-n,f101v,"f101v.2,@Lf",otaldy,otaldy
IT2a-n,f101v,"f101v.3,@Lf",otal,otal
IT2a-n,f101v,"f101v.4,@Lf",yta,yta
IT2a-n,f101v,"f101v.5,@Lf",dokor,dokor
IT2a-n,f101v,"f101v.6,@Lf",orar,orar
IT2a-n,f101v,"f101v.7,@Lf",otorar,otorar
IT2a-n,f101v,"f101v.8,@Lf",otala,otala
IT2a-n,f101v,"f101v.9,@Lf",soraly,soraly
IT2a-n,f101v,"f101v.10,@Lf",okol,okol
IT2a-n,f101v,"f101v.11,@Lf",arom,arom
IT2a-n,f101v,"f101v.12,@Lf",orar.am,orar am
IT2a-n,f101v,"f101v.14,@Lf",dytoly,dytoly
IT2a-n,f101v,"f101v.15,@Lf",olkor,olkor
IT2a-n,f101v,"f101v.16,@Lf",dolary,dolary
IT2a-n,f101v,"f101v.17,@Lf",odor,odor
IT2a-n,f101v,"f101v.18,@Lf",olaran,olaran
IT2a-n,f101v,"f101v.19,@P0",<%>tolchor.cheopor.or.ody.cpheyr.shee.fol.soiin.otsheey.oto???<->???kcho.pcholy.chor.or.choror.sy<->dorar<->okoraiin.orolodain,tolchor cheopor or ody cpheyr shee fol soiin otsheey pcholy chor or choror sydorarokoraiin orolodain
IT2a-n,f101v,"f101v.20,+P0",or.aiin.or.o.or.omam.chor.s.aiin.okor.cheeor.sheeol.qokol???<->???ol.qoor.cheey.qokeod.oeeo.r.choy.s<->okeeody<->chodaiin.cthy.okody.dar,or aiin or o or omam chor s aiin okor cheeor sheeol qoor cheey qokeod oeeo r choy sokeeodychodaiin cthy okody dar
IT2a-n,f101v,"f101v.21,+P0",ycheor.oeo.dain.cheokal.ykhody.cheeods.oraiin.qoeey.cthey???<->???eocthy.dain.chedo.dydy<$>,ycheor oeo dain cheokal ykhody cheeods oraiin qoeey dain chedo dydy
IT2a-n,f101v,"f101v.22,+P0",<%>kshar.lol.keeol.otal.or.ol.aiin.okeod.ykeey.dain.olcheol???<->???opcheol.cthey.qekeoldy.qocthor.sheody.qockheey.odaiin.sho.ytolaiir.sodaiin.dy,kshar lol keeol otal or ol aiin okeod ykeey dain cthey qekeoldy qocthor sheody qockheey odaiin sho ytolaiir sodaiin dy
IT2a-n,f101v,"f101v.23,+P0",oaiin.ol.olor.daiin.okeey.qok.ykeol.daiin.qockhy.daiin.olch???<->???dar.qokeol.dol.oraiin.oldaiin.keeol.?.rch.qokeeeor.sydy.cheor.okeey.chol.do.dar,oaiin ol olor daiin okeey qok ykeol daiin qockhy daiin qokeol dol oraiin oldaiin keeol rch qokeeeor sydy cheor okeey chol do dar
IT2a-n,f101v,"f101v.24,+P0",teeal.sheol.qokeor.qkhol.olchor.chokey.chor.ctheey.da?s?<->???daiin.cheeody.cheey.keo.cheol.daiiin.deeor.cheedy<$>,teeal sheol qokeor qkhol olchor chokey chor ctheey cheeody cheey keo cheol daiiin deeor cheedy
IT2a-n,f101v,"f101v.25,+P0",<%>daiin.dair.yteol.chor.qockhol.daiin.ckheey.chey.kchey.dos??<->???iin.okeey.ckheo.lcheody.kcheol.daiin.eteeys.ctheody.ctheockhosho.olchor,daiin dair yteol chor qockhol daiin ckheey chey kchey okeey ckheo lcheody kcheol daiin eteeys ctheody ctheockhosho olchor
IT2a-n,f101v,"f101v.26,+P0",olaiin.okeol.cheo.kol.ches.sheey.qoor.qokeody.cheor.okey???<->???oiin.cheey.cthey.ory.ctheey.qokeey.shol.ody.cheol.oralar.shey.qokarary,olaiin okeol cheo kol ches sheey qoor qokeody cheor cheey cthey ory ctheey qokeey shol ody cheol oralar shey qokarary
IT2a-n,f101v,"f101v.27,+P0",sol.chol.choly.okeey.dal.qol.shckheol.chol.cthear.keey???<->???cheeo.ol.chs.oraiin.qokeeey.saiir.qodaiin.cheol.qokeey.daiin.cheodam<$>,sol chol choly okeey dal qol shckheol chol cthear ol chs oraiin qokeeey saiir qodaiin cheol qokeey daiin cheodam
IT2a-n,f101v,"f101v.28,+Pc",<%>teol.cheol.ekchey<->???or.cheol.cthol??.cholaiin.chol.qkos<$>,teol cheol cheol cholaiin chol qkos
IT2a-n,f102r1,"f102r1.1,@Lc",dordod,dordod
IT2a-n,f102r1,"f102r1.2,@Lf",otodeeodor,otodeeodor
IT2a-n,f102r1,"f102r1.3,@P0",<%>polaiin.shocthy.qoteol.loiiin.oteeor.cpheodar.sholdaiin,polaiin shocthy qoteol loiiin oteeor cpheodar sholdaiin
IT2a-n,f102r1,"f102r1.4,+P0",dsheody.okeeoy.kody.chkeeody.daraiiin.ctheoly.qokcheo.lolain,dsheody okeeoy kody chkeeody daraiiin ctheoly qokcheo lolain
IT2a-n,f102r1,"f102r1.5,+P0",ytol.sheol.she.olaiin.orain.oraroekeol.chol.ekey.qokol.dain,ytol sheol she olaiin orain oraroekeol chol ekey qokol dain
IT2a-n,f102r1,"f102r1.6,+P0",daiin.ykeeol.oldy.okodaiin<$>,daiin ykeeol oldy okodaiin
IT2a-n,f102r1,"f102r1.7,@Lc",orolaly,orolaly
IT2a-n,f102r1,"f102r1.8,@P0",<%>pshodaiin.qoorar.chopy<->chofol.daiin.oteol.qoteol.doly,pshodaiin qoorar chopychofol daiin oteol qoteol doly
IT2a-n,f102r1,"f102r1.9,+P0",daiin.orsheoldy.qokeol<->oteeody.lshody.keodal.qokshdy.sy,daiin orsheoldy qokeoloteeody lshody keodal qokshdy sy
IT2a-n,f102r1,"f102r1.10,+P0",ycheol.sholdy.chol.chol.ykeeol.dol.doleodaiin.dol.cthedy,ycheol sholdy chol chol ykeeol dol doleodaiin dol cthedy
IT2a-n,f102r1,"f102r1.11,+P0",dcheo.qockhy.sol.sheey.okeody.qokeodol.shockhey.oleeol<$>,dcheo qockhy sol sheey okeody qokeodol shockhey oleeol
IT2a-n,f102r1,"f102r1.12,@Lc",dardsh,dardsh
IT2a-n,f102r1,"f102r1.13,@P0",<%>teesody.qoeol.olcheor.qokey.okshey.qokeol.sheo.folcfhhy,teesody qoeol olcheor qokey okshey qokeol sheo folcfhhy
IT2a-n,f102r1,"f102r1.14,+P0",doeey.keeol.qokeo.daor.shey.qoteol.okol.chos.sor.oeeaiin,doeey keeol qokeo daor shey qoteol okol chos sor oeeaiin
IT2a-n,f102r1,"f102r1.15,+P0",or.chol.daiin.dykeor.sheey.qokeody.dor.os.ykeey.kam,or chol daiin dykeor sheey qokeody dor os ykeey kam
IT2a-n,f102r1,"f102r1.16,+P0",ddor.chordom<->soraiin.ykeey.dy.okeol.doeoeas<->saral.dor,ddor chordomsoraiin ykeey dy okeol doeoeassaral dor
IT2a-n,f102r1,"f102r1.17,+P0",ydar.arody<->oldaiin.sody.chockhy.oly<$>,ydar arodyoldaiin sody chockhy oly
IT2a-n,f102r2,"f102r2.2,@P0",<%>lsais.amg.cheey.cfhey.por.aiin.chefoly,lsais amg cheey cfhey por aiin chefoly
IT2a-n,f102r2,"f102r2.3,+P0",ycheor.olaiin.olsho.qokol.olaiin.oldam,ycheor olaiin olsho qokol olaiin oldam
IT2a-n,f102r2,"f102r2.4,+P0",daiin.ckheeol.ol.dor.okol.cheodor.sor.airam,daiin ckheeol ol dor okol cheodor sor airam
IT2a-n,f102r2,"f102r2.5,+P0",tor.sheo.or.chey.qoos.yteor.chol.choky,tor sheo or chey qoos yteor chol choky
IT2a-n,f102r2,"f102r2.6,+P0",daiin.okody.qokeody.okeol.dor.chckhy.oteod.sossy<$>,daiin okody qokeody okeol dor chckhy oteod sossy
IT2a-n,f102r2,"f102r2.8,@P0",<%>kolor.olaiin.opor.shey.opolkod.odain.sheo.qoeol.shey,kolor olaiin opor shey opolkod odain sheo qoeol shey
IT2a-n,f102r2,"f102r2.9,+P0",dor.oiin.okeody.qokeol.sheoy.qoochey.ckheol.seeey.skekyd,dor oiin okeody qokeol sheoy qoochey ckheol seeey skekyd
IT2a-n,f102r2,"f102r2.10,+P0",shockhy.qockhey.sol.eeey.dol.cheol.doaiin.qkeeey.cthey,shockhy qockhey sol eeey dol cheol doaiin qkeeey cthey
IT2a-n,f102r2,"f102r2.11,+P0",kockhas.okor.ykeey.okeey.qokeey.dol.ol.sheody.okey.dol.cthchy,kockhas okor ykeey okeey qokeey dol ol sheody okey dol cthchy
IT2a-n,f102r2,"f102r2.12,+P0",ytchy.olockhy.okeey.cheody.soiin.dol.ockhy.okeody<$>,ytchy olockhy okeey cheody soiin dol ockhy okeody
IT2a-n,f102r2,"f102r2.16,@P0",<%>cthol.dcthody.cthol.soeees.ykeody.qokeey.qotcho.soefchocphy,cthol dcthody cthol soeees ykeody qokeey qotcho soefchocphy
IT2a-n,f102r2,"f102r2.17,+P0",ykeockhey.okey.qokeeo.ckhey.qokey.desey.qyoeey.dol.chkey.cheky,ykeockhey okey qokeeo ckhey qokey desey qyoeey dol chkey cheky
IT2a-n,f102r2,"f102r2.18,+P0",okol.shey.qockhey.dol.shey.dol.sheey.qokol.daiin.oky.oky,okol shey qockhey dol shey dol sheey qokol daiin oky oky
IT2a-n,f102r2,"f102r2.19,+P0",qokeod.okeol.okeol.ycheo.ckhey.qkeody.qokey.ody.keeody.chody,qokeod okeol okeol ycheo ckhey qkeody qokey ody keeody chody
IT2a-n,f102r2,"f102r2.20,+P0",ykeey.keeol.cheor.ydeeal.cheody.qkeeod.olchey<$>,ykeey keeol cheor ydeeal cheody qkeeod olchey
IT2a-n,f102r2,"f102r2.21,@Lf",koldarod,koldarod
IT2a-n,f102r2,"f102r2.22,@Lf",odalydary,odalydary
IT2a-n,f102v2,"f102v2.1,@Lc",porshols,porshols
IT2a-n,f102v2,"f102v2.2,+Lc",soe.dy,soe dy
IT2a-n,f102v2,"f102v2.3,@Lf",oror,oror
IT2a-n,f102v2,"f102v2.4,@Lf",eeor,eeor
IT2a-n,f102v2,"f102v2.5,@Lf",sachy,sachy
IT2a-n,f102v2,"f102v2.6,@Lf",okeos,okeos
IT2a-n,f102v2,"f102v2.7,@Lf",otol,otol
IT2a-n,f102v2,"f102v2.8,@Lf",otory,otory
IT2a-n,f102v2,"f102v2.10,@Lf",okody,okody
IT2a-n,f102v2,"f102v2.11,@Lf",cheor,cheor
IT2a-n,f102v2,"f102v2.12,@Lf",okoroeey,okoroeey
IT2a-n,f102v2,"f102v2.13,@Lf",opchy,opchy
IT2a-n,f102v2,"f102v2.14,@Lf",sarol,sarol
IT2a-n,f102v2,"f102v2.15,@Lf",olrodar,olrodar
IT2a-n,f102v2,"f102v2.17,@P0",<%>podeesho.oteeos.sheos.qokeeo.chckhhy.shkeey.chekeod,podeesho oteeos sheos qokeeo chckhhy shkeey chekeod
IT2a-n,f102v2,"f102v2.18,+P0",ocheos.chy.okeor.okeol.okeol.shy.o,ocheos chy okeor okeol okeol shy o
IT2a-n,f102v2,"f102v2.19,+P0",dcheo.qoeeor.oeoikhy.cheos.ol.or.ol.okeeor.ain,dcheo qoeeor oeoikhy cheos ol or ol okeeor ain
IT2a-n,f102v2,"f102v2.20,+P0",qekeor.cho.keeol.okeeey.qokeody.chockhey.qokeey.dol.ol.sheeoy.tody.cheoe?,qekeor cho keeol okeeey qokeody chockhey qokeey dol ol sheeoy tody
IT2a-n,f102v2,"f102v2.21,+P0",ycheey.s.odeeeey.okeeor.cheol.or.oiin.oeees.okear.chey.keey.saiin.oteos,ycheey s odeeeey okeeor cheol or oiin oeees okear chey keey saiin oteos
IT2a-n,f102v2,"f102v2.22,+P0",doin.or.oiin.cheol.soiir.chol.sheey.qockhy.ol.keor.okeody.okeor.chos,doin or oiin cheol soiir chol sheey qockhy ol keor okeody okeor chos
IT2a-n,f102v2,"f102v2.23,+P0",oteo.okey.shey.okey.aiees.oreey<$>,oteo okey shey okey aiees oreey
IT2a-n,f102v2,"f102v2.24,@Lc",otolky,otolky
IT2a-n,f102v2,"f102v2.25,@Lf",oran,oran
IT2a-n,f102v2,"f102v2.26,@Lf",oika,oika
IT2a-n,f102v2,"f102v2.27,@Lf",okeeoraiin,okeeoraiin
IT2a-n,f102v2,"f102v2.28,@Lf",okockhy,okockhy
IT2a-n,f102v2,"f102v2.30,@P0",<%>pydaeey.odey.pcheody.qoekeey.oteey.qokeod.sheey.opaiin.deeor,pydaeey odey pcheody qoekeey oteey qokeod sheey opaiin deeor
IT2a-n,f102v2,"f102v2.31,+P0",oldeey.ckhy.sheeody.eeos.shesee.oeor.ykoear.chekeey.ykory,oldeey ckhy sheeody eeos shesee oeor ykoear chekeey ykory
IT2a-n,f102v2,"f102v2.32,+P0",dar.cheor.sheor.okeol.shoy.s.ar.oky.cheeor.ol.daiin.sy,dar cheor sheor okeol shoy s ar oky cheeor ol daiin sy
IT2a-n,f102v2,"f102v2.33,+P0",qokeor.sho.?keeeos.cheor.os.al.chos.aiiin.oky.okar.aiin,qokeor sho cheor os al chos aiiin oky okar aiin
IT2a-n,f102v2,"f102v2.34,+P0",sor.shey.okeeor.sheockhey.qokeos.okeeol.ctheor.okey.sal,sor shey okeeor sheockhey qokeos okeeol ctheor okey sal
IT2a-n,f102v2,"f102v2.35,+P0",ychor.sheol.por.sheeor.shekeey.qoky.cheo.keody.qokeol.dain,ychor sheol por sheeor shekeey qoky cheo keody qokeol dain
IT2a-n,f102v2,"f102v2.36,+P0",okeeor.cheey.okeey.sor.chey.okey.okey.okeey.qokeor<$>,okeeor cheey okeey sor chey okey okey okeey qokeor
IT2a-n,f102v2,"f102v2.37,+P0",<%>tchor.or.chey.kor.or.cthey.qoeeey.qokeey.okeo.roly.sar,tchor or chey kor or cthey qoeeey qokeey okeo roly sar
IT2a-n,f102v2,"f102v2.38,+P0",dor.cheey.ckheey.qokeor.okey.chos.sho.ykeey.okeeo.raiin,dor cheey ckheey qokeor okey chos sho ykeey okeeo raiin
IT2a-n,f102v2,"f102v2.39,+P0",yotaiin.cheor.cheekey.orain<$>,yotaiin cheor cheekey orain
IT2a-n,f102v1,"f102v1.1,@Lc",ker.ron??,ker
IT2a-n,f102v1,"f102v1.2,@Lf",ykeody,ykeody
IT2a-n,f102v1,"f102v1.3,@Lf",okeody,okeody
IT2a-n,f102v1,"f102v1.4,@Lf",doiisaly,doiisaly
IT2a-n,f102v1,"f102v1.5,@Lf",ypory,ypory
IT2a-n,f102v1,"f102v1.6,@Lf",opchytcy,opchytcy
IT2a-n,f102v1,"f102v1.7,@P0",<%>poaiin.ockhey.pchol.doiin.shey.shockhsy.sheo.cthy.qoteody,poaiin ockhey pchol doiin shey shockhsy sheo cthy qoteody
IT2a-n,f102v1,"f102v1.8,+P0",daisn.ol.chey.ckheol.qokeor.osaiin.cheor.qokey.choky,daisn ol chey ckheol qokeor osaiin cheor qokey choky
IT2a-n,f102v1,"f102v1.9,+P0",teody.ckheey.qokeol.sheky.qockheor.os.cheo.rchol.qoteor.dar,teody ckheey qokeol sheky qockheor os cheo rchol qoteor dar
IT2a-n,f102v1,"f102v1.10,+P0",kochor.ol.ydaiin.choraiin.cheey.ykeey.kor.shey.qokey.dy,kochor ol ydaiin choraiin cheey ykeey kor shey qokey dy
IT2a-n,f102v1,"f102v1.11,+P0",sol.chol.qooiin.qokal.cheol.chey.kolcheey.daiin.cheody.dy,sol chol qooiin qokal cheol chey kolcheey daiin cheody dy
IT2a-n,f102v1,"f102v1.12,+P0",ycheol.cheol.doiir.shekcheor.sar.cheor.ckhey.pchodaiin<$>,ycheol cheol doiir shekcheor sar cheor ckhey pchodaiin
IT2a-n,f102v1,"f102v1.13,+P0",<%>toiin.ol.daiin.qkol.cheol.daiin.qokar.oaiin.cheey.saiim,toiin ol daiin qkol cheol daiin qokar oaiin cheey saiim
IT2a-n,f102v1,"f102v1.14,+P0",chor.cheor.ckhey.oteol.aikheky<$>,chor cheor ckhey oteol aikheky
IT2a-n,f102v1,"f102v1.16,@Lf",ypcholdy,ypcholdy
IT2a-n,f102v1,"f102v1.17,@Lf",loralody,loralody
IT2a-n,f102v1,"f102v1.18,@Lf",opchdard,opchdard
IT2a-n,f102v1,"f102v1.19,@P0",<%>fodaiin.dair.or.sheol.okeeol.qoteol<->orockhey.olkey,fodaiin dair or sheol okeeol qoteolorockhey olkey
IT2a-n,f102v1,"f102v1.20,+P0",soiin.shey.qokeey.qoeeol.qokeody.sheody.qoeteey.okeey.dom,soiin shey qokeey qoeeol qokeody sheody qoeteey okeey dom
IT2a-n,f102v1,"f102v1.21,+P0",qoeeody.ychey.okeody.deody.okody.cheo.doiin.cheody.sam,qoeeody ychey okeody deody okody cheo doiin cheody sam
IT2a-n,f102v1,"f102v1.22,+P0",ykchody.chodaiin.qokeos.cheol.qool.chsea.oteody.okchy,ykchody chodaiin qokeos cheol qool chsea oteody okchy
IT2a-n,f102v1,"f102v1.23,+P0",ksheody.sho.qokey.sheody.qockhey.olcheor.odain.okchoda,ksheody sho qokey sheody qockhey olcheor odain okchoda
IT2a-n,f102v1,"f102v1.24,+P0",ysaiin.ckhey.qoor.cheol<$>,ysaiin ckhey qoor cheol
IT2a-n,f103r,"f103r.1,@P0",<%>pchedal.shdy.yteechypchy.otey.ylshey.qoteey.qotal.shedy.yshdal.dain.okol.dal.dy,pchedal shdy yteechypchy otey ylshey qoteey qotal shedy yshdal dain okol dal dy
IT2a-n,f103r,"f103r.2,+P0",dain.shek.chcphhdy.daloky.opchedy.peshol.chep.ar.otchy.sal.lkeey.sar.ain.ok??.chedy,dain shek chcphhdy daloky opchedy peshol chep ar otchy sal lkeey sar ain chedy
IT2a-n,f103r,"f103r.3,+P0",yshdain.sheek.cheoty.chokal.chedy.chckhy.or.orol.okain.chal.ot.kar.ot??.chym,yshdain sheek cheoty chokal chedy chckhy or orol okain chal ot kar chym
IT2a-n,f103r,"f103r.4,+P0",ychedy.qokedy.okedy.qokeey.okey.chdarol.loty.chedar.aly<$>,ychedy qokedy okedy qokeey okey chdarol loty chedar aly
IT2a-n,f103r,"f103r.5,+P0",<%>pocharal.okedar.shedy.oteey.qokey.lkar.sheeky.okalor.shedy.rkar.otan.okdy,pocharal okedar shedy oteey qokey lkar sheeky okalor shedy rkar otan okdy
IT2a-n,f103r,"f103r.6,+P0",ocheey.dain.shek.okeedy.okey.shedy.qokealdy.shcthy.qotedy.qot???.san.am,ocheey dain shek okeedy okey shedy qokealdy shcthy qotedy san am
IT2a-n,f103r,"f103r.7,+P0",sain.chey.she.olshedy.qokeey.okeeody.qoeedy.olshedy<$>,sain chey she olshedy qokeey okeeody qoeedy olshedy
IT2a-n,f103r,"f103r.8,+P0",<%>daroal.okey.chedy.okey.rain.okechy.qoisol.qotar.adchey.ofcho.lteody.oral.kechdy.lo,daroal okey chedy okey rain okechy qoisol qotar adchey ofcho lteody oral kechdy lo
IT2a-n,f103r,"f103r.9,+P0",oteeos.ar.cheal.okeey.shey.lkaiin.shey.lkeor.otain.shedy.otey.l.ledy.okeedaram,oteeos ar cheal okeey shey lkaiin shey lkeor otain shedy otey l ledy okeedaram
IT2a-n,f103r,"f103r.10,+P0",daiin.ol.oain.okeol.chal.okam.chety.shedy.otaiin.shedy.teolshy.oteedy.sarain,daiin ol oain okeol chal okam chety shedy otaiin shedy teolshy oteedy sarain
IT2a-n,f103r,"f103r.11,+P0",dar.oteey.otain.lol.shedy.okain.chey.qorain.shey.otoy.qokeol.key.daikhyky,dar oteey otain lol shedy okain chey qorain shey otoy qokeol key daikhyky
IT2a-n,f103r,"f103r.12,+P0",oain.shey.shckhy.oteey.qokeol.keedy.shar.aiin.otedy<$>,oain shey shckhy oteey qokeol keedy shar aiin otedy
IT2a-n,f103r,"f103r.13,+P0",<%>podar.sheor.qotedy.okeey.qokar.checkhy.qokain.chedy.pchdy.tshdy.dal.kasol,podar sheor qotedy okeey qokar checkhy qokain chedy pchdy tshdy dal kasol
IT2a-n,f103r,"f103r.14,+P0",okain.shekain.chedy.qokeechy.qoky.shey.lol.s.aiin.chey.eekain.chcthy.qoky,okain shekain chedy qokeechy qoky shey lol s aiin chey eekain chcthy qoky
IT2a-n,f103r,"f103r.15,+P0",qotedy.qokeey.shol.qotey.shkain<$>,qotedy qokeey shol qotey shkain
IT2a-n,f103r,"f103r.16,+P0",<%>dshol.sholkar.sedaiin.cheey.rar.okeey.shefhedy.opcheol.oteedy.tchey.shky,dshol sholkar sedaiin cheey rar okeey shefhedy opcheol oteedy tchey shky
IT2a-n,f103r,"f103r.17,+P0",sar.shey.qokey.keedy.qokeey.chckhy.qokal.oty.or.aiin<$>,sar shey qokey keedy qokeey chckhy qokal oty or aiin
IT2a-n,f103r,"f103r.18,+P0",<%>polchedy.qokeol.okain.checthy.oteey.lshedy.okain.qokain.qokalshedy.oteys,polchedy qokeol okain checthy oteey lshedy okain qokain qokalshedy oteys
IT2a-n,f103r,"f103r.19,+P0",okaiin.chey.qoy.shey.qokaiin.chedy.qokain.oteol.lkar.okaral.lkldy.lr,okaiin chey qoy shey qokaiin chedy qokain oteol lkar okaral lkldy lr
IT2a-n,f103r,"f103r.20,+P0",ychain.shckhy.qokaiin.shey.qokain.shedy.olor<$>,ychain shckhy qokaiin shey qokain shedy olor
IT2a-n,f103r,"f103r.21,+P0",<%>pcheam.sokedy.dalkar.otal.qokal.chepy.okedy.qoky.pchedy.okaly.qokeedy.lor,pcheam sokedy dalkar otal qokal chepy okedy qoky pchedy okaly qokeedy lor
IT2a-n,f103r,"f103r.22,+P0",dalshy.okain.shckhody.shdal.qokeedy.shedy.qotar.chcthy.chepar.otar.opchy,dalshy okain shckhody shdal qokeedy shedy qotar chcthy chepar otar opchy
IT2a-n,f103r,"f103r.23,+P0",daiin.sheckhy.lchedy.chckhy.shol<$>,daiin sheckhy lchedy chckhy shol
IT2a-n,f103r,"f103r.24,+P0",<%>tchoky.okeal.shedy.qokal.oty.opchedy.qotain.shcthy.otey.dain.oteey.oky,tchoky okeal shedy qokal oty opchedy qotain shcthy otey dain oteey oky
IT2a-n,f103r,"f103r.25,+P0",dar.shey.qokain.chckhey.chey.kain.chedal.okeeey.qoodain.okain.oteey.ol,dar shey qokain chckhey chey kain chedal okeeey qoodain okain oteey ol
IT2a-n,f103r,"f103r.26,+P0",oteedy.okeey.qotchy.shey.olcheedar.shey.lotos<$>,oteedy okeey qotchy shey olcheedar shey lotos
IT2a-n,f103r,"f103r.27,+P0",<%>qokechy.okeey.qokeey.lkeeody.sheey.qokeey.lkeol.tchey.qokchy.okeey.qokaly,qokechy okeey qokeey lkeeody sheey qokeey lkeol tchey qokchy okeey qokaly
IT2a-n,f103r,"f103r.28,+P0",deshedy.qokchey.dalkain.okaiin.chedy.qokeey.otain.ain.ol.cheey.lkeedy,deshedy qokchey dalkain okaiin chedy qokeey otain ain ol cheey lkeedy
IT2a-n,f103r,"f103r.29,+P0",qokechchy.shokeey.qochey.qokeey.chal.chedy<$>,qokechchy shokeey qochey qokeey chal chedy
IT2a-n,f103r,"f103r.30,+P0",<%>pcholkchdy.sheckhy.qokey.okaiin.shedy.chpchy.opchedy.oteeykshy.chdaly,pcholkchdy sheckhy qokey okaiin shedy chpchy opchedy oteeykshy chdaly
IT2a-n,f103r,"f103r.31,+P0",soiin.eeol.kaiin.chal.okaiin.shckhy.qokal.shdar.shchdy.okaiin.chty,soiin eeol kaiin chal okaiin shckhy qokal shdar shchdy okaiin chty
IT2a-n,f103r,"f103r.32,+P0",okeey.shedy.qokedy.qokal.shety.otedy.shcthy.oraiin<$>,okeey shedy qokedy qokal shety otedy shcthy oraiin
IT2a-n,f103r,"f103r.33,+P0",<%>qokeey.chechy.qokey.shckhy.choldy.qokaly.shedy.yteedy.qotail.seedy,qokeey chechy qokey shckhy choldy qokaly shedy yteedy qotail seedy
IT2a-n,f103r,"f103r.34,+P0",sheod.oshey.cheedalaiin<$>,sheod oshey cheedalaiin
IT2a-n,f103r,"f103r.35,+P0",<%>qokeear.chain.olain.chey.kain.sheol.shedain.qokeedy.ykeedy.lcheg,qokeear chain olain chey kain sheol shedain qokeedy ykeedy lcheg
IT2a-n,f103r,"f103r.36,+P0",okool.chedy.okeedy.qokeedy.qokeey.shdy.otey.qokeey<$>,okool chedy okeedy qokeedy qokeey shdy otey qokeey
IT2a-n,f103r,"f103r.37,+P0",<%>pchedy.qokeey.qokeodair.qokshy.qokeedy.qokeedy.chsky.shey.shalky,pchedy qokeey qokeodair qokshy qokeedy qokeedy chsky shey shalky
IT2a-n,f103r,"f103r.38,+P0",otechedy.qokain.shcthy.chckhy.lokeedy.checkhy.lokain.shedy.okeey,otechedy qokain shcthy chckhy lokeedy checkhy lokain shedy okeey
IT2a-n,f103r,"f103r.39,+P0",ykeedy.qokeey.lsheey.qotal.shedy.oteey<$>,ykeedy qokeey lsheey qotal shedy oteey
IT2a-n,f103r,"f103r.40,+P0",<%>qokeey.sheeol.shckhy.sheol.shody.ol.aiin.otedy.qoteey.lotar.otam,qokeey sheeol shckhy sheol shody ol aiin otedy qoteey lotar otam
IT2a-n,f103r,"f103r.41,+P0",cheol.sheeey.qotey.oteeal.oteedy.shetsho.keeos.shey.qokeedy.qokal.dal,cheol sheeey qotey oteeal oteedy shetsho keeos shey qokeedy qokal dal
IT2a-n,f103r,"f103r.42,+P0",tshey.sheol.cheolshy.chalal<$>,tshey sheol cheolshy chalal
IT2a-n,f103r,"f103r.43,+P0",<%>tar.cheal.ol.sheey.qotal.sheal.qokal.sheedy.okeshedy.shokey.qokaiin,tar cheal ol sheey qotal sheal qokal sheedy okeshedy shokey qokaiin
IT2a-n,f103r,"f103r.44,+P0",odeeey.qokeey.shey.sheal.otshedy<$>,odeeey qokeey shey sheal otshedy
IT2a-n,f103r,"f103r.45,+P0",<%>qokeedy.qokeedy.shol.shedar.chedy.qoteedy.oteedy.olkeol.ltary,qokeedy qokeedy shol shedar chedy qoteedy oteedy olkeol ltary
IT2a-n,f103r,"f103r.46,+P0",chol.keey.qokeey.cheol.chorol.shedy.qokeey.qokeey.ol.laiin.chedan,chol keey qokeey cheol chorol shedy qokeey qokeey ol laiin chedan
IT2a-n,f103r,"f103r.47,+P0",ssheey.okeeol.lchey.qokaly.lcheedy.oloraiin<$>,ssheey okeeol lchey qokaly lcheedy oloraiin
IT2a-n,f103r,"f103r.48,+P0",<%>polarar.lshedy.qotolaiin.qokeey.qokeey.shkchy.opchealol.kchy.sam,polarar lshedy qotolaiin qokeey qokeey shkchy opchealol kchy sam
IT2a-n,f103r,"f103r.49,+P0",okeey.lr.ain.l.ol.sheed.qokeey.sheol.qokeedy.shedy.qoky.leeesain.am,okeey lr ain l ol sheed qokeey sheol qokeedy shedy qoky leeesain am
IT2a-n,f103r,"f103r.50,+P0",ssheey.lshey.qol.cheey.chey.qokeey.okeey.qokain.cheey.qotain,ssheey lshey qol cheey chey qokeey okeey qokain cheey qotain
IT2a-n,f103r,"f103r.51,+P0",saiin.chekeey.shey.cheosaiin<$>,saiin chekeey shey cheosaiin
IT2a-n,f103r,"f103r.52,+P0",<%>pchedal.oteey.qol.keedy.qokeey.qoty.chepchy.qopchey.lkaiin.otalsy,pchedal oteey qol keedy qokeey qoty chepchy qopchey lkaiin otalsy
IT2a-n,f103r,"f103r.53,+P0",sshey.qokedy.qokaiin.shdy.qokeey.chedy.qokeey.qokeey.lchedy.loty,sshey qokedy qokaiin shdy qokeey chedy qokeey qokeey lchedy loty
IT2a-n,f103r,"f103r.54,+P0",dshey.qoteeey.darchedy.qokey.qoty<$>,dshey qoteeey darchedy qokey qoty
IT2a-n,f103v,"f103v.1,@P0",<%>pol.dar.olfchey.qoky.dy.qokeey.qokeey.daiin.okeedaky.qotear.shedy.dal,pol dar olfchey qoky dy qokeey qokeey daiin okeedaky qotear shedy dal
IT2a-n,f103v,"f103v.2,+P0",daiin.sheey.qokal.shedy.qokeedy.qoteor.shey.qoty.chckhy.qotain.chalr,daiin sheey qokal shedy qokeedy qoteor shey qoty chckhy qotain chalr
IT2a-n,f103v,"f103v.3,+P0",qok.or.chedy.qokey.dar.chcthy.chor.qoty.shdy.okeedy.qokeey.qokain,qok or chedy qokey dar chcthy chor qoty shdy okeedy qokeey qokain
IT2a-n,f103v,"f103v.4,+P0",y.cheey.qokeey.okeey.lkees.ol.qoteedy.ykeedy<$>,y cheey qokeey okeey lkees ol qoteedy ykeedy
IT2a-n,f103v,"f103v.5,+P0",<%>pcheor.olkeey.cheky.qokshdy.qokaiin.okechdy.qopchdy.qotedy.qokain.oly,pcheor olkeey cheky qokshdy qokaiin okechdy qopchdy qotedy qokain oly
IT2a-n,f103v,"f103v.6,+P0",doin.shey.qokeedy.cheol.qoeeor.lshor.qoky.shedy.qokaiin.chedy.qokam,doin shey qokeedy cheol qoeeor lshor qoky shedy qokaiin chedy qokam
IT2a-n,f103v,"f103v.7,+P0",daiin.shey.chol.chey.oteey.lkeeor.okaiin.shedy.shedy.qokaiin.ol.chedydy,daiin shey chol chey oteey lkeeor okaiin shedy shedy qokaiin ol chedydy
IT2a-n,f103v,"f103v.8,+P0",sain.shey.olsheey.dair.chekeeal.okeey<$>,sain shey olsheey dair chekeeal okeey
IT2a-n,f103v,"f103v.9,+P0",<%>pchal.shal.shorchdy.okeor.okain.shedy.pchedy.qotchedy.qotar.ol.lkar,pchal shal shorchdy okeor okain shedy pchedy qotchedy qotar ol lkar
IT2a-n,f103v,"f103v.10,+P0",or.cheey.qokeeshy.okeey.loiin.oithy.otedy.lor.aiin.sheor.qotain.olldy,or cheey qokeeshy okeey loiin oithy otedy lor aiin sheor qotain olldy
IT2a-n,f103v,"f103v.11,+P0",qokeedy.olkeeshy.qoky.qokal.shed<$>,qokeedy olkeeshy qoky qokal shed
IT2a-n,f103v,"f103v.12,+P0",<%>sal.sheal.shedy.okeedy.qokeey.lol.shedy.pchor.pchedy.pol.sheedy.opalam,sal sheal shedy okeedy qokeey lol shedy pchor pchedy pol sheedy opalam
IT2a-n,f103v,"f103v.13,+P0",dain.cseey.olshy.otey.olshedy.qotshdy.okeey.lr.ain.okan.olshey<$>,dain cseey olshy otey olshedy qotshdy okeey lr ain okan olshey
IT2a-n,f103v,"f103v.14,+P0",<%>teeol.sheol.sho.qokeedy.shedy.qokey.oshedy.oteedy.qokain.otar.aiin.otam,teeol sheol sho qokeedy shedy qokey oshedy oteedy qokain otar aiin otam
IT2a-n,f103v,"f103v.15,+P0",tchedal.shey.lcheey.lchdy.char.olchey.lcheody.tedy.otain.otain.otaly,tchedal shey lcheey lchdy char olchey lcheody tedy otain otain otaly
IT2a-n,f103v,"f103v.16,+P0",doiin.sheekchy.okeeshy.qol.shedy.otain.olkedy<$>,doiin sheekchy okeeshy qol shedy otain olkedy
IT2a-n,f103v,"f103v.17,+P0",<%>qokeedy.chedy.qoteey.oteedy.lkedy.shedy.qokal.ol.char.otal.opchedy,qokeedy chedy qoteey oteedy lkedy shedy qokal ol char otal opchedy
IT2a-n,f103v,"f103v.18,+P0",yshear.ol.oqaiin.chckhy.lchedy.chedy.olaiin.oteedy.qokeedal.larorol,yshear ol oqaiin chckhy lchedy chedy olaiin oteedy qokeedal larorol
IT2a-n,f103v,"f103v.19,+P0",daiin.chey.lkeey.chalkar.cheeey.lchealaiin.or<$>,daiin chey lkeey chalkar cheeey lchealaiin or
IT2a-n,f103v,"f103v.20,+P0",<%>pol.char.otar.okain.shaikhy.oteal.okain.qotal.shedy.qokeey.lolain,pol char otar okain shaikhy oteal okain qotal shedy qokeey lolain
IT2a-n,f103v,"f103v.21,+P0",tokain.shal.qokeed.oteedy.sheoky.shaikhhy.tar.teor.otam.oll,tokain shal qokeed oteedy sheoky shaikhhy tar teor otam oll
IT2a-n,f103v,"f103v.22,+P0",olshey.qokshy.qotal.sheey.oloiin.oleeedy.qokain.shedy.qokey,olshey qokshy qotal sheey oloiin oleeedy qokain shedy qokey
IT2a-n,f103v,"f103v.23,+P0",ycheody.l.ar.cheey.or.aiiin.oteey.otal.otear.ar.ar.keey.qoty,ycheody l ar cheey or aiiin oteey otal otear ar ar keey qoty
IT2a-n,f103v,"f103v.24,+P0",ykeey.lchey.qokeey.ror.aiin.olan.otan.otain.otain.ar.y.kain,ykeey lchey qokeey ror aiin olan otan otain otain ar y kain
IT2a-n,f103v,"f103v.25,+P0",sain.olkeeey.qokan.oteedy.qotain.otal.oty.opar.aram.oteeam,sain olkeeey qokan oteedy qotain otal oty opar aram oteeam
IT2a-n,f103v,"f103v.26,+P0",yteey.qokeey.sheety.oteey.lshedy.oteaiin<$>,yteey qokeey sheety oteey lshedy oteaiin
IT2a-n,f103v,"f103v.27,+P0",<%>pcheody.arar.okeeylchedy.oteal.lpar.otedy.qotar.otaryly,pcheody arar okeeylchedy oteal lpar otedy qotar otaryly
IT2a-n,f103v,"f103v.28,+P0",daiin.checkhy.ykeey.shckhy.oteal.shey.okain.chey.okeedy.por.aiin.y,daiin checkhy ykeey shckhy oteal shey okain chey okeedy por aiin y
IT2a-n,f103v,"f103v.29,+P0",olcheey.chey.lkchdy.sho.chcthy.sal.araiin.qokeey<$>,olcheey chey lkchdy sho chcthy sal araiin qokeey
IT2a-n,f103v,"f103v.30,+P0",<%>pchear.okain.opchedy.pchol.fchedy.otedy.poly.lchedy.fchedey.rar,pchear okain opchedy pchol fchedy otedy poly lchedy fchedey rar
IT2a-n,f103v,"f103v.31,+P0",okeey.l.chey.qokeey.oqokeey.chedy.qckhhy.daiin.chckhy.sar.olainy,okeey l chey qokeey oqokeey chedy qckhhy daiin chckhy sar olainy
IT2a-n,f103v,"f103v.32,+P0",qokeeey.chey.qotey.chokaiin.shal.chedy.olkam<$>,qokeeey chey qotey chokaiin shal chedy olkam
IT2a-n,f103v,"f103v.33,+P0",<%>yshey.lkeey.qokain.okey.okaiin.cheody.otey.shdpchy.opchey.oly,yshey lkeey qokain okey okaiin cheody otey shdpchy opchey oly
IT2a-n,f103v,"f103v.34,+P0",daiin.sheey.ol.chey.qokshey.qokaiin.checkhy.otedy.lshey.lchdy,daiin sheey ol chey qokshey qokaiin checkhy otedy lshey lchdy
IT2a-n,f103v,"f103v.35,+P0",qol.shey.ykeey.okeey.lsheey.sheckhy.chtain.oty.okedy.otaly,qol shey ykeey okeey lsheey sheckhy chtain oty okedy otaly
IT2a-n,f103v,"f103v.36,+P0",saiin.shey.qokeey.oshey.olshedy<$>,saiin shey qokeey oshey olshedy
IT2a-n,f103v,"f103v.37,+P0",<%>ol.shey.qokain.ol.shey.qokeshe.lsheok.shdy.qcphhy.chety.dar,ol shey qokain ol shey qokeshe lsheok shdy qcphhy chety dar
IT2a-n,f103v,"f103v.38,+P0",oteey.lchees.ol.chey.chey.chol.keechy<$>,oteey lchees ol chey chey chol keechy
IT2a-n,f103v,"f103v.39,+P0",<%>polshor.keeolshey.okey.lcharar.shol.okeedar.sher.oiin.oty.lchdy,polshor keeolshey okey lcharar shol okeedar sher oiin oty lchdy
IT2a-n,f103v,"f103v.40,+P0",yteey.sheal.shey.qoain.ol.keey.qokain.shckhy.lchedy.rain,yteey sheal shey qoain ol keey qokain shckhy lchedy rain
IT2a-n,f103v,"f103v.41,+P0",daiin.shey.lshey.lshey.qoar.shar.al.otar.shedy.ithy.lchdy.ras,daiin shey lshey lshey qoar shar al otar shedy ithy lchdy ras
IT2a-n,f103v,"f103v.42,+P0",yshey.shey.kain.chey.rar.arol.chsaly<$>,yshey shey kain chey rar arol chsaly
IT2a-n,f103v,"f103v.43,+P0",<%>orain.chckhey.qokaiin.shckhy.shtal.opchy.lkeedy.chdy.lchedy,orain chckhey qokaiin shckhy shtal opchy lkeedy chdy lchedy
IT2a-n,f103v,"f103v.44,+P0",qkain.shey.ar.ar.oky.rain.chckhy.shedy.qokeory.lteedy.ro,qkain shey ar ar oky rain chckhy shedy qokeory lteedy ro
IT2a-n,f103v,"f103v.45,+P0",okey.ol.cheey.lcheey.lkain.shckhy.sheckhy.orain.otar.oly,okey ol cheey lcheey lkain shckhy sheckhy orain otar oly
IT2a-n,f103v,"f103v.46,+P0",tain.shol.qokain.chckhy.rorol.chdy.raly.oraiin.chary<$>,tain shol qokain chckhy rorol chdy raly oraiin chary
IT2a-n,f104r,"f104r.1,@P0",<%>pchdar.chedy.char.qopchedy.ocphedy.qopchedy.shedaiin.oteeo.chey.qopchedy.sain,pchdar chedy char qopchedy ocphedy qopchedy shedaiin oteeo chey qopchedy sain
IT2a-n,f104r,"f104r.2,+P0",oar.aiin.yteeody.cheodaiin.cheodar.saiin.chey.tair.osaiiin.chcthedy.teedaram,oar aiin yteeody cheodaiin cheodar saiin chey tair osaiiin chcthedy teedaram
IT2a-n,f104r,"f104r.3,+P0",daiir.octhedy.otech.ykar.otedy.otody.qoteeos.yteeody.oteedy.oky.okal.daram,daiir octhedy otech ykar otedy otody qoteeos yteeody oteedy oky okal daram
IT2a-n,f104r,"f104r.4,+P0",ol.sheedy.qokeedy.chedal.qodaiin.qodaiiin.chry<$>,ol sheedy qokeedy chedal qodaiin qodaiiin chry
IT2a-n,f104r,"f104r.5,+P0",<%>kchdal.qotaiin.qoshedy.ol.chl.ol.chedacphy.al.lod.pchdair.opchdy.qod,kchdal qotaiin qoshedy ol chl ol chedacphy al lod pchdair opchdy qod
IT2a-n,f104r,"f104r.6,+P0",ycheeody.aiin.lkar.cheeo.dain.ockhedy.qokeedy.qotain.otchdy.tain.chedam,ycheeody aiin lkar cheeo dain ockhedy qokeedy qotain otchdy tain chedam
IT2a-n,f104r,"f104r.7,+P0",dchodees.sheos.odaiin.otchedy.qodain.shedy.chedy.qodain.okar.ar.okaim,dchodees sheos odaiin otchedy qodain shedy chedy qodain okar ar okaim
IT2a-n,f104r,"f104r.8,+P0",olsheedy.lkeedy.lkeody.qokaiin.chedal.qokar.odar.qokal.okor.otar,olsheedy lkeedy lkeody qokaiin chedal qokar odar qokal okor otar
IT2a-n,f104r,"f104r.9,+P0",ycheeoy.qokecho.qokol.cheeo.dam<$>,ycheeoy qokecho qokol cheeo dam
IT2a-n,f104r,"f104r.10,+P0",<%>tol.chedal.cheockay.otyd.os.l.air.shdy.qokchd.octheody.cholfor.otalr,tol chedal cheockay otyd os l air shdy qokchd octheody cholfor otalr
IT2a-n,f104r,"f104r.11,+P0",otodchy.lkeody.qokair.otoly.shodor.cheey.okar.olkeedy<$>,otodchy lkeody qokair otoly shodor cheey okar olkeedy
IT2a-n,f104r,"f104r.12,+P0",<%>tshdol.qotchedy.qokoeey.qoteode.lo.sar.al.octhy.qotor.opchey.qotam,tshdol qotchedy qokoeey qoteode lo sar al octhy qotor opchey qotam
IT2a-n,f104r,"f104r.13,+P0",olcheol.qodain.chokar.okcho.lkain.okar.cheody.okeeody.qodam.chdy,olcheol qodain chokar okcho lkain okar cheody okeeody qodam chdy
IT2a-n,f104r,"f104r.14,+P0",daiin.choaiin.qokechy.qotal.cheo.lor.saiin.olkeechey.otal.ol.oeeal,daiin choaiin qokechy qotal cheo lor saiin olkeechey otal ol oeeal
IT2a-n,f104r,"f104r.15,+P0",sor.chodaiin.chody.okar.otol.keechdy.okal.kaiin.cheodaiin<$>,sor chodaiin chody okar otol keechdy okal kaiin cheodaiin
IT2a-n,f104r,"f104r.16,+P0",<%>ocheoithey.qoctheody.ykeeodey.qoepchy.opchey.qoty.shtey.yteedy.shody,ocheoithey qoctheody ykeeodey qoepchy opchey qoty shtey yteedy shody
IT2a-n,f104r,"f104r.17,+P0",ykeeshedy.olkeeody.qotey.qokar.chedy.qokedy.oteechy.chyteody.otarody,ykeeshedy olkeeody qotey qokar chedy qokedy oteechy chyteody otarody
IT2a-n,f104r,"f104r.18,+P0",dcheeokeody.qokain.qolar.or.chockhar.otal.kshedy<$>,dcheeokeody qokain qolar or chockhar otal kshedy
IT2a-n,f104r,"f104r.19,+P0",<%>toaiin.chdar.otar.shd.qotar.olkchedy.cheokeey.kary.opair.otor.airod.lshd,toaiin chdar otar shd qotar olkchedy cheokeey kary opair otor airod lshd
IT2a-n,f104r,"f104r.20,+P0",dsheoy.qocthey.qokchdy.qokaiin.chol.rar.cheody.cheekan.ar.ain.ar.alam,dsheoy qocthey qokchdy qokaiin chol rar cheody cheekan ar ain ar alam
IT2a-n,f104r,"f104r.21,+P0",dsheedy.qokaiin.chear.olkchedy.charaiin<$>,dsheedy qokaiin chear olkchedy charaiin
IT2a-n,f104r,"f104r.22,+P0",<%>tshedar.chllo.rl.shed.kchedy.chokor.cheedy.opchar.cheor.chckhey.taiin.dam,tshedar chllo rl shed kchedy chokor cheedy opchar cheor chckhey taiin dam
IT2a-n,f104r,"f104r.23,+P0",ol.sheo.ckhey.chol.kechdy.okeedal.lkain.chol.keeody.otchor.aiir.chol.kar.alol,ol sheo ckhey chol kechdy okeedal lkain chol keeody otchor aiir chol kar alol
IT2a-n,f104r,"f104r.24,+P0",daiin.char.qotal.okechol.olkeeor.olkeeodal.lkaiin.chalkeeedy.qokam,daiin char qotal okechol olkeeor olkeeodal lkaiin chalkeeedy qokam
IT2a-n,f104r,"f104r.25,+P0",sar.okair.chckhey.qodaiin.chckhy.checkhd.l.raiin.otain.ar.aisam,sar okair chckhey qodaiin chckhy checkhd l raiin otain ar aisam
IT2a-n,f104r,"f104r.26,+P0",shar.sheey.kar.sheody<$>,shar sheey kar sheody
IT2a-n,f104r,"f104r.27,+P0",<%>pchedar.qokaiin.qotaiin.dl.ral.cheodl.cphaiin.daiin.ar.qekeeey.qoparaiin,pchedar qokaiin qotaiin dl ral cheodl cphaiin daiin ar qekeeey qoparaiin
IT2a-n,f104r,"f104r.28,+P0",olcheear.chedar.or.arorsheey.olkeechy.or.char.cheeol.sor.or.aiin.otam,olcheear chedar or arorsheey olkeechy or char cheeol sor or aiin otam
IT2a-n,f104r,"f104r.29,+P0",ysheo.daiin.shody.yteedy.cheedar.or.air.cheoltar.arodly<$>,ysheo daiin shody yteedy cheedar or air cheoltar arodly
IT2a-n,f104r,"f104r.30,+P0",<%>okeeo.lkeeo.dain.lkeodaiin.qokeeo.lkechey.okeody.otechdy.opcheocf.qopaiin,okeeo lkeeo dain lkeodaiin qokeeo lkechey okeody otechdy opcheocf qopaiin
IT2a-n,f104r,"f104r.31,+P0",qokeeo.aiin.oksheey.okolchey.lcheeey.oteey.lkechedy.qokaiin.chedar.cholcham,qokeeo aiin oksheey okolchey lcheeey oteey lkechedy qokaiin chedar cholcham
IT2a-n,f104r,"f104r.32,+P0",ysheeody.qoete.okshey.otechshy.cheol.kaiin.shoda.lkaiin.cheodain.qokar.alchd,ysheeody qoete okshey otechshy cheol kaiin shoda lkaiin cheodain qokar alchd
IT2a-n,f104r,"f104r.33,+P0",okchechy.qokcheedy.okchdal.qokal.char.olkeeey.olcheo.lkaiin.chey.roly<$>,okchechy qokcheedy okchdal qokal char olkeeey olcheo lkaiin chey roly
IT2a-n,f104r,"f104r.34,+P0",<%>pchol.ksheody.qokeshedy.qokal.chedy.qokaiin.otaiin.cheody.qokal.taiin.cholxy,pchol ksheody qokeshedy qokal chedy qokaiin otaiin cheody qokal taiin cholxy
IT2a-n,f104r,"f104r.35,+P0",yshoiin.qocheeol.chedaiin.qodal.chey.chol.cheol.olaly<$>,yshoiin qocheeol chedaiin qodal chey chol cheol olaly
IT2a-n,f104r,"f104r.36,+P0",<%>psheody.qotar.chopar.qotaly.qotsheod.qotechy.kaiin.okar.qopchar.opam,psheody qotar chopar qotaly qotsheod qotechy kaiin okar qopchar opam
IT2a-n,f104r,"f104r.37,+P0",okaiin.cheodal.qoaiin.okar.oraiin.okar.oteody.qokaiin.okal.qotir,okaiin cheodal qoaiin okar oraiin okar oteody qokaiin okal qotir
IT2a-n,f104r,"f104r.38,+P0",okaiin.orcheol.qokchol.kcheody.qotchdy<$>,okaiin orcheol qokchol kcheody qotchdy
IT2a-n,f104r,"f104r.39,+P0",<%>pcholor.ar.aiin.alkchdy.qotal.chol.qoar.aiin.qopcheedy.qotair.ofaiino,pcholor ar aiin alkchdy qotal chol qoar aiin qopcheedy qotair ofaiino
IT2a-n,f104r,"f104r.40,+P0",olkeeos.olkaiin.oair.qcthy.oiinol.al.ly.oeear.chcthy.olched.qotaiiin,olkeeos olkaiin oair qcthy oiinol al ly oeear chcthy olched qotaiiin
IT2a-n,f104r,"f104r.41,+P0",qoteey.qokeor.saiir.qoty.qokl.lkaiin.yteedy.qokain.oqockhy.dar,qoteey qokeor saiir qoty qokl lkaiin yteedy qokain oqockhy dar
IT2a-n,f104r,"f104r.42,+P0",y.lshedy.cholkar<$>,y lshedy cholkar
IT2a-n,f104r,"f104r.43,+P0",<%>tsheodl.qokaiin.qokchedy.ykchdy.pchedy.qokeedy.oteey.qokain.oteol.dal,tsheodl qokaiin qokchedy ykchdy pchedy qokeedy oteey qokain oteol dal
IT2a-n,f104r,"f104r.44,+P0",okcheochy.cheey.qoeedaiin.qokeey.ar.cheol.olkair.qokoiin.otaiin.okam,okcheochy cheey qoeedaiin qokeey ar cheol olkair qokoiin otaiin okam
IT2a-n,f104r,"f104r.45,+P0",daiin.olcheeo.l.s.aiin.otain.ar.chedy.qokaiin.otaiin.otain<$>,daiin olcheeo l s aiin otain ar chedy qokaiin otaiin otain
IT2a-n,f104v,"f104v.1,@P0",<%>pchdoiin.opcheedy.orar.oltcheey.opchedy.ol.ear.aiir.aly.cheodaiin.cheekain.dam,pchdoiin opcheedy orar oltcheey opchedy ol ear aiir aly cheodaiin cheekain dam
IT2a-n,f104v,"f104v.2,+P0",ychedaiin.qoteed.chockhy.otaiin.ydaiin.qokamdy.otarar.alched.otair.oram,ychedaiin qoteed chockhy otaiin ydaiin qokamdy otarar alched otair oram
IT2a-n,f104v,"f104v.3,+P0",shod.chedy.qotaiin.odaiin.okeol.ockhhy.chol.qokeedy.qotair.oeedaiin.ol.dl,shod chedy qotaiin odaiin okeol ockhhy chol qokeedy qotair oeedaiin ol dl
IT2a-n,f104v,"f104v.4,+P0",qoteedy.chedaiin.chokar.qotol.qotched.chol.chey.qol.chedy.qoeeey.qokeedy,qoteedy chedaiin chokar qotol qotched chol chey qol chedy qoeeey qokeedy
IT2a-n,f104v,"f104v.5,+P0",dcheol.chdeey.oeeodain.sairol.chedal<$>,dcheol chdeey oeeodain sairol chedal
IT2a-n,f104v,"f104v.6,+P0",<%>solchd.shol.sheol.qokchy.qoko.l.chedy.shedy.qokain.cheedy.cpheo.opchedy.qotody,solchd shol sheol qokchy qoko l chedy shedy qokain cheedy cpheo opchedy qotody
IT2a-n,f104v,"f104v.7,+P0",o.scheo.lchody.cheey.qocky.cheoain.ochedy.cheedy.chedy.sol.cheodalol<$>,o scheo lchody cheey qocky cheoain ochedy cheedy chedy sol cheodalol
IT2a-n,f104v,"f104v.8,+P0",<%>tchodls.cheeody.cheeool.ls.air.ykeedy.chotedy.qotchedy.chedy.qoeky.qoteeo.lo,tchodls cheeody cheeool ls air ykeedy chotedy qotchedy chedy qoeky qoteeo lo
IT2a-n,f104v,"f104v.9,+P0",ycheo.lcheod.otaiin.qokeedy.qokaiin.cheor.ol.chedaiin.qotar.ched.qoty.dal,ycheo lcheod otaiin qokeedy qokaiin cheor ol chedaiin qotar ched qoty dal
IT2a-n,f104v,"f104v.10,+P0",shol.cheedy.qokaiin.qoteedy.otaiin.oteedy.qotedor.okain.cheos.cheeo.lchey,shol cheedy qokaiin qoteedy otaiin oteedy qotedor okain cheos cheeo lchey
IT2a-n,f104v,"f104v.11,+P0",ycheedy.qocthey.ykchedor.cheeky.qokchd.qotol.qokol.qokol.daiin<$>,ycheedy qocthey ykchedor cheeky qokchd qotol qokol qokol daiin
IT2a-n,f104v,"f104v.12,+P0",<%>polchechy.oteoy.chotchs.cheeta.oteeey.oteedy.qoty.ched.l.cheol.par.oltedy.chedam,polchechy oteoy chotchs cheeta oteeey oteedy qoty ched l cheol par oltedy chedam
IT2a-n,f104v,"f104v.13,+P0",ycheol.cheody.qoeechdy.qokeol.qotaiin.chedar.cheo.lkaiin.cheetar.aiin.chataiin,ycheol cheody qoeechdy qokeol qotaiin chedar cheo lkaiin cheetar aiin chataiin
IT2a-n,f104v,"f104v.14,+P0",ytchedy.qokeeo.lcheolshedy.s.aiin.cheky.daindl<$>,ytchedy qokeeo lcheolshedy s aiin cheky daindl
IT2a-n,f104v,"f104v.15,+P0",<%>tolkshey.chocthy.qokeochy.qokchy.qotcheo.qotcheo.dlchd.chedy.tchdy.qotchdy.ram,tolkshey chocthy qokeochy qokchy qotcheo qotcheo dlchd chedy tchdy qotchdy ram
IT2a-n,f104v,"f104v.16,+P0",dcheedy.qockheey.chdor.as.aiin.chcthhy.dchdar.chdy.qokchedy.olkchy.qokain.dadam,dcheedy qockheey chdor as aiin chcthhy dchdar chdy qokchedy olkchy qokain dadam
IT2a-n,f104v,"f104v.17,+P0",ycheechy.cheey.cheos.air.otkchedy.cholkchy.qotchdy.qotol.sheedy.orain.cheol,ycheechy cheey cheos air otkchedy cholkchy qotchdy qotol sheedy orain cheol
IT2a-n,f104v,"f104v.18,+P0",dcheeoy.qokaiiin.qokaiin.lkar.ytaiin.otcheochy.sarain<$>,dcheeoy qokaiiin qokaiin lkar ytaiin otcheochy sarain
IT2a-n,f104v,"f104v.19,+P0",<%>pcheor.chol.chpcheor.cholkshedy.qotol.sheedy.qokchy.qotched.sho.fchor.ols.aiin.chekal,pcheor chol chpcheor cholkshedy qotol sheedy qokchy qotched sho fchor ols aiin chekal
IT2a-n,f104v,"f104v.20,+P0",or.sheeo.lcheedy.qokeey.qochey.qotcheedy.qotchedy.qokol.chor.chorol.chdar.otam,or sheeo lcheedy qokeey qochey qotcheedy qotchedy qokol chor chorol chdar otam
IT2a-n,f104v,"f104v.21,+P0",yshor.sheedy.qokaiin.shokchey.qokeey.chodain<$>,yshor sheedy qokaiin shokchey qokeey chodain
IT2a-n,f104v,"f104v.22,+P0",<%>ytchedy.qokchedy.qotchy.qokchedy.qokchd.lsaiin.qchor.sheos.ytaiin.cheytal,ytchedy qokchedy qotchy qokchedy qokchd lsaiin qchor sheos ytaiin cheytal
IT2a-n,f104v,"f104v.23,+P0",tchey.qokchey.qochey.qodeey.qodaiin.chodaiin.chckhdy.dairar.otar.qotair.ol,tchey qokchey qochey qodeey qodaiin chodaiin chckhdy dairar otar qotair ol
IT2a-n,f104v,"f104v.24,+P0",ykoiin.cheor.cheeey.daiiin.cheo.dalaiin.chockhedy.chedaiin.otor.qokar.ary,ykoiin cheor cheeey daiiin cheo dalaiin chockhedy chedaiin otor qokar ary
IT2a-n,f104v,"f104v.25,+P0",dsheey.qoykeey.lchedy.qokedaiin.orchcthy.daiin.cheey.sair.ol.aiin.chedy,dsheey qoykeey lchedy qokedaiin orchcthy daiin cheey sair ol aiin chedy
IT2a-n,f104v,"f104v.26,+P0",ysheor.cheey.qodaiin.chodar.chochs<$>,ysheor cheey qodaiin chodar chochs
IT2a-n,f104v,"f104v.27,+P0",<%>pchoror.shor.sheol.sheol.sheol.qokchedy.chdor.sho.r.aiin.chpchs.aiin.al,pchoror shor sheol sheol sheol qokchedy chdor sho r aiin chpchs aiin al
IT2a-n,f104v,"f104v.28,+P0",olsho.lsair.olcheey.qokeechy.qokchy.daiin.chody.qodaiin.cheody<$>,olsho lsair olcheey qokeechy qokchy daiin chody qodaiin cheody
IT2a-n,f104v,"f104v.29,+P0",<%>kche.shodaiin.qokeey.cheokcheo.lol.kaiin.qotchdy.lcheo.lchedy.lcheed.chaim,kche shodaiin qokeey cheokcheo lol kaiin qotchdy lcheo lchedy lcheed chaim
IT2a-n,f104v,"f104v.30,+P0",ycheol.kaiin.cheody.shaiin.qoeeol.otairor.cheeody.okcheey.lkair.ar.ar.adam,ycheol kaiin cheody shaiin qoeeol otairor cheeody okcheey lkair ar ar adam
IT2a-n,f104v,"f104v.31,+P0",ycheoraiin.cthey.chol.sheody.qokair.qoeey.cheey.lkeedy<$>,ycheoraiin cthey chol sheody qokair qoeey cheey lkeedy
IT2a-n,f104v,"f104v.32,+P0",<%>pchedy.kchedy.cheocphy.orain.cheeos.aiiinro.lcheedy.lcheedy.qosaiin.cfheo.arals.am,pchedy kchedy cheocphy orain cheeos aiiinro lcheedy lcheedy qosaiin cfheo arals am
IT2a-n,f104v,"f104v.33,+P0",yteeey.cheeod.ykeey.kaiin.qokaiin.cheey.or.ol.ar.odar.chedain.etar.arair.ary,yteeey cheeod ykeey kaiin qokaiin cheey or ol ar odar chedain etar arair ary
IT2a-n,f104v,"f104v.34,+P0",ycheo.lkeed.qotain.okaiin.chokain.okain.cheol.olcho<$>,ycheo lkeed qotain okaiin chokain okain cheol olcho
IT2a-n,f104v,"f104v.35,+P0",<%>psheodar.sheedy.qotchedar.oteedy.qotaiin.okaifhhy.sheody.qokedy.topaiin.am,psheodar sheedy qotchedar oteedy qotaiin okaifhhy sheody qokedy topaiin am
IT2a-n,f104v,"f104v.36,+P0",sar.aiir.sheos.qoiiin.okeedy.qokcheodaiin<$>,sar aiir sheos qoiiin okeedy qokcheodaiin
IT2a-n,f104v,"f104v.37,+P0",<%>posairy.ytedar.chedy.shoefcheey.kechy.sar.odl.air.shey.qopcheey.sol.ain.orodam,posairy ytedar chedy shoefcheey kechy sar odl air shey qopcheey sol ain orodam
IT2a-n,f104v,"f104v.38,+P0",okechey.chedy.chchy.qotain.qokain.chey.or.aiin.cheo.or.aiin.chedain.okam,okechey chedy chchy qotain qokain chey or aiin cheo or aiin chedain okam
IT2a-n,f104v,"f104v.39,+P0",ysheey.rar.akain.char.lkeey.roiir.shey.cheey.kas.ar.lkchs.ar.y.rais.alod,ysheey rar akain char lkeey roiir shey cheey kas ar lkchs ar y rais alod
IT2a-n,f104v,"f104v.40,+P0",qokeeey.okchedy.qokeey.aiin.odain.orchedy.qoky<$>,qokeeey okchedy qokeey aiin odain orchedy qoky
IT2a-n,f104v,"f104v.41,+P0",<%>tchedy.qotechy.otcheeo.lkeeda.qoty.raiin.cheedy.qotaiin.oteedy.qotain,tchedy qotechy otcheeo lkeeda qoty raiin cheedy qotaiin oteedy qotain
IT2a-n,f104v,"f104v.42,+P0",oteedchey.qoeeda.lchal.cheedy.qoteey.sheey.tcheo.dar.cheed.qotain.chedy,oteedchey qoeeda lchal cheedy qoteey sheey tcheo dar cheed qotain chedy
IT2a-n,f104v,"f104v.43,+P0",chey.keeey.qockheey.okeey.okeeedy.qokeey.okeeey.qoteodaiin.okain.orom,chey keeey qockheey okeey okeeedy qokeey okeeey qoteodaiin okain orom
IT2a-n,f104v,"f104v.44,+P0",daiin.ycheeo.chey.okeeey.qokeeey.okeey.okeey<$>,daiin ycheeo chey okeeey qokeeey okeey okeey
IT2a-n,f105r,"f105r.1,@P0",<%>paiin.dar.chcphy.qokeey.qopaiin.ypcheeey.saraisl.in.cheedy.kaiin.arody,paiin dar chcphy qokeey qopaiin ypcheeey saraisl in cheedy kaiin arody
IT2a-n,f105r,"f105r.2,+P0",dshees.yey.cheey.raiin.otchdy.qodos.ches.or.cheey.okees.odar.cheody.qody,dshees yey cheey raiin otchdy qodos ches or cheey okees odar cheody qody
IT2a-n,f105r,"f105r.3,+P0",olshey.qodan.odeey.kcheody.cheeo.ar.yteey.ytchy.otedy.qokeedy.qokeey.rol,olshey qodan odeey kcheody cheeo ar yteey ytchy otedy qokeedy qokeey rol
IT2a-n,f105r,"f105r.4,+P0",ykaiin.olkeedy.odaiin.okar.eeeodaiin.yteey.ochedy.qokeeey.oy.teedy.qotam,ykaiin olkeedy odaiin okar eeeodaiin yteey ochedy qokeeey oy teedy qotam
IT2a-n,f105r,"f105r.5,+P0",doiin.yteedy.yteeeody.yl.cheod.or.aiisockhy.otchdy.otey<$>,doiin yteedy yteeeody yl cheod or aiisockhy otchdy otey
IT2a-n,f105r,"f105r.6,+P0",<%>por.arody.shedeeey.qopchedy.qody.qoteody.aiin.yteody.qokor.olpshedy,por arody shedeeey qopchedy qody qoteody aiin yteody qokor olpshedy
IT2a-n,f105r,"f105r.7,+P0",ysheeody.ykeeos.or.aiiin.shey.qodaiiin.qokeed.qokeey.raiin.aiirody,ysheeody ykeeos or aiiin shey qodaiiin qokeed qokeey raiin aiirody
IT2a-n,f105r,"f105r.8,+P0",sheey.oleeey.or.air.qokaiin.chey.qokeedy.qokedy.oteedy.lchedy.oesal,sheey oleeey or air qokaiin chey qokeedy qokedy oteedy lchedy oesal
IT2a-n,f105r,"f105r.9,+P0",oeeolchy.okeeody.okeey.okchey<$>,oeeolchy okeeody okeey okchey
IT2a-n,f105r,"f105r.10,+Pr",<%>sairy<->ore<->daiindy.ytam<$>,sairyoredaiindy ytam
IT2a-n,f105r,"f105r.11,*P0",<%>pdar.oshedy.otcheos.oiiin.al.tchedar.chy.fchosaiin.polaiin.polkeeey.dyaiin,pdar oshedy otcheos oiiin al tchedar chy fchosaiin polaiin polkeeey dyaiin
IT2a-n,f105r,"f105r.12,+P0",yaiir.yteeody.qoeeody.qoeedy.kchedy.qotchdy.otcheey.chey.teeor.ykedy.ry,yaiir yteeody qoeeody qoeedy kchedy qotchdy otcheey chey teeor ykedy ry
IT2a-n,f105r,"f105r.13,+P0",dyteey.qokdy.chedy.chedy.dol.qoked.shedy.qoteody.cheedy.ot<$>,dyteey qokdy chedy chedy dol qoked shedy qoteody cheedy ot
IT2a-n,f105r,"f105r.14,+P0",<%>kesoar.qoeeedy.keeody.dlls.air.shckhy.oekeody.cheody.oeey.qokeeody.sheolkeey,kesoar qoeeedy keeody dlls air shckhy oekeody cheody oeey qokeeody sheolkeey
IT2a-n,f105r,"f105r.15,+P0",lksheey.ol.r.aiin.okeedy.olkeeody.lkaiin.okeeol.oteeol.shod.daiin.aral,lksheey ol r aiin okeedy olkeeody lkaiin okeeol oteeol shod daiin aral
IT2a-n,f105r,"f105r.16,+P0",yteody.oteeeos.aiin.odal.oiir.oteedy.oral<$>,yteody oteeeos aiin odal oiir oteedy oral
IT2a-n,f105r,"f105r.17,+P0",<%>lteedy.okeeddl.sheoked.qokedy.shol.kol.aiirol.qopchedy.daiin.okedy.qlky,lteedy okeeddl sheoked qokedy shol kol aiirol qopchedy daiin okedy qlky
IT2a-n,f105r,"f105r.18,+P0",sheoy.oleedy.daiin.al.chedy.okeeey.chdaiin.otedy.cheoty.oteedy.oteey.chdy,sheoy oleedy daiin al chedy okeeey chdaiin otedy cheoty oteedy oteey chdy
IT2a-n,f105r,"f105r.19,+P0",dsechey.oteol.daiindy.saiin.chedy.laiin.okeeody.okeeyteedy.odaiin.aiiral,dsechey oteol daiindy saiin chedy laiin okeeody okeeyteedy odaiin aiiral
IT2a-n,f105r,"f105r.20,+P0",saiin.chey.teol.ykair.paiir.olkaiin.olfaiin.odar.al.airody.al.teedar.dam,saiin chey teol ykair paiir olkaiin olfaiin odar al airody al teedar dam
IT2a-n,f105r,"f105r.21,+P0",ycheo.lkedy.qoeey.qokedy.qokedal.saiin.otol.shody.chedy.okaiin.chekaim,ycheo lkedy qoeey qokedy qokedal saiin otol shody chedy okaiin chekaim
IT2a-n,f105r,"f105r.22,+P0",olkchokeedy.ypair.opaiin.opail.oteodl.eeol.keey.raiin.ylkaiin.am.ols,olkchokeedy ypair opaiin opail oteodl eeol keey raiin ylkaiin am ols
IT2a-n,f105r,"f105r.23,+P0",dchees.opchey.aeeodeey.chefchey<$>,dchees opchey aeeodeey chefchey
IT2a-n,f105r,"f105r.24,+P0",<%>pcheor.ain.ckheey.okeeey.paiin.ar.aiiin.chpaiikey.sheo.pcheey.dal.daiin.dam,pcheor ain ckheey okeeey paiin ar aiiin chpaiikey sheo pcheey dal daiin dam
IT2a-n,f105r,"f105r.25,+P0",deeedy.cheodkedy.chedy.decthdy.daiiils.airols<$>,deeedy cheodkedy chedy decthdy daiiils airols
IT2a-n,f105r,"f105r.26,+P0",<%>pdal.sheey.yqopchy.airal.sheey.fchdy.qopchdy.raiis.oky.chdedy.qodeedy.qokedy,pdal sheey yqopchy airal sheey fchdy qopchdy raiis oky chdedy qodeedy qokedy
IT2a-n,f105r,"f105r.27,+P0",dair.cho.al.r.lal.cheesy.cphedy<$>,dair cho al r lal cheesy cphedy
IT2a-n,f105r,"f105r.28,+P0",<%>pchsed.sheefy.opchey.qoteedy.qoeey.qokeedy.laiiin.odeaiin.aiir.opair.kechedy,pchsed sheefy opchey qoteedy qoeey qokeedy laiiin odeaiin aiir opair kechedy
IT2a-n,f105r,"f105r.29,+P0",oees.olkeedy.qockhy.raiin.chol.okair.oteedy.qopchedy.odaiin.ypchedy.ykam,oees olkeedy qockhy raiin chol okair oteedy qopchedy odaiin ypchedy ykam
IT2a-n,f105r,"f105r.30,+P0",oleedar.aiildy.dar.oiin.yteey.tair.cheody.qokolky.cheolkary<$>,oleedar aiildy dar oiin yteey tair cheody qokolky cheolkary
IT2a-n,f105r,"f105r.31,+P0",<%>kodeey.lchl.shx.ar.aiidy.cpheesy.okal.lkedy.lkor.chedy.qokaiin.or.fchoky,kodeey lchl shx ar aiidy cpheesy okal lkedy lkor chedy qokaiin or fchoky
IT2a-n,f105r,"f105r.32,+P0",ycheochy.lkeol.daiin.ykair.olkchey.dar.qopchdy.dair.otar.ar.adam,ycheochy lkeol daiin ykair olkchey dar qopchdy dair otar ar adam
IT2a-n,f105r,"f105r.33,+P0",okeeodair.oteey.lkeey.teeolteedy.otokal.oraiiin.qokaiin.ar.airod,okeeodair oteey lkeey teeolteedy otokal oraiiin qokaiin ar airod
IT2a-n,f105r,"f105r.34,+P0",dor.ail.cheky.kar.odaiin.ykl.al.oees.al.ar.alkam<$>,dor ail cheky kar odaiin ykl al oees al ar alkam
IT2a-n,f105r,"f105r.35,+P0",<%>ypchedy.okaiir.opcheedy.qokair.dar.kol.otar.ol.qokal.kor.orol.pchey.ofory,ypchedy okaiir opcheedy qokair dar kol otar ol qokal kor orol pchey ofory
IT2a-n,f105r,"f105r.36,+P0",dyteey.otedaiin.otar.ol.chedy.ted.qotar.oteodar.otam.ytedy.otaiin<$>,dyteey otedaiin otar ol chedy ted qotar oteodar otam ytedy otaiin
IT2a-n,f105r,"f105r.37,+Pc",<%>otoiis.chedaiin.otair.otaly<$>,otoiis chedaiin otair otaly
IT2a-n,f105v,"f105v.1,@P0",<%>polairy.oair.olpcheey.ykaiin.olpchedy.opchedaiin.dairody.ypcheddy.sairy,polairy oair olpcheey ykaiin olpchedy opchedaiin dairody ypcheddy sairy
IT2a-n,f105v,"f105v.2,+P0",ysheod.ykeeedy.keshed.qodaiin.oteodair.or.chkas.otaiin.chpor.or.otchy.otor,ysheod ykeeedy keshed qodaiin oteodair or chkas otaiin chpor or otchy otor
IT2a-n,f105v,"f105v.3,+P0",dshedy.qoedaiin.ytoiin.okair.qotol.dol.okoldy.qokedy.opched.oteedy.qotaiin,dshedy qoedaiin ytoiin okair qotol dol okoldy qokedy opched oteedy qotaiin
IT2a-n,f105v,"f105v.4,+P0",olkeeol.orchsey.qokeedy.chdor.olar.ol.keeol.chedaiin<$>,olkeeol orchsey qokeedy chdor olar ol keeol chedaiin
IT2a-n,f105v,"f105v.5,+P0",<%>pchedal.qopchdy.daiin.chedy.daiin.okaildy.opchedaiin.opcheo.olkeedy.sairom,pchedal qopchdy daiin chedy daiin okaildy opchedaiin opcheo olkeedy sairom
IT2a-n,f105v,"f105v.6,+P0",dcheo.fcheeody.ckheey.dar.aiin.al.dar.ar.daiiidy.otedy.oteody.ytaiin.g,dcheo fcheeody ckheey dar aiin al dar ar daiiidy otedy oteody ytaiin g
IT2a-n,f105v,"f105v.7,+P0",ycheeo.lkaiin.otair.ol.olkaiin.okairody.lchedr<$>,ycheeo lkaiin otair ol olkaiin okairody lchedr
IT2a-n,f105v,"f105v.8,+P0",<%>fodal.kedar.olpchesd.araiin.ksheeol.opchedy.pchedy.opcheddl.pchdar.air.odar,fodal kedar olpchesd araiin ksheeol opchedy pchedy opcheddl pchdar air odar
IT2a-n,f105v,"f105v.9,+P0",lcheey.qoeees.y.daiin.okairy.otchedy.ockhedy.otchey.daiin.or.r.ain.ookam,lcheey qoeees y daiin okairy otchedy ockhedy otchey daiin or r ain ookam
IT2a-n,f105v,"f105v.10,+P0",ykeey.ky.che.oiiin.dal.kaiin.okairo.lkair.chedy.sodar.air.al.oral.odam,ykeey ky che oiiin dal kaiin okairo lkair chedy sodar air al oral odam
IT2a-n,f105v,"f105v.11,+P0",roees.aiiin.ol.okaiin.os.aiin.chckhoda.qoteedy.ckhddl.aiis.opar.kaiishdy,roees aiiin ol okaiin os aiin chckhoda qoteedy ckhddl aiis opar kaiishdy
IT2a-n,f105v,"f105v.12,+P0",ysheedy.aiin.okeol.ykedor.ar.ar.alkair.otos.otaiin.otal.tair.am,ysheedy aiin okeol ykedor ar ar alkair otos otaiin otal tair am
IT2a-n,f105v,"f105v.13,+P0",saiin.opchedy.qokchdy.otar.al.kair.okees.lkeedal<$>,saiin opchedy qokchdy otar al kair okees lkeedal
IT2a-n,f105v,"f105v.14,+P0",<%>pchedaiin.chckhdy.qokaiir.olpchedy.olord.aiiin.kail.odar.kard.chtchy,pchedaiin chckhdy qokaiir olpchedy olord aiiin kail odar kard chtchy
IT2a-n,f105v,"f105v.15,+P0",ycheey.kar.ykeey.otaiin.otal.dar.chdos.kalchedy.opchdy.daiin.oraiin.r,ycheey kar ykeey otaiin otal dar chdos kalchedy opchdy daiin oraiin r
IT2a-n,f105v,"f105v.16,+P0",daiin.cheey.dal.chl.okair.aiin.cpheor.aiin.okal.chodaiin.otaiin.opaiim,daiin cheey dal chl okair aiin cpheor aiin okal chodaiin otaiin opaiim
IT2a-n,f105v,"f105v.17,+P0",olr.aiin.chey.lraiin.lkl.dl.lklor.daiiiolkaiin<$>,olr aiin chey lraiin lkl dl lklor daiiiolkaiin
IT2a-n,f105v,"f105v.18,+P0",<%>pchor.chedaiin.okaiin.cholkal.qolkaiin.oltchdy.qopchsd.opair.orair.karaim,pchor chedaiin okaiin cholkal qolkaiin oltchdy qopchsd opair orair karaim
IT2a-n,f105v,"f105v.19,+P0",ycheey.aiin.otleey.lkaiir.cheeo.taiin.okeed.ail.kchey.rokaix.am<$>,ycheey aiin otleey lkaiir cheeo taiin okeed ail kchey rokaix am
IT2a-n,f105v,"f105v.20,+P0",<%>porair.chopchdy.chedain.otair.otchod.aiin.alol.cheo.ypchedy.kair.odl.lpaim,porair chopchdy chedain otair otchod aiin alol cheo ypchedy kair odl lpaim
IT2a-n,f105v,"f105v.21,+P0",ykeeo.daiim.sheey.qokaiin.cheotdaiin.qoekeeykeody.qopaiin.or.aiikam,ykeeo daiim sheey qokaiin cheotdaiin qoekeeykeody qopaiin or aiikam
IT2a-n,f105v,"f105v.22,+P0",daiin.cheodaiin.chedal.air.okaiin.cheey<$>,daiin cheodaiin chedal air okaiin cheey
IT2a-n,f105v,"f105v.23,+P0",<%>tcholkaiin.odal.kl.chees.aiiin.shees.qopdaiin.chodr.alkeey.paradam,tcholkaiin odal kl chees aiiin shees qopdaiin chodr alkeey paradam
IT2a-n,f105v,"f105v.24,+P0",alcheey.okaiin.otar.oto.daiin.ckheol.lkol.fchedypaiin<$>,alcheey okaiin otar oto daiin ckheol lkol fchedypaiin
IT2a-n,f105v,"f105v.25,+P0",<%>kchdaldy.alfo.lfcheedy.ofaiis.opchey.fchedy.qotor.oeeeodr.qopar.aifhhy.dl,kchdaldy alfo lfcheedy ofaiis opchey fchedy qotor oeeeodr qopar aifhhy dl
IT2a-n,f105v,"f105v.26,+P0",lkl.sheeodees.otaiin.otar.otal.or.aiin.chedor.alkaiin.chs.alkaiin.ry,lkl sheeodees otaiin otar otal or aiin chedor alkaiin chs alkaiin ry
IT2a-n,f105v,"f105v.27,+P0",sheoe.arxor.eesy.qopcheoain.orkchdy.daiin.oteedy.kol.kair.otaiilody,sheoe arxor eesy qopcheoain orkchdy daiin oteedy kol kair otaiilody
IT2a-n,f105v,"f105v.28,+P0",oeoar.ar.al.odor.aiil.otaiin<$>,oeoar ar al odor aiil otaiin
IT2a-n,f105v,"f105v.29,+P0",<%>tdol.tor.oaldar.aiir.otokeedy.karody.qoeedy.sho.qopchedy.daiin.opairam,tdol tor oaldar aiir otokeedy karody qoeedy sho qopchedy daiin opairam
IT2a-n,f105v,"f105v.30,+P0",dchedy.cheey.qokor.otaiin.otair.otair.okeedy.taiin.aiin.s.aiin.sy,dchedy cheey qokor otaiin otair otair okeedy taiin aiin s aiin sy
IT2a-n,f105v,"f105v.31,+P0",ychtaiis.aiichy.dol.aiin.otaiin.aiidy.okchd.otor.daiin<$>,ychtaiis aiichy dol aiin otaiin aiidy okchd otor daiin
IT2a-n,f105v,"f105v.32,+P0",<%>poar.keeo.daiin.qoair.ar.aiphhey.qoeedeody.qokaiin.qotedais.aporair.apy,poar keeo daiin qoair ar aiphhey qoeedeody qokaiin qotedais aporair apy
IT2a-n,f105v,"f105v.33,+P0",lsheody.tair.oteey.oteeo.ol.otaiin.okeey.qokaiin.ar.aiir.al.dal,lsheody tair oteey oteeo ol otaiin okeey qokaiin ar aiir al dal
IT2a-n,f105v,"f105v.34,+P0",sheeo.daiin.chsd.qokeeey.dair.okaiin.otaiin.chedaiin.olkal.lkl.dain,sheeo daiin chsd qokeeey dair okaiin otaiin chedaiin olkal lkl dain
IT2a-n,f105v,"f105v.35,+P0",doee.okcheeo.lkaiin.otcheedy.chor.aiin.odaiin.chedy.otaiin.al.kaishd,doee okcheeo lkaiin otcheedy chor aiin odaiin chedy otaiin al kaishd
IT2a-n,f105v,"f105v.36,+P0",laiin.sheod.okeeody.qoaiin.ytaiin.otair.chdal.dydaim.chdaiin.ockhhy,laiin sheod okeeody qoaiin ytaiin otair chdal dydaim chdaiin ockhhy
IT2a-n,f105v,"f105v.37,+P0",yshey.ckhy.sheo.qoeeo.lkaiin.chs.okol.tchdy.sheeey.okaiin.ar.aildy,yshey ckhy sheo qoeeo lkaiin chs okol tchdy sheeey okaiin ar aildy
IT2a-n,f105v,"f105v.38,+P0",cheody.oaiir.aiin.okshey<$>,cheody oaiir aiin okshey
IT2a-n,f106r,"f106r.1,@P0",<%>pshdar.shoefy.yteedy.shol.korchy.sheky.otchedy.okshed.qotedy.qoted.yteeody,pshdar shoefy yteedy shol korchy sheky otchedy okshed qotedy qoted yteeody
IT2a-n,f106r,"f106r.2,+P0",shedchy.ytchedy.chees.otshes.okcho.chdy.qoteedy.ched.chedy.chedy.qotar.rod,shedchy ytchedy chees otshes okcho chdy qoteedy ched chedy chedy qotar rod
IT2a-n,f106r,"f106r.3,+P0",dshes.lchedy.lkchedy.ytchdy.orcheos<$>,dshes lchedy lkchedy ytchdy orcheos
IT2a-n,f106r,"f106r.4,+P0",<%>pcheo.dair.okchedy.olkeeedy.or.arody.qopchdy.shol.fchdy.cheoky.lchedy.qokam,pcheo dair okchedy olkeeedy or arody qopchdy shol fchdy cheoky lchedy qokam
IT2a-n,f106r,"f106r.5,+P0",ysheor.aiin.char.okaiin.qokeechy.checkhy.qokeod.ar.qokeo.lkeo.leeo.ram,ysheor aiin char okaiin qokeechy checkhy qokeod ar qokeo lkeo leeo ram
IT2a-n,f106r,"f106r.6,+P0",shor.sheor.orkchsd.otairor.qokeeo.raiin.qokeeo.lchedy.olchedy.qokeol.qoky,shor sheor orkchsd otairor qokeeo raiin qokeeo lchedy olchedy qokeol qoky
IT2a-n,f106r,"f106r.7,+P0",olched.qoiin.ychedy.qokam.sheol.qokor.cheees<$>,olched qoiin ychedy qokam sheol qokor cheees
IT2a-n,f106r,"f106r.8,+P0",<%>porarchy.oror.olkaiin.shedy.oteedy.qotor.qoteedo.qoteedy.dair.okeedaim,porarchy oror olkaiin shedy oteedy qotor qoteedo qoteedy dair okeedaim
IT2a-n,f106r,"f106r.9,+P0",ychor.chol.qokain.chocphol.lchedy.qocheo.qokar<$>,ychor chol qokain chocphol lchedy qocheo qokar
IT2a-n,f106r,"f106r.10,+P0",<%>pshoair.lkeeshedy.qokain.cheoly.qokedy.lchedy.qokedy.otedy.qotoky,pshoair lkeeshedy qokain cheoly qokedy lchedy qokedy otedy qotoky
IT2a-n,f106r,"f106r.11,+P0",sar.aiin.cheol.aiin.cheokey.raiin.chokar.cholky.okeees.aiin.okeey.lchg,sar aiin cheol aiin cheokey raiin chokar cholky okeees aiin okeey lchg
IT2a-n,f106r,"f106r.12,+P0",okeey.lcheedy.olkeey.qokeeo.dchedy<$>,okeey lcheedy olkeey qokeeo dchedy
IT2a-n,f106r,"f106r.13,+P0",<%>pcheol.sheokaiin.otey.qokeeor.sheo.aiin.otchey.pcheo.ror.aiin.daiin.opal,pcheol sheokaiin otey qokeeor sheo aiin otchey pcheo ror aiin daiin opal
IT2a-n,f106r,"f106r.14,+P0",ychol.okaiin.olcheey.dolchedy.otais.otal.chedy.okeor<$>,ychol okaiin olcheey dolchedy otais otal chedy okeor
IT2a-n,f106r,"f106r.15,+P0",<%>podaroar.oteeolchor.shol.tchedy.chotar.opchedy.opches.aiin.okchdam,podaroar oteeolchor shol tchedy chotar opchedy opches aiin okchdam
IT2a-n,f106r,"f106r.16,+P0",sain.oin.okain.aiin.arol.ocheedy.lkeeeody.daiin.chedar.okol.otar.chdam,sain oin okain aiin arol ocheedy lkeeeody daiin chedar okol otar chdam
IT2a-n,f106r,"f106r.17,+P0",yochor.lshedy.qockhey.qokedain.or.aiin.chodar<$>,yochor lshedy qockhey qokedain or aiin chodar
IT2a-n,f106r,"f106r.18,+P0",<%>kshed.dsheol.qokeedy.otol.okeedy.lkeedar.sheopchy.qopchy.qotolchy.qoty.chdy,kshed dsheol qokeedy otol okeedy lkeedar sheopchy qopchy qotolchy qoty chdy
IT2a-n,f106r,"f106r.19,+P0",otchedy.qokeey.shosaiin.qokaiin.okain.cholkeeey.ltal.olcheey.qotchoraiin.y,otchedy qokeey shosaiin qokaiin okain cholkeeey ltal olcheey qotchoraiin y
IT2a-n,f106r,"f106r.20,+P0",ytaiin.cheey.qokaiin.shaiin.qokeedy.sail.chedy.cheodal.qochedy.qokaiin,ytaiin cheey qokaiin shaiin qokeedy sail chedy cheodal qochedy qokaiin
IT2a-n,f106r,"f106r.21,+P0",olkeedy.qokchedy.cheo.lkeedy.chearaiin.okain<$>,olkeedy qokchedy cheo lkeedy chearaiin okain
IT2a-n,f106r,"f106r.22,+P0",<%>tshodair.olkeees.odain.qokeedy.opchor.aror.pcheeody.daiir.opchedy.opchody,tshodair olkeees odain qokeedy opchor aror pcheeody daiir opchedy opchody
IT2a-n,f106r,"f106r.23,+P0",ychedy.qckhedy.dair.al.qokedy.shecphy.qokchy.otedy.dar.aror<$>,ychedy qckhedy dair al qokedy shecphy qokchy otedy dar aror
IT2a-n,f106r,"f106r.24,+P0",<%>podshedy.qokchedy.lkechor.otchodar.cho.lky.chedar.otaiin.chkchedaram,podshedy qokchedy lkechor otchodar cho lky chedar otaiin chkchedaram
IT2a-n,f106r,"f106r.25,+P0",soraiin.cheeo.lo.lchey.qokaiin.shedy.okain.shear.qokain.chees.ykarain,soraiin cheeo lo lchey qokaiin shedy okain shear qokain chees ykarain
IT2a-n,f106r,"f106r.26,+P0",ycheeo.lkeey<$>,ycheeo lkeey
IT2a-n,f106r,"f106r.27,+P0",<%>tcheoko.lkshedy.qokaiin.lky.raiin.chy.rody.chlar.cheeorfor.cheoly,tcheoko lkshedy qokaiin lky raiin chy rody chlar cheeorfor cheoly
IT2a-n,f106r,"f106r.28,+P0",okaiin.ol.lcho.rcheo.raiin.qokaiin.chey.chokaiin.chear.ar.ol.rarolchl,okaiin ol lcho rcheo raiin qokaiin chey chokaiin chear ar ol rarolchl
IT2a-n,f106r,"f106r.30,+P0",ycheeo.lkaiin.cho.ror.sheol.kain.shor.sar.aiiry.sheo.al.kairam,ycheeo lkaiin cho ror sheol kain shor sar aiiry sheo al kairam
IT2a-n,f106r,"f106r.31,+P0",yshar.chkar.aiiiky.ral.cheol.oraiin<$>,yshar chkar aiiiky ral cheol oraiin
IT2a-n,f106r,"f106r.32,+P0",<%>poral.sho.keeody.qokain.chckhy.olteeedy.qopches.al.karchy.qotedary,poral sho keeody qokain chckhy olteeedy qopches al karchy qotedary
IT2a-n,f106r,"f106r.33,+P0",ycheol.chokaiin.sheody.chody.qokaiin.ar.akair.aiir.okaly<$>,ycheol chokaiin sheody chody qokaiin ar akair aiir okaly
IT2a-n,f106r,"f106r.34,+P0",<%>tcheorsho.lkshey.lpcheo.ro.lpchey.oporaiin.chpchy.qopcheody.qotar.ain,tcheorsho lkshey lpcheo ro lpchey oporaiin chpchy qopcheody qotar ain
IT2a-n,f106r,"f106r.35,+P0",okaiin.choky.lkar.chdy.lchedy<$>,okaiin choky lkar chdy lchedy
IT2a-n,f106r,"f106r.36,+P0",<%>psheodalo.dar.sheodal.qotedy.qotes.aiin.okalal.shdy.otaiin.shedy,psheodalo dar sheodal qotedy qotes aiin okalal shdy otaiin shedy
IT2a-n,f106r,"f106r.37,+P0",tchodaiin.tcheo.dlchy<$>,tchodaiin tcheo dlchy
IT2a-n,f106r,"f106r.38,+P0",<%>pshodaiin.opchy.shoteeody.shotchey.yteey.sholfaiin.opchdy.lchdy.dol,pshodaiin opchy shoteeody shotchey yteey sholfaiin opchdy lchdy dol
IT2a-n,f106r,"f106r.39,+P0",ycheool.cheeey.ol.aiin.cheody.laiiin.chekol.cheey.okchar.aiin.aloal,ycheool cheeey ol aiin cheody laiiin chekol cheey okchar aiin aloal
IT2a-n,f106r,"f106r.40,+P0",shaiin.ar.aiin.sheey.lkaiin.sheedy.shedy.qokal.chey.okaiin.chdaldy,shaiin ar aiin sheey lkaiin sheedy shedy qokal chey okaiin chdaldy
IT2a-n,f106r,"f106r.41,+P0",dair.al.sheod.shedy.chol.chedy.cheol.shory<$>,dair al sheod shedy chol chedy cheol shory
IT2a-n,f106r,"f106r.42,+P0",<%>pcheodar.shol.kain.okshchedy.qoteey.shotchy.qoty.lpaiin.shedy.lar,pcheodar shol kain okshchedy qoteey shotchy qoty lpaiin shedy lar
IT2a-n,f106r,"f106r.43,+P0",daiiral.sheol.daiin.otedy.qokain.akar.cheor.al.taiin.chekal.otaras,daiiral sheol daiin otedy qokain akar cheor al taiin chekal otaras
IT2a-n,f106r,"f106r.44,+P0",dshedy.qoteey.otaiin.chy.chealol.chlchd.aiin.oty.otair.otaiikam,dshedy qoteey otaiin chy chealol chlchd aiin oty otair otaiikam
IT2a-n,f106r,"f106r.45,+P0",ysheedal.okain.okain.otar.kaiin.chdalkair.olkair.alkeedy.okal,ysheedal okain okain otar kaiin chdalkair olkair alkeedy okal
IT2a-n,f106r,"f106r.46,+P0",sotchdaiin.shodaiin.otedy.qokeedy.qokaiin.ykar.qokain.cheedy.lol,sotchdaiin shodaiin otedy qokeedy qokaiin ykar qokain cheedy lol
IT2a-n,f106r,"f106r.47,+P0",ycheoar.okain.qokain.char.oky.cheokam<$>,ycheoar okain qokain char oky cheokam
IT2a-n,f106v,"f106v.1,@P0",<%>fsheda.loain.opaiiral.oteo.daiin.chopchy.otair.kar.alalor.aiin.aly.kar,fsheda loain opaiiral oteo daiin chopchy otair kar alalor aiin aly kar
IT2a-n,f106v,"f106v.2,+P0",daiin.al.sheeodar.ychtain.chor.otar.qokar.okar.shed.sheo.keor.ain.amchy,daiin al sheeodar ychtain chor otar qokar okar shed sheo keor ain amchy
IT2a-n,f106v,"f106v.3,+P0",yshedaiin.shckhy.cheokchy.sar.al.cholchedy.ytain.otar.ol.chdy.daly.lody,yshedaiin shckhy cheokchy sar al cholchedy ytain otar ol chdy daly lody
IT2a-n,f106v,"f106v.4,+P0",ycheoto.lsheo.aiin.chcthy.okain.chdal.chdam.charam<$>,ycheoto lsheo aiin chcthy okain chdal chdam charam
IT2a-n,f106v,"f106v.5,+P0",<%>tshoar.oeey.qokain.shypchedy.opched.qopchedy.otaiin.chepar.aiin.octhy.dair.ry,tshoar oeey qokain shypchedy opched qopchedy otaiin chepar aiin octhy dair ry
IT2a-n,f106v,"f106v.6,+P0",daiin.shody.kchedy.sheody.olkaiin.shkar.chody.talshdy.qokain.kararo,daiin shody kchedy sheody olkaiin shkar chody talshdy qokain kararo
IT2a-n,f106v,"f106v.7,+P0",soy.sheolshody.chain.shol.kain.shokaiin.qotaiin.chodar.ail.dal.dar.loror,soy sheolshody chain shol kain shokaiin qotaiin chodar ail dal dar loror
IT2a-n,f106v,"f106v.8,+P0",oraiin.cheo.rol.aiin.otaiin<$>,oraiin cheo rol aiin otaiin
IT2a-n,f106v,"f106v.9,+P0",<%>tshodaiin.sholkair.orain.kar.aiin.shtchy.qopchdy.qopchy.lolkair.sheas.am,tshodaiin sholkair orain kar aiin shtchy qopchdy qopchy lolkair sheas am
IT2a-n,f106v,"f106v.10,+P0",ysheody.cheol.oteey.qodaiin.ytain.ychdy.oltydy<$>,ysheody cheol oteey qodaiin ytain ychdy oltydy
IT2a-n,f106v,"f106v.11,+P0",<%>tchdys.ar.chedo.oteeody.kshedy.qotchdy.qotar.shedy.qotedy.opchy.kaiin.sham,tchdys ar chedo oteeody kshedy qotchdy qotar shedy qotedy opchy kaiin sham
IT2a-n,f106v,"f106v.12,+P0",ycheey.qoeedy.chodain.otal.chdy.qokaiin.chokaiin.chody.qokal.otal.otam,ycheey qoeedy chodain otal chdy qokaiin chokaiin chody qokal otal otam
IT2a-n,f106v,"f106v.13,+P0",olkeeal.kchedy.qoeeey.ral.ches.al.ytar.shsy.lchey.ykaiin.shy.lkam,olkeeal kchedy qoeeey ral ches al ytar shsy lchey ykaiin shy lkam
IT2a-n,f106v,"f106v.14,+P0",schedy.raiin.char.arshey.chedy.aiiin.alkam<$>,schedy raiin char arshey chedy aiiin alkam
IT2a-n,f106v,"f106v.15,+P0",<%>kcheo.okar.shedy.qofchdy.otshedy.qokchdy.qotshdy.qokchdy.kair.alo.dy,kcheo okar shedy qofchdy otshedy qokchdy qotshdy qokchdy kair alo dy
IT2a-n,f106v,"f106v.16,+P0",sarar.okeor.aiin.chotal.shody.qotchdy.qotar.shedy.chodal.chedy.qotam,sarar okeor aiin chotal shody qotchdy qotar shedy chodal chedy qotam
IT2a-n,f106v,"f106v.17,+P0",salar.sheodar.okain.qedaiin.chodal<$>,salar sheodar okain qedaiin chodal
IT2a-n,f106v,"f106v.18,+P0",<%>pshodalos.qokshdy.qokshy.opchdy.qokshd.ar.shdar.oeedy.qotaly.dairy,pshodalos qokshdy qokshy opchdy qokshd ar shdar oeedy qotaly dairy
IT2a-n,f106v,"f106v.19,+P0",dar.shy.otaiin.otal.chedy.rain.olaiin.otaiin.sain<$>,dar shy otaiin otal chedy rain olaiin otaiin sain
IT2a-n,f106v,"f106v.20,+P0",<%>polchs.lkaiir.shokar.choefy.shor.qokor.sheeo.kolshes.okcharaiin,polchs lkaiir shokar choefy shor qokor sheeo kolshes okcharaiin
IT2a-n,f106v,"f106v.21,+P0",ycheo.lkaiin.cheolchdaiin.osaiin.okal.sheedy.qokchedy<$>,ycheo lkaiin cheolchdaiin osaiin okal sheedy qokchedy
IT2a-n,f106v,"f106v.22,+P0",<%>tshod.qokchy.qokaiin.okshy.qokar.shedy.shey.qopshedy.shdykairy.lam,tshod qokchy qokaiin okshy qokar shedy shey qopshedy shdykairy lam
IT2a-n,f106v,"f106v.23,+P0",olkalol.shor.chor.okal.chdy.chol.chedy.qotaiin.oraiin.okeedy.qokain,olkalol shor chor okal chdy chol chedy qotaiin oraiin okeedy qokain
IT2a-n,f106v,"f106v.24,+P0",saraiin.solshedy.qokchdy.qokol.chdaiin.chdal.air.odl.charain.okaifhy,saraiin solshedy qokchdy qokol chdaiin chdal air odl charain okaifhy
IT2a-n,f106v,"f106v.25,+P0",sar.sheol.chol.shar.chol.okarol<$>,sar sheol chol shar chol okarol
IT2a-n,f106v,"f106v.26,+P0",<%>tar.air.kshdain.okal.chdy.lchedy.kshar.chopchy.otches.ar.al.opchdy,tar air kshdain okal chdy lchedy kshar chopchy otches ar al opchdy
IT2a-n,f106v,"f106v.27,+P0",olcheo.odaiin.sheotal.shoor.qokeey.o.arar<$>,olcheo odaiin sheotal shoor qokeey o arar
IT2a-n,f106v,"f106v.28,+P0",<%>psheody.olkeedy.qokor.sheos.choty.qotaiin.oteody.otaiin.qokar.oty.dy,psheody olkeedy qokor sheos choty qotaiin oteody otaiin qokar oty dy
IT2a-n,f106v,"f106v.29,+P0",ycheey.olchey.chedy.qotaiin.cheos.otaiin.otain.chotar.olos.aiin.cheom,ycheey olchey chedy qotaiin cheos otaiin otain chotar olos aiin cheom
IT2a-n,f106v,"f106v.30,+P0",otaiin.okochey.qody.oinysarx.okeey.oteedy.ksheody.qokeedy.qotokody,otaiin okochey qody oinysarx okeey oteedy ksheody qokeedy qotokody
IT2a-n,f106v,"f106v.31,+P0",sheeey.ko.shody.chosaiin.olcham<$>,sheeey ko shody chosaiin olcham
IT2a-n,f106v,"f106v.32,+P0",<%>tolos.shdair.sheky.keedy.qoeedy.qofchedy.sair.al.pchedy.ypodaiin.saram,tolos shdair sheky keedy qoeedy qofchedy sair al pchedy ypodaiin saram
IT2a-n,f106v,"f106v.33,+P0",choaiin.ody.qotar.chey.ol.aiin.chey.dychy<$>,choaiin ody qotar chey ol aiin chey dychy
IT2a-n,f106v,"f106v.34,+P0",<%>pchodaiin.kcheeor.al.ky.shcthy.otos.ar.odal.pcheody.qotaiin.otor.alodam,pchodaiin kcheeor al ky shcthy otos ar odal pcheody qotaiin otor alodam
IT2a-n,f106v,"f106v.35,+P0",shody.shockhy.qokeey.qokchol.kchedy.shdy.kchedy.chedy.qockhey.okaiin.al,shody shockhy qokeey qokchol kchedy shdy kchedy chedy qockhey okaiin al
IT2a-n,f106v,"f106v.36,+P0",sol.sheedy.qokaiin.cholkaiin<$>,sol sheedy qokaiin cholkaiin
IT2a-n,f106v,"f106v.37,+P0",<%>pyoaly.cheo.aiir.al.kcheodar.qodaiin.shcphoor.shedy.otedar.opol.fchedy.odr,pyoaly cheo aiir al kcheodar qodaiin shcphoor shedy otedar opol fchedy odr
IT2a-n,f106v,"f106v.38,+P0",okcheody.qokeey.otchey.qokeey.qokeedal.qokchkeey.qol.rody.raiin.oty,okcheody qokeey otchey qokeey qokeedal qokchkeey qol rody raiin oty
IT2a-n,f106v,"f106v.39,+P0",qokaiin.chey.kar.oteol<$>,qokaiin chey kar oteol
IT2a-n,f106v,"f106v.40,+P0",<%>ko.sheody.qody.ches.aiin.dairair.opchedy.pchdy.kolchedy.tcheodar.podkor,ko sheody qody ches aiin dairair opchedy pchdy kolchedy tcheodar podkor
IT2a-n,f106v,"f106v.41,+P0",otedy.qoar.cheey.kaiin.qoteeody.okaiin.oteey.qoteedy.choty<$>,otedy qoar cheey kaiin qoteeody okaiin oteey qoteedy choty
IT2a-n,f106v,"f106v.42,+P0",<%>pychal.shedy.qoteedy.cheyky.okedaiin.otedy.odaiin.chdy.chy.keedy.lkey,pychal shedy qoteedy cheyky okedaiin otedy odaiin chdy chy keedy lkey
IT2a-n,f106v,"f106v.43,+P0",chedy.okeey.qokeedy.okeey.cheey.qokaiin.al.al.kalos.chedy.dkain.chcthy,chedy okeey qokeedy okeey cheey qokaiin al al kalos chedy dkain chcthy
IT2a-n,f106v,"f106v.44,+P0",cthey.chey.okal.chey.keey.rain.okeeo.otaiin.chedar.oteedy.otol.oty,cthey chey okal chey keey rain okeeo otaiin chedar oteedy otol oty
IT2a-n,f106v,"f106v.45,+P0",ysoir.okeey.cheodain.chey.tchar.oqotaiin.oty.raral.oteey.sar.aildy,ysoir okeey cheodain chey tchar oqotaiin oty raral oteey sar aildy
IT2a-n,f106v,"f106v.46,+P0",ytar.okain.cheokaiin.chedy.okeeey.chkaiin.ol.oky.raiin.cheoar.chos,ytar okain cheokaiin chedy okeeey chkaiin ol oky raiin cheoar chos
IT2a-n,f106v,"f106v.47,+P0",dcheoain.shky<$>,dcheoain shky
IT2a-n,f107r,"f107r.1,@P0",<%>pchdlar.sheolor.ykeeol.qokchy.otor.okeesodar.tarair.oteey.otaiin.ytar,pchdlar sheolor ykeeol qokchy otor okeesodar tarair oteey otaiin ytar
IT2a-n,f107r,"f107r.2,+P0",dchey.qoteos.aiin.shedy.oteed.qor.aiin.cheockhy.olkeey.qotain.chey.qeeey.lor,dchey qoteos aiin shedy oteed qor aiin cheockhy olkeey qotain chey qeeey lor
IT2a-n,f107r,"f107r.3,+P0",olcheey.sheos.qokeeey.ycheedy.qotain.ykain.okeey.raiin<$>,olcheey sheos qokeeey ycheedy qotain ykain okeey raiin
IT2a-n,f107r,"f107r.4,+P0",<%>teeody.chedain.qoteey.qokar.deeo.ltedy.otar.ain.chady.otokcho.qoked.okchedy,teeody chedain qoteey qokar deeo ltedy otar ain chady otokcho qoked okchedy
IT2a-n,f107r,"f107r.5,+P0",olkchedy.tedy.oteeey.okchedy.qokeed.qokear.chedy.chokchedy.qokain.ar,olkchedy tedy oteeey okchedy qokeed qokear chedy chokchedy qokain ar
IT2a-n,f107r,"f107r.6,+P0",okcheey.qokeedy.chotchedy.daiin.ar.oteey.lteey.chedaiin.okchey.otaiin.am,okcheey qokeedy chotchedy daiin ar oteey lteey chedaiin okchey otaiin am
IT2a-n,f107r,"f107r.7,+P0",ytaiin.cheotchey.okaiin.chckhy.okeedy.otcheey<$>,ytaiin cheotchey okaiin chckhy okeedy otcheey
IT2a-n,f107r,"f107r.8,+P0",<%>torshor.sheeey.oteeol.qokeey.qokedy.lkaiin.qokaiin.qokor.al.okirolcy,torshor sheeey oteeol qokeey qokedy lkaiin qokaiin qokor al okirolcy
IT2a-n,f107r,"f107r.9,+P0",okoiin.sheey.tcheol.kain.okeey.chedy.okeedy.chdykchedy.chey.kain.an,okoiin sheey tcheol kain okeey chedy okeedy chdykchedy chey kain an
IT2a-n,f107r,"f107r.10,+P0",yteedy.qokeedy.okeol.lchedy.qokal.lor.sheal.cheedaiin.chey.sair.alom,yteedy qokeedy okeol lchedy qokal lor sheal cheedaiin chey sair alom
IT2a-n,f107r,"f107r.11,+P0",cheeo.cheeol.qokaiin.ytain.ykeeol.l.or.aiin.okaiin.ekar.okaiin.otaram,cheeo cheeol qokaiin ytain ykeeol l or aiin okaiin ekar okaiin otaram
IT2a-n,f107r,"f107r.12,+P0",ychol.chal.lor.aiir.aiinal<$>,ychol chal lor aiir aiinal
IT2a-n,f107r,"f107r.13,+P0",<%>polchls.aiin.sheky.qokaiin.opchal.shedy.pshedaiin.otodal.shedy.otaral,polchls aiin sheky qokaiin opchal shedy pshedaiin otodal shedy otaral
IT2a-n,f107r,"f107r.14,+P0",cthedy.lshedy.cheol.chear.or.alam.chtaiin.otar.aiin.chey.qokaiin.otain,cthedy lshedy cheol chear or alam chtaiin otar aiin chey qokaiin otain
IT2a-n,f107r,"f107r.15,+P0",ychol.oiin.chey.qockhal.shal.otaraiin.sheky.okeeey.raiin.airal<$>,ychol oiin chey qockhal shal otaraiin sheky okeeey raiin airal
IT2a-n,f107r,"f107r.16,+P0",<%>tolshosor.olkeedy.qotaiin.otalar.opcheol.qeeoy.shey.kais.otaiin.am,tolshosor olkeedy qotaiin otalar opcheol qeeoy shey kais otaiin am
IT2a-n,f107r,"f107r.17,+P0",sair.chey.losaiin.chey<$>,sair chey losaiin chey
IT2a-n,f107r,"f107r.18,+P0",<%>poalosy.shey.tar.aiphy.farsheey.fol.rolchy.sheey.opalkaiin.ypaiin.al,poalosy shey tar aiphy farsheey fol rolchy sheey opalkaiin ypaiin al
IT2a-n,f107r,"f107r.19,+P0",oaiin.ol.rar.sheey.ylar.aiin.cholal.dy.cheeody.okeeey.cheodaiin.aldy,oaiin ol rar sheey ylar aiin cholal dy cheeody okeeey cheodaiin aldy
IT2a-n,f107r,"f107r.20,+P0",tcheol.kcheedy<$>,tcheol kcheedy
IT2a-n,f107r,"f107r.21,+P0",<%>taror.olal.okain.okaiin.qotal.shaiin.qokeol.lkaiin.okeeo.lkaiin.aiin,taror olal okain okaiin qotal shaiin qokeol lkaiin okeeo lkaiin aiin
IT2a-n,f107r,"f107r.22,+P0",yksheol.okaiiin.shoikhy.daiin.qotalal.lshedy.qokal.r.aiiin.okair.lldy,yksheol okaiiin shoikhy daiin qotalal lshedy qokal r aiiin okair lldy
IT2a-n,f107r,"f107r.23,+P0",chodaiin.shar.chodaiin<$>,chodaiin shar chodaiin
IT2a-n,f107r,"f107r.24,+P0",<%>pal.alchky.okilcheol.kair.lkain.qokeeo.kair.dar.aiin.pchod.lkaiiin.olfy,pal alchky okilcheol kair lkain qokeeo kair dar aiin pchod lkaiiin olfy
IT2a-n,f107r,"f107r.25,+P0",ycheain.chal.kal.chedy.qokaiin.chody.qokchdy.qokal.char.chdalal.om,ycheain chal kal chedy qokaiin chody qokchdy qokal char chdalal om
IT2a-n,f107r,"f107r.26,+P0",olcheor.shey.cheey.olcheol.kaiin.otair.okal.cheody<$>,olcheor shey cheey olcheol kaiin otair okal cheody
IT2a-n,f107r,"f107r.27,+P0",<%>podar.aiisod.qokiir.otiir.ofchedy.qofchedy.qofchol.chkaiin.chpaiin.orol,podar aiisod qokiir otiir ofchedy qofchedy qofchol chkaiin chpaiin orol
IT2a-n,f107r,"f107r.28,+P0",kar.aiin.chl.cholor.sheees.aiin.cheey.otchy.lkaiin.ykaiin.ykal.kal,kar aiin chl cholor sheees aiin cheey otchy lkaiin ykaiin ykal kal
IT2a-n,f107r,"f107r.29,+P0",olkeeo.lkeeo.ar.shol<$>,olkeeo lkeeo ar shol
IT2a-n,f107r,"f107r.30,+P0",<%>pair.aiiikhedy.shalkaiin.kairy.okaral.qokaiin.opaichy.opal.rary.ky,pair aiiikhedy shalkaiin kairy okaral qokaiin opaichy opal rary ky
IT2a-n,f107r,"f107r.31,+P0",daiin.sheol.chdy.okaiin.sheykal.shy.kl.al.kal.chdy.raiin.chain.yols,daiin sheol chdy okaiin sheykal shy kl al kal chdy raiin chain yols
IT2a-n,f107r,"f107r.32,+P0",salxar.shy.qokaiin.okal.qockhedy.okraiin.otar.qocthy.ralky,salxar shy qokaiin okal qockhedy okraiin otar qocthy ralky
IT2a-n,f107r,"f107r.33,+P0",yaiin.chekain.cheo.kaiin.chey.qol.kaiiin.chky.lcheel.lkar.okal<$>,yaiin chekain cheo kaiin chey qol kaiiin chky lcheel lkar okal
IT2a-n,f107r,"f107r.34,+P0",<%>pairar.al.aro.lkeey.qotal.cheotain.dar.okaiin.otaiin.otar.opaim,pairar al aro lkeey qotal cheotain dar okaiin otaiin otar opaim
IT2a-n,f107r,"f107r.35,+P0",daiin.shl.lkeeol.lchedy.qokor.lkaiin.chedy.qotaiin.al.ol.kaldaim,daiin shl lkeeol lchedy qokor lkaiin chedy qotaiin al ol kaldaim
IT2a-n,f107r,"f107r.36,+P0",dar.alchor.kcheo.rkeey.chaiin.al.dal.qokchey.qokl.chey.lkaiin.lkar,dar alchor kcheo rkeey chaiin al dal qokchey qokl chey lkaiin lkar
IT2a-n,f107r,"f107r.37,+P0",ychkl.kaiin.chckhy.chol.alkain<$>,ychkl kaiin chckhy chol alkain
IT2a-n,f107r,"f107r.38,+P0",<%>poaral.orar.ofchey.qoteedy.qotaiin.opchedy.qokchey.otlchdain.aly,poaral orar ofchey qoteedy qotaiin opchedy qokchey otlchdain aly
IT2a-n,f107r,"f107r.39,+P0",tair.cheol.cheol.kchekain.cheear.ol.oiin.cho.lkain.al.oeedy.chey,tair cheol cheol kchekain cheear ol oiin cho lkain al oeedy chey
IT2a-n,f107r,"f107r.40,+P0",lolkaiin.chey.qokaiin.chal.aiin.okaiin.olkar.otair.okal.okal,lolkaiin chey qokaiin chal aiin okaiin olkar otair okal okal
IT2a-n,f107r,"f107r.41,+P0",qokain.ar.ockhey.qokal.otal.otam<$>,qokain ar ockhey qokal otal otam
IT2a-n,f107r,"f107r.42,+P0",<%>pcholky.sokeey.aiin.oteey.ykchey.paichy.okeey.tain.ar.arodl.kairam,pcholky sokeey aiin oteey ykchey paichy okeey tain ar arodl kairam
IT2a-n,f107r,"f107r.43,+P0",okeear.aithy.daiin.sheody.ykchedy.chykaiin.otal.taiin.chotaiin.aram,okeear aithy daiin sheody ykchedy chykaiin otal taiin chotaiin aram
IT2a-n,f107r,"f107r.44,+P0",ycheodain.okeey.qokeeody.qokaiin<$>,ycheodain okeey qokeeody qokaiin
IT2a-n,f107r,"f107r.45,+P0",<%>todky.chedy.qockhy.qokeedy.qokokil.y.chees.opal.kaiin.otaiin.otaram,todky chedy qockhy qokeedy qokokil y chees opal kaiin otaiin otaram
IT2a-n,f107r,"f107r.46,+P0",sar.cheey.qodaiin.qokaiin.ol.cheor.aiin.otal.taiin.qokaiin.otal.alkal,sar cheey qodaiin qokaiin ol cheor aiin otal taiin qokaiin otal alkal
IT2a-n,f107r,"f107r.47,+P0",okain.cheey.lol.loeey.oiinal<$>,okain cheey lol loeey oiinal
IT2a-n,f107r,"f107r.48,+P0",<%>faiiral.chkal.lky.otain.ar.kalkal.qotain.oty.lky.otaiin.ytaiin.om,faiiral chkal lky otain ar kalkal qotain oty lky otaiin ytaiin om
IT2a-n,f107r,"f107r.49,+P0",o.alain.aifhy.chkain.okair.chtl.lkaiin.okair.chtl.raithty,o alain aifhy chkain okair chtl lkaiin okair chtl raithty
IT2a-n,f107r,"f107r.50,+P0",chain.al.lkeey.chol.taidy.qotaiin.ytaiin.lkl.lfchal.pchdy.pal.tar,chain al lkeey chol taidy qotaiin ytaiin lkl lfchal pchdy pal tar
IT2a-n,f107r,"f107r.51,+P0",sar.ain.chol.olcheey.otal.otal.ol.otchy.qoky.otaily<$>,sar ain chol olcheey otal otal ol otchy qoky otaily
IT2a-n,f107v,"f107v.1,@P0",<%>kaisar.olkeeey.otalkchy.lkaiin.otedy.qokair.lkal.chey.chody.otal.cheey,kaisar olkeeey otalkchy lkaiin otedy qokair lkal chey chody otal cheey
IT2a-n,f107v,"f107v.2,+P0",daiin.dckhy.ol.daiin.chkal.qokedy.otal.chedy.oteos.aiin.otar.alkain.ol,daiin dckhy ol daiin chkal qokedy otal chedy oteos aiin otar alkain ol
IT2a-n,f107v,"f107v.3,+P0",sain.ain.aiiin.qokaiin.shol.kal.qokar.al.ochedy.lkaiin.otal.olkiir.alody,sain ain aiiin qokaiin shol kal qokar al ochedy lkaiin otal olkiir alody
IT2a-n,f107v,"f107v.4,+P0",dain.cheky.okechy.qokain.shocthy.otaiin.alkaiin<$>,dain cheky okechy qokain shocthy otaiin alkaiin
IT2a-n,f107v,"f107v.5,+P0",<%>tol.sheockhedy.qotol.chdor.otechdy.teol.tedaiin.opchedy.qopchdy.ytar.aiim,tol sheockhedy qotol chdor otechdy teol tedaiin opchedy qopchdy ytar aiim
IT2a-n,f107v,"f107v.6,+P0",paiin.okaiin.qokaiy.olkeedy.qokeey.qotaiin.oky.lkal.okaiin.aiin.qokaldy,paiin okaiin qokaiy olkeedy qokeey qotaiin oky lkal okaiin aiin qokaldy
IT2a-n,f107v,"f107v.7,+P0",taiin.cheockhy.chain.qokain<$>,taiin cheockhy chain qokain
IT2a-n,f107v,"f107v.8,+P0",<%>polcheolkain.qokair.okeol.qokol.qokaiin.opcheol.qotedy.ltedy.otedam,polcheolkain qokair okeol qokol qokaiin opcheol qotedy ltedy otedam
IT2a-n,f107v,"f107v.9,+P0",saiin.shey.kedy.qokain.qokedy.qokaiin.ylkaiin.qoky.lkal.tar.aty,saiin shey kedy qokain qokedy qokaiin ylkaiin qoky lkal tar aty
IT2a-n,f107v,"f107v.10,+P0",shodaiin.shey.qokair.qokaiin.chokedy.tain.shedy<$>,shodaiin shey qokair qokaiin chokedy tain shedy
IT2a-n,f107v,"f107v.11,+P0",<%>tshedy.okal.shedy.qokchey.chky.qokeey.qotaiin.otol.qoteedy.qopchcfhy,tshedy okal shedy qokchey chky qokeey qotaiin otol qoteedy qopchcfhy
IT2a-n,f107v,"f107v.12,+P0",qokeey.lcheol.chol.kaiin.olkal.shedy.qokaly.odar.choty.qokaiin.otam,qokeey lcheol chol kaiin olkal shedy qokaly odar choty qokaiin otam
IT2a-n,f107v,"f107v.13,+P0",ycheey.qokain.ockheody.qokair.otal.qokaiin.otal.shoeky.qokaiin.dalam,ycheey qokain ockheody qokair otal qokaiin otal shoeky qokaiin dalam
IT2a-n,f107v,"f107v.14,+P0",daiin.shaiin.okaiin.qokar.qokal.qokal.cheody.qokain.okchdy.dlkal,daiin shaiin okaiin qokar qokal qokal cheody qokain okchdy dlkal
IT2a-n,f107v,"f107v.15,+P0",solain.qokal.okeey.lkaiin.okain.chkal.otain.chcthy.tarairy<$>,solain qokal okeey lkaiin okain chkal otain chcthy tarairy
IT2a-n,f107v,"f107v.16,+P0",<%>parair.okal.opchol.okal.opaiin.otedy.qokeody.tolkal.lkar.aiiraly,parair okal opchol okal opaiin otedy qokeody tolkal lkar aiiraly
IT2a-n,f107v,"f107v.17,+P0",saiin.or.ykeear.chckhy.okaiin.okal.qoklaiin.cheol.qokar.chey.lkam,saiin or ykeear chckhy okaiin okal qoklaiin cheol qokar chey lkam
IT2a-n,f107v,"f107v.18,+P0",qokain.qokchey.qekchdy.okaiin.lkl.chol.raiin.otaiin.alkaiin.dal,qokain qokchey qekchdy okaiin lkl chol raiin otaiin alkaiin dal
IT2a-n,f107v,"f107v.19,+P0",soral.olaiin.chor.okaiin.chkain.okaiin<$>,soral olaiin chor okaiin chkain okaiin
IT2a-n,f107v,"f107v.20,+P0",<%>palar.or.air.kalkal.okaiin.chpal.cheody.qopchedy.pcholkal.opalkam,palar or air kalkal okaiin chpal cheody qopchedy pcholkal opalkam
IT2a-n,f107v,"f107v.21,+P0",taiin.ol.kaiin.chol.kchedy.qokol.ain.air.kaiin.okal.otar.otal.al,taiin ol kaiin chol kchedy qokol ain air kaiin okal otar otal al
IT2a-n,f107v,"f107v.22,+P0",dor.alol.olaiin.olkal.chol.chdar<$>,dor alol olaiin olkal chol chdar
IT2a-n,f107v,"f107v.23,+P0",<%>palchar.ar.akaiiky.char.raikchy.ofchain.opalkar.otal.otas.alky,palchar ar akaiiky char raikchy ofchain opalkar otal otas alky
IT2a-n,f107v,"f107v.24,+P0",dain.olaiin.chol.olkain.lkaiin<$>,dain olaiin chol olkain lkaiin
IT2a-n,f107v,"f107v.25,+P0",<%>kaolkar.kolkar.okeol.qokeor.al.tody.opchey.oty.al.ky.pchey.ram,kaolkar kolkar okeol qokeor al tody opchey oty al ky pchey ram
IT2a-n,f107v,"f107v.26,+P0",oraiin.sheor.qokain.cheody.qokain.otal.okaiin.olkeeor.ar.al.oldy,oraiin sheor qokain cheody qokain otal okaiin olkeeor ar al oldy
IT2a-n,f107v,"f107v.27,+P0",dal.okain.okchey.qokshy.okol.lkshedy.taraiin.sho.qokar.cheey.qokam,dal okain okchey qokshy okol lkshedy taraiin sho qokar cheey qokam
IT2a-n,f107v,"f107v.28,+P0",ycheor.cheol.lcheedy.raraiin<$>,ycheor cheol lcheedy raraiin
IT2a-n,f107v,"f107v.29,+P0",<%>tolkeeedy.okeol.cheody.qokeey.qokchedy.qotyshey.qcthey.lty.ltam,tolkeeedy okeol cheody qokeey qokchedy qotyshey qcthey lty ltam
IT2a-n,f107v,"f107v.30,+P0",okain.ol.okaiin.lkeody.otaiin.chol.lkaiin.lkeeey.qokaiin.chey.qoky,okain ol okaiin lkeody otaiin chol lkaiin lkeeey qokaiin chey qoky
IT2a-n,f107v,"f107v.31,+P0",sokod.chey.lkaiin.chedy.qeokeody.qokeedy.rary<$>,sokod chey lkaiin chedy qeokeody qokeedy rary
IT2a-n,f107v,"f107v.32,+P0",<%>toy.oaiin.okeeody.okaiin.otaiin.otchey.qokaiin.okedy.qokam,toy oaiin okeeody okaiin otaiin otchey qokaiin okedy qokam
IT2a-n,f107v,"f107v.33,+P0",orain.chol.qodaiin.odain.aiin.okain.chkaly.raiin.ykaiin.aldy,orain chol qodaiin odain aiin okain chkaly raiin ykaiin aldy
IT2a-n,f107v,"f107v.34,+P0",dyair.chey.lkeey.lchedy.raiin.sheey<$>,dyair chey lkeey lchedy raiin sheey
IT2a-n,f107v,"f107v.35,+P0",<%>polchedy.olkeey.lkey.chcthy.lkar.shedy.qokaiin.chedy.qokeedy.lol,polchedy olkeey lkey chcthy lkar shedy qokaiin chedy qokeedy lol
IT2a-n,f107v,"f107v.36,+P0",tol.chey.lcheor.sheol.qokaiin.olkeedy.okar.ar.olkain.odain<$>,tol chey lcheor sheol qokaiin olkeedy okar ar olkain odain
IT2a-n,f107v,"f107v.37,+P0",<%>poraiin.okal.chedy.qolkeey.lpcheedy.qokol.rol.keedy.okaiin.otary,poraiin okal chedy qolkeey lpcheedy qokol rol keedy okaiin otary
IT2a-n,f107v,"f107v.38,+P0",dain.okchey.qokchey.qokaiin.olkeey.qokol.oteey.oteey.lkain,dain okchey qokchey qokaiin olkeey qokol oteey oteey lkain
IT2a-n,f107v,"f107v.39,+P0",okain.cheor.olkaiin.oain.cheary.raiin.okaiin.odaiin.okaiin.y,okain cheor olkaiin oain cheary raiin okaiin odaiin okaiin y
IT2a-n,f107v,"f107v.40,+P0",chokeey.qokey.qokaiii.lor.aiin.aiily<$>,chokeey qokey qokaiii lor aiin aiily
IT2a-n,f107v,"f107v.41,+P0",<%>pokar.ar.keey.okeeo.lcheey.qokchey.oteey.lkeeol.lkeedy.qokeey.lkain,pokar ar keey okeeo lcheey qokchey oteey lkeeol lkeedy qokeey lkain
IT2a-n,f107v,"f107v.42,+P0",orain.oloeeey.qokain<$>,orain oloeeey qokain
IT2a-n,f107v,"f107v.43,+P0",<%>pol.keeeo.kaiis.qokeey.chckhy.lkchaly.lkeey.opchey.rar.aiin.cheokaly,pol keeeo kaiis qokeey chckhy lkchaly lkeey opchey rar aiin cheokaly
IT2a-n,f107v,"f107v.44,+P0",kaiech.ol.air.arody.qokeey.qokeey<$>,kaiech ol air arody qokeey qokeey
IT2a-n,f107v,"f107v.45,+P0",<%>porain.okain.okechdy.dal.keeedal.shedy.okeeolkcheey.lkar.aiin.al,porain okain okechdy dal keeedal shedy okeeolkcheey lkar aiin al
IT2a-n,f107v,"f107v.46,+P0",soain.aiin.chey.qol.aiin.al.chedy.kedy.qoteey.oteey.qokeey.lkain,soain aiin chey qol aiin al chedy kedy qoteey oteey qokeey lkain
IT2a-n,f107v,"f107v.47,+P0",ycheey.qokeey.okeoteey.qokey.qokey.qokeey.daiin.y.okoey.odain,ycheey qokeey okeoteey qokey qokey qokeey daiin y okoey odain
IT2a-n,f107v,"f107v.48,+P0",oteedy.qokey.qokeedy.chody.chey.qoky.oteey.otain.chey.aiin.al,oteedy qokey qokeedy chody chey qoky oteey otain chey aiin al
IT2a-n,f107v,"f107v.49,+P0",ycheo.saiin.oekey.chey.qokeey.ycheey.dy.qoy<$>,ycheo saiin oekey chey qokeey ycheey dy qoy
IT2a-n,f108r,"f108r.1,@P0",<%>teodeear.qopchety.okeeoly.okchdpchy.todashx.opasy.olpair.ody.otedy.kedydy,teodeear qopchety okeeoly okchdpchy todashx opasy olpair ody otedy kedydy
IT2a-n,f108r,"f108r.2,+P0",qokeedy.chokody.chockhed.qokeor.shedy.otal.otaiin.otedy.qokechy.ofchdy.qody,qokeedy chokody chockhed qokeor shedy otal otaiin otedy qokechy ofchdy qody
IT2a-n,f108r,"f108r.3,+P0",cheodchy.qotear.okedy.oteal.lkedal.okedy.otedy.okedal.chckhedy.choked.al,cheodchy qotear okedy oteal lkedal okedy otedy okedal chckhedy choked al
IT2a-n,f108r,"f108r.4,+P0",ychedaiin.shky.chdy.oteeody.ched.or.sheeky<$>,ychedaiin shky chdy oteeody ched or sheeky
IT2a-n,f108r,"f108r.5,+P0",<%>tchokedy.chey.oteey.okeey.lkedshedy.okcheefy.pchofar.cheo.pchedy.qotedy.otol,tchokedy chey oteey okeey lkedshedy okcheefy pchofar cheo pchedy qotedy otol
IT2a-n,f108r,"f108r.6,+P0",ol.cheol.qo.qokeey.qokeey.qokeedy.sheoky.otedy.qotey.qokchey.chdar.aiin.y,ol cheol qo qokeey qokeey qokeedy sheoky otedy qotey qokchey chdar aiin y
IT2a-n,f108r,"f108r.7,+P0",okchey.okedy.qokchedy.chedy.qokedy.okar.chdy.okar.char.chkaiin.chsy<$>,okchey okedy qokchedy chedy qokedy okar chdy okar char chkaiin chsy
IT2a-n,f108r,"f108r.8,+P0",<%>pochedy.shy.shokeedar.al.kedal.chokchy.qokar.ch.okeey.qaiin.okeedy.qetam,pochedy shy shokeedar al kedal chokchy qokar ch okeey qaiin okeedy qetam
IT2a-n,f108r,"f108r.9,+P0",cthey.chedain.chedy.okedy.lkedy.raraiin.qotar.otal.kedy.ar.air.ockhedy,cthey chedain chedy okedy lkedy raraiin qotar otal kedy ar air ockhedy
IT2a-n,f108r,"f108r.10,+P0",taiin.shkeedy.qoteey.oteey.yteol.ykeedy.chekar.qokeeo.daiin.okeyty.ody<$>,taiin shkeedy qoteey oteey yteol ykeedy chekar qokeeo daiin okeyty ody
IT2a-n,f108r,"f108r.11,+P0",<%>teodeey.ar.aiin.okeey.qetchdy.oteeody.okaiin.ykeeo.dain.otal.aiin.oly,teodeey ar aiin okeey qetchdy oteeody okaiin ykeeo dain otal aiin oly
IT2a-n,f108r,"f108r.12,+P0",tshey.okchey.dain.aloiin.ocheey.qokaiin.chlam.okaiin.okal.kain.alam,tshey okchey dain aloiin ocheey qokaiin chlam okaiin okal kain alam
IT2a-n,f108r,"f108r.13,+P0",ykeey.raiin.ar.ail.odaiin<$>,ykeey raiin ar ail odaiin
IT2a-n,f108r,"f108r.14,+P0",<%>polchal.shol.qokor.shedy.pcholy.qokal.opchdy.ofal.shor.qokaiin.otalod,polchal shol qokor shedy pcholy qokal opchdy ofal shor qokaiin otalod
IT2a-n,f108r,"f108r.15,+P0",orain.cheey.chey.qokeey.chedy.okchedy.qoeedy.qockhey.diir.ain.okain,orain cheey chey qokeey chedy okchedy qoeedy qockhey diir ain okain
IT2a-n,f108r,"f108r.16,+P0",saithy.olkaiin.chckhy.daiin.dal.daiin<$>,saithy olkaiin chckhy daiin dal daiin
IT2a-n,f108r,"f108r.17,+P0",<%>fcheokair.okedaiin.chedy.qokeed.okain.chdy.laiin.ofar.chedy.tedam,fcheokair okedaiin chedy qokeed okain chdy laiin ofar chedy tedam
IT2a-n,f108r,"f108r.18,+P0",okeedy.lkal.daiin.ykchedy.qokol.chedy.qokedy.lkedy.okalol.csedly,okeedy lkal daiin ykchedy qokol chedy qokedy lkedy okalol csedly
IT2a-n,f108r,"f108r.19,+P0",dchedy.okeedar.shchy.okol.kedy.okeedy.chal.raiin.otedy.chtal.om,dchedy okeedar shchy okol kedy okeedy chal raiin otedy chtal om
IT2a-n,f108r,"f108r.20,+P0",dain.chey.qokeedy.chol.cheey.dalkar.okedy<$>,dain chey qokeedy chol cheey dalkar okedy
IT2a-n,f108r,"f108r.21,+P0",<%>qolshy.qoeedy.lkeal.shedy.shokal.keedy.qotedy.qopchedy.otal.dkedam,qolshy qoeedy lkeal shedy shokal keedy qotedy qopchedy otal dkedam
IT2a-n,f108r,"f108r.22,+P0",dcheol.shol.dal.qokaiin.otal.ol.shedy.qokey.chey.lor.aiin.okeeam,dcheol shol dal qokaiin otal ol shedy qokey chey lor aiin okeeam
IT2a-n,f108r,"f108r.23,+P0",ykeeol.chey.okain.charain<$>,ykeeol chey okain charain
IT2a-n,f108r,"f108r.24,+P0",<%>folaiin.shkhy.qokal.lkedy.qotedy.qoked.qotedy.okal.chdar.al.char.aiin,folaiin shkhy qokal lkedy qotedy qoked qotedy okal chdar al char aiin
IT2a-n,f108r,"f108r.25,+P0",ycheeor.aiin.okeey.cheol.chedy.opchsd.opchedy.alkedy.allkeam.ol.rain.al,ycheeor aiin okeey cheol chedy opchsd opchedy alkedy allkeam ol rain al
IT2a-n,f108r,"f108r.26,+P0",dair.okal.chedy.qokeedy.oteor.al.qokedy.qokedy.otaiin.otedar.chalkeedy,dair okal chedy qokeedy oteor al qokedy qokedy otaiin otedar chalkeedy
IT2a-n,f108r,"f108r.27,+P0",ychedain.orcheory.qoaiin.okeey.qokeey.chdal.okedy.qokedy.okedam.chdy,ychedain orcheory qoaiin okeey qokeey chdal okedy qokedy okedam chdy
IT2a-n,f108r,"f108r.28,+P0",sain.arolkeey.qoal.olkedy.okaiin<$>,sain arolkeey qoal olkedy okaiin
IT2a-n,f108r,"f108r.29,+P0",<%>polchedy.okedy.qopchedy.okeolkey.teedy.qotaiin.otedy.okeedy.otedam,polchedy okedy qopchedy okeolkey teedy qotaiin otedy okeedy otedam
IT2a-n,f108r,"f108r.30,+P0",ykeol.chedal.chokedy.o.qokedy.okchedy.saiin.alkan<$>,ykeol chedal chokedy o qokedy okchedy saiin alkan
IT2a-n,f108r,"f108r.31,+P0",<%>keol.sheody.qokedy.qokeedy.qokoy.qotedy.otedy.qokedy.qokedy.qokal,keol sheody qokedy qokeedy qokoy qotedy otedy qokedy qokedy qokal
IT2a-n,f108r,"f108r.32,+P0",ykedar.chedy.qokey.lkeedy.otedy.okedy.otedy.otal.shol.alodar.or.alold,ykedar chedy qokey lkeedy otedy okedy otedy otal shol alodar or alold
IT2a-n,f108r,"f108r.33,+P0",solkedy.okchd.qokedy.okedy.okeol.chdy.okar.okedy.okedy.chlar,solkedy okchd qokedy okedy okeol chdy okar okedy okedy chlar
IT2a-n,f108r,"f108r.34,+P0",ycheol.chckhy.qokedy.okain<$>,ycheol chckhy qokedy okain
IT2a-n,f108r,"f108r.35,+P0",<%>pychory.opchey.lkeol.chdar.shedy.qofchdy.opalal.cheedy.qokalchdy.opchdy,pychory opchey lkeol chdar shedy qofchdy opalal cheedy qokalchdy opchdy
IT2a-n,f108r,"f108r.36,+P0",okechy.okeol.okeedy.cheedar.okedy.qotal.chdy.chedal.chedy<$>,okechy okeol okeedy cheedar okedy qotal chdy chedal chedy
IT2a-n,f108r,"f108r.37,+P0",<%>tchedy.qokey.okeey.lkeey.chedy.cheokeey.qokeey.chedl.al.lkair.alkeedy.ram,tchedy qokey okeey lkeey chedy cheokeey qokeey chedl al lkair alkeedy ram
IT2a-n,f108r,"f108r.38,+P0",dcheeody.cheedy.qokeedy.otedy.qeeey.chey<$>,dcheeody cheedy qokeedy otedy qeeey chey
IT2a-n,f108r,"f108r.39,+P0",<%>porol.tedo.lchdain.qokar.otedy.otarar.yty.sho.qotedy.oteedy.okedy,porol tedo lchdain qokar otedy otarar yty sho qotedy oteedy okedy
IT2a-n,f108r,"f108r.40,+P0",okar.aiin.okeedy.qokeedy.okeeom.cheykeeed.chol.qekeey.or.aiin.chckhom<$>,okar aiin okeedy qokeedy okeeom cheykeeed chol qekeey or aiin chckhom
IT2a-n,f108r,"f108r.41,+P0",<%>sheedain.qokeedy.chokeedy.qoteody.keesho.daiin.chedy.keedal.ar.keodky,sheedain qokeedy chokeedy qoteody keesho daiin chedy keedal ar keodky
IT2a-n,f108r,"f108r.42,+P0",okeey.qokeey.qokeedy.qokeey.chedal.chedy.qokeey.okeedain.otain.oolals,okeey qokeey qokeedy qokeey chedal chedy qokeey okeedain otain oolals
IT2a-n,f108r,"f108r.43,+P0",olkeoy.okey.lokeey.qokedy.olkechy.ched.ar.olal.oedy.qckhy.cseam,olkeoy okey lokeey qokedy olkechy ched ar olal oedy qckhy cseam
IT2a-n,f108r,"f108r.44,+P0",ychey.chey.okar.charam.otam.cheody<$>,ychey chey okar charam otam cheody
IT2a-n,f108r,"f108r.45,+P0",<%>dain.sheckhy.okeey.keey.lchedy.okeey.qokedy.chedy.dalkedy.qokedy.dal,dain sheckhy okeey keey lchedy okeey qokedy chedy dalkedy qokedy dal
IT2a-n,f108r,"f108r.46,+P0",yteedy.qokeedy.qokey.otedy.okedy.qokaiin.cheodar.cheey.qokedy.al,yteedy qokeedy qokey otedy okedy qokaiin cheodar cheey qokedy al
IT2a-n,f108r,"f108r.47,+P0",yched.chockhey.dain.sheol.okedy.lkeedy.oteedy.qokeedy.ched.al.keam<$>,yched chockhey dain sheol okedy lkeedy oteedy qokeedy ched al keam
IT2a-n,f108r,"f108r.48,+P0",<%>pcheedy.qokeol.okeol.keol.dain.ar.otedy.qokedy.qokeedy.qokeedy.lchdy,pcheedy qokeol okeol keol dain ar otedy qokedy qokeedy qokeedy lchdy
IT2a-n,f108r,"f108r.49,+P0",oteedy.lchedy.qokeedy.qokeedy.qokeo.lchedy.qokey.qokeey.lkedy.lkedy,oteedy lchedy qokeedy qokeedy qokeo lchedy qokey qokeey lkedy lkedy
IT2a-n,f108r,"f108r.50,+P0",qokeedy.lchedy.lkaiin.chdy.qokey.okedy.okaram.chdar.or.okam<$>,qokeedy lchedy lkaiin chdy qokey okedy okaram chdar or okam
IT2a-n,f108v,"f108v.1,@P0",<%>pchedal.qokeedar.otedy.qokeedy.lky.ltal.aiin.oteo.fcheey.otedar.am.ol,pchedal qokeedar otedy qokeedy lky ltal aiin oteo fcheey otedar am ol
IT2a-n,f108v,"f108v.2,+P0",daiin.shal.qokedy.qoeechy.okain.oteey.checkhy.lkeedy.qokeedar.araiin.okam,daiin shal qokedy qoeechy okain oteey checkhy lkeedy qokeedar araiin okam
IT2a-n,f108v,"f108v.3,+P0",ssheedal.ol.lkedy.lkeedy.chedalkedy.lkeedy.qokechedy.otedain.oteey.lol,ssheedal ol lkedy lkeedy chedalkedy lkeedy qokechedy otedain oteey lol
IT2a-n,f108v,"f108v.4,+P0",dchedy.shedy.qokeed.qotedy.qoteedy.arain.al.keedy<$>,dchedy shedy qokeed qotedy qoteedy arain al keedy
IT2a-n,f108v,"f108v.5,+P0",<%>polaiin.okedain.okal.otchedy.qokeedy.raraiin.okeedy.qokar.qokal.dam,polaiin okedain okal otchedy qokeedy raraiin okeedy qokar qokal dam
IT2a-n,f108v,"f108v.6,+P0",oeeedain.chey.lokeey.lchedy.loety.qokeedy.qokeey.qokar.okeedy.kedarxy<$>,oeeedain chey lokeey lchedy loety qokeedy qokeey qokar okeedy kedarxy
IT2a-n,f108v,"f108v.7,+P0",<%>pchedaiin.okedy.otedal.lkedeed.okedar.okeey.qoteol.lkedy.otey.raiin.am,pchedaiin okedy otedal lkedeed okedar okeey qoteol lkedy otey raiin am
IT2a-n,f108v,"f108v.8,+P0",ysheedy.okeedy.oteedy.qokeedy.okeedy.okeedy.chedal.okair.qoteedar.aty,ysheedy okeedy oteedy qokeedy okeedy okeedy chedal okair qoteedar aty
IT2a-n,f108v,"f108v.9,+P0",qokeeo.dal.chedam.chlal.okaldain.sheed.lchedy.lkeedy.chedkel.cthdy,qokeeo dal chedam chlal okaldain sheed lchedy lkeedy chedkel cthdy
IT2a-n,f108v,"f108v.10,+P0",ol.cheey.leedaiin.shckhaiin.okeal.okar.aral.or.om.shee.kaithy.chectham,ol cheey leedaiin shckhaiin okeal okar aral or om shee kaithy chectham
IT2a-n,f108v,"f108v.11,+P0",sain.al.keedain.olkeeed.qokedy.lkeedy.cholkain.oteshy.shedy.dady<$>,sain al keedain olkeeed qokedy lkeedy cholkain oteshy shedy dady
IT2a-n,f108v,"f108v.12,+P0",<%>tshedky.sheckhy.akey.sheey.teeody.qokedy.qokeedy.shok.ar.aiin.okeey.tedam,tshedky sheckhy akey sheey teeody qokedy qokeedy shok ar aiin okeey tedam
IT2a-n,f108v,"f108v.13,+P0",daiin.cheol.qokeey.qokeedy.qokeey.raiin.chckhy.okeey.qokeedy.okedain.aldar,daiin cheol qokeey qokeedy qokeey raiin chckhy okeey qokeedy okedain aldar
IT2a-n,f108v,"f108v.14,+P0",qokeey.lor.aiin.chey.keear.oral.olaiin.chedy<$>,qokeey lor aiin chey keear oral olaiin chedy
IT2a-n,f108v,"f108v.15,+P0",<%>pcheor.okear.sheey.qokeey.ykeealkey.raraiin.opsholal.shedy.ofaramoty,pcheor okear sheey qokeey ykeealkey raraiin opsholal shedy ofaramoty
IT2a-n,f108v,"f108v.16,+P0",okeey.lshey.qokeeol.lkeey.okeol.okedy.qotal.sholkeedy.chedy.qokain.teedan,okeey lshey qokeeol lkeey okeol okedy qotal sholkeedy chedy qokain teedan
IT2a-n,f108v,"f108v.17,+P0",qokeey.lkeed.chedy.qokeeos.sheol.tedy.qopchdy.qokeshdy.kedar.otal.raram,qokeey lkeed chedy qokeeos sheol tedy qopchdy qokeshdy kedar otal raram
IT2a-n,f108v,"f108v.18,+P0",okeey.lkeedy.okeal.okey.cheykedy.qeeedy.lo.rair.cheey.ol.lsaiin.am,okeey lkeedy okeal okey cheykedy qeeedy lo rair cheey ol lsaiin am
IT2a-n,f108v,"f108v.19,+P0",qokeeol.olcheeey.lcheam<$>,qokeeol olcheeey lcheam
IT2a-n,f108v,"f108v.20,+P0",<%>polkeedal.sheo.kchey.lotedaiin.otedy.opchedaiin.otshedy.qotey.raiin.ol,polkeedal sheo kchey lotedaiin otedy opchedaiin otshedy qotey raiin ol
IT2a-n,f108v,"f108v.21,+P0",daiin.shol.olkeeey.lky.chedar.cheykechey.qotedy.otedy.oteedain.cheody.llod,daiin shol olkeeey lky chedar cheykechey qotedy otedy oteedain cheody llod
IT2a-n,f108v,"f108v.22,+P0",daiin.shey.sheey.dain.olsar.sheeo.lkain.shey.cheeedaiin.oloeeedy.otaiin.al,daiin shey sheey dain olsar sheeo lkain shey cheeedaiin oloeeedy otaiin al
IT2a-n,f108v,"f108v.23,+P0",qokeeor.okeey.qoeey.cho.deeal.daiin.checthal.cheeky.otar.aiin.chckhy.ltedy,qokeeor okeey qoeey cho deeal daiin checthal cheeky otar aiin chckhy ltedy
IT2a-n,f108v,"f108v.24,+P0",daiin.chekeek.checkhy.ol.r.ain.odar.sheey.daiin.tchar.okeedaiin.oram,daiin chekeek checkhy ol r ain odar sheey daiin tchar okeedaiin oram
IT2a-n,f108v,"f108v.25,+P0",sheeol.okeey.kaiin.okaiin.ol.lchey.ctheor.aiin.cheey.qokeey.qokeeaiin.al,sheeol okeey kaiin okaiin ol lchey ctheor aiin cheey qokeey qokeeaiin al
IT2a-n,f108v,"f108v.26,+P0",sair.okeaiin.cheol.shedy.qokeeey.doaiin.ar.or.lkar.char.aiin.okal.ldyr.ls,sair okeaiin cheol shedy qokeeey doaiin ar or lkar char aiin okal ldyr ls
IT2a-n,f108v,"f108v.27,+P0",sal.lcheal.lkeeey.okar.ar.ain.olcheees.ol.cheal.okaiin.ykar.al.okalam<$>,sal lcheal lkeeey okar ar ain olcheees ol cheal okaiin ykar al okalam
IT2a-n,f108v,"f108v.28,+P0",<%>pororaiin.shedy.qokey.qol.eees.aiin.lal.lkeeedy.otain.sheey.chol.kan.al,pororaiin shedy qokey qol eees aiin lal lkeeedy otain sheey chol kan al
IT2a-n,f108v,"f108v.29,+P0",dar.chey.o.cheol.chedeey.qokeedy.cheam<$>,dar chey o cheol chedeey qokeedy cheam
IT2a-n,f108v,"f108v.30,+P0",<%>pol.shedaiin.qokeoy.keol.chokeol.qotedy.qoteedy.dar.raiin.shedy.qotain.oteedy,pol shedaiin qokeoy keol chokeol qotedy qoteedy dar raiin shedy qotain oteedy
IT2a-n,f108v,"f108v.31,+P0",ol.cheol.shed.qokedy.qokedain.checkhed.qoteedy.otedy.qokedy.okeeor.lkam,ol cheol shed qokedy qokedain checkhed qoteedy otedy qokedy okeeor lkam
IT2a-n,f108v,"f108v.32,+P0",dain.shedain.qokedar.olkeeedy.qokeedy.shedy.chedar.chedy.oteedy.qokam,dain shedain qokedar olkeeedy qokeedy shedy chedar chedy oteedy qokam
IT2a-n,f108v,"f108v.33,+P0",sain.ain.chey.lchs.shed.qokeedy.oteey.qokedy.qokeedy.cheedy.qokeedar.oldy<$>,sain ain chey lchs shed qokeedy oteey qokedy qokeedy cheedy qokeedar oldy
IT2a-n,f108v,"f108v.34,+P0",<%>tol.shey.ochey.qokeey.qotedy.choteey.qokey.chol.keedy.lkedy.lchedy.qokeey,tol shey ochey qokeey qotedy choteey qokey chol keedy lkedy lchedy qokeey
IT2a-n,f108v,"f108v.35,+P0",daiin.chedy.lchedy.sholkeedy.qokeedy.chey.qokeey.qokeedy.oteedy.lchedam,daiin chedy lchedy sholkeedy qokeedy chey qokeey qokeedy oteedy lchedam
IT2a-n,f108v,"f108v.36,+P0",daiin.shechy.qokedy.qokain.chor.chal.chal.chedy.dain.al.al.keedy.otal.ys,daiin shechy qokedy qokain chor chal chal chedy dain al al keedy otal ys
IT2a-n,f108v,"f108v.37,+P0",sain.sheor.sheey.sheckhey.qokey.okey.shey.lkain.shedy.qokain.dalam,sain sheor sheey sheckhey qokey okey shey lkain shedy qokain dalam
IT2a-n,f108v,"f108v.38,+P0",dsheol.qokeedy.qokeedy.chey.qokeedy.qokedy.sheckhy.lkedy.qoteedy.otam,dsheol qokeedy qokeedy chey qokeedy qokedy sheckhy lkedy qoteedy otam
IT2a-n,f108v,"f108v.39,+P0",sain.chey.lkedain.chey.rar.ain.al.chear.olor.ched.aiin.oteey.chedy.rl,sain chey lkedain chey rar ain al chear olor ched aiin oteey chedy rl
IT2a-n,f108v,"f108v.40,+P0",daiin.sheeal.qokeedy.qokeedy.qokeedy.qotey.qokeey.qokeey.otedy.qotaiin,daiin sheeal qokeedy qokeedy qokeedy qotey qokeey qokeey otedy qotaiin
IT2a-n,f108v,"f108v.41,+P0",dshedy.tedy.checkhey.sheeky.lsheedain.shear.olkedy.chl.kar.tar.otaiin,dshedy tedy checkhey sheeky lsheedain shear olkedy chl kar tar otaiin
IT2a-n,f108v,"f108v.42,+P0",ycheain.chey.lcheal.ykeey.qolcheedy.qokeedy.okeody.qokey.qokeedy.qoteedy,ycheain chey lcheal ykeey qolcheedy qokeedy okeody qokey qokeedy qoteedy
IT2a-n,f108v,"f108v.43,+P0",shodain.cheal.shedy.rcheetey.qokeey.cheolkeedy.cheol.chedytey.okeearam,shodain cheal shedy rcheetey qokeey cheolkeedy cheol chedytey okeearam
IT2a-n,f108v,"f108v.44,+P0",yshey.qol.leeey.shey.qokeeor.shey.qokeey.lsheey.oteey.sheey.qol.cheekeey.lchg,yshey qol leeey shey qokeeor shey qokeey lsheey oteey sheey qol cheekeey lchg
IT2a-n,f108v,"f108v.45,+P0",sheol.shedy.qokeey.chedar.sheal.qokeedy.qokeedy.qokey.sheey.qokeal.aral,sheol shedy qokeey chedar sheal qokeedy qokeedy qokey sheey qokeal aral
IT2a-n,f108v,"f108v.46,+P0",saiin.sheeain.qkain.okeey.qokal.or.cheol.keol.chedy.qokeey.qokeey.ral,saiin sheeain qkain okeey qokal or cheol keol chedy qokeey qokeey ral
IT2a-n,f108v,"f108v.47,+P0",ycheey.qokeeey.shedain.qokeedy.qokeey.okeedal.okeol.lkeey.lchedy.lchedy,ycheey qokeeey shedain qokeedy qokeey okeedal okeol lkeey lchedy lchedy
IT2a-n,f108v,"f108v.48,+P0",dair.al.checthy.qol.eeedy.chckhey.olchey.sheey.qokeeey.qokeedar.alkeedy,dair al checthy qol eeedy chckhey olchey sheey qokeeey qokeedar alkeedy
IT2a-n,f108v,"f108v.49,+P0",saiin.okain.cheey.lkaiin.cheal.cheol.keear.qokeedy.qokeey.checkhedy.qokal.oam,saiin okain cheey lkaiin cheal cheol keear qokeedy qokeey checkhedy qokal oam
IT2a-n,f108v,"f108v.50,+P0",dsheey.oteey.cheol.teedar.okeedy.qokeedy.checkhy.oteey.aiin.okeey.chey.qokey,dsheey oteey cheol teedar okeedy qokeedy checkhy oteey aiin okeey chey qokey
IT2a-n,f108v,"f108v.51,+P0",ssheodain.qokeeo.okeey.qok.sheedy.charain.okeey.qokeeolchey.olkeey.okeey.lar,ssheodain qokeeo okeey qok sheedy charain okeey qokeeolchey olkeey okeey lar
IT2a-n,f108v,"f108v.52,+P0",saiin.cheol.qokeedy.qokeedy.chedy.qokeey.cheal.llchey.daiin.okeey.qokeey<$>,saiin cheol qokeedy qokeedy chedy qokeey cheal llchey daiin okeey qokeey
IT2a-n,f108v,"f108v.53,+Pr",<%>olchar.olchedy.lshy.otedy<$>,olchar olchedy lshy otedy
IT2a-n,f111r,"f111r.1,@P0",<%>kcholchdar.shar.aiip.chepchedy.chetalshy.sheek.shear.shey.ror.am.shey,kcholchdar shar aiip chepchedy chetalshy sheek shear shey ror am shey
IT2a-n,f111r,"f111r.2,+P0",doiin.sheeky.okeey.okeey.qeeal.shedy.okeey.oteey.shedy.chcthy.lcheol.oteeam,doiin sheeky okeey okeey qeeal shedy okeey oteey shedy chcthy lcheol oteeam
IT2a-n,f111r,"f111r.3,+P0",dsheedy.lkeedy.chckhy.lchedy.qokeey.qokear.chal.qokeeas.cheokedy.sal.lokam,dsheedy lkeedy chckhy lchedy qokeey qokear chal qokeeas cheokedy sal lokam
IT2a-n,f111r,"f111r.4,+P0",saiin.oteedy.qokeey.daiin.okedal.chedy.qokedy.lshedy.chcthhy.okeey.lor.ar.al,saiin oteedy qokeey daiin okedal chedy qokedy lshedy chcthhy okeey lor ar al
IT2a-n,f111r,"f111r.5,+P0",saiin.sheekshy.ol.shedy.chokchey.lkey.otain<$>,saiin sheekshy ol shedy chokchey lkey otain
IT2a-n,f111r,"f111r.6,+P0",<%>dain.shedy.qoky.chedy.qok.shed.olchedy.qokeedy.teedy.chdy.keedy.qotchedy.dary,dain shedy qoky chedy qok shed olchedy qokeedy teedy chdy keedy qotchedy dary
IT2a-n,f111r,"f111r.7,+P0",sshedy.qokeey.checthey.oteedy.lchedy.chol.sheeol.qokeody.raiin.otedy.otar.aiin.om,sshedy qokeey checthey oteedy lchedy chol sheeol qokeody raiin otedy otar aiin om
IT2a-n,f111r,"f111r.8,+P0",daiin.o.chedain.daiin.cheedy.qokeey.qokedy.chckhhy.otshedy.lkeeol.lkeey.qotchdy,daiin o chedain daiin cheedy qokeey qokedy chckhhy otshedy lkeeol lkeey qotchdy
IT2a-n,f111r,"f111r.9,+P0",ycheeodain.okeeo.olchedy.lchedy.qokeey.okeeedy.okain.chedy.chedy.teey.dal.lam,ycheeodain okeeo olchedy lchedy qokeey okeeedy okain chedy chedy teey dal lam
IT2a-n,f111r,"f111r.10,+P0",ykeedaiin.shekain.shedy.qokear.ochey.reeey.qokeey.olaiiin.chedy.lkeeody.oraiin.oty,ykeedaiin shekain shedy qokear ochey reeey qokeey olaiiin chedy lkeeody oraiin oty
IT2a-n,f111r,"f111r.11,+P0",dshey.lkeedy.lkeedy.cheedy.oteedain.sheedy.ar.aikhy.shkaiin.chey.daiin.dar.am,dshey lkeedy lkeedy cheedy oteedain sheedy ar aikhy shkaiin chey daiin dar am
IT2a-n,f111r,"f111r.12,+P0",dsheeo.qokeedy.otchedey.lshey.lkeedy.oteey.qokeedy.oteolair.ar.shedam.cheam,dsheeo qokeedy otchedey lshey lkeedy oteey qokeedy oteolair ar shedam cheam
IT2a-n,f111r,"f111r.13,+P0",qosheo.lchdy.lshedy.olkeeedy.lr.al.chr.or.dain.shey.orain.chey.teey.cheo.daiin,qosheo lchdy lshedy olkeeedy lr al chr or dain shey orain chey teey cheo daiin
IT2a-n,f111r,"f111r.14,+P0",dchedar.oteey.lchey.ykeeeos.aiin.shear.oteedy.tedam.oteey.pchedey.chedy.lchedy,dchedar oteey lchey ykeeeos aiin shear oteedy tedam oteey pchedey chedy lchedy
IT2a-n,f111r,"f111r.15,+P0",sheeodar.aiin.sheey.shey.oteodo.oteedy.chey.daiin.oteol.otedar.tar.pchdam,sheeodar aiin sheey shey oteodo oteedy chey daiin oteol otedar tar pchdam
IT2a-n,f111r,"f111r.16,+P0",dched.shey.qokeedy.okeodain.shet.sheotam.oteal.tey.lkeey.sheedy.shtar.keedy,dched shey qokeedy okeodain shet sheotam oteal tey lkeey sheedy shtar keedy
IT2a-n,f111r,"f111r.17,+P0",otes.lchey.lshedy.qoteedy.olcheody.qokeey.chey.kal.chekeedy.oteed.keedy.otam,otes lchey lshedy qoteedy olcheody qokeey chey kal chekeedy oteed keedy otam
IT2a-n,f111r,"f111r.18,+P0",daiin.shecthey.oteody.qochey.qokeey.chey.teey.qokeedy.qokeedy.cheal.lokeedy.lched,daiin shecthey oteody qochey qokeey chey teey qokeedy qokeedy cheal lokeedy lched
IT2a-n,f111r,"f111r.19,+P0",saiin.okeeol.qokeedy.lchey.lcheoekam.oaiin.cheky.qokeeodor.checthdy.qotedl.loty,saiin okeeol qokeedy lchey lcheoekam oaiin cheky qokeeodor checthdy qotedl loty
IT2a-n,f111r,"f111r.20,+P0",qokeey.qokeey.loedy.checthy.chedey.cheol.teedy.okeedy.qokeedy.okeey.cho.ol.lkaim,qokeey qokeey loedy checthy chedey cheol teedy okeedy qokeedy okeey cho ol lkaim
IT2a-n,f111r,"f111r.21,+P0",daiin.okar.ain.teey.oteey.oxor.shey.chey.kydeedy.cheo.dain.sheet.ar.al.l.cheotydy,daiin okar ain teey oteey oxor shey chey kydeedy cheo dain sheet ar al l cheotydy
IT2a-n,f111r,"f111r.22,+P0",ssheo.lkeedy.dal.tched.checkhey.okey.qoain.qochedy.qokeor.okeey.keocthedy.qokey,ssheo lkeedy dal tched checkhey okey qoain qochedy qokeor okeey keocthedy qokey
IT2a-n,f111r,"f111r.23,+P0",dshey.sheeckhy.qokeshey.keeshody.qokeey.qokedy.okain.shekal.okechedy.qokechedy,dshey sheeckhy qokeshey keeshody qokeey qokedy okain shekal okechedy qokechedy
IT2a-n,f111r,"f111r.24,+P0",sain.chckhey.cheos.lchal.lkechey.okeey.lkechedy.oteo.dain.char.lko.lchr.aiin.aim,sain chckhey cheos lchal lkechey okeey lkechedy oteo dain char lko lchr aiin aim
IT2a-n,f111r,"f111r.25,+P0",so.sheor.okeedy.oteeey.qokeey.qokeeos.chedar.alal.oikhy.oxar.aiin.odaiin.chody,so sheor okeedy oteeey qokeey qokeeos chedar alal oikhy oxar aiin odaiin chody
IT2a-n,f111r,"f111r.26,+P0",soaiin.shecthy.oteodaiin.chedy.otedar.air.ykeey.shedain.lchedy.qokeedy.qoteedaiin,soaiin shecthy oteodaiin chedy otedar air ykeey shedain lchedy qokeedy qoteedaiin
IT2a-n,f111r,"f111r.27,+P0",dar.sheod.qokeey.qokeody.otey.lkeedy.chl.lkeey.daiin.chedar.chedy.teedain.olkal,dar sheod qokeey qokeody otey lkeedy chl lkeey daiin chedar chedy teedain olkal
IT2a-n,f111r,"f111r.28,+P0",qokeeol.shedy.qokeod.cheokeey.sheokar.shekeey.qotees.al.dain.chedy.qotain.alam,qokeeol shedy qokeod cheokeey sheokar shekeey qotees al dain chedy qotain alam
IT2a-n,f111r,"f111r.29,+P0",salkeedy.lkeedy.chckhy.rky.chey.okeeo.chr.al.ar.qokeedy.qokedy.qoteedy.qod,salkeedy lkeedy chckhy rky chey okeeo chr al ar qokeedy qokedy qoteedy qod
IT2a-n,f111r,"f111r.30,+P0",qockhedy.qokeechy.qotchey.chtar.ar.chkeey.lkar.aiin.chedy.qokeey.qoirain,qockhedy qokeechy qotchey chtar ar chkeey lkar aiin chedy qokeey qoirain
IT2a-n,f111r,"f111r.31,+P0",sheotchedy.shedain.shkey.qokeain.shkeody.qokeey.qokeedy.chkal.checthy,sheotchedy shedain shkey qokeain shkeody qokeey qokeedy chkal checthy
IT2a-n,f111r,"f111r.32,+P0",dsheeoteey.qokeeo.lkeey.tear.qoteey.qotain.cholkeeedy.lchechdy.qokechy,dsheeoteey qokeeo lkeey tear qoteey qotain cholkeeedy lchechdy qokechy
IT2a-n,f111r,"f111r.33,+P0",qoeeeo.s.oin.ar.olkeey.lkair.cheda.chkal.keeodal.eees.chody.qokeedy.dl,qoeeeo s oin ar olkeey lkair cheda chkal keeodal eees chody qokeedy dl
IT2a-n,f111r,"f111r.34,+P0",teo.olkeeo.ol.lkeeey.olain.ar.okeom.qokain.al.qokeeod.lkedlkey.teed.s,teo olkeeo ol lkeeey olain ar okeom qokain al qokeeod lkedlkey teed s
IT2a-n,f111r,"f111r.35,+P0",ychedl.ar.aiin.ain.dam<$>,ychedl ar aiin ain dam
IT2a-n,f111r,"f111r.36,+P0",<%>polal.shedal.pchedy.qofchedy.pykeor.cheefy.qopchey.opchedal.lfchedy.pchal,polal shedal pchedy qofchedy pykeor cheefy qopchey opchedal lfchedy pchal
IT2a-n,f111r,"f111r.37,+P0",dain.chol.lcheeol.keeol.lkeeedy.qokeey.lkeedy.lkedy.okeal.kain.chckhy.ltedy,dain chol lcheeol keeol lkeeedy qokeey lkeedy lkedy okeal kain chckhy ltedy
IT2a-n,f111r,"f111r.38,+P0",dched.daiin.al.okeey.kechedy.chcthedy.chedain.oteedy.qokeedy.key.l.ltain,dched daiin al okeey kechedy chcthedy chedain oteedy qokeedy key l ltain
IT2a-n,f111r,"f111r.39,+P0",saiin.chckhedy.okain.oteoin.shok.qokechdy.okechedy.chedy.qokeey.cheamar,saiin chckhedy okain oteoin shok qokechdy okechedy chedy qokeey cheamar
IT2a-n,f111r,"f111r.40,+P0",saiin.al.keey.okedain.otedy.qokeokedy.qokeedy.oteeolkeey.okeeo.l.lain.al,saiin al keey okedain otedy qokeokedy qokeedy oteeolkeey okeeo l lain al
IT2a-n,f111r,"f111r.41,+P0",ycheey.raiin.cheody.qokechy.qokeey.okedy.lchedy.qokeeal.daiin.otaral,ycheey raiin cheody qokechy qokeey okedy lchedy qokeeal daiin otaral
IT2a-n,f111r,"f111r.42,+P0",qokeol.qokeel.qokeeol.cho.lkedy.lchedy.chedy.chedyteokain.chedy.lkam.am,qokeol qokeel qokeeol cho lkedy lchedy chedy chedyteokain chedy lkam am
IT2a-n,f111r,"f111r.43,+P0",okeedy.lkeedy.lkedar.okeedy.chedy<$>,okeedy lkeedy lkedar okeedy chedy
IT2a-n,f111r,"f111r.44,+P0",<%>pchedar.oteeol.lkeedain.okeam.sheo.teolkedain.shal.keey.lteeal.cheal.oty,pchedar oteeol lkeedain okeam sheo teolkedain shal keey lteeal cheal oty
IT2a-n,f111r,"f111r.45,+P0",o.ain.ain.keeey.teed.checkhed.iir.okeey.lkeeey.okeeo.lkeey.lkeey.lkeedy.qoky,o ain ain keeey teed checkhed iir okeey lkeeey okeeo lkeey lkeey lkeedy qoky
IT2a-n,f111r,"f111r.46,+P0",y.cheeo.lkeey.oteed.lkeedy.okeeesey.chey.lkar.al.olchal.or.aiin.cheom,y cheeo lkeey oteed lkeedy okeeesey chey lkar al olchal or aiin cheom
IT2a-n,f111r,"f111r.47,+P0",sheedy.qokeey.sheey.qoteedy.qeear.al.chedy.okeey.chedy<$>,sheedy qokeey sheey qoteedy qeear al chedy okeey chedy
IT2a-n,f111r,"f111r.48,+P0",<%>poeokeey.lkeedy.tedain.shecthy.qokeedy.chckhy.lfchy.cheal.chepcham.daim,poeokeey lkeedy tedain shecthy qokeedy chckhy lfchy cheal chepcham daim
IT2a-n,f111r,"f111r.49,+P0",dcheey.keeey.qockhey.qokeey.lchedy.keeor.okeey.lkeedy.lkeey.qokaiin.ol,dcheey keeey qockhey qokeey lchedy keeor okeey lkeedy lkeey qokaiin ol
IT2a-n,f111r,"f111r.50,+P0",okeey.lchedy.cheekain.qokeeokain.chckhy.cheal.keel.qokain.chckhal.lkal<$>,okeey lchedy cheekain qokeeokain chckhy cheal keel qokain chckhal lkal
IT2a-n,f111r,"f111r.51,+P0",<%>polkeeo.shey.cheokeain.chl.kar.r.aiin.ihar.?ain.al.lkeedy.qokal.okchy,polkeeo shey cheokeain chl kar r aiin ihar al lkeedy qokal okchy
IT2a-n,f111r,"f111r.52,+P0",dair.al.qokeey.qokaiin.sheal.qokeain.shckhy.sain.chckhy.char.aiin.alom,dair al qokeey qokaiin sheal qokeain shckhy sain chckhy char aiin alom
IT2a-n,f111r,"f111r.53,+P0",yshe.aiin.okshdy.shkeey.kain.chaiin.alol.shey.qokaiin.chcthy.dain,yshe aiin okshdy shkeey kain chaiin alol shey qokaiin chcthy dain
IT2a-n,f111r,"f111r.54,+P0",tair.chckhaiin.dair.qokal.otain.okal<$>,tair chckhaiin dair qokal otain okal
IT2a-n,f111v,"f111v.1,@P0",<%>koshey.qokal.chckheal.opcheodair.alkain.sheokain.cheok.okeal.shedy.ralchy,koshey qokal chckheal opcheodair alkain sheokain cheok okeal shedy ralchy
IT2a-n,f111v,"f111v.2,+P0",sheekeey.cheol.keedy.qokair.shecthy.qokeol.okechedy.qokedy.qopchedy.qokedam.chy,sheekeey cheol keedy qokair shecthy qokeol okechedy qokedy qopchedy qokedam chy
IT2a-n,f111v,"f111v.3,+P0",dain.chedy.shedal.otedy.oteeo.chedy.qokeey.dain.chcthar.otar.qotain.otaim,dain chedy shedal otedy oteeo chedy qokeey dain chcthar otar qotain otaim
IT2a-n,f111v,"f111v.4,+P0",daiin.chey.chokedair.air.alolshedy.qotedy.qokedar.oteedy.okedy.chedy.lkam,daiin chey chokedair air alolshedy qotedy qokedar oteedy okedy chedy lkam
IT2a-n,f111v,"f111v.5,+P0",qokeed.o.aiin.otedy.qokedy.chedy.qokeey.qokeedy.qokeol.shedy.qotedal.lol,qokeed o aiin otedy qokedy chedy qokeey qokeedy qokeol shedy qotedal lol
IT2a-n,f111v,"f111v.6,+P0",okeeo.okchor.oteedy.cheal.qokeey.lkeey.chol.lkaiin.oteed.aiin.ar.al.keedy.m,okeeo okchor oteedy cheal qokeey lkeey chol lkaiin oteed aiin ar al keedy m
IT2a-n,f111v,"f111v.7,+P0",qokeechey.qokaiin.oteaiin.fcheeol.kain.okeey.l.lcheedy.otal.kain.chedain.al,qokeechey qokaiin oteaiin fcheeol kain okeey l lcheedy otal kain chedain al
IT2a-n,f111v,"f111v.8,+P0",sho.otchey.cheol.kechy.chcthey.okain.ol.lkeey.qokain.checkhy.chedar.am,sho otchey cheol kechy chcthey okain ol lkeey qokain checkhy chedar am
IT2a-n,f111v,"f111v.9,+P0",lshey.shedal.okear.lkedy.cheolkeey.lkey.okeey.qokeey.qokey.qokain.am,lshey shedal okear lkedy cheolkeey lkey okeey qokeey qokey qokain am
IT2a-n,f111v,"f111v.10,+P0",soiin.shed.qoksheo.lor.cheo.lol.aiin.shey.qokain.chear.qoteol.shcthy.ldy,soiin shed qoksheo lor cheo lol aiin shey qokain chear qoteol shcthy ldy
IT2a-n,f111v,"f111v.11,+P0",ylcheey.shear.aiin.sheeor.otain.otedy.qokain.chedkain.shedaitain.chalg,ylcheey shear aiin sheeor otain otedy qokain chedkain shedaitain chalg
IT2a-n,f111v,"f111v.12,+P0",qear.ain.shey.okeeey.qokaiin.checkhy.sho.lchal.sheeay.shckhey.kshar.tar,qear ain shey okeeey qokaiin checkhy sho lchal sheeay shckhey kshar tar
IT2a-n,f111v,"f111v.13,+P0",sheaiin.okaiin.chckhy.cheol.kedy.chetar.okaiin.shal.lchdal.tedy.tar.amd,sheaiin okaiin chckhy cheol kedy chetar okaiin shal lchdal tedy tar amd
IT2a-n,f111v,"f111v.14,+P0",qocheol.qokain.chear.ol.ain.shedy.qotaiin.qokeechy.olkeey.lkain.lal.gm,qocheol qokain chear ol ain shedy qotaiin qokeechy olkeey lkain lal gm
IT2a-n,f111v,"f111v.15,+P0",rain.sheo.l.otain.qokaiin.al.kain.chedy.otal.lchedy.qokain.chtal.otain.l.ls,rain sheo l otain qokaiin al kain chedy otal lchedy qokain chtal otain l ls
IT2a-n,f111v,"f111v.16,+P0",qokain.sheol.qokain.chckhey.lchedy.okar.al.qotal.shedy.otain.far.aiin.am,qokain sheol qokain chckhey lchedy okar al qotal shedy otain far aiin am
IT2a-n,f111v,"f111v.17,+P0",solkain.shey.okaiin.sheey.qokain.chkal.chckhy.saiin.ar.lchal.she.otain,solkain shey okaiin sheey qokain chkal chckhy saiin ar lchal she otain
IT2a-n,f111v,"f111v.18,+P0",tair.shedy.qochdaiin.okain.sheey.kaiin.shey.otain.alkain.o.l.r.ol.dain,tair shedy qochdaiin okain sheey kaiin shey otain alkain o l r ol dain
IT2a-n,f111v,"f111v.19,+P0",qokaiin.cheal.tain.qokain.shey.qokain.char.shcthey.qoky.chy.qokaiin,qokaiin cheal tain qokain shey qokain char shcthey qoky chy qokaiin
IT2a-n,f111v,"f111v.20,+P0",shain.qokal.shar.qoteal.qotain.chedy.qotain.shcthy.qokshedy.qotain.ar,shain qokal shar qoteal qotain chedy qotain shcthy qokshedy qotain ar
IT2a-n,f111v,"f111v.21,+P0",sair.air.ain.qol.rar.ain.cheey.lkeey.lkain.cheokain.sheo.qo.qokain.chear.alam,sair air ain qol rar ain cheey lkeey lkain cheokain sheo qo qokain chear alam
IT2a-n,f111v,"f111v.22,+P0",saiin.ychear.olsheey.chetain.chedy.qokain.okain.al.chan.okal.chey.lkeeey,saiin ychear olsheey chetain chedy qokain okain al chan okal chey lkeeey
IT2a-n,f111v,"f111v.23,+P0",qokaiin.sheckhy.qokar.chalkain.chckhedy.lcheol.okaiin.qokain.cheol.daiin.lom,qokaiin sheckhy qokar chalkain chckhedy lcheol okaiin qokain cheol daiin lom
IT2a-n,f111v,"f111v.24,+P0",cheodain.qokar.otain.chedy.lkain.chey.shckhy.qokl.chedy.qokar.chctham,cheodain qokar otain chedy lkain chey shckhy qokl chedy qokar chctham
IT2a-n,f111v,"f111v.25,+P0",tair.alchedar.shykaiin.chdy<$>,tair alchedar shykaiin chdy
IT2a-n,f111v,"f111v.26,+P0",<%>polanar.okshey.qokain.chey.kal.keedy.qopchedy.qopchey.ltchs.alpchdar,polanar okshey qokain chey kal keedy qopchedy qopchey ltchs alpchdar
IT2a-n,f111v,"f111v.27,+P0",ol.sheey.tsheey.olkar.sheey.otain.ches.shy.qokl.chey.qokl.cheor.ldar.llo,ol sheey tsheey olkar sheey otain ches shy qokl chey qokl cheor ldar llo
IT2a-n,f111v,"f111v.28,+P0",qorchain.okain.chear.lkain<$>,qorchain okain chear lkain
IT2a-n,f111v,"f111v.29,+P0",<%>polkiin.cheopaiin.otain.shedy.pchedy.opcheedy.qokain.chcfhey.otchey.lldy,polkiin cheopaiin otain shedy pchedy opcheedy qokain chcfhey otchey lldy
IT2a-n,f111v,"f111v.30,+P0",shokar.okeokain.sheekain.qokain.chechey.qokeey.qetain.otain.ar.lkain.lky,shokar okeokain sheekain qokain chechey qokeey qetain otain ar lkain lky
IT2a-n,f111v,"f111v.31,+P0",pochey.oteain.chekain.cheal.lain.chey.qokain.chey.lkain.chal.ldy.llm,pochey oteain chekain cheal lain chey qokain chey lkain chal ldy llm
IT2a-n,f111v,"f111v.32,+P0",tar.chey.tain.chkar.alkar.chey.qol.chedy.okain.chey.lcheey.char.an,tar chey tain chkar alkar chey qol chedy okain chey lcheey char an
IT2a-n,f111v,"f111v.33,+P0",ysheal.qoair.ain.okan.sheainy.qokan.chan.aman.cheal.char<$>,ysheal qoair ain okan sheainy qokan chan aman cheal char
IT2a-n,f111v,"f111v.34,+P0",<%>polar.okar.teody.qokain.talol.tarol.opchedy.qotar.otar.chtal.sam,polar okar teody qokain talol tarol opchedy qotar otar chtal sam
IT2a-n,f111v,"f111v.35,+P0",oain.okaiin.chcthy.lkain.lchey.lshekain.qotal.shedy.chkeey.lkeeed.lkain.y,oain okaiin chcthy lkain lchey lshekain qotal shedy chkeey lkeeed lkain y
IT2a-n,f111v,"f111v.36,+P0",shain.okaiin.chey.qokar.ar.ar.ain.olr.ar.olor<$>,shain okaiin chey qokar ar ar ain olr ar olor
IT2a-n,f111v,"f111v.37,+P0",<%>polchey.lkarshar.okain.qokain.shalkl.dy.tor.chey.keedy.lteedy.raldl,polchey lkarshar okain qokain shalkl dy tor chey keedy lteedy raldl
IT2a-n,f111v,"f111v.38,+P0",ycheey.oaiin.checkhey.otain.qotl.chear.chedy.qokeey.okeedy.lkeey,ycheey oaiin checkhey otain qotl chear chedy qokeey okeedy lkeey
IT2a-n,f111v,"f111v.39,+P0",dsheey.qokal.chedy.chcthy.qokain.chedy.lkeey.shey.qokain.chedy.lchdy,dsheey qokal chedy chcthy qokain chedy lkeey shey qokain chedy lchdy
IT2a-n,f111v,"f111v.40,+P0",ykeeey.lkain.chckhy.chokain.chckhal.sheckhedy.qokeey.qokeedy.lchsl,ykeeey lkain chckhy chokain chckhal sheckhedy qokeey qokeedy lchsl
IT2a-n,f111v,"f111v.41,+P0",oteey.lchedy.teeedy.lkeey.oteedy.okedy.chedy.qokeey.checthy.qotal,oteey lchedy teeedy lkeey oteedy okedy chedy qokeey checthy qotal
IT2a-n,f111v,"f111v.42,+P0",cheeo.lkeeo.chear.qokeain.okeeor.cheedy.okain.chedy.chedy.teedy.lcheam,cheeo lkeeo chear qokeain okeeor cheedy okain chedy chedy teedy lcheam
IT2a-n,f111v,"f111v.43,+P0",ycheo.daiin.sheeky.chokeal.sheekar.okaiin.otain.chear.alo.laiin.chotam,ycheo daiin sheeky chokeal sheekar okaiin otain chear alo laiin chotam
IT2a-n,f111v,"f111v.44,+P0",dain.teeodain.cheeal.olaiin.or<$>,dain teeodain cheeal olaiin or
IT2a-n,f111v,"f111v.45,+P0",<%>pol.laiin.okain.sheal.pchedain.opchey.polshy.okshey.opchedy.qopchais.alky,pol laiin okain sheal pchedain opchey polshy okshey opchedy qopchais alky
IT2a-n,f111v,"f111v.46,+P0",sol.chey.lkeey.rolkeey.chckhy.okeeey.lchedy.lkeain.checthy.qotain.aly,sol chey lkeey rolkeey chckhy okeeey lchedy lkeain checthy qotain aly
IT2a-n,f111v,"f111v.47,+P0",sain.cheey.qokeey.chey.tain.olain.okeeedy.chekain.chckhey.lchar<$>,sain cheey qokeey chey tain olain okeeedy chekain chckhey lchar
IT2a-n,f111v,"f111v.48,+P0",<%>psalar.cheey.qekal.cheykaiin.tain.chal.al.skaiin.akchedy.opchdal.opchy,psalar cheey qekal cheykaiin tain chal al skaiin akchedy opchdal opchy
IT2a-n,f111v,"f111v.49,+P0",sory.cheey.chkain.chal.lor.sheey.qokain.okain.chey.qokain.okeey,sory cheey chkain chal lor sheey qokain okain chey qokain okeey
IT2a-n,f111v,"f111v.50,+P0",shaiin.qoiiin.okain.chey.qokeeey.okain.chees.ar.ol.loeees.otain.or,shaiin qoiiin okain chey qokeeey okain chees ar ol loeees otain or
IT2a-n,f111v,"f111v.51,+P0",sain.cheal.chckhy.okain.okalaiin.choty.chckhy<$>,sain cheal chckhy okain okalaiin choty chckhy
IT2a-n,f112r,"f112r.1,@P0",<%>folchey.qokeey.ykair.xar.ally.oteedal.or.aiin.chcphy,folchey qokeey ykair xar ally oteedal or aiin chcphy
IT2a-n,f112r,"f112r.2,+P0",saiin.oar.qolkaiin.otail.ol.olaiin.chol.otar,saiin oar qolkaiin otail ol olaiin chol otar
IT2a-n,f112r,"f112r.3,+P0",or.chedar.cheey.oteedy.oteedy.otaiin.oty.odys,or chedar cheey oteedy oteedy otaiin oty odys
IT2a-n,f112r,"f112r.4,+P0",qokeedy.chokain.otain.otar.chedy.taim.oram,qokeedy chokain otain otar chedy taim oram
IT2a-n,f112r,"f112r.5,+P0",otair.okody.otody.otal.okeeey.otar.am.oain.oy,otair okody otody otal okeeey otar am oain oy
IT2a-n,f112r,"f112r.6,+P0",chedal.oteedy.okeey.qokeedy.olkeedy.oteey.oram,chedal oteedy okeey qokeedy olkeedy oteey oram
IT2a-n,f112r,"f112r.7,+P0",taiin.olkeedy.qoteo.loeey.keey.qokeey.oteedy.ram,taiin olkeedy qoteo loeey keey qokeey oteedy ram
IT2a-n,f112r,"f112r.8,+P0",sairor.eteedy.chol.qotchedy.dody.qokeeey.dair.ag,sairor eteedy chol qotchedy dody qokeeey dair ag
IT2a-n,f112r,"f112r.9,+P0",saiin.ol.okeey.qokeey.o.chedy.teedy.qokchy.qokary,saiin ol okeey qokeey o chedy teedy qokchy qokary
IT2a-n,f112r,"f112r.10,+P0",dair.al.chedy.qodain.dam<$>,dair al chedy qodain dam
IT2a-n,f112r,"f112r.11,+P0",<%>tchedy.qoteey.qeol.qokeey.otey.qokeey.qokedy.chotyr,tchedy qoteey qeol qokeey otey qokeey qokedy chotyr
IT2a-n,f112r,"f112r.12,+P0",dchedy.qo.otchedy.chdy.qokeey.qotain.oteedy.oteey.ror,dchedy qo otchedy chdy qokeey qotain oteedy oteey ror
IT2a-n,f112r,"f112r.13,+P0",sor.aiin.chdy.ches.qokeey.okeey.otaiin.chcthy.oteey.dy,sor aiin chdy ches qokeey okeey otaiin chcthy oteey dy
IT2a-n,f112r,"f112r.14,+P0",soar.ar.al.chey.otaiin.okeedy.qokeey<$>,soar ar al chey otaiin okeedy qokeey
IT2a-n,f112r,"f112r.15,+P0",<%>poar.alchor.octhy.otedy.qokeedy.okedy.pchedy.opomdy<$>,poar alchor octhy otedy qokeedy okedy pchedy opomdy
IT2a-n,f112r,"f112r.16,+P0",<%>solol.she?dy.shol.qokeey.qokeeey.qokedain.otain.or.amchd,solol shol qokeey qokeeey qokedain otain or amchd
IT2a-n,f112r,"f112r.17,+P0",qoeeean.she.olkeear.cheey.qor.cheo.ral.cheey.qokey.teey.am,qoeeean she olkeear cheey qor cheo ral cheey qokey teey am
IT2a-n,f112r,"f112r.18,+P0",saiin.al.key.chey.dalchd.aiin.okal.chody.chedy.cham<$>,saiin al key chey dalchd aiin okal chody chedy cham
IT2a-n,f112r,"f112r.19,+P0",<%>polchdy.ol.otaly.saiin.sheky.qeey.qokey.qokeey.qoko.am,polchdy ol otaly saiin sheky qeey qokey qokeey qoko am
IT2a-n,f112r,"f112r.20,+P0",qoaiin.or.aiin.cheol.keody.qol.keol.okeeey.dal.aiin.ody,qoaiin or aiin cheol keody qol keol okeeey dal aiin ody
IT2a-n,f112r,"f112r.21,+P0",solkeedy.raiin.chcthey.okeedy.qoteedy.qeey.rair.ol.sy,solkeedy raiin chcthey okeedy qoteedy qeey rair ol sy
IT2a-n,f112r,"f112r.22,+P0",daichy.lchedy.qairal<$>,daichy lchedy qairal
IT2a-n,f112r,"f112r.23,+P0",<%>qoain.qoiin.olcheedy.dairiy.teedy.qopol.chdy.oteor.octhdy.otychey,qoain qoiin olcheedy dairiy teedy qopol chdy oteor octhdy otychey
IT2a-n,f112r,"f112r.24,+P0",cheeteey.qoteeey.lkeey.okeedy.key.lkedy.qokedy.otedy.otedy.lo,cheeteey qoteeey lkeey okeedy key lkedy qokedy otedy otedy lo
IT2a-n,f112r,"f112r.25,+P0",tedain.shedy.ochor.okchd.ykedy.kedy.chor.aiin.cheety.chcthy.okey,tedain shedy ochor okchd ykedy kedy chor aiin cheety chcthy okey
IT2a-n,f112r,"f112r.26,+P0",tockhy.chedy.chedam<$>,tockhy chedy chedam
IT2a-n,f112r,"f112r.27,+P0",<%>pcholkeedy.okchoiiin.aky.opchedy.kolfchdy.opchedy.lky.shty,pcholkeedy okchoiiin aky opchedy kolfchdy opchedy lky shty
IT2a-n,f112r,"f112r.28,+P0",ysheedy.sheokeedy.qokeedy.qokain.oteedy.chckhy.ytchedy.sharam,ysheedy sheokeedy qokeedy qokain oteedy chckhy ytchedy sharam
IT2a-n,f112r,"f112r.29,+P0",sar.aiin.olshedy.chokeey.sal.okaiin.oteey.qokeey.olor.al.chealy,sar aiin olshedy chokeey sal okaiin oteey qokeey olor al chealy
IT2a-n,f112r,"f112r.30,+P0",tar.ar.cheokey.okeody.chol.ol.chedy.qokedy.cheom<$>,tar ar cheokey okeody chol ol chedy qokedy cheom
IT2a-n,f112r,"f112r.31,+P0",<%>poir.al.keolor.okaiin.otain.oteey.lchedy.okeeor.oteor.karainy,poir al keolor okaiin otain oteey lchedy okeeor oteor karainy
IT2a-n,f112r,"f112r.32,+P0",sor.ar.al.ar.s.alkeear.alshedy.okeechy.qoiiin.oteey.ched.al.am,sor ar al ar s alkeear alshedy okeechy qoiiin oteey ched al am
IT2a-n,f112r,"f112r.33,+P0",sarol.okcheey.cphedy.shckhhy.okeeor.chedy.shdal<$>,sarol okcheey cphedy shckhhy okeeor chedy shdal
IT2a-n,f112r,"f112r.34,+P0",<%>pairar.lshdar.okechedy.qokar.aram.qotedy.araiin.qokchdy.opary,pairar lshdar okechedy qokar aram qotedy araiin qokchdy opary
IT2a-n,f112r,"f112r.35,+P0",sain.olaiin.qopchdy.qoky.okeal.chedy.okeey.otedy.ar.ar.okeedy,sain olaiin qopchdy qoky okeal chedy okeey otedy ar ar okeedy
IT2a-n,f112r,"f112r.36,+P0",sain.ol.checkhy.olchain.okeey.olam<$>,sain ol checkhy olchain okeey olam
IT2a-n,f112r,"f112r.37,+P0",<%>pom.okaiin.olkedy.okedy.okeey.okeedy.keedas.otear.shkeor.qoky,pom okaiin olkedy okedy okeey okeedy keedas otear shkeor qoky
IT2a-n,f112r,"f112r.38,+P0",sar.ain.olkeear.okeody.qokeeiin.oteedy.qokey.okal.okedy,sar ain olkeear okeody qokeeiin oteedy qokey okal okedy
IT2a-n,f112r,"f112r.39,+P0",palkeedy.qopal.otedy.opal.aiin.okaiiin.sheody.yteokar.ogom,palkeedy qopal otedy opal aiin okaiiin sheody yteokar ogom
IT2a-n,f112r,"f112r.40,+P0",sain.okal.lkeedy.okar.okchedy.qokal.keedy.chkey.oto.aral,sain okal lkeedy okar okchedy qokal keedy chkey oto aral
IT2a-n,f112r,"f112r.41,+P0",yshesy.alain.cheey.okchey.qokchy.okchaiin.okeeos.okchy.ory,yshesy alain cheey okchey qokchy okchaiin okeeos okchy ory
IT2a-n,f112r,"f112r.42,+P0",polar.shedy.qokaiin.y.okeedy.qotal.chody.oteody.oraryteop,polar shedy qokaiin y okeedy qotal chody oteody oraryteop
IT2a-n,f112r,"f112r.43,+P0",yteeo.raiin.okar.opor.aiin.ycheedy.qeedar.yteeey.sheor.oteeg,yteeo raiin okar opor aiin ycheedy qeedar yteeey sheor oteeg
IT2a-n,f112r,"f112r.44,+P0",sar.ain.qokaekeeey.yk.okaeechey.okeeedy.alair.okcheey.ar.arody,sar ain qokaekeeey yk okaeechey okeeedy alair okcheey ar arody
IT2a-n,f112r,"f112r.45,+P0",yar.aiin.okeeey.teey.shkar.oteeedy.qokeey.okeey.okary.oi?n.yky<$>,yar aiin okeeey teey shkar oteeedy qokeey okeey okary yky
IT2a-n,f112v,"f112v.1,@P0",<%>keeoal.chool.opal.otalair.y.fcheol.oteey.qor.eees.am,keeoal chool opal otalair y fcheol oteey qor eees am
IT2a-n,f112v,"f112v.2,+P0",oar.osal.okeeshy.qokeey.okain.qokal.okeol.oty.oraiin,oar osal okeeshy qokeey okain qokal okeol oty oraiin
IT2a-n,f112v,"f112v.3,+P0",qokeeor.ar.sheey.or.ar.aiiin.okeey.lkeeody.sheedy.qotam,qokeeor ar sheey or ar aiiin okeey lkeeody sheedy qotam
IT2a-n,f112v,"f112v.4,+P0",shody.qo.oeeeody.oteey.qokeedy.okeey.qokeedy.qoky.am,shody qo oeeeody oteey qokeedy okeey qokeedy qoky am
IT2a-n,f112v,"f112v.5,+P0",sain.aiiin.okey.daiin.otal.chear.okedy.okaiin.cheeoldy,sain aiiin okey daiin otal chear okedy okaiin cheeoldy
IT2a-n,f112v,"f112v.6,+P0",saiin.ol.oaiin.okeeedy.cheaikhy<$>,saiin ol oaiin okeeedy cheaikhy
IT2a-n,f112v,"f112v.7,+P0",<%>pcheokeey.oeeeky.qoteedy.oeesaiin.oteor.opchdar.opary,pcheokeey oeeeky qoteedy oeesaiin oteor opchdar opary
IT2a-n,f112v,"f112v.8,+P0",ocheor.okor.aiiin.otaiin.okal.okar.otal.kedy.chekaiiin,ocheor okor aiiin otaiin okal okar otal kedy chekaiiin
IT2a-n,f112v,"f112v.9,+P0",soaiin.ar.iiin.okaiin.otaiin.cheekain.okchedy.qokchdy,soaiin ar iiin okaiin otaiin cheekain okchedy qokchdy
IT2a-n,f112v,"f112v.10,+P0",dain.sheey.okchedy.oror<$>,dain sheey okchedy oror
IT2a-n,f112v,"f112v.11,+P0",<%>tchor.aiin.odeedy.oteeey.qokey.lody.chcfhy.ochos.aiin.olky,tchor aiin odeedy oteeey qokey lody chcfhy ochos aiin olky
IT2a-n,f112v,"f112v.12,+P0",daiin.al.olkeedain.oteey.sheeol.qokeedy.qochaiin.oteey.qoty,daiin al olkeedain oteey sheeol qokeedy qochaiin oteey qoty
IT2a-n,f112v,"f112v.13,+P0",dcheoty.oy.otchedy.chedy.daiin.chedal.chedy.qokaiin.otam,dcheoty oy otchedy chedy daiin chedal chedy qokaiin otam
IT2a-n,f112v,"f112v.14,+P0",sain.ain.am.ykeedain.qokeedy.chedaiin.alain<$>,sain ain am ykeedain qokeedy chedaiin alain
IT2a-n,f112v,"f112v.15,+P0",<%>pchodain.okeedy.qokeedy.olkeedy.qokain.sheey.qokedar.aiin.am,pchodain okeedy qokeedy olkeedy qokain sheey qokedar aiin am
IT2a-n,f112v,"f112v.16,+P0",saiin.okeey.sheey.qoteedy.qokey.chedy.qokeey.qokeey.chdaly,saiin okeey sheey qoteedy qokey chedy qokeey qokeey chdaly
IT2a-n,f112v,"f112v.17,+P0",daiin.cheeir.cheedy.chykeedy.chdaiin.cheedy.qokain.otaldal,daiin cheeir cheedy chykeedy chdaiin cheedy qokain otaldal
IT2a-n,f112v,"f112v.18,+P0",saiin.or.aiin.chey.qokeedy.qokeeey.qokeeody.qotam.olaiin.am,saiin or aiin chey qokeedy qokeeey qokeeody qotam olaiin am
IT2a-n,f112v,"f112v.19,+P0",sarain.ain.al.qoeeey.qoteo.or.aiiin.ol.chalor<$>,sarain ain al qoeeey qoteo or aiiin ol chalor
IT2a-n,f112v,"f112v.20,+P0",<%>pchoraiin.ar.alchedy.olkeedy.qokedy.qotaiin.chocthedy.sairal,pchoraiin ar alchedy olkeedy qokedy qotaiin chocthedy sairal
IT2a-n,f112v,"f112v.21,+P0",saiin.chekain.cheol.qoeedy.chol.keedy.qokaiin.shedy.qokeol.kain,saiin chekain cheol qoeedy chol keedy qokaiin shedy qokeol kain
IT2a-n,f112v,"f112v.22,+P0",soiin.ol.cheol.chedy.qokeey.chetain<$>,soiin ol cheol chedy qokeey chetain
IT2a-n,f112v,"f112v.23,+P0",<%>ycheol.keeor.olkeeey.chedain.ol.cheedaiin.sheedy.qokeedy.qotain,ycheol keeor olkeeey chedain ol cheedaiin sheedy qokeedy qotain
IT2a-n,f112v,"f112v.24,+P0",soiin.or.okain.otchedy.qokeedy.eeedeed.ckhedy.cheedaiin.chedy<$>,soiin or okain otchedy qokeedy eeedeed ckhedy cheedaiin chedy
IT2a-n,f112v,"f112v.25,+P0",<%>pchdaiin.shedy.otaiin.cheedy.qokeeey.lkeeedy.cheey.lor.eeedy.qokeey,pchdaiin shedy otaiin cheedy qokeeey lkeeedy cheey lor eeedy qokeey
IT2a-n,f112v,"f112v.26,+P0",ychedal.checkhey.checkhy.cheeol.qokeedy.qoteosam.chos<$>,ychedal checkhey checkhy cheeol qokeedy qoteosam chos
IT2a-n,f112v,"f112v.27,+P0",<%>pchodain.aiin.teeedy.qoeey.okeedy.qokeear.al.okedal.olkeedy.qotedy,pchodain aiin teeedy qoeey okeedy qokeear al okedal olkeedy qotedy
IT2a-n,f112v,"f112v.28,+P0",shey.keedal.aiin.cheol.keeeody.qoiin.ykeey.qokeeey.ykeey.qoeey.qokaim,shey keedal aiin cheol keeeody qoiin ykeey qokeeey ykeey qoeey qokaim
IT2a-n,f112v,"f112v.29,+P0",sheey.qoeekain.ol.kain.alor.chedol.sheody<$>,sheey qoeekain ol kain alor chedol sheody
IT2a-n,f112v,"f112v.30,+P0",<%>polor.sheedy.okeedey.sal.aiin.sheedar.okedy.qopchedy.dalkedy.opchdy,polor sheedy okeedey sal aiin sheedar okedy qopchedy dalkedy opchdy
IT2a-n,f112v,"f112v.31,+P0",tar.aiin.okeear.oteody.arar<$>,tar aiin okeear oteody arar
IT2a-n,f112v,"f112v.32,+P0",<%>tchedor.shee.keedy.otedar.checphey.qopchedy.qopcheey.kar.opcheeo.raify,tchedor shee keedy otedar checphey qopchedy qopcheey kar opcheeo raify
IT2a-n,f112v,"f112v.33,+P0",or.cheeor.okeedy.qokedy.qokeedy.chedaiin.okeeedy.otaiin.cheekey.chol,or cheeor okeedy qokedy qokeedy chedaiin okeeedy otaiin cheekey chol
IT2a-n,f112v,"f112v.34,+P0",saiin.chedaiin.checkhy.lkeedy.qokeedy.chkaiin.checkhol.chdam,saiin chedaiin checkhy lkeedy qokeedy chkaiin checkhol chdam
IT2a-n,f112v,"f112v.35,+P0",pched.shedain.qokaiin.okar.chedy.checkhy<$>,pched shedain qokaiin okar chedy checkhy
IT2a-n,f112v,"f112v.36,+P0",<%>tchede.okeey.lky.shedaiiin.chdy.qokeedy.cheky.lkedy.qotedy.raram,tchede okeey lky shedaiiin chdy qokeedy cheky lkedy qotedy raram
IT2a-n,f112v,"f112v.37,+P0",teedal.sain.ar.otaiin.shedy.qokedaiin.ar.qokaiin.chol.kedy.qokam,teedal sain ar otaiin shedy qokedaiin ar qokaiin chol kedy qokam
IT2a-n,f112v,"f112v.38,+P0",sa.ar.oiin.okchey.al.chedy.chol.otaiin.chedar.lkain.cheo.dain<$>,sa ar oiin okchey al chedy chol otaiin chedar lkain cheo dain
IT2a-n,f112v,"f112v.39,+P0",<%>teodarody.opcheed.okaiin.chaiin.otam.oteedy.qoteey.qotain.chcthd,teodarody opcheed okaiin chaiin otam oteedy qoteey qotain chcthd
IT2a-n,f112v,"f112v.40,+P0",y.cheol.lchedy.chckhy.cheolchal.shchy.daiin.cheolor.okain.chedy.daiin,y cheol lchedy chckhy cheolchal shchy daiin cheolor okain chedy daiin
IT2a-n,f112v,"f112v.41,+P0",ykeedain.checkhey.oain.chol<$>,ykeedain checkhey oain chol
IT2a-n,f112v,"f112v.42,+P0",<%>poly.keedain.she.kchdy.chotshe.otechy.qokchdy.otaray.shain.qokedy,poly keedain she kchdy chotshe otechy qokchdy otaray shain qokedy
IT2a-n,f112v,"f112v.43,+P0",ooeeor.oeeal.olkeol.ol.chol.chl.alchedy.ykeedy.chtal.kar.opchy.famom,ooeeor oeeal olkeol ol chol chl alchedy ykeedy chtal kar opchy famom
IT2a-n,f112v,"f112v.44,+P0",qokchal.qokey.qaiin.otol.teol.okal.otedar.opalchdy.alpchdy,qokchal qokey qaiin otol teol okal otedar opalchdy alpchdy
IT2a-n,f112v,"f112v.45,+P0",ycheey.chokeey.okar.al.tchedy.oteol.chcthy.alaiin.char.al.kamdam,ycheey chokeey okar al tchedy oteol chcthy alaiin char al kamdam
IT2a-n,f112v,"f112v.46,+P0",ykeey.lor.chaiin.cheky.chokain.charam.chey.kain.chdal.okaiin.daldy,ykeey lor chaiin cheky chokain charam chey kain chdal okaiin daldy
IT2a-n,f112v,"f112v.47,+P0",eotar.aim.oar.al.alor.aiiin.olkaiin.oty.ary<$>,eotar aim oar al alor aiiin olkaiin oty ary
IT2a-n,f113r,"f113r.1,@P0",<%>pchesfchy.ypcheedy.fchdy.chetar.qopchedaiin.oteey.oty.lkchy.chodain.alar.chedy,pchesfchy ypcheedy fchdy chetar qopchedaiin oteey oty lkchy chodain alar chedy
IT2a-n,f113r,"f113r.2,+P0",dar.okeedy.oteeody.qokedy.otchechy.okeorl.al.keeos.ched.al.ar.chckhhy.ykol.air.ol,dar okeedy oteeody qokedy otchechy okeorl al keeos ched al ar chckhhy ykol air ol
IT2a-n,f113r,"f113r.3,+P0",shchs.oal.chs.aiin.oteeosy<$>,shchs oal chs aiin oteeosy
IT2a-n,f113r,"f113r.4,+P0",<%>kcheeos.olkeedy.shoaiin.cheeody.qokchedy.chckhody.qokedy.qotaly.lkar.ar.alog,kcheeos olkeedy shoaiin cheeody qokchedy chckhody qokedy qotaly lkar ar alog
IT2a-n,f113r,"f113r.5,+P0",ycheeckhy.osaiin.cheoar.qokaiin.chekal.otar.shosaiin.chckhy.chdo.okol.chedy.chedy,ycheeckhy osaiin cheoar qokaiin chekal otar shosaiin chckhy chdo okol chedy chedy
IT2a-n,f113r,"f113r.6,+P0",sor.cheo.cheey.oteeos.aiin.otain.otal.ches.aiin.alchl.sheey.kchol.okeeo.l.kaiin.ol,sor cheo cheey oteeos aiin otain otal ches aiin alchl sheey kchol okeeo l kaiin ol
IT2a-n,f113r,"f113r.7,+P0",chos.sheey.qokchey.sokal.okeey.char.laiin.olkain<$>,chos sheey qokchey sokal okeey char laiin olkain
IT2a-n,f113r,"f113r.8,+P0",<%>pchosos.cheoar.keeol.qokeey.lkchey.qokar.chos.shey.qopchy.rchsy.chykeor.otal,pchosos cheoar keeol qokeey lkchey qokar chos shey qopchy rchsy chykeor otal
IT2a-n,f113r,"f113r.9,+P0",dchos.aiin.oteey.qokaiin.cho.okaiin.cheo.daiin.chky.le.chody.chotaiin<$>,dchos aiin oteey qokaiin cho okaiin cheo daiin chky le chody chotaiin
IT2a-n,f113r,"f113r.10,+P0",<%>pcheody.qokeody.cheoar.chy.kcheeor.ety.sheody.sheodaiin.qoteoor.otom.otchedy.qoty,pcheody qokeody cheoar chy kcheeor ety sheody sheodaiin qoteoor otom otchedy qoty
IT2a-n,f113r,"f113r.11,+P0",daiin.cholchey.okecheey.chokeol.sheo.qoaiin.shoo.keeeol.keody.chor.chor.kal.liiram,daiin cholchey okecheey chokeol sheo qoaiin shoo keeeol keody chor chor kal liiram
IT2a-n,f113r,"f113r.12,+P0",yshoain.qoeey.qoaiin.shol.lkeeoar.chodaiin.otam.chosaiin<$>,yshoain qoeey qoaiin shol lkeeoar chodaiin otam chosaiin
IT2a-n,f113r,"f113r.13,+P0",<%>folchor.cheody.qotedy.lkeches.lkeeol.lkcheol.lkchedy.kotchy.lpchedy.qopchedy.ro,folchor cheody qotedy lkeches lkeeol lkcheol lkchedy kotchy lpchedy qopchedy ro
IT2a-n,f113r,"f113r.14,+P0",ycheo.lkcheo.lchol.oiiin.qoksheoy.qokcheody.lcheo.l.kchedy.chokchy.okchdar.al,ycheo lkcheo lchol oiiin qoksheoy qokcheody lcheo l kchedy chokchy okchdar al
IT2a-n,f113r,"f113r.15,+P0",chol.chr.s.aiin.chaiiin<$>,chol chr s aiin chaiiin
IT2a-n,f113r,"f113r.16,+P0",<%>pcheoor.olkeedy.qokeedy.shdy.qofchedy.chcfhor.chedy.qokeeol.por.aiin.chepchar,pcheoor olkeedy qokeedy shdy qofchedy chcfhor chedy qokeeol por aiin chepchar
IT2a-n,f113r,"f113r.17,+P0",dor.shar.shol.qokeey.qokchol.chedaiin.qoky.chokain.chotar.chokar.char.alom,dor shar shol qokeey qokchol chedaiin qoky chokain chotar chokar char alom
IT2a-n,f113r,"f113r.18,+P0",ycheod.cheoaiin.chal.olkaiin.chkaiin.cheeey.lkeeo.aiiin.okeedy.qokcheey.rchedy,ycheod cheoaiin chal olkaiin chkaiin cheeey lkeeo aiiin okeedy qokcheey rchedy
IT2a-n,f113r,"f113r.19,+P0",yhal.cheeo.rlaiin.chckhey.cheol<$>,yhal cheeo rlaiin chckhey cheol
IT2a-n,f113r,"f113r.20,+P0",<%>kshoraiin.qokeeo.ar.shoteol.lklcheol.qokar.chdain.cphoithy.chor.aiin.ckhydy,kshoraiin qokeeo ar shoteol lklcheol qokar chdain cphoithy chor aiin ckhydy
IT2a-n,f113r,"f113r.21,+P0",oiin.shol.shedair.otchdy.shokchy.shaiiin.shckhey.lohor.air.okeody<$>,oiin shol shedair otchdy shokchy shaiiin shckhey lohor air okeody
IT2a-n,f113r,"f113r.22,+P0",<%>tchoar.sheeodaiin.chkaiin.otchod.okchedy.qokaiin.chokain.sheor.qokchy.qopam,tchoar sheeodaiin chkaiin otchod okchedy qokaiin chokain sheor qokchy qopam
IT2a-n,f113r,"f113r.23,+P0",ykeoeshy.qokaiin.chol.kiin.chckhey.lkchey.qokal.chocthy.lkchor.lkchedy.lkaiin,ykeoeshy qokaiin chol kiin chckhey lkchey qokal chocthy lkchor lkchedy lkaiin
IT2a-n,f113r,"f113r.24,+P0",dair.chor.chopchey.araiin.or.sal.arody<$>,dair chor chopchey araiin or sal arody
IT2a-n,f113r,"f113r.25,+P0",<%>pchodair.shotedy.qopchody.chfchol.kchdaiin.chpchshdy.rair.shedy.qokchey.sairy,pchodair shotedy qopchody chfchol kchdaiin chpchshdy rair shedy qokchey sairy
IT2a-n,f113r,"f113r.26,+P0",tol.cheshy.lkchedy.lchod.chal.char.lkeeody.oteeo.loaiin.okeedy<$>,tol cheshy lkchedy lchod chal char lkeeody oteeo loaiin okeedy
IT2a-n,f113r,"f113r.27,+P0",<%>tchol.chol.lsheol.shor.kcheey.yraiin.sheol.tcheody.tchey.sheoky.lpchedy.qokam,tchol chol lsheol shor kcheey yraiin sheol tcheody tchey sheoky lpchedy qokam
IT2a-n,f113r,"f113r.28,+P0",sar.al.chal.os.akchy.daiin.cheeeo.rain.otiiin.chol.lcholkaiin.cheokedy.lodar,sar al chal os akchy daiin cheeeo rain otiiin chol lcholkaiin cheokedy lodar
IT2a-n,f113r,"f113r.29,+P0",ysheeoaiin.alkeeol.chtchol.kcheody.lkchedy.okaiin.chal.taiin.oteedy<$>,ysheeoaiin alkeeol chtchol kcheody lkchedy okaiin chal taiin oteedy
IT2a-n,f113r,"f113r.30,+P0",<%>folchear.oteol.lshedy.lkshedy.sheeeky.otar.qchar.tar.shkchedy.qokchd.opy,folchear oteol lshedy lkshedy sheeeky otar qchar tar shkchedy qokchd opy
IT2a-n,f113r,"f113r.31,+P0",ytaiin.okaiin.chear.ckhar.shal.shckhy.okain.okhar.chor.chky.chakain.qoky,ytaiin okaiin chear ckhar shal shckhy okain okhar chor chky chakain qoky
IT2a-n,f113r,"f113r.32,+P0",shodaiin.shkaiin.chcthal.okshedy.otal.okaiin.cphoal.otain.okaiin.chedy.qotal,shodaiin shkaiin chcthal okshedy otal okaiin cphoal otain okaiin chedy qotal
IT2a-n,f113r,"f113r.33,+P0",ykeeor.chear.okain.chear.chockhy<$>,ykeeor chear okain chear chockhy
IT2a-n,f113r,"f113r.34,+P0",<%>palshsar.lshdaiin.otshsaiin.shocfhy.qopchear.shkair.qopchdy.qoteedy.rchedy.ldy,palshsar lshdaiin otshsaiin shocfhy qopchear shkair qopchdy qoteedy rchedy ldy
IT2a-n,f113r,"f113r.35,+P0",yshs.sheeo.lkeeos.aiin.qokeees.okchedy.qotaiin.otar.okar.ockhy.rchedy.qosain,yshs sheeo lkeeos aiin qokeees okchedy qotaiin otar okar ockhy rchedy qosain
IT2a-n,f113r,"f113r.36,+P0",dcheey.sheody.shedain<$>,dcheey sheody shedain
IT2a-n,f113r,"f113r.37,+P0",<%>tshedy.qokaiin.shedar.sheocphy.okchdy.pcheody.opchear.opchedy.lfchedy.otal,tshedy qokaiin shedar sheocphy okchdy pcheody opchear opchedy lfchedy otal
IT2a-n,f113r,"f113r.38,+P0",daiin.sheor.qoteey.daiin.okchedy.sheos.aiin<$>,daiin sheor qoteey daiin okchedy sheos aiin
IT2a-n,f113r,"f113r.39,+P0",<%>pcheockhy.lkchey.qofsheeey.lkeody.kcheodaiin.por.sheed.qopoeey.pokeey.rair.aly,pcheockhy lkchey qofsheeey lkeody kcheodaiin por sheed qopoeey pokeey rair aly
IT2a-n,f113r,"f113r.40,+P0",tarar.cheey.cheokeol.chcheey.cthes.aiin.ctheey.ctharad.shee.qotchey.taram,tarar cheey cheokeol chcheey cthes aiin ctheey ctharad shee qotchey taram
IT2a-n,f113r,"f113r.41,+P0",dsheo.ain.okaiin.cheey.taiin.lkeechey.okain.sheey.qoees.okeeody<$>,dsheo ain okaiin cheey taiin lkeechey okain sheey qoees okeeody
IT2a-n,f113r,"f113r.42,+P0",<%>pcheodaiin.sholkeechy.or.alkar.otchedy.cheol.tcheor.qokchedy.pchor.aral,pcheodaiin sholkeechy or alkar otchedy cheol tcheor qokchedy pchor aral
IT2a-n,f113r,"f113r.43,+P0",ykcheor.cseeod.lkar.ar.al.s.aiin.cheeey.ol.chedy.lchey.lkar.am.chedam,ykcheor cseeod lkar ar al s aiin cheeey ol chedy lchey lkar am chedam
IT2a-n,f113r,"f113r.44,+P0",cheeky.lkedy.chedy.lkaiin<$>,cheeky lkedy chedy lkaiin
IT2a-n,f113r,"f113r.45,+P0",<%>tchodairos.ar.chey.qotaiin.opchey.chtaiir.shedy.qotor.sheol.qotody.tedy,tchodairos ar chey qotaiin opchey chtaiir shedy qotor sheol qotody tedy
IT2a-n,f113r,"f113r.46,+P0",oaiin.cheokeeos.lkaiin.chkal.kar.cheeody.qokeeody.qokeey.chos.ar.aiin.ol,oaiin cheokeeos lkaiin chkal kar cheeody qokeeody qokeey chos ar aiin ol
IT2a-n,f113r,"f113r.47,+P0",y.sheol.keechey.cholkeedy.qokaiin.chedal.lkches.ar.okain.qokaiin.oriim,y sheol keechey cholkeedy qokaiin chedal lkches ar okain qokaiin oriim
IT2a-n,f113r,"f113r.48,+P0",tchoarorshy.qokaiin.shey.chckhhy.sheolkchy.qokeol.kaiin.checkhy.ralchs,tchoarorshy qokaiin shey chckhhy sheolkchy qokeol kaiin checkhy ralchs
IT2a-n,f113r,"f113r.49,+P0",sain.cheeey.cheo.kcheey.qokeey.lkeeey.okeeey.lkchey.lchor.aiin.otain.al,sain cheeey cheo kcheey qokeey lkeeey okeeey lkchey lchor aiin otain al
IT2a-n,f113r,"f113r.50,+P0",tchedy.okeey.cheeos.lkaiin.chey.otain.cheeody.qokeeody.okaiin.oteedy,tchedy okeey cheeos lkaiin chey otain cheeody qokeeody okaiin oteedy
IT2a-n,f113r,"f113r.51,+P0",ykeeol.qokaiin.olkal.airody.okaiin.okalal.loary<$>,ykeeol qokaiin olkal airody okaiin okalal loary
IT2a-n,f113v,"f113v.1,@P0",<%>folorarom.otchey.qotar.air.otair.opchedy.qokeedody.cheykeeoy.rol.lkar.chsamoky,folorarom otchey qotar air otair opchedy qokeedody cheykeeoy rol lkar chsamoky
IT2a-n,f113v,"f113v.2,+P0",teoar.ain.qotar.ycheey.otaiir.otaiin.okchy.lkchdy.oteol.ar.al.araiin.okal.cheyor,teoar ain qotar ycheey otaiir otaiin okchy lkchdy oteol ar al araiin okal cheyor
IT2a-n,f113v,"f113v.3,+P0",sar.aiin.chotar.okeeodar.qokain.olol.olam<$>,sar aiin chotar okeeodar qokain olol olam
IT2a-n,f113v,"f113v.4,+P0",<%>fchoctheody.keeodar.oteedy.rchedy.qokechy.otches.oporaiin.oteody.otaiin.otl.aroshy,fchoctheody keeodar oteedy rchedy qokechy otches oporaiin oteody otaiin otl aroshy
IT2a-n,f113v,"f113v.5,+P0",dcheos.otaiin.otedy.otodaiin.qokeey.rchchy.qeeeear.oteedy.qokeedy.otedar.ar.t.oteesal,dcheos otaiin otedy otodaiin qokeey rchchy qeeeear oteedy qokeedy otedar ar t oteesal
IT2a-n,f113v,"f113v.6,+P0",tcheolchy.lcheol.chockhy.cheodoiidaiin<$>,tcheolchy lcheol chockhy cheodoiidaiin
IT2a-n,f113v,"f113v.7,+P0",<%>fcheshd.teody.lkeeody.oteedy.lchealaim.shockhol.opchedy.qotaiin.otar.ar.al.oteal,fcheshd teody lkeeody oteedy lchealaim shockhol opchedy qotaiin otar ar al oteal
IT2a-n,f113v,"f113v.8,+P0",ycheody.qokeeor.choltar.olkam.chokam.odal.sheckhy.qokchedy.otor.otar.toky,ycheody qokeeor choltar olkam chokam odal sheckhy qokchedy otor otar toky
IT2a-n,f113v,"f113v.9,+P0",dair.ar.okaiin.chokaiin.checkhol.cholkaiin.olchy<$>,dair ar okaiin chokaiin checkhol cholkaiin olchy
IT2a-n,f113v,"f113v.10,+P0",<%>polaiin.oteol.otedy.ar.ar.al.kedy.qokeedy.olar.aiin.kchey.dal.otor.ar.opchey.ro,polaiin oteol otedy ar ar al kedy qokeedy olar aiin kchey dal otor ar opchey ro
IT2a-n,f113v,"f113v.11,+P0",or.sheor.oteeo.cheey.olkeey.otol.chotair.otar.qotar.okar.oko.lkedal.ram,or sheor oteeo cheey olkeey otol chotair otar qotar okar oko lkedal ram
IT2a-n,f113v,"f113v.12,+P0",solchedy.otsheody.arl.olchey.oror<$>,solchedy otsheody arl olchey oror
IT2a-n,f113v,"f113v.13,+P0",<%>poraiin.otar.ar.okol.shedy.qokchedy.otchdy.qotor.qoteedar.roral.fchee.llor,poraiin otar ar okol shedy qokchedy otchdy qotor qoteedar roral fchee llor
IT2a-n,f113v,"f113v.14,+P0",dar.al.sheey.qotaiin.chor.cthol.okeshos.olchedy.qokaiin.okal.okaiin.olo,dar al sheey qotaiin chor cthol okeshos olchedy qokaiin okal okaiin olo
IT2a-n,f113v,"f113v.15,+P0",?ar.ar.okeey.oeky.otcheedaiin.ol.tchdy.pcheol.kcheor.raiin.cheey.qokaram,ar okeey oeky otcheedaiin ol tchdy pcheol kcheor raiin cheey qokaram
IT2a-n,f113v,"f113v.16,+P0",daiin.chl.lkeey.lkaiin.chdain.qokain.sheor.okalchedy.qokar.olkam.ar,daiin chl lkeey lkaiin chdain qokain sheor okalchedy qokar olkam ar
IT2a-n,f113v,"f113v.17,+P0",saraiin.shedy.lcheey.olkar.okaiin.cthor.oraiin.yteeeor<$>,saraiin shedy lcheey olkar okaiin cthor oraiin yteeeor
IT2a-n,f113v,"f113v.18,+P0",<%>pychdar.chckhedy.otshedy.tcheepchey.lky.lkches.qokody.lkeshdy.fchocthar.opam,pychdar chckhedy otshedy tcheepchey lky lkches qokody lkeshdy fchocthar opam
IT2a-n,f113v,"f113v.19,+P0",daiin.qokeeody.qokar.okaiin.qokaiin.okar.checthy.okalched.lchal.qckham,daiin qokeeody qokar okaiin qokaiin okar checthy okalched lchal qckham
IT2a-n,f113v,"f113v.20,+P0",lkaiin.chckhhy.chody.otchar.or.otary.olaiin<$>,lkaiin chckhhy chody otchar or otary olaiin
IT2a-n,f113v,"f113v.21,+P0",<%>polaiin.otar.qotain.chtol.tarol.cheol.kaiin.chpkcheos.okar.aithchr.lo,polaiin otar qotain chtol tarol cheol kaiin chpkcheos okar aithchr lo
IT2a-n,f113v,"f113v.22,+P0",okaiin.okaiin.cheeky.raiin.olal.okaiin.cheody.okaiin.okaiin.otar.aly,okaiin okaiin cheeky raiin olal okaiin cheody okaiin okaiin otar aly
IT2a-n,f113v,"f113v.23,+P0",ykaiin.al.kar.okain.qokaiin.chokair.okar.al.cheody.qokar.otal.lkl.lol,ykaiin al kar okain qokaiin chokair okar al cheody qokar otal lkl lol
IT2a-n,f113v,"f113v.24,+P0",olkeey.lcheey.loar.cheos<$>,olkeey lcheey loar cheos
IT2a-n,f113v,"f113v.25,+P0",<%>tokary.lkchey.lkeedy.otey.pcheol.qopchey.cthol.opaiin.ol.keeor.opshedy.qotam,tokary lkchey lkeedy otey pcheol qopchey cthol opaiin ol keeor opshedy qotam
IT2a-n,f113v,"f113v.26,+P0",okiin.al.keechy.qoteeol.otar.ar.otchey.otaiin.al.otaiin.otol.qotody.loty,okiin al keechy qoteeol otar ar otchey otaiin al otaiin otol qotody loty
IT2a-n,f113v,"f113v.27,+P0",ycheeol.cheeo.alkeedy<$>,ycheeol cheeo alkeedy
IT2a-n,f113v,"f113v.28,+P0",<%>paiir.oteey.lkaiin.oshox.ar.ash.opheey.cphedy.opcheody.okalchdy.qotol.oky,paiir oteey lkaiin oshox ar ash opheey cphedy opcheody okalchdy qotol oky
IT2a-n,f113v,"f113v.29,+P0",ykeeol.chedy.qokeey.olkeeey.okaiin.ar.cthey.okaiin.al.lor.air.arald,ykeeol chedy qokeey olkeeey okaiin ar cthey okaiin al lor air arald
IT2a-n,f113v,"f113v.30,+P0",ysheey.qoeey.or.aiiin.okeeol.otain.ar.al.okaiiin.aiin.shody.otcham,ysheey qoeey or aiiin okeeol otain ar al okaiiin aiin shody otcham
IT2a-n,f113v,"f113v.31,+P0",daiiin.cheol.teeoar.shek.lchedy.okaiin.chckhaiin.otaiin.otaiin.araral,daiiin cheol teeoar shek lchedy okaiin chckhaiin otaiin otaiin araral
IT2a-n,f113v,"f113v.32,+P0",sheol.keey.qokain.char.ar.olar.aiiin.okar<$>,sheol keey qokain char ar olar aiiin okar
IT2a-n,f113v,"f113v.33,+P0",<%>polsaisy.oteo.qokeedy.qokaiin.okal.qofcheol.qokaiin.opalor.lkch.ofchr,polsaisy oteo qokeedy qokaiin okal qofcheol qokaiin opalor lkch ofchr
IT2a-n,f113v,"f113v.34,+P0",daiin.cheaiin.okchey.cheky.qokain.otecheedy.qokaiin.chckhey.cheoram,daiin cheaiin okchey cheky qokain otecheedy qokaiin chckhey cheoram
IT2a-n,f113v,"f113v.35,+P0",qokaiin.air.lor.chedy.otain<$>,qokaiin air lor chedy otain
IT2a-n,f113v,"f113v.36,+P0",<%>ofaral.olkaiin.okar.okeeedy.tshedy.qokeedy.otcheypchedy.tsho.lteam,ofaral olkaiin okar okeeedy tshedy qokeedy otcheypchedy tsho lteam
IT2a-n,f113v,"f113v.37,+P0",qol.aiin.olaiin.oteeey.lchedy.qokair.ydaiin<$>,qol aiin olaiin oteeey lchedy qokair ydaiin
IT2a-n,f113v,"f113v.38,+P0",<%>pcholky.otar.airol.okeedy.chokor.sheedy.oteey.teear.otorsheey.qoteal,pcholky otar airol okeedy chokor sheedy oteey teear otorsheey qoteal
IT2a-n,f113v,"f113v.39,+P0",osheol.cheol.ar.aloiiin.oteeey.otain.chekey.qokain.chcthy.qotam.lr,osheol cheol ar aloiiin oteeey otain chekey qokain chcthy qotam lr
IT2a-n,f113v,"f113v.40,+P0",oraiin.cheor.alkain.oteey.ar.aiin.otaiin.okeey.lkeeedy.qoeeeey.aiin,oraiin cheor alkain oteey ar aiin otaiin okeey lkeeedy qoeeeey aiin
IT2a-n,f113v,"f113v.41,+P0",dair.aiin.okain.ar.aiin.cheody<$>,dair aiin okain ar aiin cheody
IT2a-n,f113v,"f113v.42,+P0",<%>pol.keeo.dy.qoeees.aiin.oraiin.oteol.fchedy.oteeey.dar.otakeol.ol,pol keeo dy qoeees aiin oraiin oteol fchedy oteeey dar otakeol ol
IT2a-n,f113v,"f113v.43,+P0",ycheol.keey.lkeees.or.aiin.otaiin.chkain.olar.olchedy.qok.aiin.os,ycheol keey lkeees or aiin otaiin chkain olar olchedy qok aiin os
IT2a-n,f113v,"f113v.44,+P0",daiin.cheal.otain.okar.otaiin.oloiin<$>,daiin cheal otain okar otaiin oloiin
IT2a-n,f113v,"f113v.45,+P0",<%>polaiin.arol.shear.okeeeody.lsar.lkeey.opchedy.qokchdy.ota.aram,polaiin arol shear okeeeody lsar lkeey opchedy qokchdy ota aram
IT2a-n,f113v,"f113v.46,+P0",olkaiin.cheey.lain.al.cheey<$>,olkaiin cheey lain al cheey
IT2a-n,f113v,"f113v.47,+P0",<%>polaiin.ksheeol.lkaiin.tair.shey.qotain.ar.akal.shey.qopchedy.ldy,polaiin ksheeol lkaiin tair shey qotain ar akal shey qopchedy ldy
IT2a-n,f113v,"f113v.48,+P0",ycheol.cheey.qol.lsheedy.qokaiin.chedy.kain.qokeeedy.lkaiin.okal.dy,ycheol cheey qol lsheedy qokaiin chedy kain qokeeedy lkaiin okal dy
IT2a-n,f113v,"f113v.49,+P0",yshey.teeo.oteedy.qokeey.otaiin.olaiin.cheokain.lkeey.ltal.keedy<$>,yshey teeo oteedy qokeey otaiin olaiin cheokain lkeey ltal keedy
IT2a-n,f114r,"f114r.1,@P0",<%>tchedol.doiros.pcheos.ytaiin.okody.yteeed.oteeodl.opaiin.okarol,tchedol doiros pcheos ytaiin okody yteeed oteeodl opaiin okarol
IT2a-n,f114r,"f114r.2,+P0",deedar.qoteeddy.dair.okedy.okoeey.raiin.oor.cheed.ol.keeed.lkeeedam,deedar qoteeddy dair okedy okoeey raiin oor cheed ol keeed lkeeedam
IT2a-n,f114r,"f114r.3,+P0",ycheod<$>,ycheod
IT2a-n,f114r,"f114r.4,+P0",<%>fdeechdy.opchedaiin.ypchedy.odaly.chedy.qop.cheokaiin.shedy.podair.ochedal,fdeechdy opchedaiin ypchedy odaly chedy qop cheokaiin shedy podair ochedal
IT2a-n,f114r,"f114r.5,+P0",laiin.chedy.qokaiin.chdy.daiin.dchdas.eedol.chdol.kchedy.cho.kaiin.chdy,laiin chedy qokaiin chdy daiin dchdas eedol chdol kchedy cho kaiin chdy
IT2a-n,f114r,"f114r.6,+P0",qoeedy.okchedy.daiiin.chedy.daiin.ykeedy.okeeedy.chedol.chdaiin.ykar.dary,qoeedy okchedy daiiin chedy daiin ykeedy okeeedy chedol chdaiin ykar dary
IT2a-n,f114r,"f114r.7,+P0",cheol.dchedy.dkchs.aiin.chdedy.qodaiin.okchedaiin.chain,cheol dchedy dkchs aiin chdedy qodaiin okchedaiin chain
IT2a-n,f114r,"f114r.8,+P0",fchey.dam.okchedam.qokeedaiin.otairar.okchedy.otaiin.opcheol.ofchedaiis.ocphy,fchey dam okchedam qokeedaiin otairar okchedy otaiin opcheol ofchedaiis ocphy
IT2a-n,f114r,"f114r.9,+P0",dcheod.qodaiin.daiin.chey.kal.dody.chdairod.okchdy.chody.daiin.dar.oar.orold,dcheod qodaiin daiin chey kal dody chdairod okchdy chody daiin dar oar orold
IT2a-n,f114r,"f114r.10,+P0",qokeedy.chdodaiin.qoedeey.chdaiin.chedalos<$>,qokeedy chdodaiin qoedeey chdaiin chedalos
IT2a-n,f114r,"f114r.11,+P0",<%>dalchy.kolky.qoedaiin.dolor.shedy.qokchdy.ofchedy.tolpchy.doiiin.chocfhdy.opailo,dalchy kolky qoedaiin dolor shedy qokchdy ofchedy tolpchy doiiin chocfhdy opailo
IT2a-n,f114r,"f114r.12,+P0",ykcheshd.ol.air.okaiin.otedy.ykeeey.teos.lair.sheod.chody.otchedair.okom,ykcheshd ol air okaiin otedy ykeeey teos lair sheod chody otchedair okom
IT2a-n,f114r,"f114r.13,+P0",qokchedy.daiin.octhdy<$>,qokchedy daiin octhdy
IT2a-n,f114r,"f114r.14,+P0",<%>solpchd.oiin.chcthdy.qodair.ol.daldy.qopdain.opdaiin.opdairody.opdaildo.ary,solpchd oiin chcthdy qodair ol daldy qopdain opdaiin opdairody opdaildo ary
IT2a-n,f114r,"f114r.15,+P0",qoedy.otair.otar.okod.chodar.y.dal.oeedy.qokolkchdy.dalol.y.qokaiin.ched.al,qoedy otair otar okod chodar y dal oeedy qokolkchdy dalol y qokaiin ched al
IT2a-n,f114r,"f114r.16,+P0",cheoal.sheedo.lkol.dair.dair.chdair.cheoty.otal.cheo.dair.chekor.otol.chedy,cheoal sheedo lkol dair dair chdair cheoty otal cheo dair chekor otol chedy
IT2a-n,f114r,"f114r.17,+P0",qokeedain.cheedy.qokey.qokeeodaiin.daiin.octhd.akaiin.otchedy.qokchedy.chckhd,qokeedain cheedy qokey qokeeodaiin daiin octhd akaiin otchedy qokchedy chckhd
IT2a-n,f114r,"f114r.18,+P0",lcheos.okar.y.cheodeeey.qoeeody.qodaiin.daildain<$>,lcheos okar y cheodeeey qoeeody qodaiin daildain
IT2a-n,f114r,"f114r.19,+P0",<%>pairody.shedar.qopchdy.dchedy.dol.qopchedy.daiin.ofchedaiin.chodaiin.opair.dar.oty,pairody shedar qopchdy dchedy dol qopchedy daiin ofchedaiin chodaiin opair dar oty
IT2a-n,f114r,"f114r.20,+P0",sair.chedaiin.dalchdy.daiidy.olchedy.chedaiin.oteedy.qoted.aiin.otar.otedy.do.rol,sair chedaiin dalchdy daiidy olchedy chedaiin oteedy qoted aiin otar otedy do rol
IT2a-n,f114r,"f114r.21,+P0",lcheey.lchedo.lcheo.dkair,lcheey lchedo lcheo dkair
IT2a-n,f114r,"f114r.22,+P0",tchedair.shodaiin.dair.kchedy.qopeedy.chdypdaiin.qokairolchdy.rodeedy.qcphhedy,tchedair shodaiin dair kchedy qopeedy chdypdaiin qokairolchdy rodeedy qcphhedy
IT2a-n,f114r,"f114r.23,+P0",orcheo.al.taiin.qokedaiin.oeain.al.s.ain.ches<$>,orcheo al taiin qokedaiin oeain al s ain ches
IT2a-n,f114r,"f114r.24,+P0",<%>tchedaiin.oldal.chor.chpeeeey.chcphey.cphochy.chos.aiir.chty.chopo.sair.cphy.dair,tchedaiin oldal chor chpeeeey chcphey cphochy chos aiir chty chopo sair cphy dair
IT2a-n,f114r,"f114r.25,+P0",oaiil.chey.qokeedy.chedy.qoeey.qokodaiin.cheey.kais.aiy.okol.aiir.otair.or.airy,oaiil chey qokeedy chedy qoeey qokodaiin cheey kais aiy okol aiir otair or airy
IT2a-n,f114r,"f114r.26,+P0",ycheeodaiin.olkaiir.qokaiin.chodaiin.okar.olkaiin.okaiin.cheody.airoy.olam,ycheeodaiin olkaiir qokaiin chodaiin okar olkaiin okaiin cheody airoy olam
IT2a-n,f114r,"f114r.27,+P0",cheeo.daiin.sheedy.qodaiin.ksam.chodal.olchedy<$>,cheeo daiin sheedy qodaiin ksam chodal olchedy
IT2a-n,f114r,"f114r.28,+P0",<%>pchedairs.oeail.chotar.qokeedair.olkaiin.opdaiin.otol.dair.chdy.tedair.aiisaim,pchedairs oeail chotar qokeedair olkaiin opdaiin otol dair chdy tedair aiisaim
IT2a-n,f114r,"f114r.29,+P0",chol.oeedy.keedy.chcheky.cheodeey.keedeedy.daiiin.ald.air.ar.shol.chedy.otchedy.qoty,chol oeedy keedy chcheky cheodeey keedeedy daiiin ald air ar shol chedy otchedy qoty
IT2a-n,f114r,"f114r.30,+P0",ychedar.okeedy.lkeede.aiin.oeedaiin.qoaiin.ykedy.okair.olkeedy.qoain.ain.okeey.ram,ychedar okeedy lkeede aiin oeedaiin qoaiin ykedy okair olkeedy qoain ain okeey ram
IT2a-n,f114r,"f114r.31,+P0",sain.aiin.cheedain.okaiin.otedy.qokeedain.orain<$>,sain aiin cheedain okaiin otedy qokeedain orain
IT2a-n,f114r,"f114r.32,+P0",<%>tcheodaiin.chaiin.qokaiin.otaiin.otalkain.otchedain.qotcho.chdy.dair.qotar,tcheodaiin chaiin qokaiin otaiin otalkain otchedain qotcho chdy dair qotar
IT2a-n,f114r,"f114r.33,+P0",daiin.oteed.aiin.saiin.yteey.aiin.al.odaiin.chedal.odain.aiin.cheo.dal.chedy<$>,daiin oteed aiin saiin yteey aiin al odaiin chedal odain aiin cheo dal chedy
IT2a-n,f114r,"f114r.34,+Pr",<%>ytain.olkaiin.ykar.chdar.alkam<$>,ytain olkaiin ykar chdar alkam
IT2a-n,f114r,"f114r.35,*P0",<%>pcheos.air.oy.sheo.qokchey.sheekas.oar.ytched.lked.okchdar.otal.kar,pcheos air oy sheo qokchey sheekas oar ytched lked okchdar otal kar
IT2a-n,f114r,"f114r.36,+P0",ychedar.aikhdy.otarain.ykeodaiin.qoeedaiin.qokal.sain.otchedy.qokar,ychedar aikhdy otarain ykeodaiin qoeedaiin qokal sain otchedy qokar
IT2a-n,f114r,"f114r.37,+P0",odar.or.aiin.otshedy.okaiin.yky.ols.ol.kaiin.chees.air.qotaiin.chedaiiin,odar or aiin otshedy okaiin yky ols ol kaiin chees air qotaiin chedaiiin
IT2a-n,f114r,"f114r.38,+P0",qoeedy.qokchedy.cheey.raiin.arain.aiin.al.chol<$>,qoeedy qokchedy cheey raiin arain aiin al chol
IT2a-n,f114r,"f114r.39,+P0",<%>todaiin.cheoltchedaiin.daiin.okar.qoeedain.ycho.oedair.opchedy.qetchar,todaiin cheoltchedaiin daiin okar qoeedain ycho oedair opchedy qetchar
IT2a-n,f114r,"f114r.40,+P0",yteedy.qotey.qoedaiin.qokchedy.teedy.qoteeedy.qotar.otees.chos.otchdy,yteedy qotey qoedaiin qokchedy teedy qoteeedy qotar otees chos otchdy
IT2a-n,f114r,"f114r.41,+P0",oshey.daiin.sheody.qoty.cheey.taiin.qokaiin.qokeeedy.oqotoiiin.oqoeeosain<$>,oshey daiin sheody qoty cheey taiin qokaiin qokeeedy oqotoiiin oqoeeosain
IT2a-n,f114r,"f114r.42,+P0",<%>poedair.qotol.qodaiin.otaiin.qotar.qotchey.qotaiin.cheopy.qopoiin.cheody,poedair qotol qodaiin otaiin qotar qotchey qotaiin cheopy qopoiin cheody
IT2a-n,f114r,"f114r.43,+P0",ycheedy.qeoodaiin.daiiral.chedal.chos.oral.tedy.qotchdy.qotar.cheo.dain,ycheedy qeoodaiin daiiral chedal chos oral tedy qotchdy qotar cheo dain
IT2a-n,f114r,"f114r.44,+P0",ydaiin.chedy.qoal.cheey.qokair.okeedy.chotal.chol.okain.ar.dor.opaiin,ydaiin chedy qoal cheey qokair okeedy chotal chol okain ar dor opaiin
IT2a-n,f114r,"f114r.45,+P0",dain.ched.chodaiin.otain.chdar.chedy.chocthy<$>,dain ched chodaiin otain chdar chedy chocthy
IT2a-n,f114v,"f114v.1,@P0",<%>pchdol.dar.chedain.chodalr.fcheey.dchedy.qocphdy.otdady.qotedar.daiin,pchdol dar chedain chodalr fcheey dchedy qocphdy otdady qotedar daiin
IT2a-n,f114v,"f114v.2,+P0",dshedal.qoteody.choddy.otol.chedal.otain.chedol.chedain.shedy.qotched.dl,dshedal qoteody choddy otol chedal otain chedol chedain shedy qotched dl
IT2a-n,f114v,"f114v.3,+P0",oeos.qotcheo.odain.qotain.otar.qotchd.dol.qotchedy.choty.ol.lchdain.dal,oeos qotcheo odain qotain otar qotchd dol qotchedy choty ol lchdain dal
IT2a-n,f114v,"f114v.4,+P0",qokedy.cheocthedy.qoted.qotedol.chear.qotedy.okeedy.daiin.chedain.oky,qokedy cheocthedy qoted qotedol chear qotedy okeedy daiin chedain oky
IT2a-n,f114v,"f114v.5,+P0",chedy.qokeedy.okaly.cheedain.shedy<$>,chedy qokeedy okaly cheedain shedy
IT2a-n,f114v,"f114v.6,+P0",<%>tedcheo.cheo.cthedy.qotchedy.qotaiin.opchedy.shedy.qepoepy.chedar.dairy,tedcheo cheo cthedy qotchedy qotaiin opchedy shedy qepoepy chedar dairy
IT2a-n,f114v,"f114v.7,+P0",ytedshedy.otaiin.cheedar.cheey.s.aiin.chedky.chedaiiin.shod.chokchedy,ytedshedy otaiin cheedar cheey s aiin chedky chedaiiin shod chokchedy
IT2a-n,f114v,"f114v.8,+P0",pchedchdy.qoteedy.qokedain.chdaiin.qokedy.chedain.qoeedy.qotey.qotaiin,pchedchdy qoteedy qokedain chdaiin qokedy chedain qoeedy qotey qotaiin
IT2a-n,f114v,"f114v.9,+P0",soes.oeeos.aiin.olkeey.keol.qotcheedy.qockhed.skaiin.sheedy.qotal.chedy,soes oeeos aiin olkeey keol qotcheedy qockhed skaiin sheedy qotal chedy
IT2a-n,f114v,"f114v.10,+P0",olkees.chedaiin.qotaiin.olchedaiin.chedain.dain.chcthdy<$>,olkees chedaiin qotaiin olchedaiin chedain dain chcthdy
IT2a-n,f114v,"f114v.11,+P0",<%>tchedy.qotaiin.chdy.qotedy.tedaiin.chepched.otol.shedain.pol.otam,tchedy qotaiin chdy qotedy tedaiin chepched otol shedain pol otam
IT2a-n,f114v,"f114v.12,+P0",ochedy.choaiin.chcty.chedal.daiin.ytar.otchedy.qotaiin.dain.dar.yom,ochedy choaiin chcty chedal daiin ytar otchedy qotaiin dain dar yom
IT2a-n,f114v,"f114v.13,+P0",sheedy.qoteeo.soiiin.chcthain<$>,sheedy qoteeo soiiin chcthain
IT2a-n,f114v,"f114v.14,+P0",<%>tsheodar.cheo.ckhor.qopchedy.qopchedy.qokchedy.shody.qotaiin.ofcheds,tsheodar cheo ckhor qopchedy qopchedy qokchedy shody qotaiin ofcheds
IT2a-n,f114v,"f114v.15,+P0",ochedain.chedy.okal.chaiin.qokod.qokol.cheedy.qotody.cheol.kchedy.ldy,ochedain chedy okal chaiin qokod qokol cheedy qotody cheol kchedy ldy
IT2a-n,f114v,"f114v.16,+P0",ytchedy.qool.chey.ol.aiin.chedar.chdaiin.chdal.qokaiin.choky.chol.dam,ytchedy qool chey ol aiin chedar chdaiin chdal qokaiin choky chol dam
IT2a-n,f114v,"f114v.17,+P0",sheoal.chos.oaiir.alchedy.chcphedy.okory<$>,sheoal chos oaiir alchedy chcphedy okory
IT2a-n,f114v,"f114v.18,+P0",<%>dorkcheky.cheo.aiin.qotaiin.otody.qokal.sheody.choypshedy.qotoy.shxam,dorkcheky cheo aiin qotaiin otody qokal sheody choypshedy qotoy shxam
IT2a-n,f114v,"f114v.19,+P0",oshsodaiin.chotain.qotar<$>,oshsodaiin chotain qotar
IT2a-n,f114v,"f114v.20,+P0",<%>tshedain.qotchody.qokol.shedy.qokchedy.daiin.qofchdar.chdor.chdy.dary,tshedain qotchody qokol shedy qokchedy daiin qofchdar chdor chdy dary
IT2a-n,f114v,"f114v.21,+P0",dair.cheeo.chy.chdaiin.qokedy.otcheodaiin.qokchdy.otedal.dain.aral,dair cheeo chy chdaiin qokedy otcheodaiin qokchdy otedal dain aral
IT2a-n,f114v,"f114v.22,+P0",ychedar.shod.qokaiin.qotchey.chockhy.olkedy.otechy.ykedckhy<$>,ychedar shod qokaiin qotchey chockhy olkedy otechy ykedckhy
IT2a-n,f114v,"f114v.23,+P0",<%>pshedy.qopcheos.okaiin.qotchedy.qotchdar.cheeos.olteody.otoydy,pshedy qopcheos okaiin qotchedy qotchdar cheeos olteody otoydy
IT2a-n,f114v,"f114v.24,+P0",olkaiin.cheotaiin.qoteody.qokod.sheoeed.qodeedy.yteedy.aiin.am,olkaiin cheotaiin qoteody qokod sheoeed qodeedy yteedy aiin am
IT2a-n,f114v,"f114v.25,+P0",sor.aiin.otchedy.otaiin.alkain.okeedy<$>,sor aiin otchedy otaiin alkain okeedy
IT2a-n,f114v,"f114v.26,+P0",<%>pcheodal.cheopcheod.qotos.araiin.qotolcheo.pchdal.qoeedy.chcthey,pcheodal cheopcheod qotos araiin qotolcheo pchdal qoeedy chcthey
IT2a-n,f114v,"f114v.27,+P0",osheeo.lkcheo.okeey.qoteor.chokaiin.chdy.qokaiin.chokeey.tain.ary,osheeo lkcheo okeey qoteor chokaiin chdy qokaiin chokeey tain ary
IT2a-n,f114v,"f114v.28,+P0",tchedy.shdo.qotched.chees.ar.aiin.chetam<$>,tchedy shdo qotched chees ar aiin chetam
IT2a-n,f114v,"f114v.29,+P0",<%>pchdair.sho.qopchey.otcheed.chedy.qopcheos.ocpheody.opchdy.qopairam,pchdair sho qopchey otcheed chedy qopcheos ocpheody opchdy qopairam
IT2a-n,f114v,"f114v.30,+P0",ycheey.qoochy.qolcheey.qoteey.qotaiin.otal.otaiin.oteeo.teey.rain,ycheey qoochy qolcheey qoteey qotaiin otal otaiin oteeo teey rain
IT2a-n,f114v,"f114v.31,+P0",olaiin.cheo.otcheody.lkchedy.okol.okaiin.otaiin.otal.qotar,olaiin cheo otcheody lkchedy okol okaiin otaiin otal qotar
IT2a-n,f114v,"f114v.32,+P0",ycheol.oleeey.cheoaiin.chetaiin.sheeodain<$>,ycheol oleeey cheoaiin chetaiin sheeodain
IT2a-n,f114v,"f114v.33,+P0",<%>kaiin.sheey.oaiin.sheol.qoteey.qokeeedy.cheoctheey.qokeeo.lkealy,kaiin sheey oaiin sheol qoteey qokeeedy cheoctheey qokeeo lkealy
IT2a-n,f114v,"f114v.34,+P0",olkeechy.ol.oaiin.aiin.chocthey.qotedal.octhy.sotey.cheor.air,olkeechy ol oaiin aiin chocthey qotedal octhy sotey cheor air
IT2a-n,f114v,"f114v.35,+P0",yshey.kair.yteeey.qokaiin.chckhy.chodaiin.olkaim<$>,yshey kair yteeey qokaiin chckhy chodaiin olkaim
IT2a-n,f114v,"f114v.36,+P0",<%>tshey.oedal.op.shoko.otchey.qopchol.qopaiin.qotar.alkol.ram,tshey oedal op shoko otchey qopchol qopaiin qotar alkol ram
IT2a-n,f114v,"f114v.37,+P0",dcheey.ol.cheodaiiin.qokar.otaiin.otal.okaiin.chey.tar.arody,dcheey ol cheodaiiin qokar otaiin otal okaiin chey tar arody
IT2a-n,f114v,"f114v.38,+P0",oteeo.okedaiin.otaiin.qotchey.qoteeody.otaiin.okal.dalr,oteeo okedaiin otaiin qotchey qoteeody otaiin okal dalr
IT2a-n,f114v,"f114v.39,+P0",qoleechedy.o.kecheokeo.oteo.daiin.okaiin.choty.odaiin.otam,qoleechedy o kecheokeo oteo daiin okaiin choty odaiin otam
IT2a-n,f114v,"f114v.40,+P0",eeo.cheoy.oteey.qotaiin.cheol.oteeey.daiin.oteey.teeedy.dm,eeo cheoy oteey qotaiin cheol oteeey daiin oteey teeedy dm
IT2a-n,f114v,"f114v.41,+P0",yaiin.oeeoy.okeey.cheody.qokaiin.otain.al.kain.choty<$>,yaiin oeeoy okeey cheody qokaiin otain al kain choty
IT2a-n,f115r,"f115r.1,@P0",<%><@H=2>fshdar.qopchol.qochedain.otedy.cheopolteeedy.oroiir.oechedy.oteedy.qotchedy,fshdar qopchol qochedain otedy cheopolteeedy oroiir oechedy oteedy qotchedy
IT2a-n,f115r,"f115r.2,+P0",dcheeos.shedy.qokeeo.qoky.qokeeor.cheody.qokeeo.qokeo.rorol.kcheody.qokchy,dcheeos shedy qokeeo qoky qokeeor cheody qokeeo qokeo rorol kcheody qokchy
IT2a-n,f115r,"f115r.3,+P0",qolcheol.chor.od.qol.chedy.qockheos.cholor.daar.oraro<$>,qolcheol chor od qol chedy qockheos cholor daar oraro
IT2a-n,f115r,"f115r.4,+P0",<%>dchedain.qokeedy.olkeechdy.chor.chey.kchor.orchedar.otar.sheod.qoteedy.dardyr,dchedain qokeedy olkeechdy chor chey kchor orchedar otar sheod qoteedy dardyr
IT2a-n,f115r,"f115r.5,+P0",ycheedy.chedar.olkees.sheed.qodain.qoteedy.qokedy.qokeed.lchedar.qotchedy.ro,ycheedy chedar olkees sheed qodain qoteedy qokedy qokeed lchedar qotchedy ro
IT2a-n,f115r,"f115r.6,+P0",cheockhdy.qotchdy.qokedy.qokar.okeeeosaiin.chl.chedar.chody.qotar.chedam.chd,cheockhdy qotchdy qokedy qokar okeeeosaiin chl chedar chody qotar chedam chd
IT2a-n,f115r,"f115r.7,+P0",darchedy.qotchy.chedy.chedar.shey.otain.chorar<$>,darchedy qotchy chedy chedar shey otain chorar
IT2a-n,f115r,"f115r.8,+P0",<%>kcheor.cheol.orair.otchedar.lor.aiin.qokain.qoteeol.dar.ar.al.opchedy.darom,kcheor cheol orair otchedar lor aiin qokain qoteeol dar ar al opchedy darom
IT2a-n,f115r,"f115r.9,+P0",dchedaiin.qoteeedy.qokeedy.qoteo.lor.cheor.ar.cheor.cheody<$>,dchedaiin qoteeedy qokeedy qoteo lor cheor ar cheor cheody
IT2a-n,f115r,"f115r.10,+P0",<%>tchedy.kechedy.qokchey.keedy.qokor.chedaiin.dair.qotchedy.qotcheedy.qekor,tchedy kechedy qokchey keedy qokor chedaiin dair qotchedy qotcheedy qekor
IT2a-n,f115r,"f115r.11,+P0",daiin.chedy.chol.chedy.qokaiin.qokcheedy.qototeeey.rain.cheo.chkain.cho.lory,daiin chedy chol chedy qokaiin qokcheedy qototeeey rain cheo chkain cho lory
IT2a-n,f115r,"f115r.12,+P0",dsheo.qokeedain.qokechdy.qodaiin.or.choloro.chey<$>,dsheo qokeedain qokechdy qodaiin or choloro chey
IT2a-n,f115r,"f115r.13,+P0",<%><@H=3>tchedy.qoolkeedy.qokchedy.qotchd.lpchedy.qotcho.lar.airorlchy.cpholrory,tchedy qoolkeedy qokchedy qotchd lpchedy qotcho lar airorlchy cpholrory
IT2a-n,f115r,"f115r.14,+P0",ycheeo.rcheeo.qo.lkain.cheey.saiin.cheedy.tcheo.lodar.chtar.as.kain.dam,ycheeo rcheeo qo lkain cheey saiin cheedy tcheo lodar chtar as kain dam
IT2a-n,f115r,"f115r.15,+P0",ycheo.lkeodain.chcthed.qokar.chedy.qotain.chody.qotain.cheol.lkar.air.om,ycheo lkeodain chcthed qokar chedy qotain chody qotain cheol lkar air om
IT2a-n,f115r,"f115r.16,+P0",dshedy.qotshedy.dar.oltedy.qotor.chodar.cheocthy.chdy.qotor.otchdy.qotolchd,dshedy qotshedy dar oltedy qotor chodar cheocthy chdy qotor otchdy qotolchd
IT2a-n,f115r,"f115r.17,+P0",qol.cheey.qotchy.daiin.daiin.cheocthy.dolkeedy.qotaiin.chol.oteeedchey.okeedain,qol cheey qotchy daiin daiin cheocthy dolkeedy qotaiin chol oteeedchey okeedain
IT2a-n,f115r,"f115r.18,+P0",cheol.lcheey.okcho.keedor.ykechey.chchdy<$>,cheol lcheey okcho keedor ykechey chchdy
IT2a-n,f115r,"f115r.19,+P0",<%>pcheodain.qokchey.qotchedy.darailchedy.polchedy.chol.pchody.qotchedy.qofchedy.ram,pcheodain qokchey qotchedy darailchedy polchedy chol pchody qotchedy qofchedy ram
IT2a-n,f115r,"f115r.20,+P0",lcheod.lkchedy.chockhy.chedy.qokchedy.qoky.chor.al.alor.cheey.qol.keor.shey,lcheod lkchedy chockhy chedy qokchedy qoky chor al alor cheey qol keor shey
IT2a-n,f115r,"f115r.21,+P0",yches.o.aiin.or.al.chy.cheody.rodaiin.cheockhy.oeeady<$>,yches o aiin or al chy cheody rodaiin cheockhy oeeady
IT2a-n,f115r,"f115r.22,+P0",<%>psheody.chsho.tchdy.dar.chedy.okchdar.chdor.cheedy.ykhy.cheedy.qepchey.lkam,psheody chsho tchdy dar chedy okchdar chdor cheedy ykhy cheedy qepchey lkam
IT2a-n,f115r,"f115r.23,+P0",dchey.keey.qokeod.chody.qokchor.checkhy.qokeeey.keeey.lol.chedy.qokchedy.ldy,dchey keey qokeod chody qokchor checkhy qokeeey keeey lol chedy qokchedy ldy
IT2a-n,f115r,"f115r.24,+P0",dcheol.qokeol.or.ar.aiin.cheey.okeeeo.ar.chl.lor.ol.otlaiin.cheeor.ary,dcheol qokeol or ar aiin cheey okeeeo ar chl lor ol otlaiin cheeor ary
IT2a-n,f115r,"f115r.25,+P0",y.cheodain.cheey.qotchedy.qokeeody.choar.cheey<$>,y cheodain cheey qotchedy qokeeody choar cheey
IT2a-n,f115r,"f115r.26,+P0",<%>ksheoary.otchey.qoteeos.ar.aiiin.chotchdy.qodair.sheol.pchedy.dal.dalom,ksheoary otchey qoteeos ar aiiin chotchdy qodair sheol pchedy dal dalom
IT2a-n,f115r,"f115r.27,+P0",ysheeo.los.ar.chey.qoky.cholkched.shedy.qokain.shey.qoetar.chol.qokaram,ysheeo los ar chey qoky cholkched shedy qokain shey qoetar chol qokaram
IT2a-n,f115r,"f115r.28,+P0",cheo.chos.al.saiin.cheody.llsan.arorochees<$>,cheo chos al saiin cheody llsan arorochees
IT2a-n,f115r,"f115r.29,+P0",<%>fshedy.shdalky.cheedar.qopchedy.qopchedyd.lksho.ror.pchodar.olchedyo,fshedy shdalky cheedar qopchedy qopchedyd lksho ror pchodar olchedyo
IT2a-n,f115r,"f115r.30,+P0",dsheodar.sheo.qokecheos.cheos.rchar.qokchar.qol.cheey.lkedy.qotal,dsheodar sheo qokecheos cheos rchar qokchar qol cheey lkedy qotal
IT2a-n,f115r,"f115r.31,+P0",shod.ykaiin.chdy.qotchedy.dchol.daiin.qopol.qokairor.lchea.raiin.dlchd,shod ykaiin chdy qotchedy dchol daiin qopol qokairor lchea raiin dlchd
IT2a-n,f115r,"f115r.32,+P0",sor.chey.okaiin.qokeey.qokeedy.qoaiin.chedy.qotaiin.chety.laiin.chedy,sor chey okaiin qokeey qokeedy qoaiin chedy qotaiin chety laiin chedy
IT2a-n,f115r,"f115r.33,+P0",ycheey.qotaiiin.chokeeey.chckhey.qoky.aiin.cheey.lkeedy.okchy.chokchaiin,ycheey qotaiiin chokeeey chckhey qoky aiin cheey lkeedy okchy chokchaiin
IT2a-n,f115r,"f115r.34,+P0",cheeo.lkeeey.okeey.raiin.cheky<$>,cheeo lkeeey okeey raiin cheky
IT2a-n,f115r,"f115r.35,+P0",<%>posheos.aral.chaiin.shkchedy.otais.chs.chpchar.ar.al.odaiin.chcfhy.dy,posheos aral chaiin shkchedy otais chs chpchar ar al odaiin chcfhy dy
IT2a-n,f115r,"f115r.36,+P0",dain.cheey.qoek.chody.qodain.sheey.dar.oranol<$>,dain cheey qoek chody qodain sheey dar oranol
IT2a-n,f115r,"f115r.37,+P0",<%>sorols.cheos.lkshey.qokcho.raiin.chkshy.qos.aiin.okchey.pchar,sorols cheos lkshey qokcho raiin chkshy qos aiin okchey pchar
IT2a-n,f115r,"f115r.38,+P0",dor.cheol.chot.qotohy.qokchy.sol.raiin.shey.kchedy.daiin.sheey.qoty,dor cheol chot qotohy qokchy sol raiin shey kchedy daiin sheey qoty
IT2a-n,f115r,"f115r.39,+P0",ychey.keey.qodain.cheody.qokor<$>,ychey keey qodain cheody qokor
IT2a-n,f115r,"f115r.40,+P0",<%>paiinody.lkcheo.lchy.qokchedy.qokl.sheedy.qokar.aiir.ar.opchdain,paiinody lkcheo lchy qokchedy qokl sheedy qokar aiir ar opchdain
IT2a-n,f115r,"f115r.41,+P0",dar.olchy.olchey.qolcheor.okchor<$>,dar olchy olchey qolcheor okchor
IT2a-n,f115r,"f115r.42,+P0",<%>tcheodl.raiin.chkar.qokol.lchdy.qorshy.qokain.qokain.chep.chotchdy,tcheodl raiin chkar qokol lchdy qorshy qokain qokain chep chotchdy
IT2a-n,f115r,"f115r.43,+P0",dcheo.dain.sheol.qotchedy.qokchedy.qokchedy.chotar.orar.aiin.olchdy,dcheo dain sheol qotchedy qokchedy qokchedy chotar orar aiin olchdy
IT2a-n,f115r,"f115r.44,+P0",dcheor.shedar.qoor.cheor.shody.qokain.otar.ar.otar.ytar.arolky,dcheor shedar qoor cheor shody qokain otar ar otar ytar arolky
IT2a-n,f115r,"f115r.45,+P0",y.dchedy.kody.qokeedy.chols<$>,y dchedy kody qokeedy chols
IT2a-n,f115v,"f115v.1,@P0",<%>tchedor.otchedy.qotees.ytain.qoty.qotad.opoloiin.qetdain.ol.roiin.om,tchedor otchedy qotees ytain qoty qotad opoloiin qetdain ol roiin om
IT2a-n,f115v,"f115v.2,+P0",ykeeochody.qokeedy.yteedy.qokar.qor.chodaiin.qokchdy.chdar.okchdy.qokam,ykeeochody qokeedy yteedy qokar qor chodaiin qokchdy chdar okchdy qokam
IT2a-n,f115v,"f115v.3,+P0",dsheol.qokchedy.qokshedy.qotchey.otoiin.qotedy.lkedain.dalchdy.okchedam,dsheol qokchedy qokshedy qotchey otoiin qotedy lkedain dalchdy okchedam
IT2a-n,f115v,"f115v.4,+P0",ykcheodain.lkchedy.otechdy.qotar.ar.al.ytchedy.lched.otchd.chokeedy,ykcheodain lkchedy otechdy qotar ar al ytchedy lched otchd chokeedy
IT2a-n,f115v,"f115v.5,+P0",dair.cheky.qoteey.otar.chl.oleed<$>,dair cheky qoteey otar chl oleed
IT2a-n,f115v,"f115v.6,+P0",<%>pchody.odaiin.chcphy.qokchdain.qotain.qokor.shed.oteody.solkaiin.al,pchody odaiin chcphy qokchdain qotain qokor shed oteody solkaiin al
IT2a-n,f115v,"f115v.7,+P0",dchedy.tedy.qokeey.roiin.shedy.okor.air.cheoor.olkchedy.chotam<$>,dchedy tedy qokeey roiin shedy okor air cheoor olkchedy chotam
IT2a-n,f115v,"f115v.8,+P0",<%>tchosos.sheol.qotchs.olchees.otchdy.qotol.lpchedy.okar.lkechedy.pchdam,tchosos sheol qotchs olchees otchdy qotol lpchedy okar lkechedy pchdam
IT2a-n,f115v,"f115v.9,+P0",ychees.chdaiin.chotain.cholkeedy.qotchy.chody.qotain.lkchey.lchey.ror,ychees chdaiin chotain cholkeedy qotchy chody qotain lkchey lchey ror
IT2a-n,f115v,"f115v.10,+P0",saiin.sho.sheody.okaiin.dalchedy.oteeo.chedy<$>,saiin sho sheody okaiin dalchedy oteeo chedy
IT2a-n,f115v,"f115v.11,+P0",<%>tchdor.shor.ail.chodaiin.chkol.chkchol.qotched.qotchey.dpchedy.qtam,tchdor shor ail chodaiin chkol chkchol qotched qotchey dpchedy qtam
IT2a-n,f115v,"f115v.12,+P0",ysheed.lchedy.lkchedy.soraiin<$>,ysheed lchedy lkchedy soraiin
IT2a-n,f115v,"f115v.13,+P0",<%>pchdarody.pcheed.rar.tcheody.polched.lpchdy.tol.rchees.cphor.orair.kol,pchdarody pcheed rar tcheody polched lpchdy tol rchees cphor orair kol
IT2a-n,f115v,"f115v.14,+P0",okeeokain.lkeeey.lkor.sheedy.chockhy.qockheedy.qokechy.lkeey.ldain,okeeokain lkeeey lkor sheedy chockhy qockheedy qokechy lkeey ldain
IT2a-n,f115v,"f115v.15,+P0",saiin.chol.qotain.qokain.chl.lr.chdain.qoteey.rcheey.rar.rodam,saiin chol qotain qokain chl lr chdain qoteey rcheey rar rodam
IT2a-n,f115v,"f115v.16,+P0",dain.aroteey.qoteol.kar.y.sheo.lkechdy.qokar.qokey.lko.rokeedy.ld,dain aroteey qoteol kar y sheo lkechdy qokar qokey lko rokeedy ld
IT2a-n,f115v,"f115v.17,+P0",okain.chey.keey.lcho.raithy<$>,okain chey keey lcho raithy
IT2a-n,f115v,"f115v.18,+P0",<%>pchodain.chotain.choky.lchain.lpchdain.dalchedy.qotalchedy.qopchedy,pchodain chotain choky lchain lpchdain dalchedy qotalchedy qopchedy
IT2a-n,f115v,"f115v.19,+P0",yshedy.qokeedy.lxor.xoiin.choto.keeody.qoteody.dain.qokchedy.ralom,yshedy qokeedy lxor xoiin choto keeody qoteody dain qokchedy ralom
IT2a-n,f115v,"f115v.20,+P0",ysheey.qoteey.lkeey.raiin.cheo.lor.otal.otchedy<$>,ysheey qoteey lkeey raiin cheo lor otal otchedy
IT2a-n,f115v,"f115v.21,+P0",<%>tshedy.sheolkeedy.lkeeshdy.cheeo.lor.eees.aiin.okchedy.qopcheddy.lky,tshedy sheolkeedy lkeeshdy cheeo lor eees aiin okchedy qopcheddy lky
IT2a-n,f115v,"f115v.22,+P0",soiin.shedain.qokeedy.chodain.otedain.qokeedy.qokeedy.qotedy.rosy,soiin shedain qokeedy chodain otedain qokeedy qokeedy qotedy rosy
IT2a-n,f115v,"f115v.23,+P0",lshes.sheet.chdy.otedy.shdy.lchedy<$>,lshes sheet chdy otedy shdy lchedy
IT2a-n,f115v,"f115v.24,+P0",<%>pcheo.cheeody.qoteeotchy.saiin.opchees.chpcheod.rchl.cho.pchdy.qopcham,pcheo cheeody qoteeotchy saiin opchees chpcheod rchl cho pchdy qopcham
IT2a-n,f115v,"f115v.25,+P0",ykees.aiin.olkeeody.qos.ain.cheodain.chcthy.tchedy.qokeedy.lkeedor,ykees aiin olkeeody qos ain cheodain chcthy tchedy qokeedy lkeedor
IT2a-n,f115v,"f115v.26,+P0",dcheedy.kchedy.lcheey.ror.al.chokedy.dol.qokeeeos.qolkeedy.qokar.ar,dcheedy kchedy lcheey ror al chokedy dol qokeeeos qolkeedy qokar ar
IT2a-n,f115v,"f115v.27,+P0",olain.cheo.lkain.cheey.qot.cheody.lor.aiin.oteed.chkal.kchetam,olain cheo lkain cheey qot cheody lor aiin oteed chkal kchetam
IT2a-n,f115v,"f115v.28,+P0",ychey.lcho.lor.chedy.chol.chedy.chdy<$>,ychey lcho lor chedy chol chedy chdy
IT2a-n,f115v,"f115v.29,+P0",<%>polor.sheedy.qoteedy.qokechy.lraly.lshey.sheot.shedy.chteey.lky.raram,polor sheedy qoteedy qokechy lraly lshey sheot shedy chteey lky raram
IT2a-n,f115v,"f115v.30,+P0",ycheedaiin.ol.chlor.lkchedy.rchedar.oteedal.ar.lky<$>,ycheedaiin ol chlor lkchedy rchedar oteedal ar lky
IT2a-n,f115v,"f115v.31,+P0",<%>pchdair.opchdy.qopor.iirchal.sheey.qotain.chety.rodain.opchepy.shokchy,pchdair opchdy qopor iirchal sheey qotain chety rodain opchepy shokchy
IT2a-n,f115v,"f115v.32,+P0",ykchedy.okar.chedar.rolsheedy.lkchdy.chddy.chcthedy.cheey.teeodaiin,ykchedy okar chedar rolsheedy lkchdy chddy chcthedy cheey teeodaiin
IT2a-n,f115v,"f115v.33,+P0",ychedal.qotchy.chcthy.chdal.lchedy<$>,ychedal qotchy chcthy chdal lchedy
IT2a-n,f115v,"f115v.34,+P0",<%>taiin.sheckeey.lchckhy.ldar.shdar.qotchdy.qoky.shedy.qokar.cheky,taiin sheckeey lchckhy ldar shdar qotchdy qoky shedy qokar cheky
IT2a-n,f115v,"f115v.35,+P0",shos.shee.oky.cheo.lkain.cheeos.alches.kcheo.rain.checthey.lcham,shos shee oky cheo lkain cheeos alches kcheo rain checthey lcham
IT2a-n,f115v,"f115v.36,+P0",ytar.aiin.qoteey.lkchedy<$>,ytar aiin qoteey lkchedy
IT2a-n,f115v,"f115v.37,+P0",<%>tshar.shor.shckhhy.olkeeo.lkeedol.ltchdy.chkaidararal.lkeedy,tshar shor shckhhy olkeeo lkeedol ltchdy chkaidararal lkeedy
IT2a-n,f115v,"f115v.38,+P0",oiiin.chees.otainos.losdy.cheokeeo.llchs.olr.aiiin.chkain.sham,oiiin chees otainos losdy cheokeeo llchs olr aiiin chkain sham
IT2a-n,f115v,"f115v.39,+P0",dairal.chain.ykeedy.qokedy.qokain.lkaiin.lkchey.lkain.lror,dairal chain ykeedy qokedy qokain lkaiin lkchey lkain lror
IT2a-n,f115v,"f115v.40,+P0",ycheealkaiin.shedain.or.chor.okas.cheos.qokchy<$>,ycheealkaiin shedain or chor okas cheos qokchy
IT2a-n,f115v,"f115v.41,+P0",<%>dcheodl.sheo.kolchey.fchedol.shedy.qotoeetchy.choiphy.qopchyr,dcheodl sheo kolchey fchedol shedy qotoeetchy choiphy qopchyr
IT2a-n,f115v,"f115v.42,+P0",yair.al.sheey.oteeol.keody.rcheey.lkchdy.qokchey.lkar.lkl.rodam,yair al sheey oteeol keody rcheey lkchdy qokchey lkar lkl rodam
IT2a-n,f115v,"f115v.43,+P0",ysheo.kaiin.qotchdal.lkchdy.lkshedy.qokar.cheos.qokaiin.oky,ysheo kaiin qotchdal lkchdy lkshedy qokar cheos qokaiin oky
IT2a-n,f115v,"f115v.44,+P0",ototar.sheey.qokey.qokchey.qokchey.ral.rchos.oty.lchedy,ototar sheey qokey qokchey qokchey ral rchos oty lchedy
IT2a-n,f115v,"f115v.45,+P0",ykchedain.chody.qokaiin.dary.cholaiim<$>,ykchedain chody qokaiin dary cholaiim
IT2a-n,f116r,"f116r.1,@P0",<%>kchdpy.shey.qokain.otalshedy.q?teey.shear.ain.or.llory.shear.amom,kchdpy shey qokain otalshedy shear ain or llory shear amom
IT2a-n,f116r,"f116r.2,+P0",oain.cheer.ain.okeey.okeey.shy.lar.ar.aiiin.oky.char.ar.okain.ykanam,oain cheer ain okeey okeey shy lar ar aiiin oky char ar okain ykanam
IT2a-n,f116r,"f116r.3,+P0",dain.chl.lshey.cthy.lshedy.oteor.shey.qo.saly<$>,dain chl lshey cthy lshedy oteor shey qo saly
IT2a-n,f116r,"f116r.4,+P0",<%>padar.shey.osheeky.qol.loiin.chckhy.okam.chedy.oteedy.qotar.aralary,padar shey osheeky qol loiin chckhy okam chedy oteedy qotar aralary
IT2a-n,f116r,"f116r.5,+P0",dain.sheed.qokchdy.otal.chedy.lkain.oteedy.otor.aiin.oty.lol.rol.oly,dain sheed qokchdy otal chedy lkain oteedy otor aiin oty lol rol oly
IT2a-n,f116r,"f116r.6,+P0",sain.ol.lchedy.chedy.otey.chedy.ykoloin.otedy.oteey<$>,sain ol lchedy chedy otey chedy ykoloin otedy oteey
IT2a-n,f116r,"f116r.7,+P0",<%>pchol.chdy.teody.otey.qo.qokain.qoteey.tokain.otedy.totol.rotydy,pchol chdy teody otey qo qokain qoteey tokain otedy totol rotydy
IT2a-n,f116r,"f116r.8,+P0",dar.yteedy.chedy.qokeey.qokain.qotody.oteedar.otedy.ldy.lchedy,dar yteedy chedy qokeey qokain qotody oteedar otedy ldy lchedy
IT2a-n,f116r,"f116r.9,+P0",qokeey.lchey.qokeedy.qokain.okeey.lkain<$>,qokeey lchey qokeedy qokain okeey lkain
IT2a-n,f116r,"f116r.10,+P0",<%>chdain.checkhy.dar.shedy.qokeedy.shdy.rain.sheedy.cphol.rteol.chcpham,chdain checkhy dar shedy qokeedy shdy rain sheedy cphol rteol chcpham
IT2a-n,f116r,"f116r.11,+P0",ol.aiin.shed.qoteedy.okeolshey.qotain.okedy.chedy.olchedy.olkain.als,ol aiin shed qoteedy okeolshey qotain okedy chedy olchedy olkain als
IT2a-n,f116r,"f116r.12,+P0",qoain.ar.chol.ches.okain.dain.cheey.okeey.otain.oleedy.otal.dain.olam,qoain ar chol ches okain dain cheey okeey otain oleedy otal dain olam
IT2a-n,f116r,"f116r.13,+P0",sar.ain.tey.chetain.shtshy.okey.chedy.qoteedy.qokain.shety.okeedam,sar ain tey chetain shtshy okey chedy qoteedy qokain shety okeedam
IT2a-n,f116r,"f116r.14,+P0",sain.chey.chear.ain.chll.s.oleedy<$>,sain chey chear ain chll s oleedy
IT2a-n,f116r,"f116r.15,+P0",<%>pchoetal.otedal.otal.oteedy.olr.daiin.okeedy.qoky.dar.al.keedy.shdy,pchoetal otedal otal oteedy olr daiin okeedy qoky dar al keedy shdy
IT2a-n,f116r,"f116r.16,+P0",dar.chedy.sheedy.otal.al.lchedy.shcthy.qotey.dain.otar.otarar.opam,dar chedy sheedy otal al lchedy shcthy qotey dain otar otarar opam
IT2a-n,f116r,"f116r.17,+P0",dain.chey.qokeey.okeey.lain.okeey.qol.chedy<$>,dain chey qokeey okeey lain okeey qol chedy
IT2a-n,f116r,"f116r.18,+P0",<%>pcharalor.qokey.rain.otedy.opain.lor.oiin.otain.otar.oteeedy.ches.ary,pcharalor qokey rain otedy opain lor oiin otain otar oteeedy ches ary
IT2a-n,f116r,"f116r.19,+P0",porchey.sheedy.qotain.chetar.qotar.ar.arody.chcthy.rain.otey.oty.dain,porchey sheedy qotain chetar qotar ar arody chcthy rain otey oty dain
IT2a-n,f116r,"f116r.20,+P0",chol.keedy.ol.cheey.laiin.y.chedy.otar.okal.okain.olar.otedy.qoty.rfam,chol keedy ol cheey laiin y chedy otar okal okain olar otedy qoty rfam
IT2a-n,f116r,"f116r.21,+P0",sairol.sheey.qokain.chal.qol.chl.lrain.okain.shckhy.dtal.orchcthdy.lty,sairol sheey qokain chal qol chl lrain okain shckhy dtal orchcthdy lty
IT2a-n,f116r,"f116r.22,+P0",dol.shedy.shekchy.qokain.chedy.otar.okalain.shcthy.oteey.dar.chedy.lg,dol shedy shekchy qokain chedy otar okalain shcthy oteey dar chedy lg
IT2a-n,f116r,"f116r.23,+P0",dain.cheeteey.lkar.shedy.qokal.shedy.qoteedy.ches.ain.aiin.aly.salo.lm,dain cheeteey lkar shedy qokal shedy qoteedy ches ain aiin aly salo lm
IT2a-n,f116r,"f116r.24,+P0",qokedy.okain.chcthy.oty.shedy.qokeey.chalkeey.okey.kedy.chey.lam,qokedy okain chcthy oty shedy qokeey chalkeey okey kedy chey lam
IT2a-n,f116r,"f116r.25,+P0",chol.sheky.shedy.qokeey.qokeedy.shckhy.qokain.otal.ches.ain.ain.alom,chol sheky shedy qokeey qokeedy shckhy qokain otal ches ain ain alom
IT2a-n,f116r,"f116r.26,+P0",ytchey.qokaiin.chckhol.shechol.qotey.ol.cheedy.otain.okeedy.qotam,ytchey qokaiin chckhol shechol qotey ol cheedy otain okeedy qotam
IT2a-n,f116r,"f116r.27,+P0",daiin.chey.qokey.lshedy.orain.chckhy.lkain.chy.pshedy.lshedy.qoky.rom,daiin chey qokey lshedy orain chckhy lkain chy pshedy lshedy qoky rom
IT2a-n,f116r,"f116r.28,+P0",cheol.lchey.lkeey.sheal.lshalshy.qotalshy.cthedy.lky.chedy.oteedy.lched,cheol lchey lkeey sheal lshalshy qotalshy cthedy lky chedy oteedy lched
IT2a-n,f116r,"f116r.29,+P0",cthan.cheey.lkeeal.lshey.chll.lkain.chear.aiin.chl.l.keedy.raraiin.ory,cthan cheey lkeeal lshey chll lkain chear aiin chl l keedy raraiin ory
IT2a-n,f116r,"f116r.30,+P0",saraiin.shey.qokain.chcthy.okar.air.ollain.okaly<$>,saraiin shey qokain chcthy okar air ollain okaly
IT2a-n,f116r,"f116r.31,+P0",<%>pchallarar.al.ckhal.rain.alolfchy.rpchey.shfy.ches.ar.opchekan.dlr,pchallarar al ckhal rain alolfchy rpchey shfy ches ar opchekan dlr
IT2a-n,f116r,"f116r.32,+P0",olkeey.rain.shey.qor.oiin.shey.ol.lchedy.rshey.qokeedy.chtain.oly,olkeey rain shey qor oiin shey ol lchedy rshey qokeedy chtain oly
IT2a-n,f116r,"f116r.33,+P0",soraiin.ykeey.orain.sheeky.qokain.sheey.qol.cheds.ar.r.arsheg,soraiin ykeey orain sheeky qokain sheey qol cheds ar r arsheg
IT2a-n,f116r,"f116r.34,+P0",qokain.ar.raiin.shek.okain.yrshey.qolchey.okain.shckhy.qokam,qokain ar raiin shek okain yrshey qolchey okain shckhy qokam
IT2a-n,f116r,"f116r.35,+P0",shedy.qokeey.qokain.qokeey.lchey.olkey.raiin.cthar.shckhy.qoear,shedy qokeey qokain qokeey lchey olkey raiin cthar shckhy qoear
IT2a-n,f116r,"f116r.36,+P0",qokeey.rain.shey.okeey.lkain.l.dain.chey.sheckhy.qcthhy.qoklain,qokeey rain shey okeey lkain l dain chey sheckhy qcthhy qoklain
IT2a-n,f116r,"f116r.37,+P0",pairain.sheekly.oiin.cheey.lkeey.olkeey.lchey.qoky.lshedy.cheam.sham,pairain sheekly oiin cheey lkeey olkeey lchey qoky lshedy cheam sham
IT2a-n,f116r,"f116r.38,+P0",daiin.qokeey.lshey.qokain.chkar.shey.okain.chedy.qokeedy.raiin.shy,daiin qokeey lshey qokain chkar shey okain chedy qokeedy raiin shy
IT2a-n,f116r,"f116r.39,+P0",qokain.chey.olr.ain.shey.qokain.olkeey.keeey.lkeal.or.al.lom,qokain chey olr ain shey qokain olkeey keeey lkeal or al lom
IT2a-n,f116r,"f116r.40,+P0",dsheey.shey.qokey.shey.qokain.shckhy.chery.ol.chedy.lcheylchy,dsheey shey qokey shey qokain shckhy chery ol chedy lcheylchy
IT2a-n,f116r,"f116r.41,+P0",dlar.shar.shar.rain.sheain.okain.shey.qokchy.chckhy.orain,dlar shar shar rain sheain okain shey qokchy chckhy orain
IT2a-n,f116r,"f116r.42,+P0",qo.qokain.sheckhy.qokain.shekain.shkain.shedy.shey.qokan.cham,qo qokain sheckhy qokain shekain shkain shedy shey qokan cham
IT2a-n,f116r,"f116r.43,+P0",os.??.ar.al.shear.teey.chcphy.rain.cphan.odar.aty.shey.qokam,os ar al shear teey chcphy rain cphan odar aty shey qokam
IT2a-n,f116r,"f116r.44,+P0",syokeedy.qokain.shckhy.ol.lcheor.chky.raiin.chey.qol.okam,syokeedy qokain shckhy ol lcheor chky raiin chey qol okam
IT2a-n,f116r,"f116r.45,+P0",odaiin.shey.qokas.aleey.chy<$>,odaiin shey qokas aleey chy
IT2a-n,f116r,"f116r.46,+P0",<%>oqokain.al.shey.qokar.okaral.okey.shcphhy.oteey.o.okar.okydy,oqokain al shey qokar okaral okey shcphhy oteey o okar okydy
IT2a-n,f116r,"f116r.47,+P0",osain.shky.qorain.chckhey.qokey.lkechy.okeey.okal.chedkaly,osain shky qorain chckhey qokey lkechy okeey okal chedkaly
IT2a-n,f116r,"f116r.48,+P0",sykar.ain.olkeey.dain.choy.qokar.chey.dain.y.otan.otain.oly,sykar ain olkeey dain choy qokar chey dain y otan otain oly
IT2a-n,f116r,"f116r.49,+P0",sosar.shey.qokey.okeolan.chey.qol.or.cheey.qor.aram.ol.lkan,sosar shey qokey okeolan chey qol or cheey qor aram ol lkan
IT2a-n,f116r,"f116r.50,+P0",sodal.chal.chcthy.chckhy.qol.ain.ary<$>,sodal chal chcthy chckhy qol ain ary
