Source,Folio,Locus,Raw_Text,Clean_Text
RF1b-er,f1r,"f1r.1,@P0",fachys.ykal.ar.ataiin.shol.shory.ctoses.y.kor.sholdy,fachys ykal ar ataiin shol shory ctoses y kor sholdy
RF1b-er,f1r,"f1r.2,+P0",sory.ckhar.ory.kair.chtaiin.shar.ais.cthar.cthar.dan,sory ckhar ory kair chtaiin shar ais cthar cthar dan
RF1b-er,f1r,"f1r.3,+P0",syaiir.sheky.or.ykaiin.shod.cthoary.cthes.daraiin.sy,syaiir sheky or ykaiin shod cthoary cthes daraiin sy
RF1b-er,f1r,"f1r.4,+P0",soiin.oteey.oteor.roloty.ctaar.daiin.okaiin.or.okan,soiin oteey oteor roloty ctaar daiin okaiin or okan
RF1b-er,f1r,"f1r.5,+P0",sairy.chear.cthaiin.cphar.cfhaiin,sairy chear cthaiin cphar cfhaiin
RF1b-er,f1r,"f1r.6,=Pt",ydaraishy,ydaraishy
RF1b-er,f1r,"f1r.7,*P0","odar.sy.shol.cphoy.oydar.sh,s.cfhoaiin.shodary",odar sy shol cphoy oydar sh s cfhoaiin shodary
RF1b-er,f1r,"f1r.8,+P0",yshey.shody.okchoy.otchol.chocthy.oschy.dain.chor.kos,yshey shody okchoy otchol chocthy oschy dain chor kos
RF1b-er,f1r,"f1r.9,+P0",daiin.shos.cfhol.shody,daiin shos cfhol shody
RF1b-er,f1r,"f1r.10,=Pt",dain.or.teody,dain or teody
RF1b-er,f1r,"f1r.11,*P0",ydain.cphesaiin.ols.cphey.ytain.shoshy.cphodal.es,ydain cphesaiin ols cphey ytain shoshy cphodal es
RF1b-er,f1r,"f1r.12,+P0",oksho.kshoy.otairin.oteol.okan.shodain.sckchy.daiin,oksho kshoy otairin oteol okan shodain sckchy daiin
RF1b-er,f1r,"f1r.13,+P0",shoy.ckhey.kodaiin.cphy.cphodaiils.cthhy.sho.oldain.d,shoy ckhey kodaiin cphy cphodaiils cthhy sho oldain d
RF1b-er,f1r,"f1r.14,+P0",dain.oiin.chol.odaiin.chodain.chdy.okain.dan.cthy.kod,dain oiin chol odaiin chodain chdy okain dan cthy kod
RF1b-er,f1r,"f1r.15,+P0","daiin.shckhey.ckho,r.char.shey.kol.chol.chol.kor.chal",daiin shckhey ckho r char shey kol chol chol kor chal
RF1b-er,f1r,"f1r.16,+P0","sho.chol.shodan.kshy.kchy.d,or.chodaiin.sho.keeam",sho chol shodan kshy kchy d or chodaiin sho keeam
RF1b-er,f1r,"f1r.17,+P0",ycho.tchey.chekain.sheopshol.dydyd.cthy.daictoy,ycho tchey chekain sheopshol dydyd cthy daictoy
RF1b-er,f1r,"f1r.18,+P0",yto.shol.she.kodshey.cphealy.dar.ain.dain.ckhyds,yto shol she kodshey cphealy dar ain dain ckhyds
RF1b-er,f1r,"f1r.19,+P0",dchar.shcthaiin.okaiir.chey.rchy.potol.cthols.dlocto,dchar shcthaiin okaiir chey rchy potol cthols dlocto
RF1b-er,f1r,"f1r.20,+P0",shok.chor.chey.dain.ckhey,shok chor chey dain ckhey
RF1b-er,f1r,"f1r.21,=Pt",otol.daiiin,otol daiiin
RF1b-er,f1r,"f1r.22,*P0",cpho.shaiin.shokcheey.chol.tshodeesy.shey.pydeey.chy.ro.dar,cpho shaiin shokcheey chol tshodeesy shey pydeey chy ro dar
RF1b-er,f1r,"f1r.23,+P0",ydain.chol.dain.cthal.dar.shear.kaiin.dar.shey.cthar,ydain chol dain cthal dar shear kaiin dar shey cthar
RF1b-er,f1r,"f1r.24,+P0","cho,?o.kaiin.shoaiin.okol.daiin.par.cthol.daiin.ctholdar",cho kaiin shoaiin okol daiin par cthol daiin ctholdar
RF1b-er,f1r,"f1r.25,+P0",ycheey.okeey.oky.daiin.okchey.kokaiin.o?chol.kadchy.dal,ycheey okeey oky daiin okchey kokaiin kadchy dal
RF1b-er,f1r,"f1r.26,+P0",dcheo.shody.koechy.cthy.okchey.keey.keey.dal.chtor,dcheo shody koechy cthy okchey keey keey dal chtor
RF1b-er,f1r,"f1r.27,+P0",sho?.chol.chckh.choty.chotey,chol chckh choty chotey
RF1b-er,f1r,"f1r.28,=Pt",dchaiin,dchaiin
RF1b-er,f1v,"f1v.1,@P0",kchsy.chodaiin.ol<->oltchey.char.cfhar.am,kchsy chodaiin ololtchey char cfhar am
RF1b-er,f1v,"f1v.2,+P0",yteey.char.or.ochy<->dcho.lkody.okodar.chody,yteey char or ochydcho lkody okodar chody
RF1b-er,f1v,"f1v.3,+P0",do.ckhy.ckhockhy.shy<->dksheey.cthy.kotchody.dal,do ckhy ckhockhy shydksheey cthy kotchody dal
RF1b-er,f1v,"f1v.4,+P0","dol.chokeo.dair.dam<->sochey.cho,kody",dol chokeo dair damsochey cho kody
RF1b-er,f1v,"f1v.5,+P0",potoy.shol.jair.cphoal<->dar.chey.tody.otoaiin.shoshy,potoy shol jair cphoaldar chey tody otoaiin shoshy
RF1b-er,f1v,"f1v.6,+P0",choky.chol.ctholshol.akal<->dolchey.chodo.lol.chy.cthy,choky chol ctholshol akaldolchey chodo lol chy cthy
RF1b-er,f1v,"f1v.7,+P0",qo.ol.choees.cheol.dol.cthey<->ykol.dol.dolo.ykol.dolchiody,qo ol choees cheol dol ctheyykol dol dolo ykol dolchiody
RF1b-er,f1v,"f1v.8,+P0",okolshol.kol.kechy.chol.ky<->chol.cthol.chody.chol.daiin,okolshol kol kechy chol kychol cthol chody chol daiin
RF1b-er,f1v,"f1v.9,+P0",shor.okal.chol.dolky.dar<->shol.dchor.otcho.dar.shody,shor okal chol dolky darshol dchor otcho dar shody
RF1b-er,f1v,"f1v.10,+P0",toor.chotchey.dal.chody<->schody.pol.chodar,toor chotchey dal chodyschody pol chodar
RF1b-er,f2r,"f2r.1,@P0",kydainy.ypchol.daiin.otchal<->ypchaiin.ckholsy,kydainy ypchol daiin otchalypchaiin ckholsy
RF1b-er,f2r,"f2r.2,+P0",dorchory<->chkar.s<->shor.cthy.cto,dorchorychkar sshor cthy cto
RF1b-er,f2r,"f2r.3,+P0",qotaiin<->cthey.y<->chor.chy.ydy<->chaiin,qotaiincthey ychor chy ydychaiin
RF1b-er,f2r,"f2r.4,+P0",soaiidy<->chtoddy<->cphy.dals<->chotaiin.d,soaiidychtoddycphy dalschotaiin d
RF1b-er,f2r,"f2r.5,+P0",otochor.al<->shodaiin<->chol.dan<->ytchaiin.dan,otochor alshodaiinchol danytchaiin dan
RF1b-er,f2r,"f2r.6,+P0",saiin.daind<->dkol.sor<->ytoldy<->dchol.dchy.cthy,saiin dainddkol sorytoldydchol dchy cthy
RF1b-er,f2r,"f2r.7,+P0",shor.ckhy.daiiny<->chol.dan,shor ckhy daiinychol dan
RF1b-er,f2r,"f2r.8,+P0",kydain.shaiin.qoy.s.shol.fodan<->yksh.olsheey.daiildy,kydain shaiin qoy s shol fodanyksh olsheey daiildy
RF1b-er,f2r,"f2r.9,+P0",dlssho.kol.sheey.qokey.ykody.so<->cholyky.dain.daiirol,dlssho kol sheey qokey ykody socholyky dain daiirol
RF1b-er,f2r,"f2r.10,+P0",qoky.cholaiin.shol.sheky.daiin<->cthey.keol.saiin.eaiin,qoky cholaiin shol sheky daiincthey keol saiin eaiin
RF1b-er,f2r,"f2r.11,+P0",ychain.dal.chy.dalor.shan.dan<->olsaiin.sheey.ckhor,ychain dal chy dalor shan danolsaiin sheey ckhor
RF1b-er,f2r,"f2r.12,+P0",okol.chy.chor.cthor.yor.an.chan<->saiin.chety.chyky.sal,okol chy chor cthor yor an chansaiin chety chyky sal
RF1b-er,f2r,"f2r.13,+P0",sho.ykeey.chey.daiin.chcthy,sho ykeey chey daiin chcthy
RF1b-er,f2r,"f2r.14,@Lp",ytoail,ytoail
RF1b-er,f2r,"f2r.15,@L0",ios.an.on,ios an on
RF1b-er,f2v,"f2v.1,@P0",kooiin.cheopchor.otaiinodain.chor<->dair.shty,kooiin cheopchor otaiinodain chordair shty
RF1b-er,f2v,"f2v.2,+P0",kchakchy.sho.shol.qotcho.loeees.qoty<->chor.daiin,kchakchy sho shol qotcho loeees qotychor daiin
RF1b-er,f2v,"f2v.3,+P0",otchy.chor.lshy.chol.chody.chodain<->chcthy.daiin,otchy chor lshy chol chody chodainchcthy daiin
RF1b-er,f2v,"f2v.4,+P0",sho.cholo.cheor.chodaiin,sho cholo cheor chodaiin
RF1b-er,f2v,"f2v.5,+P0",kchor.shy.daiiin.chckom<->sshey.dor.chol.daiin,kchor shy daiiin chckomsshey dor chol daiin
RF1b-er,f2v,"f2v.6,+P0",dor.chol.chor.chol.keol.chy.chty<->daiin.otchor.chan,dor chol chor chol keol chy chtydaiin otchor chan
RF1b-er,f2v,"f2v.7,+P0",daiin.chotchey.qoteeey.chokeos<->chees.chr.cheaiin,daiin chotchey qoteeey chokeoschees chr cheaiin
RF1b-er,f2v,"f2v.8,+P0",chokoishe.chor.cheol.chol.dolody,chokoishe chor cheol chol dolody
RF1b-er,f3r,"f3r.1,@P0",tsheos.qopal.chol.cthol.daimg,tsheos qopal chol cthol daimg
RF1b-er,f3r,"f3r.2,+P0",ycheor.chor.dam.qotcham.cham,ycheor chor dam qotcham cham
RF1b-er,f3r,"f3r.3,+P0",ochor.qocheor.chol.daiin.cthy,ochor qocheor chol daiin cthy
RF1b-er,f3r,"f3r.4,+P0",schey.chor.chal.chag.cham.cho,schey chor chal chag cham cho
RF1b-er,f3r,"f3r.5,+P0",qokol.chololy.s.cham.cthol,qokol chololy s cham cthol
RF1b-er,f3r,"f3r.6,+P0",ychtaiin.chor.cthom.otaldam,ychtaiin chor cthom otaldam
RF1b-er,f3r,"f3r.7,+P0",otchol.qodaiin.chom.shom.damo,otchol qodaiin chom shom damo
RF1b-er,f3r,"f3r.8,+P0",ysheor.chor.chol.oky.dago,ysheor chor chol oky dago
RF1b-er,f3r,"f3r.9,+P0",sho.?or.sheoldam.otchody.ol,sho sheoldam otchody ol
RF1b-er,f3r,"f3r.10,+P0","y,dar.cholcthom",y dar cholcthom
RF1b-er,f3r,"f3r.11,+P0",pcheol.shol.sols.sheol.shey,pcheol shol sols sheol shey
RF1b-er,f3r,"f3r.12,+P0",okadaiin.qokchor.qo.schodam.octhy,okadaiin qokchor qo schodam octhy
RF1b-er,f3r,"f3r.13,+P0",qokeey.qotshey.qokody.qokshey.cheody,qokeey qotshey qokody qokshey cheody
RF1b-er,f3r,"f3r.14,+P0",chor.qodair.okeey.qokeey,chor qodair okeey qokeey
RF1b-er,f3r,"f3r.15,+P0",tsheoarom.shar.or.chor.olchsy.chom.otchom<->oporar,tsheoarom shar or chor olchsy chom otchomoporar
RF1b-er,f3r,"f3r.16,+P0",oteol.chol.s.cheol.ekshy.qokeom.qokal.daiin<->soleeg,oteol chol s cheol ekshy qokeom qokal daiinsoleeg
RF1b-er,f3r,"f3r.17,+P0",soeom.okeom.yteody.qokeeodal.sam,soeom okeom yteody qokeeodal sam
RF1b-er,f3r,"f3r.18,+P0",pcheoldom.shodaiin.qopchor.qopol.opcholqoty<->otolom,pcheoldom shodaiin qopchor qopol opcholqotyotolom
RF1b-er,f3r,"f3r.19,+P0",otchor.ol.cheor.qoeor.dair.qoteol.qosaiin<->chor.cthy,otchor ol cheor qoeor dair qoteol qosaiinchor cthy
RF1b-er,f3r,"f3r.20,+P0",ycheor.chol.odaiin.chol.s.aiin.okolor.am,ycheor chol odaiin chol s aiin okolor am
RF1b-er,f3v,"f3v.1,@P0",koaiin.cphor.qotoy.sha.ckhol.ykoaiin.s.oly,koaiin cphor qotoy sha ckhol ykoaiin s oly
RF1b-er,f3v,"f3v.2,+P0",daiidy.qotchol.okchor.okor.olytol.dol.dar,daiidy qotchol okchor okor olytol dol dar
RF1b-er,f3v,"f3v.3,+P0",okom.chol.shol.seees.chom.cheeykam.okai,okom chol shol seees chom cheeykam okai
RF1b-er,f3v,"f3v.4,+P0",qodar.chs.chy.kcheol.okal.do.r.cheareeb,qodar chs chy kcheol okal do r cheareeb
RF1b-er,f3v,"f3v.5,+P0",ychear.otchal.chor.char.ckho,ychear otchal chor char ckho
RF1b-er,f3v,"f3v.6,+P0",or.cheor.kor.chodaly.cham,or cheor kor chodaly cham
RF1b-er,f3v,"f3v.7,+P0",tchor.otcham.chor.cfham.s,tchor otcham chor cfham s
RF1b-er,f3v,"f3v.8,+P0",ykchy.kchom.chor.chckhol.oka,ykchy kchom chor chckhol oka
RF1b-er,f3v,"f3v.9,+P0",yteeeear.okeol.cthodoaly.chor.cthy,yteeeear okeol cthodoaly chor cthy
RF1b-er,f3v,"f3v.10,+P0",ochos.daiin.qokshol.daiim.chol.okary,ochos daiin qokshol daiim chol okary
RF1b-er,f3v,"f3v.11,+P0",sho.shockho.ckhy.tchor.chodaiin.chom,sho shockho ckhy tchor chodaiin chom
RF1b-er,f3v,"f3v.12,+P0",osh.chodair.ytchy.tchor.kcham.s,osh chodair ytchy tchor kcham s
RF1b-er,f3v,"f3v.13,+P0",shar.shkaiin.qokcha.yty.cthal.chky,shar shkaiin qokcha yty cthal chky
RF1b-er,f3v,"f3v.14,+P0",dain.sheam.y.keam,dain sheam y keam
RF1b-er,f4r,"f4r.1,@P0",kodalchy.chpody.sheol.ol.sheey.qotey<->doiin.chor.ytoy,kodalchy chpody sheol ol sheey qoteydoiin chor ytoy
RF1b-er,f4r,"f4r.2,+P0",dchor.shol.shol.cthol.shtchy.chaiin.?s<->choraiin.chom,dchor shol shol cthol shtchy chaiin chom
RF1b-er,f4r,"f4r.3,+P0",otchol.chol.chy.chaiin.qotaiin<->daiin.shain,otchol chol chy chaiin qotaiindaiin shain
RF1b-er,f4r,"f4r.4,+P0",qotchol.chy.yty.daiin.okaiin.cthy,qotchol chy yty daiin okaiin cthy
RF1b-er,f4r,"f4r.5,+P0",pydaiin.qotchy.dytydy,pydaiin qotchy dytydy
RF1b-er,f4r,"f4r.6,+P0",chor.shytchy.dytcheey,chor shytchy dytcheey
RF1b-er,f4r,"f4r.7,+P0",qotaiin.cthol.daiin.cthom,qotaiin cthol daiin cthom
RF1b-er,f4r,"f4r.8,+P0",shor.shol.shol.cthy.cpholdy,shor shol shol cthy cpholdy
RF1b-er,f4r,"f4r.9,+P0",daiin.ckhochy.tchy.kor.aiin,daiin ckhochy tchy kor aiin
RF1b-er,f4r,"f4r.10,+P0",odal.shor.shyshol.cphaiin,odal shor shyshol cphaiin
RF1b-er,f4r,"f4r.11,+P0",qotchoiin.shear.qota,qotchoiin shear qota
RF1b-er,f4r,"f4r.12,+P0",soiin.chaiin.chaiin,soiin chaiin chaiin
RF1b-er,f4r,"f4r.13,+P0",daiin.cthey,daiin cthey
RF1b-er,f4v,"f4v.1,@P0",pchooiin.ksheo.kchoy.chopchy.dolds<->dlod,pchooiin ksheo kchoy chopchy doldsdlod
RF1b-er,f4v,"f4v.2,+P0",ol.chey.chy.cthy.shkchor.sheo.cheory<->choldy,ol chey chy cthy shkchor sheo cheorycholdy
RF1b-er,f4v,"f4v.3,+P0",sho.sho.chaiin.shaiin.daiin.qodaiin<->oaram,sho sho chaiin shaiin daiin qodaiinoaram
RF1b-er,f4v,"f4v.4,+P0",qokshy.qocthy.choteol.daiin.cthey<->choaiin,qokshy qocthy choteol daiin ctheychoaiin
RF1b-er,f4v,"f4v.5,+P0",shor.sheey.cto.otoiin.shey.qotchoiin<->chodain,shor sheey cto otoiin shey qotchoiinchodain
RF1b-er,f4v,"f4v.6,+P0",ytchoy.shokchy.cphody,ytchoy shokchy cphody
RF1b-er,f4v,"f4v.7,+P0",torchy.sheeor.chor.chokchy.cphydy,torchy sheeor chor chokchy cphydy
RF1b-er,f4v,"f4v.8,+P0",oleeeb.chor.cthol.sho.otor.cthory,oleeeb chor cthol sho otor cthory
RF1b-er,f4v,"f4v.9,+P0",qooko.iiincheog.chcthy.shoky.daiin,qooko iiincheog chcthy shoky daiin
RF1b-er,f4v,"f4v.10,+P0",otaiin.sheo.okeady.chol.chokeody,otaiin sheo okeady chol chokeody
RF1b-er,f4v,"f4v.11,+P0",sho.kcheor.shody.shtaiin.qotoldaiin,sho kcheor shody shtaiin qotoldaiin
RF1b-er,f4v,"f4v.12,+P0",qokey.sho.okeol.skeey.shar.char.ody,qokey sho okeol skeey shar char ody
RF1b-er,f4v,"f4v.13,+P0",shody.s.cheor.chokody.shodaiin.qota,shody s cheor chokody shodaiin qota
RF1b-er,f4v,"f4v.14,+P0",ochody.chykey.chtody,ochody chykey chtody
RF1b-er,f5r,"f5r.1,@P0",kchody.pchoy.chkoy.oaiin.oar.olsy.chody.dkshy.dy,kchody pchoy chkoy oaiin oar olsy chody dkshy dy
RF1b-er,f5r,"f5r.2,+P0",ochey.okey.qakaiin.sho.ckhoy.cthey.chey.okayos.otol,ochey okey qakaiin sho ckhoy cthey chey okayos otol
RF1b-er,f5r,"f5r.3,+P0",qoaiin.otan.chy.daiin.oteeeb.chocthy.otchy.qotchody,qoaiin otan chy daiin oteeeb chocthy otchy qotchody
RF1b-er,f5r,"f5r.4,+P0",otain.sheody.chan.s.cheor.chocthy,otain sheody chan s cheor chocthy
RF1b-er,f5r,"f5r.5,+P0",tchy.shody.qoaiin.cholols.sho.qotcheo.daiin.shodaiin,tchy shody qoaiin cholols sho qotcheo daiin shodaiin
RF1b-er,f5r,"f5r.6,+P0",sho.cheorchey.qoeeey.qoykeeey.qoeor.cthy.shotshy.dy,sho cheorchey qoeeey qoykeeey qoeor cthy shotshy dy
RF1b-er,f5r,"f5r.7,+P0",qotoeey.keey.cheo.kchy.shody,qotoeey keey cheo kchy shody
RF1b-er,f5v,"f5v.1,@P0",kacheor.chor.ytchey.pshod.chols.chodaiin.ytoiiin.daiin,kacheor chor ytchey pshod chols chodaiin ytoiiin daiin
RF1b-er,f5v,"f5v.2,+P0",dchol.sy.chol.otaiin.dain.cthor.chots.ychopordg,dchol sy chol otaiin dain cthor chots ychopordg
RF1b-er,f5v,"f5v.3,+P0",qotcho.ytor.daiin.daiin.otchor.daiir.qo.darchor.do,qotcho ytor daiin daiin otchor daiir qo darchor do
RF1b-er,f5v,"f5v.4,+P0",qotor.shees.otol.ykoiin.shol.daiin.cthor.okchytaiin,qotor shees otol ykoiin shol daiin cthor okchytaiin
RF1b-er,f5v,"f5v.5,+P0",shokeeol.chor.cheotol.otchol.daiin.dal.chol.chotaiin,shokeeol chor cheotol otchol daiin dal chol chotaiin
RF1b-er,f5v,"f5v.6,+P0",otol.chol.dairodg,otol chol dairodg
RF1b-er,f6r,"f6r.1,@P0",foar.y.shol.cholor.cphol.chor.chck<->chopchol.otcham,foar y shol cholor cphol chor chckchopchol otcham
RF1b-er,f6r,"f6r.2,+P0",daiin.chckhy.chor.chor.kar.cthy<->cthor.chotols,daiin chckhy chor chor kar cthycthor chotols
RF1b-er,f6r,"f6r.3,+P0",poeear.kshor.choky.os.cheoeees<->ykeor.ytaiin.dam,poeear kshor choky os cheoeeesykeor ytaiin dam
RF1b-er,f6r,"f6r.4,+P0",dar.chos.sheor.chocthy.otcham<->yaiir.chy,dar chos sheor chocthy otchamyaiir chy
RF1b-er,f6r,"f6r.5,+P0",tar.okoiin.shees.ytaly.cthaiin<->odam,tar okoiin shees ytaly cthaiinodam
RF1b-er,f6r,"f6r.6,+P0",or.al.daiin.ckham.okom.cthaiin<->ydaiin,or al daiin ckham okom cthaiinydaiin
RF1b-er,f6r,"f6r.7,+P0",daiin.qodaiin.cho.s.chol.okaiin.s,daiin qodaiin cho s chol okaiin s
RF1b-er,f6r,"f6r.8,+P0",ychol.ckhor.pchar.sheo.ckhaiin,ychol ckhor pchar sheo ckhaiin
RF1b-er,f6r,"f6r.9,+P0",dar.sheol.skaiiodar.otaiin.chory,dar sheol skaiiodar otaiin chory
RF1b-er,f6r,"f6r.10,+P0",tchor.ctheod.chy.shos.odshe.od,tchor ctheod chy shos odshe od
RF1b-er,f6r,"f6r.11,+P0",ychar.olchag.ol.chokaiin,ychar olchag ol chokaiin
RF1b-er,f6r,"f6r.12,+P0",or.shol.cthom.chor.cthy,or shol cthom chor cthy
RF1b-er,f6r,"f6r.13,+P0",qocthol.yodaiin.cthy,qocthol yodaiin cthy
RF1b-er,f6r,"f6r.14,+P0",ysho.taiin.y.kaiim,ysho taiin y kaiim
RF1b-er,f6v,"f6v.1,@P0",koarysar.cheekar.qoar.shor.chapchy.s.chear.char.otchy,koarysar cheekar qoar shor chapchy s chear char otchy
RF1b-er,f6v,"f6v.2,+P0",oees.chor.chckhy.qoekchas.cheas.odaiiin.kchey.chorchaiin,oees chor chckhy qoekchas cheas odaiiin kchey chorchaiin
RF1b-er,f6v,"f6v.3,+P0",qoair.ckhy.chol.oechockhy.chekchoy.ckhy.okol<->sychos,qoair ckhy chol oechockhy chekchoy ckhy okolsychos
RF1b-er,f6v,"f6v.4,+P0","yshckhy.ytchoy.s.os.y,jajy.dchy.dey.okody<->ytody",yshckhy ytchoy s os y jajy dchy dey okodyytody
RF1b-er,f6v,"f6v.5,+P0",dair.sha.chodam.dam.okor.oty<->doldom,dair sha chodam dam okor otydoldom
RF1b-er,f6v,"f6v.6,+P0",tchody.shocthol.chocthhy.s,tchody shocthol chocthhy s
RF1b-er,f6v,"f6v.7,+P0",ychos.ychol.daiin.cthol.dol,ychos ychol daiin cthol dol
RF1b-er,f6v,"f6v.8,+P0",ychor.chor.okchey.qokom,ychor chor okchey qokom
RF1b-er,f6v,"f6v.9,+P0",oeeo.dal.chor.cthom.s,oeeo dal chor cthom s
RF1b-er,f6v,"f6v.10,+P0",qokchod.ychear.kchdy,qokchod ychear kchdy
RF1b-er,f6v,"f6v.11,+P0",lar.char.otag.cthomdy,lar char otag cthomdy
RF1b-er,f6v,"f6v.12,+P0",ytchos.shy.qokam.cthy,ytchos shy qokam cthy
RF1b-er,f6v,"f6v.13,+P0",yodaiin.cthy.s.chor.oees.ar,yodaiin cthy s chor oees ar
RF1b-er,f6v,"f6v.14,+P0",qokor.chol.cthol.tchalody,qokor chol cthol tchalody
RF1b-er,f6v,"f6v.15,+P0",chockhy.s.or.chy.s.ain.ar,chockhy s or chy s ain ar
RF1b-er,f6v,"f6v.16,+P0",ochy.cthar.cthor.cthy,ochy cthar cthor cthy
RF1b-er,f6v,"f6v.17,+P0",ychaies.ckhal.cthodam.dy,ychaies ckhal cthodam dy
RF1b-er,f6v,"f6v.18,+P0",ytchocthol.ches.cthor,ytchocthol ches cthor
RF1b-er,f6v,"f6v.19,+P0",ocholy.kchor.chy.dor,ocholy kchor chy dor
RF1b-er,f6v,"f6v.20,+P0",dchor.choldar.okol.daiin,dchor choldar okol daiin
RF1b-er,f6v,"f6v.21,+P0",ycheor.chor.octham,ycheor chor octham
RF1b-er,f7r,"f7r.1,@P0",fchodaiin.shopchey.qko<->shey.qoos.sheey.charochy,fchodaiin shopchey qkoshey qoos sheey charochy
RF1b-er,f7r,"f7r.2,+P0",dcheey.keo.r.shor.dold<->dchey.kchey.otchy.cheody,dcheey keo r shor dolddchey kchey otchy cheody
RF1b-er,f7r,"f7r.3,+P0",oeeees.cheodaiin.sheey<->ytcheey.qotchy.chald,oeeees cheodaiin sheeyytcheey qotchy chald
RF1b-er,f7r,"f7r.4,+P0",qokcho.cho.lochey.daiin<->ychey.kchos.odaiin,qokcho cho lochey daiinychey kchos odaiin
RF1b-er,f7r,"f7r.5,+P0",oaiir<->otaiin,oaiirotaiin
RF1b-er,f7r,"f7r.6,+P0",ksholshey.qotoees.chkoldy<->otchor.choaiin,ksholshey qotoees chkoldyotchor choaiin
RF1b-er,f7r,"f7r.7,+P0",dshoy.cthol.chol.otchol.dain<->shody.shol.chotchy,dshoy cthol chol otchol dainshody shol chotchy
RF1b-er,f7r,"f7r.8,+P0",okchey.deeeese.choty.qokchy<->shol.keey.choty.dain,okchey deeeese choty qokchyshol keey choty dain
RF1b-er,f7r,"f7r.9,+P0",qokechy.olchoiin.chol.cphey<->shckhy.chochy.kchod,qokechy olchoiin chol cpheyshckhy chochy kchod
RF1b-er,f7r,"f7r.10,+P0",s.chain.chor.daiin.chckhy,s chain chor daiin chckhy
RF1b-er,f7v,"f7v.1,@P0","polyshy.shey.tchody.qopchy.otshol.dy,daiin.tshodody",polyshy shey tchody qopchy otshol dy daiin tshodody
RF1b-er,f7v,"f7v.2,+P0",chochy.cthy.daiin.qoky.chcphhy.daiin.cthol.cthy.cthd,chochy cthy daiin qoky chcphhy daiin cthol cthy cthd
RF1b-er,f7v,"f7v.3,+P0",qokchy.dykchy.chkeey.kshy.ky.ty.dor.cheey.ol.cheoldy,qokchy dykchy chkeey kshy ky ty dor cheey ol cheoldy
RF1b-er,f7v,"f7v.4,+P0",choteeeb.oeear.choschy.dain.sho.kshy.shol.deees.dol,choteeeb oeear choschy dain sho kshy shol deees dol
RF1b-er,f7v,"f7v.5,+P0",dchodaiin.qotchy.cheey.tcheey,dchodaiin qotchy cheey tcheey
RF1b-er,f7v,"f7v.6,+P0",kchor.sheod.sheodaiin.shodaiin.oksholshol.dair.qos,kchor sheod sheodaiin shodaiin oksholshol dair qos
RF1b-er,f7v,"f7v.7,+P0",okshodeeeb.chorcheor.odaiin.shotcho<->dol.dol.dor.aiin,okshodeeeb chorcheor odaiin shotchodol dol dor aiin
RF1b-er,f7v,"f7v.8,+P0",qoteeeo.r.chocheeody.qotchey.tey<->okchor.daiin,qoteeeo r chocheeody qotchey teyokchor daiin
RF1b-er,f7v,"f7v.9,+P0",sho.keeo.daiir.chokchy.dor.deol.dy<->doldaiin,sho keeo daiir chokchy dor deol dydoldaiin
RF1b-er,f8r,"f8r.1,@P0",pshol.chor.otshal.chopy<->cphal.chody.shy.cfhodar.shor,pshol chor otshal chopycphal chody shy cfhodar shor
RF1b-er,f8r,"f8r.2,+P0",tchty.sh.kcheals.sho<->okche.do.dchy.dain.al,tchty sh kcheals shookche do dchy dain al
RF1b-er,f8r,"f8r.3,+P0",chodar.shy.sy<->chodaiin.shokchy.chor.dy,chodar shy sychodaiin shokchy chor dy
RF1b-er,f8r,"f8r.4,+P0",qotor.chor.chor.sheey<->dchol.shesed.chof.chy.dam,qotor chor chor sheeydchol shesed chof chy dam
RF1b-er,f8r,"f8r.5,+P0",okchey.do.r.cheeey.dy.ky<->scho.chky.ckooaiin.chataiin,okchey do r cheeey dy kyscho chky ckooaiin chataiin
RF1b-er,f8r,"f8r.6,+P0",tosh.ckcheey.koltoldy<->shy.choety.cheeody.sal,tosh ckcheey koltoldyshy choety cheeody sal
RF1b-er,f8r,"f8r.7,+P0",choto.kchoan.choor.dain,choto kchoan choor dain
RF1b-er,f8r,"f8r.8,=Pt",dcho.dain,dcho dain
RF1b-er,f8r,"f8r.9,*P0","tchoep.sho,pcheey.pchey<->ofchey.dsheey.sholdaiin.shor",tchoep sho pcheey pcheyofchey dsheey sholdaiin shor
RF1b-er,f8r,"f8r.10,+P0",daiin.cheey.teeodan.dy<->cheocthy.oksheo.dol.dairg,daiin cheey teeodan dycheocthy oksheo dol dairg
RF1b-er,f8r,"f8r.11,+P0",shol.cheodaiin.daiin.do<->ytchody.chot.choty.otariin,shol cheodaiin daiin doytchody chot choty otariin
RF1b-er,f8r,"f8r.12,+P0",qochodaiin.shotokody<->chotol,qochodaiin shotokodychotol
RF1b-er,f8r,"f8r.13,=Pt",okokchodg,okokchodg
RF1b-er,f8r,"f8r.14,*P0",cpho.cfhey.shol.chofydy<->sho.chey.kshey.lody.cholal,cpho cfhey shol chofydysho chey kshey lody cholal
RF1b-er,f8r,"f8r.15,+P0",dchey.ckhol.chol.chey.kchs<->chy.ctodaiin.dol.daiiirchy.ckhy,dchey ckhol chol chey kchschy ctodaiin dol daiiirchy ckhy
RF1b-er,f8r,"f8r.16,+P0",ychey.kchekchy.chseykchy<->scheaiin.cthaichar.cthy.dar,ychey kchekchy chseykchyscheaiin cthaichar cthy dar
RF1b-er,f8r,"f8r.17,+P0",chol.dchy.qokar.chl<->aiin.chean.cky.char.chaiin,chol dchy qokar chlaiin chean cky char chaiin
RF1b-er,f8r,"f8r.18,+P0",okar.cfhaiin.chaiin.cl<->daiin.chor.cha.rchealcham,okar cfhaiin chaiin cldaiin chor cha rchealcham
RF1b-er,f8r,"f8r.19,+P0",sair.cheain.cphol.dar<->shol.kaiin.shol.kaiin.daikam,sair cheain cphol darshol kaiin shol kaiin daikam
RF1b-er,f8r,"f8r.20,+P0",or.chokesey.shey.o.kal<->chal,or chokesey shey o kalchal
RF1b-er,f8r,"f8r.21,=Pt",schol.saim,schol saim
RF1b-er,f8v,"f8v.1,@P0",cphod.soocfh<->sol.shol.otol.chol.opcheaiin.opydaiin.saiin,cphod soocfhsol shol otol chol opcheaiin opydaiin saiin
RF1b-er,f8v,"f8v.2,+P0",shcthal.sar<->chor.sheaiin.shor.chykchy.otaiin.cty,shcthal sarchor sheaiin shor chykchy otaiin cty
RF1b-er,f8v,"f8v.3,+P0",qody.cheal.sy<->chory<->chear.shol.chaiin.shaiin.dolar,qody cheal sychorychear shol chaiin shaiin dolar
RF1b-er,f8v,"f8v.4,+P0",dshol.shol<->dal<->chean.cthar.shealy.daiin.chary,dshol sholdalchean cthar shealy daiin chary
RF1b-er,f8v,"f8v.5,+P0","chol.chol,dar<->otchar.etaiin.cthol.dar",chol chol darotchar etaiin cthol dar
RF1b-er,f8v,"f8v.6,+P0",daiin.cthan<->ytchy.cheykaiin.dain.ar,daiin cthanytchy cheykaiin dain ar
RF1b-er,f8v,"f8v.7,+P0",sho.kchol<->dar.shey.cthar.chotain.ry,sho kcholdar shey cthar chotain ry
RF1b-er,f8v,"f8v.8,+P0",okcholksh<->chol.chol.chol.cthaiin.dain,okcholkshchol chol chol cthaiin dain
RF1b-er,f8v,"f8v.9,+P0",shol.orchl<->chokchy.chol.cthar.chaiin,shol orchlchokchy chol cthar chaiin
RF1b-er,f8v,"f8v.10,+P0",scharchy<->oeesody.kchey.pchy.cpharom,scharchyoeesody kchey pchy cpharom
RF1b-er,f8v,"f8v.11,+P0",sorain,sorain
RF1b-er,f8v,"f8v.12,+P0",pchar.cho.rol.dal<->shear.cheeotaiin.chal.daiin,pchar cho rol dalshear cheeotaiin chal daiin
RF1b-er,f8v,"f8v.13,+P0",kchor.otchar.oky<->chokain.keoky.otorchy.satar,kchor otchar okychokain keoky otorchy satar
RF1b-er,f8v,"f8v.14,+P0",shor.okol.lokaiin<->shol.kol.char.cthey.tchy.ckham,shor okol lokaiinshol kol char cthey tchy ckham
RF1b-er,f8v,"f8v.15,+P0","or.chol.cha,n,cky<->chor.cheain.char.cheeky.chor.ry",or chol cha n ckychor cheain char cheeky chor ry
RF1b-er,f8v,"f8v.16,+P0",chor.chear.chear<->oteey.dchor.chodey.cho.raiin,chor chear chearoteey dchor chodey cho raiin
RF1b-er,f8v,"f8v.17,+P0",dain.chear.daiin,dain chear daiin
RF1b-er,f9r,"f9r.1,@P0",tydlo.choly.cthor.orchey.s.shy.odaiin.sary<->shor.cthy,tydlo choly cthor orchey s shy odaiin saryshor cthy
RF1b-er,f9r,"f9r.2,+P0",oykeey.chol.ytaiin.okchody.toeoky.okoiin.dy<->or.chaiin,oykeey chol ytaiin okchody toeoky okoiin dyor chaiin
RF1b-er,f9r,"f9r.3,+P0",toiin.cphy.qotod.otaiin.cthy.okor.chey<->cthod.ram,toiin cphy qotod otaiin cthy okor cheycthod ram
RF1b-er,f9r,"f9r.4,+P0",yshy.chokcho.chcthod.shor.shaiin.otar.dor<->ytol.dayty,yshy chokcho chcthod shor shaiin otar dorytol dayty
RF1b-er,f9r,"f9r.5,+P0",daiin.chor.sor.cthy.chokoiin.shol.dsholdy<->otchol.ot.dy,daiin chor sor cthy chokoiin shol dsholdyotchol ot dy
RF1b-er,f9r,"f9r.6,+P0",pshoain.cthaaiin.okaiir.cfhadosal.shar<->sy<->shydal.chdy,pshoain cthaaiin okaiir cfhadosal sharsyshydal chdy
RF1b-er,f9r,"f9r.7,+P0",or.chol.chytchy.tchol.ytor.qotol.chyky<->chodar.aiin,or chol chytchy tchol ytor qotol chykychodar aiin
RF1b-er,f9r,"f9r.8,+P0",qotcho.qokchy.cthey.koraiin.okain.d<->dal<->s.olshocthy,qotcho qokchy cthey koraiin okain ddals olshocthy
RF1b-er,f9r,"f9r.9,+P0",ochocthy.choctoy.chodykchy.saiirdchy<->daiin,ochocthy choctoy chodykchy saiirdchydaiin
RF1b-er,f9r,"f9r.10,+Pc",ytchas.oraiin.chkar,ytchas oraiin chkar
RF1b-er,f9v,"f9v.1,@P0",fochor.oporody.opy.shor.daiin.qopchypcho.qofol.shol.cfhol.daiin,fochor oporody opy shor daiin qopchypcho qofol shol cfhol daiin
RF1b-er,f9v,"f9v.2,+P0",dchor.qoaiin.chkaiin.cthor.chol.chor.cphol.dy<->oty.qokaiin.dy,dchor qoaiin chkaiin cthor chol chor cphol dyoty qokaiin dy
RF1b-er,f9v,"f9v.3,+P0",ykey.chor.ykaiin.daiin.cthy.otaiin.oky<->oeees.daiin,ykey chor ykaiin daiin cthy otaiin okyoeees daiin
RF1b-er,f9v,"f9v.4,+P0",yteytchy.taiin.cthor.otol.oty.toldy,yteytchy taiin cthor otol oty toldy
RF1b-er,f9v,"f9v.5,+P0",pchor.ypcheey.qotor.ypchy.olcfholy.to<->ar<->chty.daiiin,pchor ypcheey qotor ypchy olcfholy toarchty daiiin
RF1b-er,f9v,"f9v.6,+P0",odol.choy.ksheody.chody<->dain<->otchy.cthod<->yka,odol choy ksheody chodydainotchy cthodyka
RF1b-er,f9v,"f9v.7,+P0",qo.chol.chol.ctchy.daiin<->otal<->dor<->daim,qo chol chol ctchy daiinotaldordaim
RF1b-er,f9v,"f9v.8,+P0",soiin.daiin.qokcho.rokyd<->daly,soiin daiin qokcho rokyddaly
RF1b-er,f9v,"f9v.9,+P0",daiin.chy.tar.chyty.dary<->ytoldy,daiin chy tar chyty daryytoldy
RF1b-er,f9v,"f9v.10,+P0",oty.kchol.chol.chy.kyty,oty kchol chol chy kyty
RF1b-er,f9v,"f9v.11,+P0",ychor.chshoty.okykaiin,ychor chshoty okykaiin
RF1b-er,f9v,"f9v.12,+P0",chkaiin.ckhy.chor,chkaiin ckhy chor
RF1b-er,f10r,"f10r.1,@P0",pchocthy.shor.octhody.chorchy.pchodol.chopchal.ypchkom,pchocthy shor octhody chorchy pchodol chopchal ypchkom
RF1b-er,f10r,"f10r.2,+P0",dchey.cthoor.char.chty.os.chair.otytchol.oky.daiin.etyd,dchey cthoor char chty os chair otytchol oky daiin etyd
RF1b-er,f10r,"f10r.3,+P0",qotor.otchy.daiin.chocthy.qotchy.chol.or.yty.dy.dy,qotor otchy daiin chocthy qotchy chol or yty dy dy
RF1b-er,f10r,"f10r.4,+P0",sor.chaiin.chcthy.cthockhy.or.aiin.chtchor.doiir.ody,sor chaiin chcthy cthockhy or aiin chtchor doiir ody
RF1b-er,f10r,"f10r.5,+P0",qokchy.qotchol.chol.cthy,qokchy qotchol chol cthy
RF1b-er,f10r,"f10r.6,+P0",ycheor.cthy.chor.cthaiin.qoctholy.dy<->chy.taiin.shy,ycheor cthy chor cthaiin qoctholy dychy taiin shy
RF1b-er,f10r,"f10r.7,+P0",dchy.qokchol.ykchaiin.yty.daiin.cth<->dain.dair.am,dchy qokchol ykchaiin yty daiin cthdain dair am
RF1b-er,f10r,"f10r.8,+P0",qotchor.chor.otol.chol.cholor<->chol.daiin.dar,qotchor chor otol chol cholorchol daiin dar
RF1b-er,f10r,"f10r.9,+P0",oykchor.shor.chor.chy.kaiiin.dy<->chodaiin,oykchor shor chor chy kaiiin dychodaiin
RF1b-er,f10r,"f10r.10,+P0",oqotar.otor.cfhy.cthor.osain<->ytoiin,oqotar otor cfhy cthor osainytoiin
RF1b-er,f10r,"f10r.11,+P0",sotchoshor.qoty.qotor.cthyd<->otar,sotchoshor qoty qotor cthydotar
RF1b-er,f10r,"f10r.12,+P0",sodaiin.daiin.qotchy.qotor,sodaiin daiin qotchy qotor
RF1b-er,f10v,"f10v.1,@P0",paiin.daiin.sheo.pcheey.qoty.daiin.cthor.otydy.sain,paiin daiin sheo pcheey qoty daiin cthor otydy sain
RF1b-er,f10v,"f10v.2,+P0",dain.daiin.ckhy.chcthor.choiin.qot.chodaiin.cthy.daiin,dain daiin ckhy chcthor choiin qot chodaiin cthy daiin
RF1b-er,f10v,"f10v.3,+P0",dsho.ytey.kchol.olty.chol.dy,dsho ytey kchol olty chol dy
RF1b-er,f10v,"f10v.4,+P0",qotchytor.shoiin.daiin.qotchey.shcthhy.ytor.dain,qotchytor shoiin daiin qotchey shcthhy ytor dain
RF1b-er,f10v,"f10v.5,+P0",sho.ykeey.daiin.qotchy.qotor.chol.daiin.qokchy.ky,sho ykeey daiin qotchy qotor chol daiin qokchy ky
RF1b-er,f10v,"f10v.6,+P0",shoiin.chor.shcthy.qoty.qotoiin.qokol.choraiin,shoiin chor shcthy qoty qotoiin qokol choraiin
RF1b-er,f10v,"f10v.7,+P0",qokol.chyky.cholcheky.daiin.dain.chckhan,qokol chyky cholcheky daiin dain chckhan
RF1b-er,f11r,"f11r.1,@P0",tshol.schoal.cfhy.shfydaiin.cphy.shey.tchody.shoyty,tshol schoal cfhy shfydaiin cphy shey tchody shoyty
RF1b-er,f11r,"f11r.2,+P0",socthody.qodory.tshy.daiin.ytchy.ytchaky.kchol.daiin,socthody qodory tshy daiin ytchy ytchaky kchol daiin
RF1b-er,f11r,"f11r.3,+P0",qoty.chol.cthy.dor.ykychy.choty.dain.chaiin.daiin.dod,qoty chol cthy dor ykychy choty dain chaiin daiin dod
RF1b-er,f11r,"f11r.4,+P0",dchol.chy.kchy.dy.daiin,dchol chy kchy dy daiin
RF1b-er,f11r,"f11r.5,+P0",tchol.shor.shor.dky.scphy.daiin.cthy.dy.chodldaiin,tchol shor shor dky scphy daiin cthy dy chodldaiin
RF1b-er,f11r,"f11r.6,+P0",odl.dsy.otol.chaiin.ykchor.dair.chody.cthy.s.daiin,odl dsy otol chaiin ykchor dair chody cthy s daiin
RF1b-er,f11r,"f11r.7,+P0",qotchy.okchol.cthy.dy,qotchy okchol cthy dy
RF1b-er,f11v,"f11v.1,@P0",poldchody.shcphy.shordy.qoty<->shol.cphar.dan.y,poldchody shcphy shordy qotyshol cphar dan y
RF1b-er,f11v,"f11v.2,+P0",shol.dy.chckhy.shcthy.daiin.dam<->ytchy.dain.dchy,shol dy chckhy shcthy daiin damytchy dain dchy
RF1b-er,f11v,"f11v.3,+P0",otchor.dy.kchy.tchy.dar.qokchd<->oky.choldydy,otchor dy kchy tchy dar qokchdoky choldydy
RF1b-er,f11v,"f11v.4,+P0",qokchor.chololcr.chyky.dchy.qoky<->ctho.tchey.tu,qokchor chololcr chyky dchy qokyctho tchey tu
RF1b-er,f11v,"f11v.5,*L0",dd,dd
RF1b-er,f11v,"f11v.6,=P0",soydy.qoteey.qot.chor.dy.ddy<->cthor.shy.arg,soydy qoteey qot chor dy ddycthor shy arg
RF1b-er,f11v,"f11v.7,+P0",ycheor.ksho.dor.cthey.s.chold,ycheor ksho dor cthey s chold
RF1b-er,f13r,"f13r.1,@P0",torshor.opchy.shol.dy.qopchy.shol.opchor.dypchy.dchg,torshor opchy shol dy qopchy shol opchor dypchy dchg
RF1b-er,f13r,"f13r.2,+P0",dchol.chol.dol.shkchy.ydal.shy.ykchy.qothy.daiin.s.y,dchol chol dol shkchy ydal shy ykchy qothy daiin s y
RF1b-er,f13r,"f13r.3,+P0",sy.dchor.shaiin.oeees.ykor.chor.ytshy.ykchy.kchy.dar,sy dchor shaiin oeees ykor chor ytshy ykchy kchy dar
RF1b-er,f13r,"f13r.4,+P0",qodchy.ytchy.otchor,qodchy ytchy otchor
RF1b-er,f13r,"f13r.5,+P0",shorodo.shy.tshy.kchol.dpchy.qopchy.otchol.cfholdy,shorodo shy tshy kchol dpchy qopchy otchol cfholdy
RF1b-er,f13r,"f13r.6,+P0",tchor.dor.daiin.qotchol.okchy.okchoroiin.chckhy.d,tchor dor daiin qotchol okchy okchoroiin chckhy d
RF1b-er,f13r,"f13r.7,+P0",dchy.qoky.chol.dy.qokhy.d.oldy<->okchor.doaiin,dchy qoky chol dy qokhy d oldyokchor doaiin
RF1b-er,f13r,"f13r.8,+P0",shochy.qokchy.torchy.kchky<->s.okchey.daiin,shochy qokchy torchy kchkys okchey daiin
RF1b-er,f13r,"f13r.9,+P0",oldy.shey.chal.doiin.ykoly<->okchal.daldy,oldy shey chal doiin ykolyokchal daldy
RF1b-er,f13r,"f13r.10,+P0",sotchy.kchy.okorory,sotchy kchy okorory
RF1b-er,f13v,"f13v.1,@P0",koair.chtoiin.otchy.kchod.otol.otchy.octhos,koair chtoiin otchy kchod otol otchy octhos
RF1b-er,f13v,"f13v.2,+P0",oko.qokol.chodal.otchol.cphol.choty,oko qokol chodal otchol cphol choty
RF1b-er,f13v,"f13v.3,+P0",qokchy.qokod.chy.otchy.cthody,qokchy qokod chy otchy cthody
RF1b-er,f13v,"f13v.4,+P0",ols.chey.okos.oaiin.okshy.qocky,ols chey okos oaiin okshy qocky
RF1b-er,f13v,"f13v.5,+P0",qoky.daiin,qoky daiin
RF1b-er,f13v,"f13v.6,+P0",foldaiin.olcphy.shol.dy<->oty.shor.qotyd<->dairod,foldaiin olcphy shol dyoty shor qotyddairod
RF1b-er,f13v,"f13v.7,+P0",dain.okal.chy.qokchory<->dchy.kokydaiin<->shon,dain okal chy qokchorydchy kokydaiinshon
RF1b-er,f13v,"f13v.8,+P0",otchy.daiin.ydain.ykol<->okchy.okald<->dytaiin,otchy daiin ydain ykolokchy okalddytaiin
RF1b-er,f13v,"f13v.9,+P0",tchtod.otal.cthor.ytal<->y.chotal<->sho.qocthy,tchtod otal cthor ytaly chotalsho qocthy
RF1b-er,f13v,"f13v.10,+P0",yol.chy.kchey.kchor.dal,yol chy kchey kchor dal
RF1b-er,f14r,"f14r.1,@P0",pchodaiin.chopol.shoiin.daiin.dain,pchodaiin chopol shoiin daiin dain
RF1b-er,f14r,"f14r.2,+P0",oykeey.soiiin.chok.qokchy.da.okol,oykeey soiiin chok qokchy da okol
RF1b-er,f14r,"f14r.3,+P0",ydaiin.olchy.kchor.daiin.olol,ydaiin olchy kchor daiin olol
RF1b-er,f14r,"f14r.4,+P0",ochkchar.kol.shy.daiin.dorody,ochkchar kol shy daiin dorody
RF1b-er,f14r,"f14r.5,+P0",qokchol.dar.dalo.qotolo,qokchol dar dalo qotolo
RF1b-er,f14r,"f14r.6,+P0",ychol.oir.okor.choor.ockhy,ychol oir okor choor ockhy
RF1b-er,f14r,"f14r.7,+P0",otcho.dain.chckhy,otcho dain chckhy
RF1b-er,f14r,"f14r.8,+P0",soshy.kchol.shor.cheor.ykaiin.s,soshy kchol shor cheor ykaiin s
RF1b-er,f14r,"f14r.9,+P0","sody.chody.otchody.qotchykoiin.sy<->sho,tydy",sody chody otchody qotchykoiin sysho tydy
RF1b-er,f14r,"f14r.10,+P0","qotchor.chod.shoty.chody.dol.dy.dy<->okchy,dy",qotchor chod shoty chody dol dy dyokchy dy
RF1b-er,f14r,"f14r.11,+P0","dchokchy.schol.dy.shey.dar.qoty<->ykeey,ky",dchokchy schol dy shey dar qotyykeey ky
RF1b-er,f14r,"f14r.12,+P0",oeeeb.chey.keor.chey.tchyky<->chodalg,oeeeb chey keor chey tchykychodalg
RF1b-er,f14r,"f14r.13,+P0",sodaiin.chy.kchy.kchy.ykeody,sodaiin chy kchy kchy ykeody
RF1b-er,f14v,"f14v.1,@P0",pdychoiin.yfodain.otyshy.dy.ypchor.daiin.kol.ydain,pdychoiin yfodain otyshy dy ypchor daiin kol ydain
RF1b-er,f14v,"f14v.2,+P0",okchor.dchytshy.oty.chy.cthy.otchy.ty.chol.daiin,okchor dchytshy oty chy cthy otchy ty chol daiin
RF1b-er,f14v,"f14v.3,+P0",ychydy.daiin.chcthy.ytykaiin.dytchy.ykchy.kydy,ychydy daiin chcthy ytykaiin dytchy ykchy kydy
RF1b-er,f14v,"f14v.4,+P0","yty,chy.ksho.ykshy.shokshor.yty.darody.dyotyds",yty chy ksho ykshy shokshor yty darody dyotyds
RF1b-er,f14v,"f14v.5,+P0",okshy.daiin.okchor.chky.qotchy.daiin.cthor.oty,okshy daiin okchor chky qotchy daiin cthor oty
RF1b-er,f14v,"f14v.6,+P0","qo,ty.choky.cthy.chokchy.dydydy.chckhy.dchyd.n",qo ty choky cthy chokchy dydydy chckhy dchyd n
RF1b-er,f14v,"f14v.7,+P0",oykshy.choty.dydy.odyd.otchy.o.kchy.dshy.dardy,oykshy choty dydy odyd otchy o kchy dshy dardy
RF1b-er,f14v,"f14v.8,+P0",chokshor.daiin<->okshody.daiin<->dol.dair.dam,chokshor daiinokshody daiindol dair dam
RF1b-er,f14v,"f14v.9,+P0",dykchy.ctholdg<->dchckhy,dykchy ctholdgdchckhy
RF1b-er,f15r,"f15r.1,@P0",tshor.shey.tchaly<->shy.chtols.shey.daiin,tshor shey tchalyshy chtols shey daiin
RF1b-er,f15r,"f15r.2,+P0",otchor.qokchor.oly<->okor.shy.koly,otchor qokchor olyokor shy koly
RF1b-er,f15r,"f15r.3,+P0",qokaiin.qotchytydy<->daiin.chol.cthy,qokaiin qotchytydydaiin chol cthy
RF1b-er,f15r,"f15r.4,+P0",scheaiin.chodaiin.chl<->sol.ckhaiin.sal,scheaiin chodaiin chlsol ckhaiin sal
RF1b-er,f15r,"f15r.5,+P0",qotchy.r.shor.cthy<->daiin.cthy.dy,qotchy r shor cthydaiin cthy dy
RF1b-er,f15r,"f15r.6,+P0",dchy.kokaiin.chdy<->saiin.okeas,dchy kokaiin chdysaiin okeas
RF1b-er,f15r,"f15r.7,+P0",daiin.shkaiin.cthy<->sho.keocthy,daiin shkaiin cthysho keocthy
RF1b-er,f15r,"f15r.8,+P0",shocthy.tolkaiinr<->dain.ctholy,shocthy tolkaiinrdain ctholy
RF1b-er,f15r,"f15r.9,+P0",octhain.qokaiin.chos<->odaiin.cthls.y,octhain qokaiin chosodaiin cthls y
RF1b-er,f15r,"f15r.10,+P0",ychain.chckhhy.okshy<->saiiin.dolchds,ychain chckhhy okshysaiiin dolchds
RF1b-er,f15r,"f15r.11,+P0",okaiin.otaiin.chl.sy<->chor.choross,okaiin otaiin chl sychor choross
RF1b-er,f15r,"f15r.12,+P0",qotor.shor.tcheor.chy<->cthaiin<->shan,qotor shor tcheor chycthaiinshan
RF1b-er,f15r,"f15r.13,+P0",ykshol.dor.sheey.cthy.dain<->sky<->shor.shoty,ykshol dor sheey cthy dainskyshor shoty
RF1b-er,f15r,"f15r.14,+P0",otcho.kchy.chol.daiin.cthar<->ytol.dor.dom,otcho kchy chol daiin ctharytol dor dom
RF1b-er,f15r,"f15r.15,+P0",qotchor.chaiin.chykol.daky,qotchor chaiin chykol daky
RF1b-er,f15v,"f15v.1,@P0",paror.orshy.choiin.dtchan.opchordy,paror orshy choiin dtchan opchordy
RF1b-er,f15v,"f15v.2,+P0",dchor.or.oro.raiin.cthy.tain.dar,dchor or oro raiin cthy tain dar
RF1b-er,f15v,"f15v.3,+P0",cthor.daiin.qokor.okeor.okaiin,cthor daiin qokor okeor okaiin
RF1b-er,f15v,"f15v.4,+P0",doiin.choky.shol.qoky.qotchod,doiin choky shol qoky qotchod
RF1b-er,f15v,"f15v.5,+P0",otchor.chor.char.ytchor.cthy.s,otchor chor char ytchor cthy s
RF1b-er,f15v,"f15v.6,+P0",qotchey.choty.kaiin.otchy.r.aiin,qotchey choty kaiin otchy r aiin
RF1b-er,f15v,"f15v.7,+P0",coy.choiir.sho.n.chy.s.chy.tor.ols,coy choiir sho n chy s chy tor ols
RF1b-er,f15v,"f15v.8,+P0",ytchor.chor.ol.oiin.oty.shol.daiin,ytchor chor ol oiin oty shol daiin
RF1b-er,f15v,"f15v.9,+P0",otcholocthol.chol.chol.chody.kan,otcholocthol chol chol chody kan
RF1b-er,f15v,"f15v.10,+P0",sor.chor.cthoiin.cthy.qokaiin,sor chor cthoiin cthy qokaiin
RF1b-er,f15v,"f15v.11,+P0",sol.oiin.cheor.chol.daiin.cthy,sol oiin cheor chol daiin cthy
RF1b-er,f15v,"f15v.12,+P0",daiin.cthor.chol.chor,daiin cthor chol chor
RF1b-er,f16r,"f16r.1,@P0",pocheody.qopchey.sykaiin.opchy.dor.ychy<->daiin.dy<->chor.orom,pocheody qopchey sykaiin opchy dor ychydaiin dychor orom
RF1b-er,f16r,"f16r.2,+P0",ychykchy.otey.kol.shor.ody.otody.qoy<->oeesordy,ychykchy otey kol shor ody otody qoyoeesordy
RF1b-er,f16r,"f16r.3,+P0",ydor.sheal.okchy.qoykoiin.choky.ykair,ydor sheal okchy qoykoiin choky ykair
RF1b-er,f16r,"f16r.4,+Pc",dainod.ychealod,dainod ychealod
RF1b-er,f16r,"f16r.5,*P0",tchor.chor.chs.ykch.shocthy.opchy.tyky,tchor chor chs ykch shocthy opchy tyky
RF1b-er,f16r,"f16r.6,+P0",oshaiin.dyky.oeees.deeeod.aiin.dtoaiin,oshaiin dyky oeees deeeod aiin dtoaiin
RF1b-er,f16r,"f16r.7,+P0",daiin.dalchy.dyky.schy.s.aiin.doal.qoky,daiin dalchy dyky schy s aiin doal qoky
RF1b-er,f16r,"f16r.8,+P0",shotchy.ydain.yky.shody.otol.daiin,shotchy ydain yky shody otol daiin
RF1b-er,f16r,"f16r.9,+P0",saiin.ytaiin,saiin ytaiin
RF1b-er,f16r,"f16r.10,+P0",toror.dalydal.opchyfchol.ypchocfy.okal,toror dalydal opchyfchol ypchocfy okal
RF1b-er,f16r,"f16r.11,+P0",sokchy.qokol.choty.okchy.cthy.chy.kchy,sokchy qokol choty okchy cthy chy kchy
RF1b-er,f16r,"f16r.12,+P0",dychokchy.shcthy.shtshy.sho.tchokyd,dychokchy shcthy shtshy sho tchokyd
RF1b-er,f16r,"f16r.13,+P0",qokohor.dl.dy.shey,qokohor dl dy shey
RF1b-er,f16v,"f16v.1,@P0",pchraiin.otchor.chpchol.chpchey.spchocty,pchraiin otchor chpchol chpchey spchocty
RF1b-er,f16v,"f16v.2,+P0",ytchor.y.ky.chokchy.qokchocthor.shory,ytchor y ky chokchy qokchocthor shory
RF1b-er,f16v,"f16v.3,+P0",ykchy.dy.choy.qoty.chykchy.koshet,ykchy dy choy qoty chykchy koshet
RF1b-er,f16v,"f16v.4,+P0",dchol.chcthody.cphod.chotol.dal,dchol chcthody cphod chotol dal
RF1b-er,f16v,"f16v.5,+P0",ytchy.chyty.chor.chol.ytchy.dan,ytchy chyty chor chol ytchy dan
RF1b-er,f16v,"f16v.6,+P0",sor.chkar.oty.chkar.chol.dairin,sor chkar oty chkar chol dairin
RF1b-er,f16v,"f16v.7,+P0",pchocthy.chypchy.qotchy.chcfhhy.sy,pchocthy chypchy qotchy chcfhhy sy
RF1b-er,f16v,"f16v.8,+P0",daiin.chol.y.daiin.chcthy.qotchar.chor.sholo,daiin chol y daiin chcthy qotchar chor sholo
RF1b-er,f16v,"f16v.9,+P0",dshy.okaiin.okaiin.chol.chor.cthor.ty.chody,dshy okaiin okaiin chol chor cthor ty chody
RF1b-er,f16v,"f16v.10,+P0",qokchy.chydy.ykchy.chckhy.otain.cthor.cthy,qokchy chydy ykchy chckhy otain cthor cthy
RF1b-er,f16v,"f16v.11,+P0",okytaiin.chkchy.saiin,okytaiin chkchy saiin
RF1b-er,f16v,"f16v.12,+P0",daiin.yky.otor.chody,daiin yky otor chody
RF1b-er,f16v,"f16v.13,+P0",sokar.oaorar,sokar oaorar
RF1b-er,f17r,"f17r.1,@P0",fshody.daram.ydar.chom.opydy.ypod.chop.otchy.dody.oldckhy,fshody daram ydar chom opydy ypod chop otchy dody oldckhy
RF1b-er,f17r,"f17r.2,+P0",ydair.chaky.okshy.qodar.ckhody.dor.otchol.qodcthy.ods,ydair chaky okshy qodar ckhody dor otchol qodcthy ods
RF1b-er,f17r,"f17r.3,+P0","chol.or.chy.qod,am.okor.chor.okchom",chol or chy qod am okor chor okchom
RF1b-er,f17r,"f17r.4,+P0",tchor.shol.qokol.qor.olaiin.opydg<->rom.ypchy.ypaim,tchor shol qokol qor olaiin opydgrom ypchy ypaim
RF1b-er,f17r,"f17r.5,+P0",ychekchy.cthy.chor.shor.cphor.cphaldy<->dair.cthey.qody,ychekchy cthy chor shor cphor cphaldydair cthey qody
RF1b-er,f17r,"f17r.6,+P0",tsho.qof.cho.qokcheor.cheteg,tsho qof cho qokcheor cheteg
RF1b-er,f17r,"f17r.7,+P0",ksheo.qokchy.choldshy.zepchy<->dsa<->opchordy,ksheo qokchy choldshy zepchydsaopchordy
RF1b-er,f17r,"f17r.8,+P0",dchchy.dychear.schar.ykchy,dchchy dychear schar ykchy
RF1b-er,f17r,"f17r.9,+P0",soy.chckho.o.das.chypcham,soy chckho o das chypcham
RF1b-er,f17r,"f17r.10,+P0",dar.chear.dcheor.sain.a.mol,dar chear dcheor sain a mol
RF1b-er,f17r,"f17r.11,+P0",otchol.cthar.okaiin.chol.daiiin,otchol cthar okaiin chol daiiin
RF1b-er,f17r,"f17r.12,+P0",ychody.chotom,ychody chotom
RF1b-er,f17r,"f17r.13,@Lx",oteeeon.oiil,oteeeon oiil
RF1b-er,f17v,"f17v.1,@P0",pchodol.chor.fchy.opydaiin.odaldy,pchodol chor fchy opydaiin odaldy
RF1b-er,f17v,"f17v.2,+P0",ycheey.teeor.cthodal.okol.odaiin.okal,ycheey teeor cthodal okol odaiin okal
RF1b-er,f17v,"f17v.3,+P0",oldaig.odaiin.okal.oldaiin.chockhol.olol,oldaig odaiin okal oldaiin chockhol olol
RF1b-er,f17v,"f17v.4,+P0",kchor.fchol.cphol.olcheol.okeeey,kchor fchol cphol olcheol okeeey
RF1b-er,f17v,"f17v.5,+P0",ychol.chol.dolcheey.tchol.dar.ckhy,ychol chol dolcheey tchol dar ckhy
RF1b-er,f17v,"f17v.6,+P0",oekos.or.okaiin.or.otaiind,oekos or okaiin or otaiind
RF1b-er,f17v,"f17v.7,+P0",sor.chkeey.poiis.cheor.os.s.aiin,sor chkeey poiis cheor os s aiin
RF1b-er,f17v,"f17v.8,+P0",qokeey.kchar.ol.dy.choldaiin.sy,qokeey kchar ol dy choldaiin sy
RF1b-er,f17v,"f17v.9,+P0",ycheol.shol.kchol.choltaiin.ol,ycheol shol kchol choltaiin ol
RF1b-er,f17v,"f17v.10,+P0",oytor.okeor.okar.okol.daiir.ar,oytor okeor okar okol daiir ar
RF1b-er,f17v,"f17v.11,+P0",qokcheo.qokoiir.ctheol.chol,qokcheo qokoiir ctheol chol
RF1b-er,f17v,"f17v.12,+P0",oy.choy.keoiin.chckhey.ol.chor,oy choy keoiin chckhey ol chor
RF1b-er,f17v,"f17v.13,+P0",ykeor.chal.chol.cthol.chkor.sheol,ykeor chal chol cthol chkor sheol
RF1b-er,f17v,"f17v.14,+P0","olo.r.okeeol.chodaiin.okeol.t,chory",olo r okeeol chodaiin okeol t chory
RF1b-er,f17v,"f17v.15,+P0",ychor.cthy.cheeky.cheo.otor.oteol,ychor cthy cheeky cheo otor oteol
RF1b-er,f17v,"f17v.16,+P0",okcheol.chol.okeol.cthol.otcheolog,okcheol chol okeol cthol otcheolog
RF1b-er,f17v,"f17v.17,+P0",qoain.sar.she.dol.qopchaiin.cthar,qoain sar she dol qopchaiin cthar
RF1b-er,f17v,"f17v.18,+P0",otor.cheeor.ol.chol.dor.chr.oreees,otor cheeor ol chol dor chr oreees
RF1b-er,f17v,"f17v.19,+P0",dain.chey.qoaiin.cthor.cholchom,dain chey qoaiin cthor cholchom
RF1b-er,f17v,"f17v.20,+P0",ykeey.okeey.cheor.chol.sho.odaiin,ykeey okeey cheor chol sho odaiin
RF1b-er,f17v,"f17v.21,+P0",oal.sheor.sholor.or.shecthy.cpheor.daiin,oal sheor sholor or shecthy cpheor daiin
RF1b-er,f17v,"f17v.22,+P0",qokeee.dar.chey.keeor.cheeol.ctheey.cthy,qokeee dar chey keeor cheeol ctheey cthy
RF1b-er,f17v,"f17v.23,+P0",chkeey.okeor.shor.okeom,chkeey okeor shor okeom
RF1b-er,f18r,"f18r.1,@P0",pdrairdy.darodcf.yoar.ykchol.dar.am.chckhy<->ockhar.dal,pdrairdy darodcf yoar ykchol dar am chckhyockhar dal
RF1b-er,f18r,"f18r.2,+P0",otshol.qokchol.chykchy.okchal.daiin.dy<->chol.diiin,otshol qokchol chykchy okchal daiin dychol diiin
RF1b-er,f18r,"f18r.3,+P0",qokchor.chor.cfhckhy.orchey.qokchol.dy<->ytcharg,qokchor chor cfhckhy orchey qokchol dyytcharg
RF1b-er,f18r,"f18r.4,+P0",chor.cthor.okeor.ykchol.okain,chor cthor okeor ykchol okain
RF1b-er,f18r,"f18r.5,+P0",tchor.shor.cthaiin.cthol.chlol.chom,tchor shor cthaiin cthol chlol chom
RF1b-er,f18r,"f18r.6,+P0",ychy.kchor.dair.ytol.chcthy.dar.dar.dal,ychy kchor dair ytol chcthy dar dar dal
RF1b-er,f18r,"f18r.7,+P0",oshor.shaiin.cthy.sholdy.doldy<->doldaiin,oshor shaiin cthy sholdy doldydoldaiin
RF1b-er,f18r,"f18r.8,+P0",qokchor.ckhol.olady.okal.dy<->dary,qokchor ckhol olady okal dydary
RF1b-er,f18r,"f18r.9,+P0",chol.chcthal.okshal.chykald,chol chcthal okshal chykald
RF1b-er,f18r,"f18r.10,+P0",dar.shor.qokchol.ol.ydaiin,dar shor qokchol ol ydaiin
RF1b-er,f18r,"f18r.11,+P0",sotchaiin.chokchy.chckhol.chor.g,sotchaiin chokchy chckhol chor g
RF1b-er,f18r,"f18r.12,+P0",ychair.cthol.daiin.qokchy.cthy,ychair cthol daiin qokchy cthy
RF1b-er,f18r,"f18r.13,+P0",or.shaiin.cthar.cthal.okal.dar,or shaiin cthar cthal okal dar
RF1b-er,f18r,"f18r.14,+Pc",ychekchy.kchaiin,ychekchy kchaiin
RF1b-er,f18v,"f18v.1,@P0",told.shor.ytshy.otchdal.dchal.dchy.ytdg,told shor ytshy otchdal dchal dchy ytdg
RF1b-er,f18v,"f18v.2,+P0",qoeees.or.oaiin.shy?.okshy.qokchy.qokchy.s.g,qoeees or oaiin okshy qokchy qokchy s g
RF1b-er,f18v,"f18v.3,+P0",orshy.qoky.qoky.chkchy.qokshy.qokam,orshy qoky qoky chkchy qokshy qokam
RF1b-er,f18v,"f18v.4,+P0",qotchy.qokay.qokchy.ykcho.ydl.dar,qotchy qokay qokchy ykcho ydl dar
RF1b-er,f18v,"f18v.5,+P0",ychoees.ykchy.qol.kchy.qotchol.daiir.om,ychoees ykchy qol kchy qotchol daiir om
RF1b-er,f18v,"f18v.6,+P0",qotor.chor.otchy.qokeees.chy.s.ar.ykar,qotor chor otchy qokeees chy s ar ykar
RF1b-er,f18v,"f18v.7,+P0",ychol.dor.chod.qokol.daiin.qokol.dar.dy,ychol dor chod qokol daiin qokol dar dy
RF1b-er,f18v,"f18v.8,+P0",tolol.sh.cphoy.daror.ddy.ytor.ykam,tolol sh cphoy daror ddy ytor ykam
RF1b-er,f18v,"f18v.9,+P0",okchor.qotchy.qokchy.ytol.doky.dy,okchor qotchy qokchy ytol doky dy
RF1b-er,f18v,"f18v.10,+P0",yko.dshy.dair.ykol.dom,yko dshy dair ykol dom
RF1b-er,f19r,"f19r.1,@P0",pchor.qodchy.qotshy.dy.tchy.qotchy.qoky.daiin.dchydy,pchor qodchy qotshy dy tchy qotchy qoky daiin dchydy
RF1b-er,f19r,"f19r.2,+P0",dshy.chor.y.tchy.chol.dytchy.chordy.daiin.dyty.s.choy,dshy chor y tchy chol dytchy chordy daiin dyty s choy
RF1b-er,f19r,"f19r.3,+P0",oscheor.shy.tdaiin.chol.dor.yky,oscheor shy tdaiin chol dor yky
RF1b-er,f19r,"f19r.4,+P0",qokorar.daiin.chckhy.shy.kchor,qokorar daiin chckhy shy kchor
RF1b-er,f19r,"f19r.5,+P0",otchy.tchy.qoky.daiin.r,otchy tchy qoky daiin r
RF1b-er,f19r,"f19r.6,+P0",yshor.shy.daiin.otytchy.daiin,yshor shy daiin otytchy daiin
RF1b-er,f19r,"f19r.7,+P0",qok.cho.ky.cthar.dor.chan.dar,qok cho ky cthar dor chan dar
RF1b-er,f19r,"f19r.8,+P0",or.chor.daky.dal.chor.dorl.shy,or chor daky dal chor dorl shy
RF1b-er,f19r,"f19r.9,+P0",qotchor.dy.dor.y.tchykchy.shdaiin,qotchor dy dor y tchykchy shdaiin
RF1b-er,f19r,"f19r.10,+P0",daiin.cthor.chol.ykchor.chordy,daiin cthor chol ykchor chordy
RF1b-er,f19r,"f19r.11,+P0",qotchy.qolody.choldy.cthyd,qotchy qolody choldy cthyd
RF1b-er,f19r,"f19r.12,+P0",ykchor.chor.daiin.daiinol,ykchor chor daiin daiinol
RF1b-er,f19r,"f19r.13,+P0",osocthor.ytchor,osocthor ytchor
RF1b-er,f19v,"f19v.1,@P0",pochaiin.cthor.chpcheos.opchey.pykchy,pochaiin cthor chpcheos opchey pykchy
RF1b-er,f19v,"f19v.2,+P0",qokchy.kchol.sor.qokchos.ykchy.darom,qokchy kchol sor qokchos ykchy darom
RF1b-er,f19v,"f19v.3,+P0",oteey.choldaiin.qotol.ytol.daiiin,oteey choldaiin qotol ytol daiiin
RF1b-er,f19v,"f19v.4,+P0",ytch.chcthy.qotol.daiin.daiin,ytch chcthy qotol daiin daiin
RF1b-er,f19v,"f19v.5,+P0",qotchy.qotchy.daiin.doty.qot,qotchy qotchy daiin doty qot
RF1b-er,f19v,"f19v.6,+P0",ychoy.kchor.cthol.chocthy.s,ychoy kchor cthol chocthy s
RF1b-er,f19v,"f19v.7,+P0",ycho.r.chaiin.cthor,ycho r chaiin cthor
RF1b-er,f19v,"f19v.8,+P0",toy.tchey.qo.dchol.qokchs.dom,toy tchey qo dchol qokchs dom
RF1b-er,f19v,"f19v.9,+P0",ychor.oky.chor.ytal.chol.okyddor,ychor oky chor ytal chol okyddor
RF1b-er,f19v,"f19v.10,+P0",daiin.chor.daiin.qokor.y.okchan,daiin chor daiin qokor y okchan
RF1b-er,f19v,"f19v.11,+P0",qotol.dar.okchor.daiin.cthor.otam,qotol dar okchor daiin cthor otam
RF1b-er,f19v,"f19v.12,+P0",otch.okchodshy.daiin.or.otaiin.dair,otch okchodshy daiin or otaiin dair
RF1b-er,f19v,"f19v.13,+P0",yees.ykchol.oty.ytor.ytar.ytchor.ytaiin,yees ykchol oty ytor ytar ytchor ytaiin
RF1b-er,f19v,"f19v.14,+Pr",otcholcheaiin.cthol,otcholcheaiin cthol
RF1b-er,f20r,"f20r.1,@P0",kdchody.chopy.cheey.qotchol.qotoeey.dchor.chaiin,kdchody chopy cheey qotchol qotoeey dchor chaiin
RF1b-er,f20r,"f20r.2,+P0",chodey.cthey.chotol.odaiir.qotchy.cthody.chodchy,chodey cthey chotol odaiir qotchy cthody chodchy
RF1b-er,f20r,"f20r.3,+P0",qoteey.cho.chodaiin.sho.qochy.chey.tcheodal.daral,qoteey cho chodaiin sho qochy chey tcheodal daral
RF1b-er,f20r,"f20r.4,+P0",ochol.ol.teey.otolchey,ochol ol teey otolchey
RF1b-er,f20r,"f20r.5,+P0",pchocthy.chokoaiin.cpy.cheeeb.opchey.shosaiin.r,pchocthy chokoaiin cpy cheeeb opchey shosaiin r
RF1b-er,f20r,"f20r.6,+P0",choees.okchor.qotol.cheey.daiin.chy.choiin.daiin,choees okchor qotol cheey daiin chy choiin daiin
RF1b-er,f20r,"f20r.7,+P0",ocholshod.daiin.choteol.chol.dol.shol.otaiin,ocholshod daiin choteol chol dol shol otaiin
RF1b-er,f20r,"f20r.8,+P0",schodain.cheo.r.cheody,schodain cheo r cheody
RF1b-er,f20r,"f20r.9,+P0",fchodees.shody.qotchey.qokchey.qocphy.chokoldy,fchodees shody qotchey qokchey qocphy chokoldy
RF1b-er,f20r,"f20r.10,+P0",ochoaiin.chor.sody.pchodaiin.chetody.choky.dchy.toy,ochoaiin chor sody pchodaiin chetody choky dchy toy
RF1b-er,f20r,"f20r.11,+P0",dchod.qoteeody.ytchy.qotshey.dchaiin.cholody,dchod qoteeody ytchy qotshey dchaiin cholody
RF1b-er,f20r,"f20r.12,+P0",shoiin.cheody.otchey.otchy.tchy.qoteey.daiin.dar,shoiin cheody otchey otchy tchy qoteey daiin dar
RF1b-er,f20r,"f20r.13,+P0",ochaiin.chor.chorcheey.tchey,ochaiin chor chorcheey tchey
RF1b-er,f20v,"f20v.1,@P0",faiisar.okoa.shypofochey.opchy.qopy.choldy.opydy.cphy,faiisar okoa shypofochey opchy qopy choldy opydy cphy
RF1b-er,f20v,"f20v.2,+P0",sos.ykoiin.cheol.chol.choiin.checthy.otol.chol.chodaiin.oty,sos ykoiin cheol chol choiin checthy otol chol chodaiin oty
RF1b-er,f20v,"f20v.3,+P0",okchy.shokchol.shol.chcthy.qoty.chy.tolshy.qotchy,okchy shokchol shol chcthy qoty chy tolshy qotchy
RF1b-er,f20v,"f20v.4,+P0",sho.or.aiin.shol.daiin,sho or aiin shol daiin
RF1b-er,f20v,"f20v.5,+P0",tshol.folchol.otor.shol.shos.fshodchy.otchy.chcphy.dy,tshol folchol otor shol shos fshodchy otchy chcphy dy
RF1b-er,f20v,"f20v.6,+P0","doiiin.chockhy.dan.cheocthy.shos.cheos.char,cthaiin",doiiin chockhy dan cheocthy shos cheos char cthaiin
RF1b-er,f20v,"f20v.7,+P0",shocthy.sho.cthy.daiin.sheoy.tey.s<->soaiin,shocthy sho cthy daiin sheoy tey ssoaiin
RF1b-er,f20v,"f20v.8,+P0","shain.choraly.sho.ar.chy.daiin.d,s",shain choraly sho ar chy daiin d s
RF1b-er,f20v,"f20v.9,+P0","ykchy.keody.cho.cthy.chol.shd,qoty.dr",ykchy keody cho cthy chol shd qoty dr
RF1b-er,f20v,"f20v.10,+P0",shokaiin.chocthy.chol.daiin.chy.chor.ety,shokaiin chocthy chol daiin chy chor ety
RF1b-er,f20v,"f20v.11,+P0",okoiin.chey.cphol.chory,okoiin chey cphol chory
RF1b-er,f21r,"f21r.1,@P0",pchor.o.eeockhy.o.fychey.ypchey.qopcheody.otaiin.chan,pchor o eeockhy o fychey ypchey qopcheody otaiin chan
RF1b-er,f21r,"f21r.2,+P0",saiin.chcphy.oky.sheaiin.qotchol.oteos.sheey.cthy.daiin,saiin chcphy oky sheaiin qotchol oteos sheey cthy daiin
RF1b-er,f21r,"f21r.3,+P0","qotolshy.o,l.cheor.chy.qokchey.chey.keey.dy",qotolshy o l cheor chy qokchey chey keey dy
RF1b-er,f21r,"f21r.4,+P0",pchofychy.daiin.cthain.otolosheey.qocthey.tolchory,pchofychy daiin cthain otolosheey qocthey tolchory
RF1b-er,f21r,"f21r.5,+P0",ykeey.daiin.chosy.qokoiin.otol.chol.qotcheol.okeoaiin,ykeey daiin chosy qokoiin otol chol qotcheol okeoaiin
RF1b-er,f21r,"f21r.6,+P0",dchor.y.kolyky.chol.kol.qokeol.cholol.qoteeol.dady,dchor y kolyky chol kol qokeol cholol qoteeol dady
RF1b-er,f21r,"f21r.7,+P0","shoe,or.cheor.chokeady.chocthor.shy",shoe or cheor chokeady chocthor shy
RF1b-er,f21r,"f21r.8,+P0",fchokshy.otor.sheol.ocphal.opsheas.cthodaiin.oty,fchokshy otor sheol ocphal opsheas cthodaiin oty
RF1b-er,f21r,"f21r.9,+P0",okaiin.sho.tshaiin.chkaiin.sh.cthey.cthody.cthy.s,okaiin sho tshaiin chkaiin sh cthey cthody cthy s
RF1b-er,f21r,"f21r.10,+P0",totchy.keor.chyky.qotaiin.qotchol.ty.ctheey.otaiin,totchy keor chyky qotaiin qotchol ty ctheey otaiin
RF1b-er,f21r,"f21r.11,+P0",shol.chol.shol.tchol.chcthy.otyky.shey.yteol.shody,shol chol shol tchol chcthy otyky shey yteol shody
RF1b-er,f21r,"f21r.12,+P0",ykeey.chor.sheey.ysheol.chor.chol.daiin.chkaiin,ykeey chor sheey ysheol chor chol daiin chkaiin
RF1b-er,f21v,"f21v.1,@P0",toldshy.chofchy.qofshey.shckhal.odaiin.shey.ckholy,toldshy chofchy qofshey shckhal odaiin shey ckholy
RF1b-er,f21v,"f21v.2,+P0",oeeesoy.qokchy.chody.qotchy.qokchy.choty.tchol.daiin,oeeesoy qokchy chody qotchy qokchy choty tchol daiin
RF1b-er,f21v,"f21v.3,+P0",qotol.keeees.chotchy.tcho.choty.chor.qotol.daiin.dal,qotol keeees chotchy tcho choty chor qotol daiin dal
RF1b-er,f21v,"f21v.4,+P0",sho.chodaiin.choty.chol.daiin.daiin.chty<->chtol,sho chodaiin choty chol daiin daiin chtychtol
RF1b-er,f21v,"f21v.5,+P0",osho.deey.ctho.l.shocthy.daiin.dait.oky,osho deey ctho l shocthy daiin dait oky
RF1b-er,f21v,"f21v.6,+P0",sho.tsho.chotshol.chol.todaiin.daiin,sho tsho chotshol chol todaiin daiin
RF1b-er,f21v,"f21v.7,+P0",ykcho.lchol.cholchaiin.otchy.s.sheaiin,ykcho lchol cholchaiin otchy s sheaiin
RF1b-er,f21v,"f21v.8,+P0",cho.l.kchochaiin,cho l kchochaiin
RF1b-er,f22r,"f22r.1,@P0",pol.olshy.fcholy.shol.dpchy.oty.okoly.daiin.opchys.ocphy,pol olshy fcholy shol dpchy oty okoly daiin opchys ocphy
RF1b-er,f22r,"f22r.2,+P0","ol.oiin.shol.o.kor.qokchol.daiin.otaiin.cthor.dain.ckhy,dom",ol oiin shol o kor qokchol daiin otaiin cthor dain ckhy dom
RF1b-er,f22r,"f22r.3,+P0",qokol.dykaiin.o.kchy.daiin.cthol.ctholo.dar.shain,qokol dykaiin o kchy daiin cthol ctholo dar shain
RF1b-er,f22r,"f22r.4,+P0",pchaiin.ofchy.daiin.cfhy.doroiin.ypchol.sy<->schor.daiin,pchaiin ofchy daiin cfhy doroiin ypchol syschor daiin
RF1b-er,f22r,"f22r.5,+P0",ol.daiin.qokchy.dar.daiin.chor.oldor.oky<->ycholdchy,ol daiin qokchy dar daiin chor oldor okyycholdchy
RF1b-er,f22r,"f22r.6,+P0",y.chokshchy.ctheeb,y chokshchy ctheeb
RF1b-er,f22r,"f22r.7,+P0",kchol.shol.dsheor.sko.chdoly.ytaiin.ol<->otchy.cphal,kchol shol dsheor sko chdoly ytaiin olotchy cphal
RF1b-er,f22r,"f22r.8,+P0",dchor.oty.daiin.ctholy.qoky.chotaiin.chocthy<->doliin.dchor,dchor oty daiin ctholy qoky chotaiin chocthydoliin dchor
RF1b-er,f22r,"f22r.9,+P0",odaiin.dain.cthy.ctheor.oraiina,odaiin dain cthy ctheor oraiina
RF1b-er,f22r,"f22r.10,+P0",kchol.chor.daiin.cthoiin.dchor.chey.qokol.dy<->opchol.oldam,kchol chor daiin cthoiin dchor chey qokol dyopchol oldam
RF1b-er,f22r,"f22r.11,+P0","doiir.yckhody.qokchy.oky.otoldy.yty.dol.or<->dch,chy.daiin",doiir yckhody qokchy oky otoldy yty dol ordch chy daiin
RF1b-er,f22r,"f22r.12,+P0",odchaiin.cthy.okchy.kchy.dchol.daiin<->ydaiin,odchaiin cthy okchy kchy dchol daiinydaiin
RF1b-er,f22r,"f22r.13,+P0",dchor.dydain.qockhy.ykolokain,dchor dydain qockhy ykolokain
RF1b-er,f22v,"f22v.1,@P0",pysaiinor.ofchar.oky.tchy.otdy<->sor.shy.qod,pysaiinor ofchar oky tchy otdysor shy qod
RF1b-er,f22v,"f22v.2,+P0",daiin.ykaiin.qotchy.kchy.otchyd<->dshor.ychy,daiin ykaiin qotchy kchy otchyddshor ychy
RF1b-er,f22v,"f22v.3,+P0",qoky.kchorl.otchy.cthy.otchyky<->ytchol.otam,qoky kchorl otchy cthy otchykyytchol otam
RF1b-er,f22v,"f22v.4,+P0",otchaiin.shoty.qoky<->saiin<->odaiin.ytaiin,otchaiin shoty qokysaiinodaiin ytaiin
RF1b-er,f22v,"f22v.5,+P0",dor.y.kcheor.daiin,dor y kcheor daiin
RF1b-er,f22v,"f22v.6,+P0",fshor.shytchor.otaiin,fshor shytchor otaiin
RF1b-er,f22v,"f22v.7,+P0",ychor.chor.qokchol.chory,ychor chor qokchol chory
RF1b-er,f22v,"f22v.8,+P0",qotchy.cthy.qokol.daiin.dam,qotchy cthy qokol daiin dam
RF1b-er,f22v,"f22v.9,+P0",okshor.shody.chol.tchol.otaiin.daiin,okshor shody chol tchol otaiin daiin
RF1b-er,f22v,"f22v.10,+P0","qokchy.daiin.s<->or,ytal",qokchy daiin sor ytal
RF1b-er,f22v,"f22v.11,+P0","sokaiin.oty,dy",sokaiin oty dy
RF1b-er,f22v,"f22v.12,+P0",ychky.daiin.cthy,ychky daiin cthy
RF1b-er,f22v,"f22v.13,+P0",okchain.chkoldy.shotoly,okchain chkoldy shotoly
RF1b-er,f22v,"f22v.14,+P0",qotchy.olshly.shol.daiin,qotchy olshly shol daiin
RF1b-er,f22v,"f22v.15,+P0",sho.cthy.chocthy.qokchy.dory,sho cthy chocthy qokchy dory
RF1b-er,f22v,"f22v.16,+Pc",saiinchy.daldalol,saiinchy daldalol
RF1b-er,f23r,"f23r.1,@P0",pydchdom.chy.fcholdy.oty.otcholshy.opyaiin.yyfchy.daiin.ololdy.dal,pydchdom chy fcholdy oty otcholshy opyaiin yyfchy daiin ololdy dal
RF1b-er,f23r,"f23r.2,+P0",to.ar.chor.daiin.chkdain.otchy.lolchor.daiin.dam.okchol.daing,to ar chor daiin chkdain otchy lolchor daiin dam okchol daing
RF1b-er,f23r,"f23r.3,+P0",dchor.ykor.ykaiin.daiin.ctho.g,dchor ykor ykaiin daiin ctho g
RF1b-er,f23r,"f23r.4,+P0",qokoldy.okaiir.ykaiilg.qokeey.ofchol.dain.yfchor.olfchor.otchald,qokoldy okaiir ykaiilg qokeey ofchol dain yfchor olfchor otchald
RF1b-er,f23r,"f23r.5,+P0",ychor.qokchol.ytam.chol.dair.chol.ar.ol.ol.dol.dain,ychor qokchol ytam chol dair chol ar ol ol dol dain
RF1b-er,f23r,"f23r.6,+P0",tshol.ykor.qokaiin.yky.dar.okol.dchey.daiidal.dam.ytcho.ldals,tshol ykor qokaiin yky dar okol dchey daiidal dam ytcho ldals
RF1b-er,f23r,"f23r.7,+P0",okar.olchar.shaiin.qokchol.dar.qokchol.dairo.r.ol.daiin.alg,okar olchar shaiin qokchol dar qokchol dairo r ol daiin alg
RF1b-er,f23r,"f23r.8,+P0",qokshy.char.daiir.qokaiin.olol.qoaiin.ykchy.s<->dal.okchy,qokshy char daiir qokaiin olol qoaiin ykchy sdal okchy
RF1b-er,f23r,"f23r.9,+P0","okol.okshy.qokoldy<->dal.d,she.qokeees.y.oly<->daiin.dal",okol okshy qokoldydal d she qokeees y olydaiin dal
RF1b-er,f23r,"f23r.10,+P0",qok.okaiin.chkchy.s<->yteain.odal.chaldy<->dar.ykain,qok okaiin chkchy syteain odal chaldydar ykain
RF1b-er,f23r,"f23r.11,+P0",ykyko.dalory,ykyko dalory
RF1b-er,f23v,"f23v.1,@P0",podairol.odaiiily.shoaldy.opchol.otol.ol.chcphy.qotchar.s,podairol odaiiily shoaldy opchol otol ol chcphy qotchar s
RF1b-er,f23v,"f23v.2,+P0",qotcotor.chy.okchaldy.qokchey.dol<->otchol.chal.otchg,qotcotor chy okchaldy qokchey dolotchol chal otchg
RF1b-er,f23v,"f23v.3,+P0",ycho.okaiin.okeol.eees.ol.daiin.okeear<->daiin.qotcholg,ycho okaiin okeol eees ol daiin okeeardaiin qotcholg
RF1b-er,f23v,"f23v.4,+P0",okchey.dair.shalol.oldal<->otchor.dar,okchey dair shalol oldalotchor dar
RF1b-er,f23v,"f23v.5,+P0",dor.chear.shor.dol.oaldary,dor chear shor dol oaldary
RF1b-er,f23v,"f23v.6,+P0",tshol.shor.shkshy.okol.daiin<->otshor.olsar,tshol shor shkshy okol daiinotshor olsar
RF1b-er,f23v,"f23v.7,+P0",otor.oiin.sho.shol.qokol.daiin<->sol.daiin.ylg,otor oiin sho shol qokol daiinsol daiin ylg
RF1b-er,f23v,"f23v.8,+P0","qokaiin.dain.qokor.okal.g.dam<->chor.olol,dam",qokaiin dain qokor okal g damchor olol dam
RF1b-er,f23v,"f23v.9,+P0",otshy.dal.dar.oldar.ar.or<->qoto.l.chees.g,otshy dal dar oldar ar orqoto l chees g
RF1b-er,f23v,"f23v.10,+P0",dor.chy.kshol.chol.cthol<->otol.oloiir,dor chy kshol chol ctholotol oloiir
RF1b-er,f23v,"f23v.11,+P0",yokaiin.doroiin.olols.oiin<->ol.cheeb.ols,yokaiin doroiin olols oiinol cheeb ols
RF1b-er,f23v,"f23v.12,+P0",ol.aiior.oloro.eeeoly,ol aiior oloro eeeoly
RF1b-er,f24r,"f24r.1,@P0",porory.chor.opchar.she.cheol.daiin.or,porory chor opchar she cheol daiin or
RF1b-er,f24r,"f24r.2,+P0",qotaiin.char.odaiin.okaickhal.oky,qotaiin char odaiin okaickhal oky
RF1b-er,f24r,"f24r.3,+P0",ycthar.cthal.okol.qotar.ckhy,ycthar cthal okol qotar ckhy
RF1b-er,f24r,"f24r.4,+P0",or.chckhaly.cthar.eeor.chees.da,or chckhaly cthar eeor chees da
RF1b-er,f24r,"f24r.5,+P0",qodar.cho.r.chey.cthy.ctee.keom,qodar cho r chey cthy ctee keom
RF1b-er,f24r,"f24r.6,+P0",oeeeos.cthor.otal.qocthol.qoky,oeeeos cthor otal qocthol qoky
RF1b-er,f24r,"f24r.7,+P0",qekar.chtar.s.cheor.cthol.qodol,qekar chtar s cheor cthol qodol
RF1b-er,f24r,"f24r.8,+P0",ychor.s.om.qoear.daiin.qokeol,ychor s om qoear daiin qokeol
RF1b-er,f24r,"f24r.9,+P0",odaiin.ckham.qodaickhy.dol.dal,odaiin ckham qodaickhy dol dal
RF1b-er,f24r,"f24r.10,+P0",qear.cfhar.chor.s.am.chotaiin.dy,qear cfhar chor s am chotaiin dy
RF1b-er,f24r,"f24r.11,+P0",sar.cheoeees.okeem.chear.qokain,sar cheoeees okeem chear qokain
RF1b-er,f24r,"f24r.12,+P0",qokchy.qotchy.tol.tod.ckho,qokchy qotchy tol tod ckho
RF1b-er,f24r,"f24r.13,+P0",oees.ol.s.chey.chcth.s.ar,oees ol s chey chcth s ar
RF1b-er,f24r,"f24r.14,+P0",qor.cheey.qod.char.cthal,qor cheey qod char cthal
RF1b-er,f24r,"f24r.15,+P0",ockhoees.oeees.ol.dal.s,ockhoees oeees ol dal s
RF1b-er,f24r,"f24r.16,+P0",sham.okeal.dal.dam.dal,sham okeal dal dam dal
RF1b-er,f24r,"f24r.17,+P0",sshey.otam.sham.cthom.oky,sshey otam sham cthom oky
RF1b-er,f24r,"f24r.18,+P0",ycheol.chol.daiin.chol.s,ycheol chol daiin chol s
RF1b-er,f24r,"f24r.19,+P0",yol.kol.chol.shom.otacphy,yol kol chol shom otacphy
RF1b-er,f24r,"f24r.20,+Pc",sam.chorly,sam chorly
RF1b-er,f24v,"f24v.1,@P0",tchodar.chocfhhy.opom.shod.chcphy.opshody.ocphoraiin.okokam,tchodar chocfhhy opom shod chcphy opshody ocphoraiin okokam
RF1b-er,f24v,"f24v.2,+P0","ydals.ckhor.shy.cho.d,chor.otol.otaiir<->otchos.okchom.okcho",ydals ckhor shy cho d chor otol otaiirotchos okchom okcho
RF1b-er,f24v,"f24v.3,+P0",octhol.odchees.oesearees.okam.chcth,octhol odchees oesearees okam chcth
RF1b-er,f24v,"f24v.4,+P0",ydal.sh.okol.okaiin.odaiin.dlos,ydal sh okol okaiin odaiin dlos
RF1b-er,f24v,"f24v.5,+P0",oear.oraiin.tchar.oro,oear oraiin tchar oro
RF1b-er,f24v,"f24v.6,+P0",tochol.chor.cfarsar,tochol chor cfarsar
RF1b-er,f24v,"f24v.7,+P0",ycheol.daid.dar.olom,ycheol daid dar olom
RF1b-er,f24v,"f24v.8,+P0",kochky.chcthy.shol.sain,kochky chcthy shol sain
RF1b-er,f24v,"f24v.9,+P0","ychol.chol.or.chor,om",ychol chol or chor om
RF1b-er,f24v,"f24v.10,+P0",okoeor.ckheod.choy.keol,okoeor ckheod choy keol
RF1b-er,f24v,"f24v.11,+P0",ydaiin.chear.qodom.okodaiin,ydaiin chear qodom okodaiin
RF1b-er,f24v,"f24v.12,+P0",ksho.foar.cto.sho.qokch.ok.okchal,ksho foar cto sho qokch ok okchal
RF1b-er,f24v,"f24v.13,+P0",oeeey.cheol.chol.odor.sho.do.otolodal,oeeey cheol chol odor sho do otolodal
RF1b-er,f24v,"f24v.14,+P0",doiir.cheeodam.sho.sho.dy,doiir cheeodam sho sho dy
RF1b-er,f24v,"f24v.15,+P0",dchey.kchod.dchal.ochdy,dchey kchod dchal ochdy
RF1b-er,f24v,"f24v.16,+P0",otchol.odaiim,otchol odaiim
RF1b-er,f25r,"f25r.1,@P0",fcholdy.soshy.daiin.cky.shody.daiin.ocholdy.cpholdy.sy,fcholdy soshy daiin cky shody daiin ocholdy cpholdy sy
RF1b-er,f25r,"f25r.2,+P0","otor.chor.chsky.chotchy.shair.qod.sho,chy.kchy.chkain",otor chor chsky chotchy shair qod sho chy kchy chkain
RF1b-er,f25r,"f25r.3,+P0",qotchy.qotshy.cheesees.sheear.s.chain.daiin.chain.dein,qotchy qotshy cheesees sheear s chain daiin chain dein
RF1b-er,f25r,"f25r.4,+P0",dchckhy.shocthy.ytchey.cthor.s.chan.chaiin.qotchain,dchckhy shocthy ytchey cthor s chan chaiin qotchain
RF1b-er,f25r,"f25r.5,+P0",qotcheaiin.dchain.cthain.daiin.daiin.cthain.qotaiin,qotcheaiin dchain cthain daiin daiin cthain qotaiin
RF1b-er,f25r,"f25r.6,+P0",okal.chotaiin,okal chotaiin
RF1b-er,f25r,"f25r.7,=Pt","dair.ot,aiir.otosy",dair ot aiir otosy
RF1b-er,f25v,"f25v.1,@P0",poeeaiin.qo.ky.shy.daiin.qopchey.otchey.qofchor.sos,poeeaiin qo ky shy daiin qopchey otchey qofchor sos
RF1b-er,f25v,"f25v.2,+P0",dchor.cthor.chor.daiin.s.okeeaiin.daiin.ckhey.daiin,dchor cthor chor daiin s okeeaiin daiin ckhey daiin
RF1b-er,f25v,"f25v.3,+P0",orcho.kchor.chol.daiin.shcfhordaiin.dshey.daiity,orcho kchor chol daiin shcfhordaiin dshey daiity
RF1b-er,f25v,"f25v.4,+P0",qokoiin.qokcho.shol.daiin.ckhear.ckhol.daiin.chkear,qokoiin qokcho shol daiin ckhear ckhol daiin chkear
RF1b-er,f25v,"f25v.5,+P0","dar.chokeey.dshor.dshey.qochol.dol.cho.d,aiin.daiin",dar chokeey dshor dshey qochol dol cho d aiin daiin
RF1b-er,f25v,"f25v.6,+P0",qokcho.r.ochy.qotchy.qokoral<->cho.?.chain.deeaiir.s,qokcho r ochy qotchy qokoralcho chain deeaiir s
RF1b-er,f25v,"f25v.7,+P0",oso.chkey.daiiol.daiin.shckh<->orchaiin,oso chkey daiiol daiin shckhorchaiin
RF1b-er,f26r,"f26r.1,@P0",psheoky.odaiir.qoy<->ofshod.chypchey.ypchedy.ain<->chofochcphdy,psheoky odaiir qoyofshod chypchey ypchedy ainchofochcphdy
RF1b-er,f26r,"f26r.2,+P0",dchey.daiin.adeeody<->ykecthhy.chedy.ytedy.dy<->checthedy.lr,dchey daiin adeeodyykecthhy chedy ytedy dychecthedy lr
RF1b-er,f26r,"f26r.3,+P0",oaiin.shcthy.cthedy.oloy<->ykeedy.olchedy.dal<->y.sheey.saiin.s,oaiin shcthy cthedy oloyykeedy olchedy daly sheey saiin s
RF1b-er,f26r,"f26r.4,+P0",qokedy.cheos.ytedy.qokedy<->ytedy.chekedy<->daiin.odam.s.aldy,qokedy cheos ytedy qokedyytedy chekedydaiin odam s aldy
RF1b-er,f26r,"f26r.5,+P0",saiin.shedy.chdy.chdy.schy<->daiin.cthedy<->qokeedy.qokedy.cthhy,saiin shedy chdy chdy schydaiin cthedyqokeedy qokedy cthhy
RF1b-er,f26r,"f26r.6,+P0",rchedy.qokedy,rchedy qokedy
RF1b-er,f26r,"f26r.7,+P0",pcho.qokedy.dar.sheo.ypchseds.s<->aiin<->shapchedyfchy.dalchedy.sar,pcho qokedy dar sheo ypchseds saiinshapchedyfchy dalchedy sar
RF1b-er,f26r,"f26r.8,+P0",daiin.shedy.qokeedy.qoteedar.s<->ok<->ol<->ytedy.qokeedy.qokedy,daiin shedy qokeedy qoteedar sokolytedy qokeedy qokedy
RF1b-er,f26r,"f26r.9,+P0",tcheoshy.dchdy.okedy.chckhy.s<->dy<->dy<->ykeechy.okeedy.cheky,tcheoshy dchdy okedy chckhy sdydyykeechy okeedy cheky
RF1b-er,f26r,"f26r.10,+P0",shese.aiin.sheos.cheody<->otal,shese aiin sheos cheodyotal
RF1b-er,f26v,"f26v.1,@P0",pchedar.qodary.daiiin.fcheety.sair.shedy.ypchedy.ypchdy.qopy.shdy,pchedar qodary daiiin fcheety sair shedy ypchedy ypchdy qopy shdy
RF1b-er,f26v,"f26v.2,+P0",saraiir.chekedy.qokedy.otedy.sar.y.etedy.qokedy.or.ashe.alys.chedy,saraiir chekedy qokedy otedy sar y etedy qokedy or ashe alys chedy
RF1b-er,f26v,"f26v.3,+P0",pchdar.opar.dar.cheeol.ofchdy.otedy.ckhdy.odar.chedy.ytedy.okchdy.g,pchdar opar dar cheeol ofchdy otedy ckhdy odar chedy ytedy okchdy g
RF1b-er,f26v,"f26v.4,+P0",yckeeody.qokedy.deey.saldy.okedor.or.cheos.oraiin.okeo.chekaiin,yckeeody qokedy deey saldy okedor or cheos oraiin okeo chekaiin
RF1b-er,f26v,"f26v.5,+P0",deeol.cheody.qoteedy.qokody.qotedy.qotedy.opchedy.ofchy.chs.ar,deeol cheody qoteedy qokody qotedy qotedy opchedy ofchy chs ar
RF1b-er,f26v,"f26v.6,+P0",toeedy.keody.shedy.dar.chedy.sches.or.cheeky.dar.chey.cheky.yteedy,toeedy keody shedy dar chedy sches or cheeky dar chey cheky yteedy
RF1b-er,f26v,"f26v.7,+P0",pchedy.dar.cheoet.chy.sair.chees.odaiiin.chkeeey.ykey.sheey,pchedy dar cheoet chy sair chees odaiiin chkeeey ykey sheey
RF1b-er,f26v,"f26v.8,+P0",tchedy.okeeos.cheeos.ysaiin.okcheey.keody.s.aiin.cheeos.qokes.ory,tchedy okeeos cheeos ysaiin okcheey keody s aiin cheeos qokes ory
RF1b-er,f26v,"f26v.9,+P0",ysheey.okeshy.shody.peshy.todydy,ysheey okeshy shody peshy todydy
RF1b-er,f27r,"f27r.1,@P0",ksor.shey.shoteo.chforaiin.shy<->shod.chary,ksor shey shoteo chforaiin shyshod chary
RF1b-er,f27r,"f27r.2,+P0",dy.coain.shol.dain.dar.shokyd<->dchol.cthey.ds,dy coain shol dain dar shokyddchol cthey ds
RF1b-er,f27r,"f27r.3,+P0",chol.shy.keol.chol.chy.shol.chy<->daiin.chey.dam,chol shy keol chol chy shol chydaiin chey dam
RF1b-er,f27r,"f27r.4,+P0",qokey.chor.char.chy.dchy.keey<->chos.cthody,qokey chor char chy dchy keeychos cthody
RF1b-er,f27r,"f27r.5,+P0",dor.chees.ctho.shy.cphar.y<->daiin.dair,dor chees ctho shy cphar ydaiin dair
RF1b-er,f27r,"f27r.6,+P0",chy.tchols.chor.cholchaiin<->shy.kchaldy,chy tchols chor cholchaiinshy kchaldy
RF1b-er,f27r,"f27r.7,+P0",kchey.chey.kcheol.pchy.schey.ly<->chals.cham,kchey chey kcheol pchy schey lychals cham
RF1b-er,f27r,"f27r.8,+P0","ytchy.chy.tchol.dy,t.chey.dain<->chol.dal",ytchy chy tchol dy t chey dainchol dal
RF1b-er,f27r,"f27r.9,+P0",dchey.keeod.shotchey.chol.oty<->chotolg,dchey keeod shotchey chol otychotolg
RF1b-er,f27r,"f27r.10,+P0",qotchey.shes.s.y.chy.tchey.dy,qotchey shes s y chy tchey dy
RF1b-er,f27r,"f27r.11,+P0",chol.daiiin.chees.chos.ctey.dan,chol daiiin chees chos ctey dan
RF1b-er,f27r,"f27r.12,+P0",dain.cheokeey.chey.cthey.otal,dain cheokeey chey cthey otal
RF1b-er,f27r,"f27r.13,+Pc",otchodeey,otchodeey
RF1b-er,f27v,"f27v.1,@P0","fochof.chof.cho,sho.soly.shol.ytchar.opchory.kchorchor",fochof chof cho sho soly shol ytchar opchory kchorchor
RF1b-er,f27v,"f27v.2,+P0",dchy.chkar.otchy.shy.shy.jchy.dshy.kchy.cheo.daidy.dchy,dchy chkar otchy shy shy jchy dshy kchy cheo daidy dchy
RF1b-er,f27v,"f27v.3,+P0",kchey.kchy.jchokchy.dsho.dcar.chodchy.etcheody.shld,kchey kchy jchokchy dsho dcar chodchy etcheody shld
RF1b-er,f27v,"f27v.4,+P0",okcho.chy.kcheed.chl.chol.kod<->o.oksho.docheesm,okcho chy kcheed chl chol kodo oksho docheesm
RF1b-er,f27v,"f27v.5,+P0",qoky.shkeeo.rchodar.shkol<->chotchy.cthodol,qoky shkeeo rchodar shkolchotchy cthodol
RF1b-er,f27v,"f27v.6,+P0",dsho.kchsss.okeedy<->dchschy<->sotchdy,dsho kchsss okeedydchschysotchdy
RF1b-er,f27v,"f27v.7,+P0",sho.shoykcho.shdy<->dchd<->chschsy<->otchdy,sho shoykcho shdydchdchschsyotchdy
RF1b-er,f27v,"f27v.8,+P0",okshes.akchokshy,okshes akchokshy
RF1b-er,f28r,"f28r.1,@P0","pchodar.shod.chocphy.opchol.daiin<->otchol.chy,qoldy",pchodar shod chocphy opchol daiinotchol chy qoldy
RF1b-er,f28r,"f28r.2,+P0",otchor.otchor.cthol.cty.ctheol.dy<->dchar.chakod.dly,otchor otchor cthol cty ctheol dydchar chakod dly
RF1b-er,f28r,"f28r.3,+P0",qotchaiin.shor.cthol.cthol.shor<->chotchy.tchodar,qotchaiin shor cthol cthol shorchotchy tchodar
RF1b-er,f28r,"f28r.4,+P0",choty.chtol.otol.chotchy.cthol<->otol.choky.qoty,choty chtol otol chotchy ctholotol choky qoty
RF1b-er,f28r,"f28r.5,+P0","oksho.otor,chy.kchoror.chodaiin<->sho.cthody.okoy",oksho otor chy kchoror chodaiinsho cthody okoy
RF1b-er,f28r,"f28r.6,+P0",qokchol.qodaiin.otcholchy.daiin<->cho.qokol.akam,qokchol qodaiin otcholchy daiincho qokol akam
RF1b-er,f28r,"f28r.7,+P0",sho.otor.shockhy.shocthy.otoldy<->dshor.dol.dar,sho otor shockhy shocthy otoldydshor dol dar
RF1b-er,f28r,"f28r.8,+P0",oschotshl.daiin.okchey.kol.daiin<->shol.dsho.otaiin,oschotshl daiin okchey kol daiinshol dsho otaiin
RF1b-er,f28r,"f28r.9,+P0",ytchol.deey.yteol.deaiin,ytchol deey yteol deaiin
RF1b-er,f28v,"f28v.1,@P0","kshol.qooiiin.shor.pshaiiin.shepchy.qoty,dy.shory",kshol qooiiin shor pshaiiin shepchy qoty dy shory
RF1b-er,f28v,"f28v.2,+P0",ykcholy.qoty.chydy.qokchol.chor.tchy.qokchody.cheor.o,ykcholy qoty chydy qokchol chor tchy qokchody cheor o
RF1b-er,f28v,"f28v.3,+P0",chor.chol.chy.choiin,chor chol chy choiin
RF1b-er,f28v,"f28v.4,+P0",tshoiin.cheor.chor.o.chty.qotol.sheol.shor.daiin.qoty,tshoiin cheor chor o chty qotol sheol shor daiin qoty
RF1b-er,f28v,"f28v.5,+P0",otol.chol.daiin.chkaiin.shoiin.qotchey.qotshey.daiiin,otol chol daiin chkaiin shoiin qotchey qotshey daiiin
RF1b-er,f28v,"f28v.6,+Pr",daiin.chkaiin,daiin chkaiin
RF1b-er,f28v,"f28v.7,*P0",pchol.oiir.chol.tsho.daiin.sho<->tco<->chy.chtshy.dair.am,pchol oiir chol tsho daiin shotcochy chtshy dair am
RF1b-er,f28v,"f28v.8,+P0",okain.chan.chain.cthor.dain<->yk<->chy<->daiin.cthol,okain chan chain cthor dainykchydaiin cthol
RF1b-er,f28v,"f28v.9,+P0",sor.chear.chl.s.choly.dar,sor chear chl s choly dar
RF1b-er,f29r,"f29r.1,@P0",posaiin.she.aiin.chepoty.chy.qotchy.qoty.cheecthy,posaiin she aiin chepoty chy qotchy qoty cheecthy
RF1b-er,f29r,"f29r.2,+P0",dshe.ykchy.choty.oky.cho.l.chchoty.choky.chy.ty.dy,dshe ykchy choty oky cho l chchoty choky chy ty dy
RF1b-er,f29r,"f29r.3,+P0",qokchy.qoty.kchaiin.shear.cthor<->dchor.choly,qokchy qoty kchaiin shear cthordchor choly
RF1b-er,f29r,"f29r.4,+P0",chocthy.qoos.chos,chocthy qoos chos
RF1b-er,f29r,"f29r.5,+P0",kcheol.cheor.sheos.sheey.teey.dae<->shos.octy,kcheol cheor sheos sheey teey daeshos octy
RF1b-er,f29r,"f29r.6,+P0",chokshy.shocthy.shor.shor.daiin<->qokaiiin,chokshy shocthy shor shor daiinqokaiiin
RF1b-er,f29r,"f29r.7,+P0",qokchy.chol.shokchy.qokaiin.choeky<->choty.kaiin,qokchy chol shokchy qokaiin choekychoty kaiin
RF1b-er,f29r,"f29r.8,+P0",shor.chor.shosheky.shy.qoty.kody<->daiin.cthy,shor chor shosheky shy qoty kodydaiin cthy
RF1b-er,f29r,"f29r.9,+P0",qokshe.qor.chey.kor.chead.ychom,qokshe qor chey kor chead ychom
RF1b-er,f29v,"f29v.1,@P0",kooiin.shor.chetchy.ol.als.shytchy.cthyshy<->cho.shy.daiin,kooiin shor chetchy ol als shytchy cthyshycho shy daiin
RF1b-er,f29v,"f29v.2,+P0",qotcheaiin.s.chol.chol.cthy.chey.cthold<->ytchor.dary,qotcheaiin s chol chol cthy chey ctholdytchor dary
RF1b-er,f29v,"f29v.3,+P0",chol.chol.kor.shey.odaiin.qotchy.taiin<->s.she.otey.sy,chol chol kor shey odaiin qotchy taiins she otey sy
RF1b-er,f29v,"f29v.4,+P0",ysho.otshy.okaiin.cthy.oltchy.ctos<->shot.sho.okaiin,ysho otshy okaiin cthy oltchy ctosshot sho okaiin
RF1b-er,f29v,"f29v.5,+P0",tochon.chain.shan.shoty<->chshy<->shy,tochon chain shan shotychshyshy
RF1b-er,f29v,"f29v.6,+P0",dchor.chol.chaiin.shaiin.cthod<->dar<->chs<->shody,dchor chol chaiin shaiin cthoddarchsshody
RF1b-er,f29v,"f29v.7,+P0",qotcho.kchor.daiin.ykaiin.dy<->shdy<->chocthy.sheky,qotcho kchor daiin ykaiin dyshdychocthy sheky
RF1b-er,f29v,"f29v.8,+P0",otol.shotchor.cholody.dain<->chcth<->chy.cthody.dol,otol shotchor cholody dainchcthchy cthody dol
RF1b-er,f29v,"f29v.9,+P0",sho.chokor.chor.chy.ydaiin.cho<->ykeeb<->oaiin,sho chokor chor chy ydaiin choykeeboaiin
RF1b-er,f29v,"f29v.10,+P0",qokoiin.okaiin.cho<->cth<->chyd<->chykar,qokoiin okaiin chocthchydchykar
RF1b-er,f29v,"f29v.11,+P0",daiin.chteor.octhy<->dar<->eeyt<->otody,daiin chteor octhydareeytotody
RF1b-er,f29v,"f29v.12,+P0",qekeochor.otchey.sy,qekeochor otchey sy
RF1b-er,f30r,"f30r.1,@P0","okeeesy.chey.shorchey.fcheody.shey.tchy.cher.d,o.shey",okeeesy chey shorchey fcheody shey tchy cher d o shey
RF1b-er,f30r,"f30r.2,+P0",ychody.chey.chkeey.ksho.teeor.cheor.shey.she.keeadol.sy,ychody chey chkeey ksho teeor cheor shey she keeadol sy
RF1b-er,f30r,"f30r.3,+P0",chodaiin.cho.ry.chey.doiin.sain.chorain.cheeykeem,chodaiin cho ry chey doiin sain chorain cheeykeem
RF1b-er,f30r,"f30r.4,+P0","qokechy.qoko.qop.char.roin.ch,an.qotchaiin",qokechy qoko qop char roin ch an qotchaiin
RF1b-er,f30r,"f30r.5,+P0",choko.qokochy.deeey.dkeeor.cheoldain.chory,choko qokochy deeey dkeeor cheoldain chory
RF1b-er,f30r,"f30r.6,+P0",dchorol.sho.chor.cho.ro.raiin.dor.chseeor.dy,dchorol sho chor cho ro raiin dor chseeor dy
RF1b-er,f30r,"f30r.7,+P0",qor.chain.cthorchy,qor chain cthorchy
RF1b-er,f30r,"f30r.8,+P0",opchol.ol.chesey.scheorchey.okeal<->dcheo.rchey,opchol ol chesey scheorchey okealdcheo rchey
RF1b-er,f30r,"f30r.9,+P0",dchey.qochar.chol.keeaiin.chcthey<->chor.cheky,dchey qochar chol keeaiin chctheychor cheky
RF1b-er,f30r,"f30r.10,+P0",chokchaiin.dchor.chkchean.qotchy<->chctho.rchody,chokchaiin dchor chkchean qotchychctho rchody
RF1b-er,f30r,"f30r.11,+P0",qotchor.cheor.chey.cheor.chey.soeeb<->ydey<->sor.daiin,qotchor cheor chey cheor chey soeebydeysor daiin
RF1b-er,f30r,"f30r.12,+P0",dcheey.ckhey.ckhey.daiin.chkeaiin.dar<->chor<->ychdain,dcheey ckhey ckhey daiin chkeaiin darchorychdain
RF1b-er,f30r,"f30r.13,+P0",chodaiin.chtchey.chear.shykeey,chodaiin chtchey chear shykeey
RF1b-er,f30v,"f30v.1,@P0",cphscfhain.shosaiin.chocthey.sho.chepchy.shor.sheaiin,cphscfhain shosaiin chocthey sho chepchy shor sheaiin
RF1b-er,f30v,"f30v.2,+P0",qotchor.chy.she.kchor.chory.keor.ol.chy.daiin.ctholdy,qotchor chy she kchor chory keor ol chy daiin ctholdy
RF1b-er,f30v,"f30v.3,+P0",chotchol.daiin.cthol.doiin.daiin.chokeor.dal.chtocthy,chotchol daiin cthol doiin daiin chokeor dal chtocthy
RF1b-er,f30v,"f30v.4,+P0",otchey.daiin.chor.checkhy.qotchod.daiin,otchey daiin chor checkhy qotchod daiin
RF1b-er,f30v,"f30v.5,+P0",dain.choty.chkol.ytor.cheoldy,dain choty chkol ytor cheoldy
RF1b-er,f30v,"f30v.6,+P0",qokeeor.chokol.chokeody.dairy,qokeeor chokol chokeody dairy
RF1b-er,f30v,"f30v.7,+P0",chokchy.sho.kcho.tcho.ctho.sos,chokchy sho kcho tcho ctho sos
RF1b-er,f30v,"f30v.8,+P0",oyshy.cheotol.cphoaiin.cphey,oyshy cheotol cphoaiin cphey
RF1b-er,f30v,"f30v.9,+P0",qotchor.chor.sheey.cheolsos,qotchor chor sheey cheolsos
RF1b-er,f30v,"f30v.10,+P0",sho.sheoldy.otcheor.daiin,sho sheoldy otcheor daiin
RF1b-er,f30v,"f30v.11,+P0",sol.chokcheey.daiin.kchady,sol chokcheey daiin kchady
RF1b-er,f31r,"f31r.1,@P0",keedey.qofchedy.shees.aiin.qokeefoy.chefakeo,keedey qofchedy shees aiin qokeefoy chefakeo
RF1b-er,f31r,"f31r.2,+P0",dcheey.daiin.akeedy.qokees.s.aiin.shekeey.qef,dcheey daiin akeedy qokees s aiin shekeey qef
RF1b-er,f31r,"f31r.3,+P0",qokeey.chey.daiin.qokeey.rair.chekey.s.aiin.dey,qokeey chey daiin qokeey rair chekey s aiin dey
RF1b-er,f31r,"f31r.4,+P0",qotar.chy.dar.lo.r.ar.cheey.keeol.chedy.qokey,qotar chy dar lo r ar cheey keeol chedy qokey
RF1b-er,f31r,"f31r.5,+P0",daiin.sheeody.qokeor,daiin sheeody qokeor
RF1b-er,f31r,"f31r.6,+P0",tshokeody.qokedy.qotedy.chepar.chedar.aiin.dal,tshokeody qokedy qotedy chepar chedar aiin dal
RF1b-er,f31r,"f31r.7,+P0","ykeedar.s,aiin.checkhey.sheol.qokedy.ykeedy.chedy.ldy",ykeedar s aiin checkhey sheol qokedy ykeedy chedy ldy
RF1b-er,f31r,"f31r.8,+P0",shedy.qokedy.cheol.cheod.qokeody.cheol.checthy,shedy qokedy cheol cheod qokeody cheol checthy
RF1b-er,f31r,"f31r.9,+P0",daiir.sheeo.shcthey.okeol,daiir sheeo shcthey okeol
RF1b-er,f31r,"f31r.10,+P0",tol.shso.okedy.okedy.qokedy.qokeedy.dar.shedshey,tol shso okedy okedy qokedy qokeedy dar shedshey
RF1b-er,f31r,"f31r.11,+P0",olsheol.qokchy.dal.chey.deey.kchy.keey.okaiiin.ykeey,olsheol qokchy dal chey deey kchy keey okaiiin ykeey
RF1b-er,f31r,"f31r.12,+P0",qoaiin.yches.okedy.sheey.chedaiin.dar,qoaiin yches okedy sheey chedaiin dar
RF1b-er,f31r,"f31r.13,+P0",olsheor.qoekedy.okedy.ykedy.dals,olsheor qoekedy okedy ykedy dals
RF1b-er,f31r,"f31r.14,+P0",saiis.or.chedy.daiin.okeedy,saiis or chedy daiin okeedy
RF1b-er,f31r,"f31r.15,+P0",yshedair.sheolcheky.okedam,yshedair sheolcheky okedam
RF1b-er,f31r,"f31r.16,+Pc",oteor.aiicthy,oteor aiicthy
RF1b-er,f31v,"f31v.1,@P0",podair.sheedy.otedy.oteedy.qotolcheo.s.ar.ar.oteey.dkchrar.als,podair sheedy otedy oteedy qotolcheo s ar ar oteey dkchrar als
RF1b-er,f31v,"f31v.2,+P0",ytchos.ackhey.okeeo.s.cheody.okeey.keeody.daiin.cheody.keedy,ytchos ackhey okeeo s cheody okeey keeody daiin cheody keedy
RF1b-er,f31v,"f31v.3,+P0",ykeeo.daiin.shedol.okedy.okey.keody.okchey.sair.okeer.o.lkedy,ykeeo daiin shedol okedy okey keody okchey sair okeer o lkedy
RF1b-er,f31v,"f31v.4,+P0",dair.cthedy.qokedy.okeody.chedar.oked.al.ockhedy.okeedy.otas,dair cthedy qokedy okeody chedar oked al ockhedy okeedy otas
RF1b-er,f31v,"f31v.5,+P0",ykeos.cheeoy.araiin,ykeos cheeoy araiin
RF1b-er,f31v,"f31v.6,+P0",pcheeody.qop.chedal.checfhy.chefchol.or.cheef.alaiin.opal.sheo.otar,pcheeody qop chedal checfhy chefchol or cheef alaiin opal sheo otar
RF1b-er,f31v,"f31v.7,+P0",olkeedam.ches.cholkeeol.checkhy.okeol.okal.oky.cheokar.okor.ary,olkeedam ches cholkeeol checkhy okeol okal oky cheokar okor ary
RF1b-er,f31v,"f31v.8,+P0",ykaiin.cheeksheey.ychekeeor.cheor.or.checthy.okechoked.lchey.okam,ykaiin cheeksheey ychekeeor cheor or checthy okechoked lchey okam
RF1b-er,f31v,"f31v.9,+P0",ytecheol.sheoeky.okeos.aiin.ackhedy.chkaiin.chetchey.ctheey.okear,ytecheol sheoeky okeos aiin ackhedy chkaiin chetchey ctheey okear
RF1b-er,f31v,"f31v.10,+P0",dor.choar.al.kar.oeeeos.cheos.aiin.o.ckhey.okeo.kor.okeol.ain,dor choar al kar oeeeos cheos aiin o ckhey okeo kor okeol ain
RF1b-er,f31v,"f31v.11,+P0",saiin.ar.ckheos.chedy.okeey.qoear.oraiin.cheam,saiin ar ckheos chedy okeey qoear oraiin cheam
RF1b-er,f32r,"f32r.1,@P0",fchaiin.shykeody.daiiody.dain<->sho.tchy.oty.qopy,fchaiin shykeody daiiody dainsho tchy oty qopy
RF1b-er,f32r,"f32r.2,+P0",okor.okchor.sheor.ckhy.dal<->dshodar.qotchol,okor okchor sheor ckhy daldshodar qotchol
RF1b-er,f32r,"f32r.3,+P0",qokchor.chor.cthol.chol.dol<->dcheodain.daiin,qokchor chor cthol chol doldcheodain daiin
RF1b-er,f32r,"f32r.4,+P0",schor.dshar.ytsho.dain<->daiin.choddal,schor dshar ytsho daindaiin choddal
RF1b-er,f32r,"f32r.5,+P0",qotchy.qokchy.daiin,qotchy qokchy daiin
RF1b-er,f32r,"f32r.6,+P0",fcho.tcheychedy,fcho tcheychedy
RF1b-er,f32r,"f32r.7,+P0",otol.dol.ol.dair,otol dol ol dair
RF1b-er,f32r,"f32r.8,+P0",qo.ar.daiin.dam,qo ar daiin dam
RF1b-er,f32r,"f32r.9,+P0",dytchor.dary,dytchor dary
RF1b-er,f32r,"f32r.10,+P0",dchor.cthodaiin,dchor cthodaiin
RF1b-er,f32r,"f32r.11,+P0",shos.chckhol.n,shos chckhol n
RF1b-er,f32r,"f32r.12,+P0",shodaiin.cltol,shodaiin cltol
RF1b-er,f32r,"f32r.13,+P0",otchorol.dain.daiin.cthy,otchorol dain daiin cthy
RF1b-er,f32r,"f32r.14,+P0",schey.qotshey.daiin.cths,schey qotshey daiin cths
RF1b-er,f32r,"f32r.15,+P0",qokchy.qotol.doiir.ol,qokchy qotol doiir ol
RF1b-er,f32r,"f32r.16,+P0",otchol.chey.soty,otchol chey soty
RF1b-er,f32r,"f32r.17,+P0",chokeol.dchoty,chokeol dchoty
RF1b-er,f32r,"f32r.18,+P0",doiin.shoshy,doiin shoshy
RF1b-er,f32r,"f32r.19,+P0","dol.dchol,dan",dol dchol dan
RF1b-er,f32v,"f32v.1,@P0",kcheodaiin.cholkechy.qotaiin.daiioam<->o.chofchody,kcheodaiin cholkechy qotaiin daiioamo chofchody
RF1b-er,f32v,"f32v.2,+P0",daiin.odar.chy.daiin.chey.tcha.ldy<->dain.teor,daiin odar chy daiin chey tcha ldydain teor
RF1b-er,f32v,"f32v.3,+P0",shor.daiin.chckhy.dsho.dain.daiin.s<->shokey.ka,shor daiin chckhy dsho dain daiin sshokey ka
RF1b-er,f32v,"f32v.4,+P0",or.chr.chor.dor.chaiin.qotcho.r.chy<->dcha.daiin,or chr chor dor chaiin qotcho r chydcha daiin
RF1b-er,f32v,"f32v.5,+P0",chokchy.daiin.shy.chor.qo.kaiin.dain<->dchol.dorg,chokchy daiin shy chor qo kaiin daindchol dorg
RF1b-er,f32v,"f32v.6,+P0",okchan.cholshal.dchcthy,okchan cholshal dchcthy
RF1b-er,f32v,"f32v.7,+P0",ksho.cphos.she.sheaiin.otshcho.r.daii<->shckhy.s.odan,ksho cphos she sheaiin otshcho r daiishckhy s odan
RF1b-er,f32v,"f32v.8,+P0",otchol.daiin.daiin.cthodaiin.qotaiin<->otchy.d<->shan,otchol daiin daiin cthodaiin qotaiinotchy dshan
RF1b-er,f32v,"f32v.9,+P0",qotchy.cfhy.skey.chocthy.daiin.cthaiin<->daiin,qotchy cfhy skey chocthy daiin cthaiindaiin
RF1b-er,f32v,"f32v.10,+P0",sho.keol.chor.chol.daiin.cphol.cthol.da<->ar,sho keol chor chol daiin cphol cthol daar
RF1b-er,f32v,"f32v.11,+P0",ol.sho.chy,ol sho chy
RF1b-er,f33r,"f33r.1,@P0",tshdar.shdor.shepchdy.cphody.yfoldy.qofockhdy.otchedy.lfchdy.daiin,tshdar shdor shepchdy cphody yfoldy qofockhdy otchedy lfchdy daiin
RF1b-er,f33r,"f33r.2,+P0",ytchedy.qokar.cheky.okaldy.qokaldy.otor.oldar.qotar.otar.otardag,ytchedy qokar cheky okaldy qokaldy otor oldar qotar otar otardag
RF1b-er,f33r,"f33r.3,+P0",loiin.y.cheky.qokedy.shedy.chdal.chechdaiin.qokchy.ody.chekeedy.ykag,loiin y cheky qokedy shedy chdal chechdaiin qokchy ody chekeedy ykag
RF1b-er,f33r,"f33r.4,+P0",taiin.chekey.or.al.aiiin.saiin.okaiin.dar.cheedy.chkeey.far.aiin.s,taiin chekey or al aiiin saiin okaiin dar cheedy chkeey far aiin s
RF1b-er,f33r,"f33r.5,+P0",pair.or.aiin.otaiin.ol.kor.aiin.okal.otal.chdal.shekal.qokar.atam,pair or aiin otaiin ol kor aiin okal otal chdal shekal qokar atam
RF1b-er,f33r,"f33r.6,+P0",yteey.shody.kchedydy.chekar.okaiin.okaiin.daiin.okal,yteey shody kchedydy chekar okaiin okaiin daiin okal
RF1b-er,f33r,"f33r.7,+P0",dar.chos.aiin.or.aiin.cheekaiin.okain.ar.okeeey,dar chos aiin or aiin cheekaiin okain ar okeeey
RF1b-er,f33v,"f33v.1,@P0",tarar.daiin<->ydain.cthey.dols<->sheky.araiin.sh,tarar daiinydain cthey dolssheky araiin sh
RF1b-er,f33v,"f33v.2,+P0",kchdy.dam.dy<->oky<->otal.dain.chdy<->ytam.otam.cham,kchdy dam dyokyotal dain chdyytam otam cham
RF1b-er,f33v,"f33v.3,+P0",dar.chckhy.dy<->dyky<->ckhdy.oky.dam<->okardy.kam.dy,dar chckhy dydykyckhdy oky damokardy kam dy
RF1b-er,f33v,"f33v.4,+P0",tokar.shdy.dal<->qokar.shd<->otody.chedy<->ykedy.dodl.deiin,tokar shdy dalqokar shdotody chedyykedy dodl deiin
RF1b-er,f33v,"f33v.5,+P0",tchdy.chody.okaiin<->chckhy.dor.arl<->cthy.dytydy<->ykar.cheky.dy,tchdy chody okaiinchckhy dor arlcthy dytydyykar cheky dy
RF1b-er,f33v,"f33v.6,+P0",ycheo.dar.olaiin.okar.chdy.chdy.oldy<->okar.chdy,ycheo dar olaiin okar chdy chdy oldyokar chdy
RF1b-er,f33v,"f33v.7,+P0",tshdy.shefchdy.shckhdy.oltedy.daiin.oky<->cheol.arain<->chdyshdy.porar,tshdy shefchdy shckhdy oltedy daiin okycheol arainchdyshdy porar
RF1b-er,f33v,"f33v.8,+P0","dar.ar.sheey.keedy.okchy.okar.okedy.chy<->daiin.dy,dy<->dar.aiin.okary",dar ar sheey keedy okchy okar okedy chydaiin dy dydar aiin okary
RF1b-er,f33v,"f33v.9,+P0",sar.or.aiin.chor.ar.shkair.shol.or.chckhy<->ar.aiin<->okain.dal.dy,sar or aiin chor ar shkair shol or chckhyar aiinokain dal dy
RF1b-er,f33v,"f33v.10,+P0",lchoar.or.chey.lodaiin.o.or.okeedy.okaly,lchoar or chey lodaiin o or okeedy okaly
RF1b-er,f33v,"f33v.11,+P0",tar.al.keey.oram,tar al keey oram
RF1b-er,f34r,"f34r.1,@P0",pcheoepchy.olar.yl<->yfody.okedody.shod.ololdy.dar.ytey,pcheoepchy olar ylyfody okedody shod ololdy dar ytey
RF1b-er,f34r,"f34r.2,+P0",ytar.sheody.olam<->octhedy.otedy.chdain.oltey.kchyty,ytar sheody olamocthedy otedy chdain oltey kchyty
RF1b-er,f34r,"f34r.3,+P0",qotedy.chyty.chdaly<->dar.chd.otedy.qotol.okedy.dody.ody.kam,qotedy chyty chdalydar chd otedy qotol okedy dody ody kam
RF1b-er,f34r,"f34r.4,+P0",ytedy.daiin.chey.aiin<->shy.chckhy<->oltchedy.otedy.dam.checthy,ytedy daiin chey aiinshy chckhyoltchedy otedy dam checthy
RF1b-er,f34r,"f34r.5,+P0",qoteedy.shedy.shedy.ol<->okes.ar<->ykeedl.chedy.otey.okaiin,qoteedy shedy shedy olokes arykeedl chedy otey okaiin
RF1b-er,f34r,"f34r.6,+P0",oteol.chekey.chetey.oll<->chesy<->daiin.cheky.fas.aiir.amg,oteol chekey chetey ollchesydaiin cheky fas aiir amg
RF1b-er,f34r,"f34r.7,+P0",qokedy.dal.chdy<->olchy<->ykchy<->ykedy.qokchdy.s.ar.oldam,qokedy dal chdyolchyykchyykedy qokchdy s ar oldam
RF1b-er,f34r,"f34r.8,+P0",shotchy.qoky<->olk<->checkhy<->ysair.air.chodar.tag,shotchy qokyolkcheckhyysair air chodar tag
RF1b-er,f34r,"f34r.9,+P0",ykchdy.qod<->ar<->chct<->ackhy<->or.lchey.todaly.okaiin.dardy,ykchdy qodarchctackhyor lchey todaly okaiin dardy
RF1b-er,f34r,"f34r.10,+P0",tcheo.olchckhy.oly<->otchdy.chefalas,tcheo olchckhy olyotchdy chefalas
RF1b-er,f34r,"f34r.11,+P0",qokeey.sh.kaldaiin<->cheky.cthdaly<->otchedy.chty.saiin,qokeey sh kaldaiincheky cthdalyotchedy chty saiin
RF1b-er,f34r,"f34r.12,+P0",char.aiin.okorar.tol<->qokar.chckhy.chdal.ked.qokar.ar.daiin.dam,char aiin okorar tolqokar chckhy chdal ked qokar ar daiin dam
RF1b-er,f34r,"f34r.13,+P0",ykeo.lor.ochey.oly<->okaly.kechdy.qokchdy.chor.ar.aiiin.daly,ykeo lor ochey olyokaly kechdy qokchdy chor ar aiiin daly
RF1b-er,f34r,"f34r.14,+P0",or.ar.y.kar.ol.al.oky<->chody.qokal.chedy.chcthedy.chety.daram,or ar y kar ol al okychody qokal chedy chcthedy chety daram
RF1b-er,f34r,"f34r.15,+P0",sair.chekar.cheky.shek<->cholchedy.qokedy.yk.cheolchcthy,sair chekar cheky shekcholchedy qokedy yk cheolchcthy
RF1b-er,f34v,"f34v.1,@P0",kschdy.chdy.chefchy.shdy.qopchdy.shdydy.chdalchdy.ypchdy.chcthdy.spaiin,kschdy chdy chefchy shdy qopchdy shdydy chdalchdy ypchdy chcthdy spaiin
RF1b-er,f34v,"f34v.2,+P0",tol.qokchy.dychedy.okchy.chckhdy.chdaiin.ckhy.loees.ykar.aiin.oldam,tol qokchy dychedy okchy chckhdy chdaiin ckhy loees ykar aiin oldam
RF1b-er,f34v,"f34v.3,+P0","ytal.shor.chdal.olchdy.char.or.ol.kedaiiin.chcthy.okchdy.chckhy.dar,ag",ytal shor chdal olchdy char or ol kedaiiin chcthy okchdy chckhy dar ag
RF1b-er,f34v,"f34v.4,+P0",tchdaiin.chekal.shedy.qokedar.chdaiin.oldar.qoldar.chedy.daiin.otam,tchdaiin chekal shedy qokedar chdaiin oldar qoldar chedy daiin otam
RF1b-er,f34v,"f34v.5,+P0",lshaiir.or.air.shedy.chechey.dykey.kair.chedy.qokar.chekaly.cholky,lshaiir or air shedy chechey dykey kair chedy qokar chekaly cholky
RF1b-er,f34v,"f34v.6,+P0",pchedar.shear.qokchdy.qokees.cheol.ypchdaiin.chedy.lr.ar.chedain,pchedar shear qokchdy qokees cheol ypchdaiin chedy lr ar chedain
RF1b-er,f34v,"f34v.7,+P0",olchdaiin.chedy.cheykeedy.chy.kedy.dy.qokedy.okey.s.air.chkain.otain,olchdaiin chedy cheykeedy chy kedy dy qokedy okey s air chkain otain
RF1b-er,f34v,"f34v.8,+P0",ysheos.otar.ar.choraiin.cheky.olchdaiin.or.oldar.chdar.okag,ysheos otar ar choraiin cheky olchdaiin or oldar chdar okag
RF1b-er,f34v,"f34v.9,+P0",lsheody.cphy.qokeey.keedy.kchdy.chedy.qokedy.chdy.kal.shs.oldaiin,lsheody cphy qokeey keedy kchdy chedy qokedy chdy kal shs oldaiin
RF1b-er,f34v,"f34v.10,+P0",doiin.chdy.tedy.kchdy.okeedy.checkhy.chdy.kain.chear.or.akedy.okam,doiin chdy tedy kchdy okeedy checkhy chdy kain chear or akedy okam
RF1b-er,f34v,"f34v.11,+P0",yshos.ody.s.aiin.okey.okal.shedy,yshos ody s aiin okey okal shedy
RF1b-er,f35r,"f35r.1,@P0",cphoo.r.cholycfhy.choty.char.dy,cphoo r cholycfhy choty char dy
RF1b-er,f35r,"f35r.2,+P0",qokeeaiin.chokaiin.qotchy.daiin,qokeeaiin chokaiin qotchy daiin
RF1b-er,f35r,"f35r.3,+P0",dchaiin.cthey.qotchey.taiin.cthory,dchaiin cthey qotchey taiin cthory
RF1b-er,f35r,"f35r.4,+P0",qotchy.shetchy.ckhol.cheey.daiin.dainl,qotchy shetchy ckhol cheey daiin dainl
RF1b-er,f35r,"f35r.5,+P0","otchor.sho.tcheey.s,cheey.daiin.dainor",otchor sho tcheey s cheey daiin dainor
RF1b-er,f35r,"f35r.6,+P0",schaiin.char.chan.daiin,schaiin char chan daiin
RF1b-er,f35r,"f35r.7,+P0",shosaiin.tchor.choky,shosaiin tchor choky
RF1b-er,f35r,"f35r.8,+P0",qokeey.kykaiin.daiin,qokeey kykaiin daiin
RF1b-er,f35r,"f35r.9,+P0",paiin.chear.aiin.chear.shorchaiin,paiin chear aiin chear shorchaiin
RF1b-er,f35r,"f35r.10,+P0",o.aiin.chaiin.ckhy.r.chl.s.chochy.daiin,o aiin chaiin ckhy r chl s chochy daiin
RF1b-er,f35r,"f35r.11,+P0",shcheaiin.chol.cthaiin.lchaiin.lchal.dal<->dairaldy.n,shcheaiin chol cthaiin lchaiin lchal daldairaldy n
RF1b-er,f35r,"f35r.12,+P0",olor.chy.chaiin.chy.taiin.kchey.koldy<->chetchaiin,olor chy chaiin chy taiin kchey koldychetchaiin
RF1b-er,f35r,"f35r.13,+P0",qokoiin.chaiin.qokchaiin.lshy.lodaly<->oteey.taiin,qokoiin chaiin qokchaiin lshy lodalyoteey taiin
RF1b-er,f35r,"f35r.14,+P0",cthol.chol.aiin.qotchy.otchor.daiin<->shol.qotaiin,cthol chol aiin qotchy otchor daiinshol qotaiin
RF1b-er,f35r,"f35r.15,+P0",ochor.s.chiin.daiin.ytain,ochor s chiin daiin ytain
RF1b-er,f35v,"f35v.1,@P0",parchor.chocthy.soaiin.ar,parchor chocthy soaiin ar
RF1b-er,f35v,"f35v.2,+P0",qotchy.otchey.kchor.yty,qotchy otchey kchor yty
RF1b-er,f35v,"f35v.3,+P0",dchor.choty.chyty.daiin,dchor choty chyty daiin
RF1b-er,f35v,"f35v.4,+P0",ytchy.qotchy.dchy.cthy,ytchy qotchy dchy cthy
RF1b-er,f35v,"f35v.5,+P0",dchokchy.chocthy.chckhor,dchokchy chocthy chckhor
RF1b-er,f35v,"f35v.6,+P0",shol.tcheey.chkcheeu.chcthaiin,shol tcheey chkcheeu chcthaiin
RF1b-er,f35v,"f35v.7,+P0",tchotchor.shol.sho.co.kol.daiin,tchotchor shol sho co kol daiin
RF1b-er,f35v,"f35v.8,+P0",oaiin.tchor.cho.chotchy.dchold,oaiin tchor cho chotchy dchold
RF1b-er,f35v,"f35v.9,+P0",qokchaiin.cho.tsholchoiin,qokchaiin cho tsholchoiin
RF1b-er,f35v,"f35v.10,+P0","okcheey.chos,ar.shory",okcheey chos ar shory
RF1b-er,f35v,"f35v.11,+P0",qotcheeaiin.chodaiin,qotcheeaiin chodaiin
RF1b-er,f35v,"f35v.12,+P0","dchaiin.d.aiin.d,oiin.dals",dchaiin d aiin d oiin dals
RF1b-er,f35v,"f35v.13,+P0",ol.char.od.ar.chear,ol char od ar chear
RF1b-er,f35v,"f35v.14,+P0",tcheain.shy.tar.dain,tcheain shy tar dain
RF1b-er,f35v,"f35v.15,+P0","ykol.cheol.okchy,tch",ykol cheol okchy tch
RF1b-er,f35v,"f35v.16,+P0",ydaiin.okeey.d.aiin,ydaiin okeey d aiin
RF1b-er,f35v,"f35v.17,+P0",daiin.dain.chkaly.choly,daiin dain chkaly choly
RF1b-er,f35v,"f35v.18,+P0",daiin.qokeeeb.chokeea.r,daiin qokeeeb chokeea r
RF1b-er,f35v,"f35v.19,+P0",schokey.ykeol.chol.daiin,schokey ykeol chol daiin
RF1b-er,f35v,"f35v.20,+P0",sodaiin.shy.dchy.ckhy.dan,sodaiin shy dchy ckhy dan
RF1b-er,f35v,"f35v.21,+P0",doiin.chor.chor,doiin chor chor
RF1b-er,f36r,"f36r.1,@P0",pchakdan.qorain.chcfhal.soiin.cphor.shaiin.cthy.dair,pchakdan qorain chcfhal soiin cphor shaiin cthy dair
RF1b-er,f36r,"f36r.2,+P0",oral.shor.ytaiin.qotaiin.qooldy.chty.chol.dy.tor,oral shor ytaiin qotaiin qooldy chty chol dy tor
RF1b-er,f36r,"f36r.3,+P0",qotchy.tchy.daiin.daiin.dolsain,qotchy tchy daiin daiin dolsain
RF1b-er,f36r,"f36r.4,+P0",podaiir.cphy.qoypchol.som<->sy<->chy.dchy.fchomdar,podaiir cphy qoypchol somsychy dchy fchomdar
RF1b-er,f36r,"f36r.5,+P0",daiin.qor.chol.ctholy.s<->a<->r<->chy.sy<->chytaroiin,daiin qor chol ctholy sarchy sychytaroiin
RF1b-er,f36r,"f36r.6,+P0",okaiin.cthor.ykaiiin.s<->dain.an<->dan,okaiin cthor ykaiiin sdain andan
RF1b-er,f36r,"f36r.7,+P0",qotol.cthol.okol.dy.okchy<->ytorory<->sold,qotol cthol okol dy okchyytororysold
RF1b-er,f36r,"f36r.8,+P0",ytchor.cthol.chaiin.yd,ytchor cthol chaiin yd
RF1b-er,f36r,"f36r.9,+P0",ytodaly.daiin.otaro,ytodaly daiin otaro
RF1b-er,f36v,"f36v.1,@P0",pcharosy.qoforom.shoaiin.tchey.chckhhy.otaiin.cphar.daiin,pcharosy qoforom shoaiin tchey chckhhy otaiin cphar daiin
RF1b-er,f36v,"f36v.2,+P0",qotar.chol.daiin.otaiin.qotor.ytar.ochor.chety.cthor.dom,qotar chol daiin otaiin qotor ytar ochor chety cthor dom
RF1b-er,f36v,"f36v.3,+P0",dchytchy.ytor.s<->otaiin.qopchor.otar.otchaiin.s,dchytchy ytor sotaiin qopchor otar otchaiin s
RF1b-er,f36v,"f36v.4,+P0",qotchor.ykytydy<->daiin.cthor,qotchor ykytydydaiin cthor
RF1b-er,f36v,"f36v.5,+P1",tchor.ckhaiin.daiin.cphchar,tchor ckhaiin daiin cphchar
RF1b-er,f36v,"f36v.6,+P1",daiin.cthor.daiin.dal.dys,daiin cthor daiin dal dys
RF1b-er,f36v,"f36v.7,+P1",qoky.keol.okchor.os.chashan,qoky keol okchor os chashan
RF1b-er,f36v,"f36v.8,+P1",ykshy.ytchy.dol.ytady.yky,ykshy ytchy dol ytady yky
RF1b-er,f36v,"f36v.9,+P1",okaiin.ykcholqad.chory,okaiin ykcholqad chory
RF1b-er,f36v,"f36v.10,+P1",ykchotchy.daiin.daiild,ykchotchy daiin daiild
RF1b-er,f36v,"f36v.11,+P1",oty.chcthy.ytoryd,oty chcthy ytoryd
RF1b-er,f36v,"f36v.12,+P1",ytol.kchy.oty.chd,ytol kchy oty chd
RF1b-er,f36v,"f36v.13,+P1",oky.she.cthol.oty,oky she cthol oty
RF1b-er,f36v,"f36v.14,+P1",soiin.chtain,soiin chtain
RF1b-er,f37r,"f37r.1,@P0",tocphol.shaiin.qotor.ofchor.oty.chory.daiin.otod.ar,tocphol shaiin qotor ofchor oty chory daiin otod ar
RF1b-er,f37r,"f37r.2,+P0",ykoiin.cthor.okaiin.qotchy.ytody.qokaiin.sho.ytaiin,ykoiin cthor okaiin qotchy ytody qokaiin sho ytaiin
RF1b-er,f37r,"f37r.3,+P0",qo.shy.qokaiin.ctholdy.ckhor.oky.dy,qo shy qokaiin ctholdy ckhor oky dy
RF1b-er,f37r,"f37r.4,+P0",pchotchy.daiin.cfholdar.chol.daiin<->yd,pchotchy daiin cfholdar chol daiinyd
RF1b-er,f37r,"f37r.5,+P0",yky.qokchy.qotchor.chkol.otoly,yky qokchy qotchor chkol otoly
RF1b-er,f37r,"f37r.6,+P0",shor.shol.qokchy.qotomody<->dchol.daiin,shor shol qokchy qotomodydchol daiin
RF1b-er,f37r,"f37r.7,+P0",sor.chey.kor.qokor.daiin,sor chey kor qokor daiin
RF1b-er,f37r,"f37r.8,+P0",toiin.chorody.qokaiin.shhory.otal<->shor.sheor.dar,toiin chorody qokaiin shhory otalshor sheor dar
RF1b-er,f37r,"f37r.9,+P0",ykchody.qotchy.ykaiin.chy.qotordy<->otcho.loldaiin,ykchody qotchy ykaiin chy qotordyotcho loldaiin
RF1b-er,f37r,"f37r.10,+P0",qoto.okchochor.dchor.chy.shy.daiin<->ychey.kol.daiir,qoto okchochor dchor chy shy daiinychey kol daiir
RF1b-er,f37r,"f37r.11,+P0",okchor.daiin.ckhy.dain.daiin,okchor daiin ckhy dain daiin
RF1b-er,f37v,"f37v.1,@P0",kshody.qocthy.qotoldy.chopdain.sol,kshody qocthy qotoldy chopdain sol
RF1b-er,f37v,"f37v.2,+P0",dor.chol.cthor.orchochor.daiin,dor chol cthor orchochor daiin
RF1b-er,f37v,"f37v.3,+P0",qotchon.shy.chon.daiin.dy,qotchon shy chon daiin dy
RF1b-er,f37v,"f37v.4,+P0",dshor.dytory.dshor.daiin,dshor dytory dshor daiin
RF1b-er,f37v,"f37v.5,+P0",dchor.qotol.ykchon.dain,dchor qotol ykchon dain
RF1b-er,f37v,"f37v.6,+P0",yokor.ytchor.saiin.oty,yokor ytchor saiin oty
RF1b-er,f37v,"f37v.7,+P0",qotchor.daiin,qotchor daiin
RF1b-er,f37v,"f37v.8,+P0",qotor.choiin.chetchy.daiin,qotor choiin chetchy daiin
RF1b-er,f37v,"f37v.9,+P0",dor.chor.sha.daiiin.daiin,dor chor sha daiiin daiin
RF1b-er,f37v,"f37v.10,+P0",soiin.shey.okoiin.chey.tom,soiin shey okoiin chey tom
RF1b-er,f37v,"f37v.11,+P0",qotoiin.charor.cthol.daiin,qotoiin charor cthol daiin
RF1b-er,f37v,"f37v.12,+P0",chor.shaly.sheaiin.do.tody,chor shaly sheaiin do tody
RF1b-er,f37v,"f37v.13,+P0",sotoiiin,sotoiiin
RF1b-er,f37v,"f37v.14,+P0",todain.cphaiin.cphorods,todain cphaiin cphorods
RF1b-er,f37v,"f37v.15,+P0",soiiin.cheoky.daiin.dain,soiiin cheoky daiin dain
RF1b-er,f37v,"f37v.16,+P0",qotor.daiin.chotaiin,qotor daiin chotaiin
RF1b-er,f37v,"f37v.17,+P0",sokchor.qokoiiin.ykeeols,sokchor qokoiiin ykeeols
RF1b-er,f37v,"f37v.18,+P0",oyteey.daiin.daiinody,oyteey daiin daiinody
RF1b-er,f37v,"f37v.19,+P0",daiin.qkaiin.qotal.daiin,daiin qkaiin qotal daiin
RF1b-er,f37v,"f37v.20,+P0",ychockahy.ykol.daiin.s,ychockahy ykol daiin s
RF1b-er,f37v,"f37v.21,+P0",oshctha.do.daiin.cthols,oshctha do daiin cthols
RF1b-er,f37v,"f37v.22,+P0",qotol.ytoiin.chocthhy,qotol ytoiin chocthhy
RF1b-er,f37v,"f37v.23,+P0",yto.chol.daiin,yto chol daiin
RF1b-er,f38r,"f38r.1,@P0",tolor.chockhy<->oky.choiin.okshol.oly.oky,tolor chockhyoky choiin okshol oly oky
RF1b-er,f38r,"f38r.2,+P0",okshey.chodys<->ytoiin.otaiin.otaiin.cthar,okshey chodysytoiin otaiin otaiin cthar
RF1b-er,f38r,"f38r.3,+P0",qokor.okaiin<->otaiin.qo.kchol.chokokor,qokor okaiinotaiin qo kchol chokokor
RF1b-er,f38r,"f38r.4,+P0",ychok.chey.chckh<->chy.chka.r.odaiin.d.aiin.sy,ychok chey chckhchy chka r odaiin d aiin sy
RF1b-er,f38r,"f38r.5,+P0","okor.chey.kain<->chor.ctho.d,ain.ckholdy",okor chey kainchor ctho d ain ckholdy
RF1b-er,f38r,"f38r.6,+P0",ysho.sho.kos<->daiin.okoy.chochor.daiin,ysho sho kosdaiin okoy chochor daiin
RF1b-er,f38v,"f38v.1,@P0",okchop.chol.shotol.oteol.oteey.s<->chor.d.aiind,okchop chol shotol oteol oteey schor d aiind
RF1b-er,f38v,"f38v.2,+P0",choiin.shey.kea.sho.oiin.s.cholldy<->okeaiin.okom,choiin shey kea sho oiin s cholldyokeaiin okom
RF1b-er,f38v,"f38v.3,+P0",qokeey.keor.daiin.okey.keey.daiin<->dair.daiin.s,qokeey keor daiin okey keey daiindair daiin s
RF1b-er,f38v,"f38v.4,+P0",okeey.d.aiin.qokeey.chotey.tody<->oky.aiiin.d,okeey d aiin qokeey chotey todyoky aiiin d
RF1b-er,f38v,"f38v.5,+P0",qoty.daiin.chol.oteeol.dody<->cheod.chody,qoty daiin chol oteeol dodycheod chody
RF1b-er,f38v,"f38v.6,+P0",sho.keeey.key.tey.daiin.daiiin<->dain.dain,sho keeey key tey daiin daiiindain dain
RF1b-er,f38v,"f38v.7,+P0",daiin.qol.chy.dain.r.or.daiin<->dain.daldy,daiin qol chy dain r or daiindain daldy
RF1b-er,f38v,"f38v.8,+P0",o.aiin.char.chshol.chokaiin,o aiin char chshol chokaiin
RF1b-er,f39r,"f39r.1,@P0",tedochshd.cphhofy.chdain.shey.fshydy.orain.cheepaiin.ofy.shey.kaly.dy,tedochshd cphhofy chdain shey fshydy orain cheepaiin ofy shey kaly dy
RF1b-er,f39r,"f39r.2,+P0",olchey.cheky.qokedy.shekshey.qolain.chckshy.chdy.dair.shckhey.dold,olchey cheky qokedy shekshey qolain chckshy chdy dair shckhey dold
RF1b-er,f39r,"f39r.3,+P0",qokalchdy.chekaiin.checkhy.darshed.qokeedar.eeedy.dar.ar.cheey.dyckhy,qokalchdy chekaiin checkhy darshed qokeedar eeedy dar ar cheey dyckhy
RF1b-er,f39r,"f39r.4,+P0",tchedy.chdy.olaiin.chedy.shckhdchy.chol.or.ordy.chees.aly.okalcheg,tchedy chdy olaiin chedy shckhdchy chol or ordy chees aly okalcheg
RF1b-er,f39r,"f39r.5,+P0",dchdy.chdy.ykaiin,dchdy chdy ykaiin
RF1b-er,f39r,"f39r.6,+P0",pchdaiin.she.dam.qofchedy.shedy.kchdy.dydy.opchekaiin.shockhhy.shdalo.ry,pchdaiin she dam qofchedy shedy kchdy dydy opchekaiin shockhhy shdalo ry
RF1b-er,f39r,"f39r.7,+P0",dchdar.chedy.cholal.qokedar.chdy.chckhdy.dar.ar.al.ydy.eees.aiiin,dchdar chedy cholal qokedar chdy chckhdy dar ar al ydy eees aiiin
RF1b-er,f39r,"f39r.8,+P0",lchedy.shedy.qokaiin.chkeey.fchedy.okam.chcfhhy.saiin.chckhy.dairog,lchedy shedy qokaiin chkeey fchedy okam chcfhhy saiin chckhy dairog
RF1b-er,f39r,"f39r.9,+P0",tchedy.shol.odal.qokaiin.shdaiin,tchedy shol odal qokaiin shdaiin
RF1b-er,f39r,"f39r.10,+P0",pchdar.shedy.ar.aiir.okair.ykeols.shedy.qockhdy.laiin.syky,pchdar shedy ar aiir okair ykeols shedy qockhdy laiin syky
RF1b-er,f39r,"f39r.11,+P0",dshdy.ar.aiin.y.yken.chdy.ykal.olkaiin.qokaldar.cheol.dar.aiin,dshdy ar aiin y yken chdy ykal olkaiin qokaldar cheol dar aiin
RF1b-er,f39r,"f39r.12,+P0",tolchdaiin.chckhy.saiin.olor.chls.aiin.oky.ches.aiin.dal,tolchdaiin chckhy saiin olor chls aiin oky ches aiin dal
RF1b-er,f39r,"f39r.13,+P0",ytor.chdar.shey.qokaiin.chor.kar.sheolkedy.otedy.tedy.saiin,ytor chdar shey qokaiin chor kar sheolkedy otedy tedy saiin
RF1b-er,f39r,"f39r.14,+P0",daiin.shckhy.chekl.ol.daiin.chedy.ykeey.daiin.otal.chdam.qokam,daiin shckhy chekl ol daiin chedy ykeey daiin otal chdam qokam
RF1b-er,f39r,"f39r.15,+P0","qolkain.ol.cheol.daiin.dar.o,l.dld.ar.ador.aiin.ofcheefar",qolkain ol cheol daiin dar o l dld ar ador aiin ofcheefar
RF1b-er,f39r,"f39r.16,+Pc",oteol.cholkal.qokal.dar.ykdy,oteol cholkal qokal dar ykdy
RF1b-er,f39v,"f39v.1,@P0",pdair.chdy.fdykain.or.air.sheykaiiin.ofchy.kar.or.aiin.dolky.oshdy,pdair chdy fdykain or air sheykaiiin ofchy kar or aiin dolky oshdy
RF1b-er,f39v,"f39v.2,+P0",sor.shy.kar.chol.qoty.kchdy.olky.dar.chdy.ykar.olkedaiin.ody.dy,sor shy kar chol qoty kchdy olky dar chdy ykar olkedaiin ody dy
RF1b-er,f39v,"f39v.3,+P0",daiin.chor.okain.okaiifchody.saiin.or.aiin.qokaiin.ytodaiin.okom,daiin chor okain okaiifchody saiin or aiin qokaiin ytodaiin okom
RF1b-er,f39v,"f39v.4,+P0",yokeey.chody.cheor.aiin.okody.chodal.ykedy.qokedy.dalodaiin.shky,yokeey chody cheor aiin okody chodal ykedy qokedy dalodaiin shky
RF1b-er,f39v,"f39v.5,+P0",ytedykor.or.sheky.kain.otar.or.aiin.okaiin.ckhol.ol.kor.otor.opchy,ytedykor or sheky kain otar or aiin okaiin ckhol ol kor otor opchy
RF1b-er,f39v,"f39v.6,+P0",lkedy.okchey.shor.qoykam.cho.ckhcfhhy.or.aly.shody,lkedy okchey shor qoykam cho ckhcfhhy or aly shody
RF1b-er,f39v,"f39v.7,+P0",pardy.shedy.qokar.sheedy.oraly<->olaiir.okar.ar,pardy shedy qokar sheedy oralyolaiir okar ar
RF1b-er,f39v,"f39v.8,+P0",oekar.aiin.olkaiin.olky.dar.ald<->shek.chek.qokchy.dar.ain,oekar aiin olkaiin olky dar aldshek chek qokchy dar ain
RF1b-er,f39v,"f39v.9,+P0",tar.aiin.dal.ar.ain.cheor.ydam<->shody.okal.shdy.kshy.or,tar aiin dal ar ain cheor ydamshody okal shdy kshy or
RF1b-er,f39v,"f39v.10,+P0",dar.ar.ykar.or.yky.chdy.fchor<->qokain.ar.sheedy.olchef,dar ar ykar or yky chdy fchorqokain ar sheedy olchef
RF1b-er,f39v,"f39v.11,+P0",sarol.chedy.shekam.qokar.chl<->ykeedy.chckhy.dalor.dy,sarol chedy shekam qokar chlykeedy chckhy dalor dy
RF1b-er,f39v,"f39v.12,+P0",paiin.alaiin.otalchd.okar.am<->okar.cheodal.ockhy,paiin alaiin otalchd okar amokar cheodal ockhy
RF1b-er,f39v,"f39v.13,+P0",dain.ockhedy.otedy.okedy<->lchdy.okaiin.daiiin.y,dain ockhedy otedy okedylchdy okaiin daiiin y
RF1b-er,f39v,"f39v.14,+P0",tar.aiin.okaiin.cholody,tar aiin okaiin cholody
RF1b-er,f40r,"f40r.1,@P0",pchey.keodar.aldydy<->qoky.okal.shdy.olkedy.opches.ar.ordaiin,pchey keodar aldydyqoky okal shdy olkedy opches ar ordaiin
RF1b-er,f40r,"f40r.2,+P0",qokar.akar.okedy.dar<->ykchey.kaiin.okos.chedy.okar.aralos,qokar akar okedy darykchey kaiin okos chedy okar aralos
RF1b-er,f40r,"f40r.3,+P0",shy.qokal.chdy.chckhd<->otor.aiir.oky.okolchy.qokar.okam,shy qokal chdy chckhdotor aiir oky okolchy qokar okam
RF1b-er,f40r,"f40r.4,+P0",or.aiin.chekody.das<->qokol.okaiin.okar.oky.okoldy.ol,or aiin chekody dasqokol okaiin okar oky okoldy ol
RF1b-er,f40r,"f40r.5,+P0",lokar.qokar.okar<->okol.ol.chedy.qokchd.ar.ar.or.dag,lokar qokar okarokol ol chedy qokchd ar ar or dag
RF1b-er,f40r,"f40r.6,+P0","tor.or.ar.shok,or,ag<->olshedy.qokam.chdy.kar.araiin",tor or ar shok or agolshedy qokam chdy kar araiin
RF1b-er,f40r,"f40r.7,+P0",yaiin.chekaiin.oky<->ycheey,yaiin chekaiin okyycheey
RF1b-er,f40r,"f40r.8,+P0",ksheo.keeey.dar.aim<->kcheo.cfhdy.or.ain.chefal.daiin.dm,ksheo keeey dar aimkcheo cfhdy or ain chefal daiin dm
RF1b-er,f40r,"f40r.9,+P0",taiin.ol.olaiin.or<->dain.okaiin.okaiin.okaiin.daram,taiin ol olaiin ordain okaiin okaiin okaiin daram
RF1b-er,f40r,"f40r.10,+P0",saiin.olcheey.chdy<->ychey.karar.oky.akedy.okair.ody,saiin olcheey chdyychey karar oky akedy okair ody
RF1b-er,f40r,"f40r.11,+P0",toar.ykaiin.ory.dal,toar ykaiin ory dal
RF1b-er,f40v,"f40v.1,@P0",pchedain.chefaiin.oldy,pchedain chefaiin oldy
RF1b-er,f40v,"f40v.2,+P0",todar.qokaiin.ol.aram,todar qokaiin ol aram
RF1b-er,f40v,"f40v.3,+P0",s.air.ain.okaiin.okam,s air ain okaiin okam
RF1b-er,f40v,"f40v.4,+P0",taraiin.okaiin.chckhy,taraiin okaiin chckhy
RF1b-er,f40v,"f40v.5,+P0",solaiin.okar.oly.chckhy,solaiin okar oly chckhy
RF1b-er,f40v,"f40v.6,+P0","qoeed,aiin.ol.chedy.daiin",qoeed aiin ol chedy daiin
RF1b-er,f40v,"f40v.7,+P0",shody.qokol.chedy.s.ar,shody qokol chedy s ar
RF1b-er,f40v,"f40v.8,+P0",chodaiin.chkalykedy.okal,chodaiin chkalykedy okal
RF1b-er,f40v,"f40v.9,+P0",tchypchody.pchdy.kar.ol,tchypchody pchdy kar ol
RF1b-er,f40v,"f40v.10,+P0",tchkaiin.tchedy.qokaiin.oraiin,tchkaiin tchedy qokaiin oraiin
RF1b-er,f40v,"f40v.11,+P0",schedy.qokol.chedy.dalor.acthy,schedy qokol chedy dalor acthy
RF1b-er,f40v,"f40v.12,+P0",ycheekeey.daiin.okaiin,ycheekeey daiin okaiin
RF1b-er,f40v,"f40v.13,+P0",toees.chedy.kedy.olfchedy.qokedy<->daiin.chefain,toees chedy kedy olfchedy qokedydaiin chefain
RF1b-er,f40v,"f40v.14,+P0","s,aiin.o,lchey.kchedy.akar.qokchdy.dy<->qokees.am.chdy",s aiin o lchey kchedy akar qokchdy dyqokees am chdy
RF1b-er,f40v,"f40v.15,+P0",qokchey.qody.or.aiiin.okaiin.ockhy<->sheod.faimy,qokchey qody or aiiin okaiin ockhysheod faimy
RF1b-er,f40v,"f40v.16,+P0",shol.kedy.lar.ar.okar.qoky.kedy.r<->yteey.qokam,shol kedy lar ar okar qoky kedy ryteey qokam
RF1b-er,f40v,"f40v.17,+P0",tochey.qokeedy.qokaiin.okeor.qokar<->okees.ar.oky,tochey qokeedy qokaiin okeor qokarokees ar oky
RF1b-er,f40v,"f40v.18,+P0",saiin.otain.chckhy.okal.okair.arol<->qokey.okary,saiin otain chckhy okal okair arolqokey okary
RF1b-er,f40v,"f40v.19,+Pc",pchedy.chetar.ofair.arody,pchedy chetar ofair arody
RF1b-er,f41r,"f41r.1,@P0",psheykedaleey.oked.shekeeey<->opshes.ypchd.qotchedy.shkakchdy,psheykedaleey oked shekeeeyopshes ypchd qotchedy shkakchdy
RF1b-er,f41r,"f41r.2,+P0",ykeeo.alshey.akedy.keshdy.dy<->dor.yechoky.qokeed.chpy.qokedy.dy,ykeeo alshey akedy keshdy dydor yechoky qokeed chpy qokedy dy
RF1b-er,f41r,"f41r.3,+P0",qok.say.qokedy.ychdykchdy<->qokedy.qotedy.shekchy.cheky.daly,qok say qokedy ychdykchdyqokedy qotedy shekchy cheky daly
RF1b-er,f41r,"f41r.4,+P0",chdchy.ytcheeky.ypchedy.schdy<->ytedy.cthhy.chees.oteey.otal.dag,chdchy ytcheeky ypchedy schdyytedy cthhy chees oteey otal dag
RF1b-er,f41r,"f41r.5,+P0",qotchy.sal.yteedy.kchdy<->dchedy.tchdy.dchedy.dalain,qotchy sal yteedy kchdydchedy tchdy dchedy dalain
RF1b-er,f41r,"f41r.6,+P0",shedey.polchedy.qokeey.chekedy.ytey<->chkchod<->ypchedpy.shepy.shedy,shedey polchedy qokeey chekedy yteychkchodypchedpy shepy shedy
RF1b-er,f41r,"f41r.7,+P0",parchdy.kchey.yteedy.qokeody<->ykedy.chkedy.qokedy.chedy.qokedy,parchdy kchey yteedy qokeodyykedy chkedy qokedy chedy qokedy
RF1b-er,f41r,"f41r.8,+P0",dair.chedy.chckhy.qokey.lchdy<->qokedy.qokal.chekedy.qodar.ag,dair chedy chckhy qokey lchdyqokedy qokal chekedy qodar ag
RF1b-er,f41r,"f41r.9,+P0",qokeedy.okedy.chekedy.chedy<->chckheody.chekal.daiin.cheo.al.okedy,qokeedy okedy chekedy chedychckheody chekal daiin cheo al okedy
RF1b-er,f41r,"f41r.10,+P0",sshok.shedy.qekchdy.dchdaldy<->ykedy.qokeedy.qokedy.qokeg,sshok shedy qekchdy dchdaldyykedy qokeedy qokedy qokeg
RF1b-er,f41r,"f41r.11,+P0",ykeod.ykeedy.chekeedy.cheked,ykeod ykeedy chekeedy cheked
RF1b-er,f41v,"f41v.1,@Lp",keesedal,keesedal
RF1b-er,f41v,"f41v.2,+P0",pcheody.qofcheepy.ofchdy.cfhekchdy<->ypchedy.chepchefy.shdchdy.qotal.dar,pcheody qofcheepy ofchdy cfhekchdyypchedy chepchefy shdchdy qotal dar
RF1b-er,f41v,"f41v.3,+P0",dshedy.tchey.saiin.shekey.okedy.okaly<->daiin.okedy.ykeeody.choy.teoy.dam,dshedy tchey saiin shekey okedy okalydaiin okedy ykeeody choy teoy dam
RF1b-er,f41v,"f41v.4,+P0",qokeody.okey.qokeody.oleeol.lkedy<->lkeeody.qokeedy.okeey.qokol.sheols,qokeody okey qokeody oleeol lkedylkeeody qokeedy okeey qokol sheols
RF1b-er,f41v,"f41v.5,+P0","ychees.olchey.daiin.ar.chol,olaiin<->oteedy.qoteol.oteodar.orain",ychees olchey daiin ar chol olaiinoteedy qoteol oteodar orain
RF1b-er,f41v,"f41v.6,+P0",todaiin.ol.cheos.yteedy.okal.ald<->oteol.qokal.or.oteody,todaiin ol cheos yteedy okal aldoteol qokal or oteody
RF1b-er,f41v,"f41v.7,+P0",ykeey.okey.ykeeal.ckhdy.chdal<->ykeoaiin.okeody.oly,ykeey okey ykeeal ckhdy chdalykeoaiin okeody oly
RF1b-er,f41v,"f41v.8,+P0",daiin.olkeeo.lkolchedy.okeey,daiin olkeeo lkolchedy okeey
RF1b-er,f42r,"f42r.1,@P0",cpho.ofaiin.cthachcfhy.otcheey.pchear,cpho ofaiin cthachcfhy otcheey pchear
RF1b-er,f42r,"f42r.2,+P0",solkaiin.char.cheky.otshaiin.daiiry,solkaiin char cheky otshaiin daiiry
RF1b-er,f42r,"f42r.3,+P0",toshy.chtshar.chotar.chain.dal,toshy chtshar chotar chain dal
RF1b-er,f42r,"f42r.4,+P0",shor.chetar.chotais.dar.cthaiin,shor chetar chotais dar cthaiin
RF1b-er,f42r,"f42r.5,+P0",qokar.chockhy.chotor.chy.kary,qokar chockhy chotor chy kary
RF1b-er,f42r,"f42r.6,+Pc",dorain.char,dorain char
RF1b-er,f42r,"f42r.7,+P0",pcho.chy.kshaiin.shotaiin.cham.shan,pcho chy kshaiin shotaiin cham shan
RF1b-er,f42r,"f42r.8,+P0",yshol.chees.cthol.shor.shol.ety.chary,yshol chees cthol shor shol ety chary
RF1b-er,f42r,"f42r.9,+P0",qotchor.otchol.ctho.kchodan.chkchory,qotchor otchol ctho kchodan chkchory
RF1b-er,f42r,"f42r.10,+P0",choty.dol.ksheo.cthor.otol.cthol.chol<->sholdain,choty dol ksheo cthor otol cthol cholsholdain
RF1b-er,f42r,"f42r.11,+P0",qotor.cho.chody.daiin.shol.ctheey.dar<->chy.daiidy,qotor cho chody daiin shol ctheey darchy daiidy
RF1b-er,f42r,"f42r.12,+P0",dcheey.chol.shol.chokaiin.choeky.dcky<->dain.dal,dcheey chol shol chokaiin choeky dckydain dal
RF1b-er,f42r,"f42r.13,+P0",qopor.shol.shot.shol.shol.daiin.dain.s<->cheam,qopor shol shot shol shol daiin dain scheam
RF1b-er,f42r,"f42r.14,+P0",sho.kshey.choty.chdain.chodaiin.daiin<->dam,sho kshey choty chdain chodaiin daiindam
RF1b-er,f42r,"f42r.15,+Pr",pchody.otshey.dodaiin,pchody otshey dodaiin
RF1b-er,f42r,"f42r.16,+P0",pydaiin.sheor.shaiin.tsh.olchy.sholy,pydaiin sheor shaiin tsh olchy sholy
RF1b-er,f42r,"f42r.17,+P0",shotol.shol.chety.daiin.chokchy.chkaiin,shotol shol chety daiin chokchy chkaiin
RF1b-er,f42r,"f42r.18,+P0",qody.cthochy.otaiin.shy.kshes.chorain,qody cthochy otaiin shy kshes chorain
RF1b-er,f42r,"f42r.19,+P0",otchoty.daiin.chot.sho.ckhhy.ctys.os,otchoty daiin chot sho ckhhy ctys os
RF1b-er,f42r,"f42r.20,+P0",shol.chol.shoky.okol.sho.chol.shol.chal,shol chol shoky okol sho chol shol chal
RF1b-er,f42r,"f42r.21,+P0",shol.chol.chol.shol.ctaiin.sos.odan,shol chol chol shol ctaiin sos odan
RF1b-er,f42r,"f42r.22,+P0",kchaiin.chos.ckhaiin.chorol.chaiin,kchaiin chos ckhaiin chorol chaiin
RF1b-er,f42r,"f42r.23,+Pr",okchol.shol.kolschees,okchol shol kolschees
RF1b-er,f42v,"f42v.1,@P0","tcho,cto.sheey.qocho.taiin.shals<->chol.chor.dain",tcho cto sheey qocho taiin shalschol chor dain
RF1b-er,f42v,"f42v.2,+P0",dshey.tchey.y.kchey.chtchy.cphy.dan<->dain.otol.daiin,dshey tchey y kchey chtchy cphy dandain otol daiin
RF1b-er,f42v,"f42v.3,+P0","sho.chotody.chotol.oky.chol.chol<->dl,chcthy.otoy",sho chotody chotol oky chol choldl chcthy otoy
RF1b-er,f42v,"f42v.4,+P0","qotchy.chkchy.s,ar.dy<->odaiil<->ykchy.okoldg",qotchy chkchy s ar dyodaiilykchy okoldg
RF1b-er,f42v,"f42v.5,+P0",chokeeo.r.chey.chetan<->s.ary<->okol.chetaiin,chokeeo r chey chetans aryokol chetaiin
RF1b-er,f42v,"f42v.6,+P0",okeokear.cheotchar<->sy<->saiin.cthar.dam,okeokear cheotcharsysaiin cthar dam
RF1b-er,f42v,"f42v.7,+P0",chok.sheo.key.keeeyd<->chekeesshy,chok sheo key keeeydchekeesshy
RF1b-er,f42v,"f42v.8,+P0",sodal.saiin,sodal saiin
RF1b-er,f42v,"f42v.9,+P0",posheor.sho.char.chekchey.qokod<->sho.cpheo.rchy,posheor sho char chekchey qokodsho cpheo rchy
RF1b-er,f42v,"f42v.10,+P0",schor.okchey.chy.shol.olor.cheaiin<->ctchy.tcheeb.d,schor okchey chy shol olor cheaiinctchy tcheeb d
RF1b-er,f42v,"f42v.11,+P0",qo.aiin.qokeey.kchol.cheal.oteold<->shey.teaiin.d,qo aiin qokeey kchol cheal oteoldshey teaiin d
RF1b-er,f42v,"f42v.12,+P0",chotcheey.chol.ol.chaiin.oteeaiin<->chkchy.taiin.y,chotcheey chol ol chaiin oteeaiinchkchy taiin y
RF1b-er,f42v,"f42v.13,+P0",sho.chey.teor.shey.checthhy.daiin<->chokeey.daiin,sho chey teor shey checthhy daiinchokeey daiin
RF1b-er,f42v,"f42v.14,+P0","qoteey.chy.kchy.cthy.ctsees.choly<->sarar.ar,al",qoteey chy kchy cthy ctsees cholysarar ar al
RF1b-er,f42v,"f42v.15,+P0",chokey.chol.okey,chokey chol okey
RF1b-er,f42v,"f42v.16,=Pt",okor.odeey,okor odeey
RF1b-er,f43r,"f43r.1,@P0",tarodaiin.ytedy.chody.ofchtar.chcphedy.ypar.shol.folor.aiin.cphey.dar,tarodaiin ytedy chody ofchtar chcphedy ypar shol folor aiin cphey dar
RF1b-er,f43r,"f43r.2,+P0",yteody.ateol.ytedy.ar.chety.dar.aiir.okaldy.daral.otchdy.daiin.dalr,yteody ateol ytedy ar chety dar aiir okaldy daral otchdy daiin dalr
RF1b-er,f43r,"f43r.3,+P0",yty.yty.oty.she.ody.shy.olor.ytchdy.kaiin.chky.qotydy.dar.aiin.ykam,yty yty oty she ody shy olor ytchdy kaiin chky qotydy dar aiin ykam
RF1b-er,f43r,"f43r.4,+P0","dar.ar.ytey.tedykar.ar,ar.she.kalchdy.cholky.qotaly.chedy.oty.otam",dar ar ytey tedykar ar ar she kalchdy cholky qotaly chedy oty otam
RF1b-er,f43r,"f43r.5,+P0",ykar.chedy.shekody.qotody.qotar.okedy.dar.choetchy.dam.otain.ytam,ykar chedy shekody qotody qotar okedy dar choetchy dam otain ytam
RF1b-er,f43r,"f43r.6,+P0",kchedy.chedy.daly.cheody.cheolkeepchy,kchedy chedy daly cheody cheolkeepchy
RF1b-er,f43r,"f43r.7,+P0",pshesy.oteykshdy.opchdy.kedar.okedy.chdy.shocphhy.dytydy.pchdy.kedy.dam,pshesy oteykshdy opchdy kedar okedy chdy shocphhy dytydy pchdy kedy dam
RF1b-er,f43r,"f43r.8,+P0",ytchedy.chedy.cheody.shy.qoiiin.sheeeky.chedy.dain.shy.ykolar.ataiin.old,ytchedy chedy cheody shy qoiiin sheeeky chedy dain shy ykolar ataiin old
RF1b-er,f43r,"f43r.9,+P0",dshedy.qotedy.dor.cheey.odain,dshedy qotedy dor cheey odain
RF1b-er,f43r,"f43r.10,+P0",pshdar.shed.ody.qotedy.yfchdy.qockhhdy.opchdy.daiin.qokedy.dydydy.qotar,pshdar shed ody qotedy yfchdy qockhhdy opchdy daiin qokedy dydydy qotar
RF1b-er,f43r,"f43r.11,+P0",ytchedy.ty.shol.toldy.shody.otchdy.shdy.otolol.shd.olky.ytol.otary.cheky.dy,ytchedy ty shol toldy shody otchdy shdy otolol shd olky ytol otary cheky dy
RF1b-er,f43r,"f43r.12,+P0",dor.shol.qokol.shedy.qotedy.qokeedy.qokody.okeedy.otedy.shedy.oty.ytydy.saiin,dor shol qokol shedy qotedy qokeedy qokody okeedy otedy shedy oty ytydy saiin
RF1b-er,f43r,"f43r.13,+P0",tshed.qosheckhey.odeeedy.qeokchy.qotedy.daiin.shodady.shochol.chckhy.ykedydy,tshed qosheckhey odeeedy qeokchy qotedy daiin shodady shochol chckhy ykedydy
RF1b-er,f43r,"f43r.14,+P0","ykeody.checkhy.choteey.odain.chckhchy.chokor,aiin",ykeody checkhy choteey odain chckhchy chokor aiin
RF1b-er,f43v,"f43v.1,@P0",pdsairy.dalteoshy.daly.sheek.or.arodl.lkeo.r.araiin.otedy.opolde,pdsairy dalteoshy daly sheek or arodl lkeo r araiin otedy opolde
RF1b-er,f43v,"f43v.2,+P0",shedy.octhy.otedy.chedy.dar.cheskhy.okeody.oky.okaldy.kchdy.okar,shedy octhy otedy chedy dar cheskhy okeody oky okaldy kchdy okar
RF1b-er,f43v,"f43v.3,+P0",tody.teedy.qot.chocthy.chky.oky.chdy.okedy.ykaiin.chey.ody.dary,tody teedy qot chocthy chky oky chdy okedy ykaiin chey ody dary
RF1b-er,f43v,"f43v.4,+P0",dcshey.ykeedy.chees.ain.shy.qocthedy.chey.qokar.checkhy.okam,dcshey ykeedy chees ain shy qocthedy chey qokar checkhy okam
RF1b-er,f43v,"f43v.5,+P0","qokchedy.or,alody.otedol.chcthdy.chtey",qokchedy or alody otedol chcthdy chtey
RF1b-er,f43v,"f43v.6,+P0",tolkchdy.okedy.qokedal.shedy.okedal.shedy.pchdol.otey.dalorain,tolkchdy okedy qokedal shedy okedal shedy pchdol otey dalorain
RF1b-er,f43v,"f43v.7,+P0",ytshedy.ykeody.oykeedy.chedy.tedy.chcthy.otam.ot.ytaiin.otas,ytshedy ykeody oykeedy chedy tedy chcthy otam ot ytaiin otas
RF1b-er,f43v,"f43v.8,+P0",shetcheodchs.ochedy.oteody.chedy.chody.daiin.sheody.ykar.chef,shetcheodchs ochedy oteody chedy chody daiin sheody ykar chef
RF1b-er,f43v,"f43v.9,+P0",ytchdy.olos.aiin.ockhy,ytchdy olos aiin ockhy
RF1b-er,f43v,"f43v.10,+P0",tarchor.ar.aldar.chdy.daldar.chepy.yteedy.s.ypchey.pchedy.yfor,tarchor ar aldar chdy daldar chepy yteedy s ypchey pchedy yfor
RF1b-er,f43v,"f43v.11,+P0",ysheey.or.air.yteey.cheody.ar.sheo.qody.chckhy.chdy.choty.shecthy,ysheey or air yteey cheody ar sheo qody chckhy chdy choty shecthy
RF1b-er,f43v,"f43v.12,+P0",yshee.kedy.dar.chey.qotedy.ekaiin.chedy.cthey.oteol.or.aiin.odain,yshee kedy dar chey qotedy ekaiin chedy cthey oteol or aiin odain
RF1b-er,f43v,"f43v.13,+P0",dshedy.tedy.ckhedy.chekcheey.dy.keody.otedy.cheetam.okedar.amam,dshedy tedy ckhedy chekcheey dy keody otedy cheetam okedar amam
RF1b-er,f43v,"f43v.14,+P0",dykeedain.chedy.okeedy.chedal.olkey.cheky.choalchedy.oteorom,dykeedain chedy okeedy chedal olkey cheky choalchedy oteorom
RF1b-er,f43v,"f43v.15,+P0","oteod.qolkeey.kaldy.chy.darody.qokeey.kol.dary,taros",oteod qolkeey kaldy chy darody qokeey kol dary taros
RF1b-er,f43v,"f43v.16,+P0",ol.eees.aiin.oloaiin.oteos.qoky.chey,ol eees aiin oloaiin oteos qoky chey
RF1b-er,f44r,"f44r.1,@P0",tshodpy.oracphy.koees.ypsholy.shy.otoloaiin,tshodpy oracphy koees ypsholy shy otoloaiin
RF1b-er,f44r,"f44r.2,+P0",ydsh.dyeees.yty.oky.okchey.qykchey.dchydy,ydsh dyeees yty oky okchey qykchey dchydy
RF1b-er,f44r,"f44r.3,+P0",oair.ekokeey.kshotol.otal.daiin.ototaykal,oair ekokeey kshotol otal daiin ototaykal
RF1b-er,f44r,"f44r.4,+P0","y,chor.ykchey.ykchy.chody.dam",y chor ykchey ykchy chody dam
RF1b-er,f44r,"f44r.5,+P0",toy.shysho.qoteey.chor.cheeky.sheey.ytey.daiin,toy shysho qoteey chor cheeky sheey ytey daiin
RF1b-er,f44r,"f44r.6,+P0",dshor.ytchol.shy.o.ocheekchy.qotchy.otchy.dar,dshor ytchol shy o ocheekchy qotchy otchy dar
RF1b-er,f44r,"f44r.7,+P0",qotsh.oqd.shol.qotshy.yyty.chom,qotsh oqd shol qotshy yyty chom
RF1b-er,f44r,"f44r.8,+P0",pshy.opchey.qopchy.ofchey.roiry.sholos.ykchy,pshy opchey qopchy ofchey roiry sholos ykchy
RF1b-er,f44r,"f44r.9,+P0",otchol.ol.dchckhy.qoky.qotchy.qokchy.qokyd,otchol ol dchckhy qoky qotchy qokchy qokyd
RF1b-er,f44r,"f44r.10,+P0",qokchor.okchy.qoto.ykol.choky.choky.choldam,qokchor okchy qoto ykol choky choky choldam
RF1b-er,f44r,"f44r.11,+P0",ytsho.qockhy.okchody,ytsho qockhy okchody
RF1b-er,f44v,"f44v.1,@P0",tsho.qotshy.cthol.d.chor.otol.shol.tol.qotshol.otoldy,tsho qotshy cthol d chor otol shol tol qotshol otoldy
RF1b-er,f44v,"f44v.2,+P0",yolkol.cheol.qokchain.daly.otchol.daiin.shol.qotor.ar,yolkol cheol qokchain daly otchol daiin shol qotor ar
RF1b-er,f44v,"f44v.3,+P0",tol.okchar.shcthy.otol.daiin.cthy.cthy,tol okchar shcthy otol daiin cthy cthy
RF1b-er,f44v,"f44v.4,+P0",yokalod.shaiin.shor.shorody.shky.sho.y.tchy.opchod.opy,yokalod shaiin shor shorody shky sho y tchy opchod opy
RF1b-er,f44v,"f44v.5,+P0",oain.shol.cthy.cphaiin.ykchor.otchy.qoty.otchear.cthain,oain shol cthy cphaiin ykchor otchy qoty otchear cthain
RF1b-er,f44v,"f44v.6,+P0",tol.dair.ytaiin.doly.kchain.otykeey.otchol.ytaiin.dy,tol dair ytaiin doly kchain otykeey otchol ytaiin dy
RF1b-er,f44v,"f44v.7,+P0",oko.tchaiin.cthol.dy.cheol.ololy,oko tchaiin cthol dy cheol ololy
RF1b-er,f44v,"f44v.8,+P0",tsheody.cthaiin.odaiin.shol.shey.ctyy<->ytoda<->ol,tsheody cthaiin odaiin shol shey ctyyytodaol
RF1b-er,f44v,"f44v.9,+P0",dshor.cthees.lolkeees.ckhy.chcthy.lo,dshor cthees lolkeees ckhy chcthy lo
RF1b-er,f44v,"f44v.10,+P0",lsho.qokchy.tshy.cphaiin.cthal.kal,lsho qokchy tshy cphaiin cthal kal
RF1b-er,f44v,"f44v.11,+P0",okal.chol.chol.choky.okaiin.cthy.otal,okal chol chol choky okaiin cthy otal
RF1b-er,f44v,"f44v.12,+P0",ychey.teol.chaiin.chcthy.ctho.cthol,ychey teol chaiin chcthy ctho cthol
RF1b-er,f44v,"f44v.13,+P0",lchar.shal.dairl,lchar shal dairl
RF1b-er,f45r,"f45r.1,@P0",pykydal.shackhy.oty.shey.qop.char.opchal.ypchar.ofchar,pykydal shackhy oty shey qop char opchal ypchar ofchar
RF1b-er,f45r,"f45r.2,+P0","sho,r.cthy.qoky.qokol.qokaiin.chol.chol.ykaiin.dar.om",sho r cthy qoky qokol qokaiin chol chol ykaiin dar om
RF1b-er,f45r,"f45r.3,+P0",qo.chcthy.kchol.daiin.qoaiin.cthy.chaiin.ykeey.cthom,qo chcthy kchol daiin qoaiin cthy chaiin ykeey cthom
RF1b-er,f45r,"f45r.4,+P0",lar.y.kaiin.ykeol.ykeol.cham,lar y kaiin ykeol ykeol cham
RF1b-er,f45r,"f45r.5,+P0",kol.sho.pchor.kchey.ty.opchaldy.otshy.qokchy.doldaiin,kol sho pchor kchey ty opchaldy otshy qokchy doldaiin
RF1b-er,f45r,"f45r.6,+P0",otchar.okchar.daiin.ytchody.tcholol.otar.dal.dary,otchar okchar daiin ytchody tcholol otar dal dary
RF1b-er,f45r,"f45r.7,+P0",lchar.qor.y.kar.dar,lchar qor y kar dar
RF1b-er,f45r,"f45r.8,+P0",tchol.cthy.qodaiin.cthy.dain.cthhey.atydal.daiin.g,tchol cthy qodaiin cthy dain cthhey atydal daiin g
RF1b-er,f45r,"f45r.9,+P0",dor.ar.chain.dain.ykolody.ytaiin.qotchol.kol.dy,dor ar chain dain ykolody ytaiin qotchol kol dy
RF1b-er,f45r,"f45r.10,+P0",okaiin.shar.yky.oky.kair.daldy.dalor.cheol.dal,okaiin shar yky oky kair daldy dalor cheol dal
RF1b-er,f45r,"f45r.11,+P0",l.okaiin.okcho.laldan.daldaiin,l okaiin okcho laldan daldaiin
RF1b-er,f45v,"f45v.1,@P0",kosary.chko.kolchey.fsholom.shor.ykchy.dod.opchaiin.olald,kosary chko kolchey fsholom shor ykchy dod opchaiin olald
RF1b-er,f45v,"f45v.2,+P0",okol.chor.daiin.cthy.okchol.chom.okolor.dy<->okchol.s,okol chor daiin cthy okchol chom okolor dyokchol s
RF1b-er,f45v,"f45v.3,+P0",qokchy.l.or.cheal.qotol.qotol.chy.ky.cthod<->ykar.yd,qokchy l or cheal qotol qotol chy ky cthodykar yd
RF1b-er,f45v,"f45v.4,+P0",okchy.qockhy.dain.dail.dair.shy,okchy qockhy dain dail dair shy
RF1b-er,f45v,"f45v.5,+P0",qotol.choiin.okchar.dar.oty<->shoto.dol.py<->otytam,qotol choiin okchar dar otyshoto dol pyotytam
RF1b-er,f45v,"f45v.6,+P0",rs.aiin.cphor.qokcy.tod<->ytchdy.dy<->dy.cheg,rs aiin cphor qokcy todytchdy dydy cheg
RF1b-er,f45v,"f45v.7,+P0",tchtchokchol.dshy.otyol<->ytchom,tchtchokchol dshy otyolytchom
RF1b-er,f45v,"f45v.8,+P0",yksheor.odal.sho.dy.pchom<->otor.oaiir,yksheor odal sho dy pchomotor oaiir
RF1b-er,f45v,"f45v.9,+P0",ychor.cthy.chol.qokom.sy<->sa.okchom,ychor cthy chol qokom sysa okchom
RF1b-er,f45v,"f45v.10,+P0",dshor.otshy.oky.tsholol<->ytchord,dshor otshy oky tshololytchord
RF1b-er,f45v,"f45v.11,+P0",or.chor.ytchy.doiin.dcholdy,or chor ytchy doiin dcholdy
RF1b-er,f46r,"f46r.1,@P0",pcheocphy.qotedy.chety.dy.chepchx.yfcheky.osaiin.shee.qoteol.daiin.shee.dy.daly,pcheocphy qotedy chety dy chepchx yfcheky osaiin shee qoteol daiin shee dy daly
RF1b-er,f46r,"f46r.2,+P0",sodaiin.sheeoly.qoor.sheoteoly.chckhy.daiin.shck.sheet.shedy.xor.aiin.sheckhy,sodaiin sheeoly qoor sheoteoly chckhy daiin shck sheet shedy xor aiin sheckhy
RF1b-er,f46r,"f46r.3,+P0","daiin.shor.y,kal.chethy.daiin.she.dalshedy.qokol.s.aiin.shee.ykar.daiin",daiin shor y kal chethy daiin she dalshedy qokol s aiin shee ykar daiin
RF1b-er,f46r,"f46r.4,+P0",tshedar.chol.kaldy.chckhy.qokaldy.chekal.chckhy.sheky.sheky.dalocthhy,tshedar chol kaldy chckhy qokaldy chekal chckhy sheky sheky dalocthhy
RF1b-er,f46r,"f46r.5,+P0",okeedy.shekeey.ykey.shedy.chdy.shky.qotsheod.ytedy.ytey.chear,okeedy shekeey ykey shedy chdy shky qotsheod ytedy ytey chear
RF1b-er,f46r,"f46r.6,+P0",tedy.dytedy.shee.keedy.ypchedy.chdalor.sheedy.odys.aiin.opchedy.dykedy.chdam,tedy dytedy shee keedy ypchedy chdalor sheedy odys aiin opchedy dykedy chdam
RF1b-er,f46r,"f46r.7,+P0",xol.shol.qokaiin.ytchdy.qokchdy.s.ar.chdy.cthy.otedy.chedy.qokar.chcthy.m,xol shol qokaiin ytchdy qokchdy s ar chdy cthy otedy chedy qokar chcthy m
RF1b-er,f46r,"f46r.8,+P0",dsheol.chy.chckhy.sha.shdy.chky.chody.cthdy.s.cheos.chey,dsheol chy chckhy sha shdy chky chody cthdy s cheos chey
RF1b-er,f46r,"f46r.9,+P0",tshdy.shdy.fchedy.dyfchdy.shol.kees.ytaly.fchdy.dy.karal.shky.yty.dardam,tshdy shdy fchedy dyfchdy shol kees ytaly fchdy dy karal shky yty dardam
RF1b-er,f46r,"f46r.10,+P0",tchey.shy.chkal.chd.qokdy.shdy.aloldy.olaiir.sheol,tchey shy chkal chd qokdy shdy aloldy olaiir sheol
RF1b-er,f46r,"f46r.11,+P0","pchdair.shd.shepdaiin.shdy.ocfhedy.qopchdy.ldy.shear.opdarshdy.s,a,yfchedy",pchdair shd shepdaiin shdy ocfhedy qopchdy ldy shear opdarshdy s a yfchedy
RF1b-er,f46r,"f46r.12,+P0",techy.daiin.sheockhy.choky.r.aiin.ches.shey.kar.sheckhy.chdy.chckham,techy daiin sheockhy choky r aiin ches shey kar sheckhy chdy chckham
RF1b-er,f46r,"f46r.13,+P0",arakaiin.shol.okeey.chol.dar.ols.lain.y,arakaiin shol okeey chol dar ols lain y
RF1b-er,f46r,"f46r.14,+P0",otchealtar.sholkshy.qokar.cheol.okal.dam.chdam.qokam,otchealtar sholkshy qokar cheol okal dam chdam qokam
RF1b-er,f46r,"f46r.15,+P0",qokar.sholkal.alkeody,qokar sholkal alkeody
RF1b-er,f46v,"f46v.1,@P0",podylshed.ypdyshedy.opchedy.ytedy.oepchol.yfchey.tochsy.okar.ykchdy.daiin,podylshed ypdyshedy opchedy ytedy oepchol yfchey tochsy okar ykchdy daiin
RF1b-er,f46v,"f46v.2,+P0","ytair.aiin.otchdy,okaly.daiin.qokedy.otar.ar.oldy.otedy.saim.okey.tody.daiin",ytair aiin otchdy okaly daiin qokedy otar ar oldy otedy saim okey tody daiin
RF1b-er,f46v,"f46v.3,+P0",ytchey.keody.chockhdy.chotal.okalshdy.shdy.qokar.oty.qoty.shedy.chedy.dam,ytchey keody chockhdy chotal okalshdy shdy qokar oty qoty shedy chedy dam
RF1b-er,f46v,"f46v.4,+P0",ydaiin.chckhy.chdal.olar.chckhdy.chdody.tar.cham.kedy.daiin.y.kaiir.shckhefy,ydaiin chckhy chdal olar chckhdy chdody tar cham kedy daiin y kaiir shckhefy
RF1b-er,f46v,"f46v.5,+P0",lodaiin.shedy.qokedy.chdy.okedy.dykaly.daiin.chedy.okeedy.s.ar.air.cthy,lodaiin shedy qokedy chdy okedy dykaly daiin chedy okeedy s ar air cthy
RF1b-er,f46v,"f46v.6,+P0",tar.aiirchar.shedy.olaiin.qotedy.sheedy.qokaldy.qokedy.doir.chody.cthhy.m,tar aiirchar shedy olaiin qotedy sheedy qokaldy qokedy doir chody cthhy m
RF1b-er,f46v,"f46v.7,+P0",dchedy.cheeky.dam.ched.lchedy.chedy,dchedy cheeky dam ched lchedy chedy
RF1b-er,f46v,"f46v.8,=Pt",okeedchsy.qokeedy.chetedar.or.aickyy,okeedchsy qokeedy chetedar or aickyy
RF1b-er,f46v,"f46v.9,+P1",yteedy.shedy.checkhdy.chtedy.daim,yteedy shedy checkhdy chtedy daim
RF1b-er,f46v,"f46v.10,+P1",sheol.or.chey.okaiin.daim.oty.om,sheol or chey okaiin daim oty om
RF1b-er,f46v,"f46v.11,+P1",tolshey.otedy.chocpheod.oty.dam,tolshey otedy chocpheod oty dam
RF1b-er,f46v,"f46v.12,+P1",dair.aly.chdam.chcthy.chdam,dair aly chdam chcthy chdam
RF1b-er,f46v,"f46v.13,+P1",ykar.chedy,ykar chedy
RF1b-er,f47r,"f47r.1,@P0",pchair.oly.sheaiin.shol.daiin.chdy,pchair oly sheaiin shol daiin chdy
RF1b-er,f47r,"f47r.2,+P0",chokchol.chol.choldy.dair.chad.aiin,chokchol chol choldy dair chad aiin
RF1b-er,f47r,"f47r.3,+P0",dor.chol.chy.chaiin.ckhey.chol.dain.okaiin,dor chol chy chaiin ckhey chol dain okaiin
RF1b-er,f47r,"f47r.4,+P0",qokcheo.cthey.chokain.chol.daiin.kchdal,qokcheo cthey chokain chol daiin kchdal
RF1b-er,f47r,"f47r.5,+P0",dain.olshey.chokolg,dain olshey chokolg
RF1b-er,f47r,"f47r.6,+P0",folr.chey.so.chol.shol.aiin.shol.shol.chdy.cholol,folr chey so chol shol aiin shol shol chdy cholol
RF1b-er,f47r,"f47r.7,+P0",schesy.kchor.cthaiin.chol.chol.chol.chor.ckhhey,schesy kchor cthaiin chol chol chol chor ckhhey
RF1b-er,f47r,"f47r.8,+P0","sho,keey.chy.tchod.choy.sho.cht,chy,kchar.ctham",sho keey chy tchod choy sho cht chy kchar ctham
RF1b-er,f47r,"f47r.9,+P0","qokokor.chaiin.okal.chol.daiin.okchokchor,sy",qokokor chaiin okal chol daiin okchokchor sy
RF1b-er,f47r,"f47r.10,+P0",shy.otcho.keey.tor.chey.otchy.tchol.dain.dam,shy otcho keey tor chey otchy tchol dain dam
RF1b-er,f47r,"f47r.11,+P0",dsho.cphy.daiin.daiiny,dsho cphy daiin daiiny
RF1b-er,f47v,"f47v.1,@P0",psheot.cheor.cholsho.chopchy.sal<->sary,psheot cheor cholsho chopchy salsary
RF1b-er,f47v,"f47v.2,+P0",dsheey.shy.cphy.otchey.daiidy.chory<->daiiy,dsheey shy cphy otchey daiidy chorydaiiy
RF1b-er,f47v,"f47v.3,+P0",shol.char.oteol.dor.otchol.chkchy<->daiin,shol char oteol dor otchol chkchydaiin
RF1b-er,f47v,"f47v.4,+P0",qotol.sheey.kol.sho.keechy.qoty<->cthy,qotol sheey kol sho keechy qotycthy
RF1b-er,f47v,"f47v.5,+P0",dsholy.shees.chor.ody.shy.sy<->sary,dsholy shees chor ody shy sysary
RF1b-er,f47v,"f47v.6,+P0",chody.cheor.saiin.dochod<->chol,chody cheor saiin dochodchol
RF1b-er,f47v,"f47v.7,+P0",pchodaiin.dair.dcthy,pchodaiin dair dcthy
RF1b-er,f47v,"f47v.8,+P0",daiin.cheotar.chodaly.sal,daiin cheotar chodaly sal
RF1b-er,f47v,"f47v.9,+P0",qotcheey.chety.chol.chol.dain,qotcheey chety chol chol dain
RF1b-er,f47v,"f47v.10,+P0",chotcho.ltchey.o.tchotchy.dy<->chol.chody.dar,chotcho ltchey o tchotchy dychol chody dar
RF1b-er,f47v,"f47v.11,+P0",oteey.cho.chdy.chy.key.chyky<->dchy.daiin.chy,oteey cho chdy chy key chykydchy daiin chy
RF1b-er,f47v,"f47v.12,+P0",chy.cho.keesy.chy.chy.cheky<->chochy.daiin,chy cho keesy chy chy chekychochy daiin
RF1b-er,f47v,"f47v.13,+P0",dshy.daiin.chdlety.chaiin<->dcheey.otald,dshy daiin chdlety chaiindcheey otald
RF1b-er,f47v,"f47v.14,+P0",chol.ctchey,chol ctchey
RF1b-er,f48r,"f48r.1,@P0",pshdaiin.ypchdy.opchey.ckhy.dal.sheodaiin.sheokeol.ykeeody.olaiin.opaldy,pshdaiin ypchdy opchey ckhy dal sheodaiin sheokeol ykeeody olaiin opaldy
RF1b-er,f48r,"f48r.2,+P0",daiin.yteeol.cheody.kechodshey.qotedy.chtaiin.otchdy.tedain.okain.ckhy,daiin yteeol cheody kechodshey qotedy chtaiin otchdy tedain okain ckhy
RF1b-er,f48r,"f48r.3,+P0",sheody.she.teoteey.oteodaiin.ody.qoteo.l.kedy.dol.odal.qotar.opchety.ldy,sheody she teoteey oteodaiin ody qoteo l kedy dol odal qotar opchety ldy
RF1b-er,f48r,"f48r.4,+P0",tolkeol.dain.otaiin.ykeedy.chet.ytedytedy.qokdy.tshdy.chetedy.ctheety.r,tolkeol dain otaiin ykeedy chet ytedytedy qokdy tshdy chetedy ctheety r
RF1b-er,f48r,"f48r.5,+P0",yteey.teol.okeody.cheockhy.olsheey.qoekaiin.octhey.cholkar.aiin.cthar.od,yteey teol okeody cheockhy olsheey qoekaiin octhey cholkar aiin cthar od
RF1b-er,f48r,"f48r.6,+P0","alshey.lkeedy.ytchedy.qokedy.lotal.qotol.otal.ched.o.key.ykeey.dal,dy",alshey lkeedy ytchedy qokedy lotal qotol otal ched o key ykeey dal dy
RF1b-er,f48r,"f48r.7,+P0",tocthy.qokeol.yteedy.lolkeol.otolches.al.or.ykeeodam.okedy.okam,tocthy qokeol yteedy lolkeol otolches al or ykeeodam okedy okam
RF1b-er,f48r,"f48r.8,+Pr",otchdain.shol.oteol.oteoly.ykeey.damdr,otchdain shol oteol oteoly ykeey damdr
RF1b-er,f48r,"f48r.9,+Pc",ykeched.ar.olkey.okeoam,ykeched ar olkey okeoam
RF1b-er,f48v,"f48v.1,@P0",pcheodchy.dshedy.fchedy.los.aiin.ykeeedy.shey.ypchedy.teedy.chdy.ypairy.chedyty,pcheodchy dshedy fchedy los aiin ykeeedy shey ypchedy teedy chdy ypairy chedyty
RF1b-er,f48v,"f48v.2,+P0",chey.tedy.otchody.ykeedy.otar.yotedy.cthdy<->okain.chety.choolkeey,chey tedy otchody ykeedy otar yotedy cthdyokain chety choolkeey
RF1b-er,f48v,"f48v.3,+P0",alchey.kor.y.keody.olkeeey.chody.chedy.daly<->okeeor.aiin.otar.air.am,alchey kor y keody olkeeey chody chedy dalyokeeor aiin otar air am
RF1b-er,f48v,"f48v.4,+P0",dchedy.teeddy.otsh.okeey.ty.otar.alchdy<->yteedy.oteed.ykedy.m,dchedy teeddy otsh okeey ty otar alchdyyteedy oteed ykedy m
RF1b-er,f48v,"f48v.5,+P0",lkeey.qocthedy.taiin.shed.qokar.otedy.dy<->dain.tolkain.otam,lkeey qocthedy taiin shed qokar otedy dydain tolkain otam
RF1b-er,f48v,"f48v.6,+P0",shdy.qokain.okar.otar.or.otees.ol.or.ain<->otal.ok.ytar.chedy.am,shdy qokain okar otar or otees ol or ainotal ok ytar chedy am
RF1b-er,f48v,"f48v.7,+P0",pchedar.chey<->ypchedy.otedy.shefeeedy.al<->shedy.otedy.fcheodal.cphheg,pchedar cheyypchedy otedy shefeeedy alshedy otedy fcheodal cphheg
RF1b-er,f48v,"f48v.8,+P0",oteody.chkey<->okedy.chcthedy.ykedy.oldy<->otoly.chey.kaly.tokar.otam,oteody chkeyokedy chcthedy ykedy oldyotoly chey kaly tokar otam
RF1b-er,f48v,"f48v.9,+P0",tor.shody.okal<->otchedy.cheky.oly.loldy.lol<->otchdy.otoldy.ytam.otedy,tor shody okalotchedy cheky oly loldy lolotchdy otoldy ytam otedy
RF1b-er,f48v,"f48v.10,+P0",tol.chedy.ytedy<->ykeol.chdy.chdor.chtol.chdy<->ytchedal.cthey.okar.ar.ary,tol chedy ytedyykeol chdy chdor chtol chdyytchedal cthey okar ar ary
RF1b-er,f48v,"f48v.11,+P0",ykeedal.chckhy<->ykal.ytam.or.cheedls.sary,ykeedal chckhyykal ytam or cheedls sary
RF1b-er,f49r,"f49r.1,@P0",pachol.dy.shor.shol.shtchy.shorpchor.opchor.shorkchy,pachol dy shor shol shtchy shorpchor opchor shorkchy
RF1b-er,f49r,"f49r.2,+P0",qotor.sho.chotchy.choshy.qopchar.qo.dor.daiin,qotor sho chotchy choshy qopchar qo dor daiin
RF1b-er,f49r,"f49r.3,+P0",dsho<->dchor.dchor.daiin.dor.cheoraiin,dshodchor dchor daiin dor cheoraiin
RF1b-er,f49r,"f49r.4,+P0",ksho.qodain.chotshy.dodar,ksho qodain chotshy dodar
RF1b-er,f49r,"f49r.5,+P0",chor.sheor.chey.teey.qotan,chor sheor chey teey qotan
RF1b-er,f49r,"f49r.6,+P0",ol.or.shsees.sheoty.choldaiin,ol or shsees sheoty choldaiin
RF1b-er,f49r,"f49r.7,+P0",qokeor.cheey.qokchy.qotody,qokeor cheey qokchy qotody
RF1b-er,f49r,"f49r.8,+P0",clot.chor.chy.cheet.qolsor,clot chor chy cheet qolsor
RF1b-er,f49r,"f49r.9,+P0",oykeeey.chey.kshey.choroiin,oykeeey chey kshey choroiin
RF1b-er,f49r,"f49r.10,+P0",sho.r.choiin.shor.shorshy,sho r choiin shor shorshy
RF1b-er,f49r,"f49r.11,+P0",chotcheol.dchol,chotcheol dchol
RF1b-er,f49r,"f49r.12,+P0",podaiin.cheo.kcho.daiin.chcthy,podaiin cheo kcho daiin chcthy
RF1b-er,f49r,"f49r.13,+P0",sod.choly.tcheol.daiin.cthodd,sod choly tcheol daiin cthodd
RF1b-er,f49r,"f49r.14,+P0",qo.shoqoky.shor.sheos.otol.daiin,qo shoqoky shor sheos otol daiin
RF1b-er,f49r,"f49r.15,+P0",ochol.chol.chody.dchodaiin.daiin,ochol chol chody dchodaiin daiin
RF1b-er,f49r,"f49r.16,+P0",qocho.cheey.dchey.qotchody,qocho cheey dchey qotchody
RF1b-er,f49r,"f49r.17,+P0",olol.ol.chey.chey.kchy.qotchol.chosory,olol ol chey chey kchy qotchol chosory
RF1b-er,f49r,"f49r.18,+P0",sheor.cheol.od.cho.dcheeey.qotchotchy,sheor cheol od cho dcheeey qotchotchy
RF1b-er,f49r,"f49r.19,+P0",dcheo.r.cheey.keolchey.chokchol.chokan,dcheo r cheey keolchey chokchol chokan
RF1b-er,f49r,"f49r.20,+P0",qotcho.chods.cho.chochy.chs.oriin,qotcho chods cho chochy chs oriin
RF1b-er,f49r,"f49r.21,+P0",odcho.chor.ety.shol,odcho chor ety shol
RF1b-er,f49v,"f49v.1,@L0",p,p
RF1b-er,f49v,"f49v.2,=P0",kshor.shol.cphokchol.chcfhhy,kshor shol cphokchol chcfhhy
RF1b-er,f49v,"f49v.3,*L0",o,o
RF1b-er,f49v,"f49v.4,=P0",qokchy.qokchod.sho.ckhy,qokchy qokchod sho ckhy
RF1b-er,f49v,"f49v.5,*L0",r,r
RF1b-er,f49v,"f49v.6,=P0",chotchy.chcthy.cthey.koddy,chotchy chcthy cthey koddy
RF1b-er,f49v,"f49v.7,*L0",y,y
RF1b-er,f49v,"f49v.8,=P0",okeodsho.chotshol.dam,okeodsho chotshol dam
RF1b-er,f49v,"f49v.9,*L0",e,e
RF1b-er,f49v,"f49v.10,=P0",shol.shodaiin.qotchar,shol shodaiin qotchar
RF1b-er,f49v,"f49v.12,=P0",qotchy.chokchy.choky,qotchy chokchy choky
RF1b-er,f49v,"f49v.13,*L0",k,k
RF1b-er,f49v,"f49v.14,=P0",chotchy.chodaiin.dan,chotchy chodaiin dan
RF1b-er,f49v,"f49v.15,*L0",s,s
RF1b-er,f49v,"f49v.16,=P0","qoteees.cheo.d,aiin.dol",qoteees cheo d aiin dol
RF1b-er,f49v,"f49v.17,*L0",p,p
RF1b-er,f49v,"f49v.18,=P0",ochor.sheeod.ksheodl,ochor sheeod ksheodl
RF1b-er,f49v,"f49v.19,*L0",o,o
RF1b-er,f49v,"f49v.20,=P0",qokshodaiin.shckhy.dar,qokshodaiin shckhy dar
RF1b-er,f49v,"f49v.21,*L0",r,r
RF1b-er,f49v,"f49v.22,=P0",dchol.cthol.daiin.choky,dchol cthol daiin choky
RF1b-er,f49v,"f49v.23,*L0",y,y
RF1b-er,f49v,"f49v.24,=P0",ochokeey.ckhey.daiin.dain.chokam,ochokeey ckhey daiin dain chokam
RF1b-er,f49v,"f49v.25,*L0",e,e
RF1b-er,f49v,"f49v.26,=P0",qokeol.chokeeody.otol.kchos.chol.daiin,qokeol chokeeody otol kchos chol daiin
RF1b-er,f49v,"f49v.28,=P0",fchochor.shol.tchol.opcheodal.dchsy<->chotchy,fchochor shol tchol opcheodal dchsychotchy
RF1b-er,f49v,"f49v.29,*L0",s,s
RF1b-er,f49v,"f49v.30,=P0","dcho.d,chol.chokchodaiin.chokchy.tchol<->okchokol",dcho d chol chokchodaiin chokchy tcholokchokol
RF1b-er,f49v,"f49v.31,*L0",p,p
RF1b-er,f49v,"f49v.32,=P0",tchotchey.chokeeodol.rcheey.otchodar<->dcho.dchog,tchotchey chokeeodol rcheey otchodardcho dchog
RF1b-er,f49v,"f49v.33,*L0",o,o
RF1b-er,f49v,"f49v.34,=P0",shocho.oaiin.sheo.choty,shocho oaiin sheo choty
RF1b-er,f49v,"f49v.35,*L0",r,r
RF1b-er,f49v,"f49v.36,=P0",qotcho.cheol.chols.cho.chcthey.dcheol<->chotchody,qotcho cheol chols cho chcthey dcheolchotchody
RF1b-er,f49v,"f49v.37,*L0",y,y
RF1b-er,f49v,"f49v.38,=P0",chokeo.sho.cheor.cheokchet.chor.daiin.dy<->daiin.qokd,chokeo sho cheor cheokchet chor daiin dydaiin qokd
RF1b-er,f49v,"f49v.39,*L0",e,e
RF1b-er,f49v,"f49v.40,=P0",oaiin.chy.daiin.chol.chaiin.kshordy<->chokchy,oaiin chy daiin chol chaiin kshordychokchy
RF1b-er,f49v,"f49v.42,=P0",qokeaiin.cheo.chor.choteey.kcheol.dain<->cho.dairin,qokeaiin cheo chor choteey kcheol daincho dairin
RF1b-er,f49v,"f49v.43,*L0",d,d
RF1b-er,f49v,"f49v.44,=P0",chokaiin.cho.dls.chariin.daiin.chain.dy<->chetcho.dy,chokaiin cho dls chariin daiin chain dychetcho dy
RF1b-er,f49v,"f49v.45,*L0",y,y
RF1b-er,f49v,"f49v.46,=P0",oaiin.cheky.r.cho.rchseesy.kchor.sol<->chctho.s,oaiin cheky r cho rchseesy kchor solchctho s
RF1b-er,f49v,"f49v.47,*L0",e,e
RF1b-er,f49v,"f49v.48,=P0",qotcheol.chey.chor.chokaly.chordal<->chaiind,qotcheol chey chor chokaly chordalchaiind
RF1b-er,f49v,"f49v.49,*L0",k,k
RF1b-er,f49v,"f49v.50,=P0","chol.chor.ches.chkalchy.chokeeoky<->chok,oran",chol chor ches chkalchy chokeeokychok oran
RF1b-er,f49v,"f49v.51,*L0",y,y
RF1b-er,f49v,"f49v.52,=P0",ykchokeo.r.cheey.daiin,ykchokeo r cheey daiin
RF1b-er,f50r,"f50r.1,@P0",psheor.olkair.olfchedy.qopeeedar.opchey.dair.olaiin.chefchdy,psheor olkair olfchedy qopeeedar opchey dair olaiin chefchdy
RF1b-er,f50r,"f50r.2,+P0",sor.orsheckhy.ockhody.shos.alol.dy.kar.oky.daiiin.okar.ar.okam,sor orsheckhy ockhody shos alol dy kar oky daiiin okar ar okam
RF1b-er,f50r,"f50r.3,+P0",tshol.kar.sheedy.okeody.qokedy.chody.kchdy.pchdy.chkaiin.odam,tshol kar sheedy okeody qokedy chody kchdy pchdy chkaiin odam
RF1b-er,f50r,"f50r.4,+P0",tchdy.qokar.chedy.qokchdy.qokaiin.or.ar.alol.keodaiin.olr,tchdy qokar chedy qokchdy qokaiin or ar alol keodaiin olr
RF1b-er,f50r,"f50r.5,+P0",solkchy.chckhy.qokchdy.qokchdy.okar.ar.y.qokchdy.kar.ar.okain,solkchy chckhy qokchdy qokchdy okar ar y qokchdy kar ar okain
RF1b-er,f50r,"f50r.6,+P0",ykain.sheor.olkchedy.okal.qotor.cheeor.olkeedy.daiin.qoky,ykain sheor olkchedy okal qotor cheeor olkeedy daiin qoky
RF1b-er,f50r,"f50r.7,+P0",todalain.qotal.kaiin.otaiin.otal.she.kar.ariin.okchedy.dariin,todalain qotal kaiin otaiin otal she kar ariin okchedy dariin
RF1b-er,f50r,"f50r.8,+P0",ykykaiin.sheekar.otchdy.dar.kar.shedain.taipar.orolkain,ykykaiin sheekar otchdy dar kar shedain taipar orolkain
RF1b-er,f50r,"f50r.9,+P0",ytchdy.kchedy<->ykeey.kaiin.qokain.ald.alosam,ytchdy kchedyykeey kaiin qokain ald alosam
RF1b-er,f50r,"f50r.10,+P0",solkaiin<->opalkechckhy.darin.chky,solkaiinopalkechckhy darin chky
RF1b-er,f50v,"f50v.1,@P0",tchy.do.ldar.shotchdy.qokchdy.opchedy.qokol.shor.ofar.fardam,tchy do ldar shotchdy qokchdy opchedy qokol shor ofar fardam
RF1b-er,f50v,"f50v.2,+P0",tchodain.oeeey.okaiin.shedy.qokaly.chdy.oky.keody.cheey.okain,tchodain oeeey okaiin shedy qokaly chdy oky keody cheey okain
RF1b-er,f50v,"f50v.3,+P0",pochedy.qokody.checkhy.shckhy.dalol.ykeeey.qokedy.okain.okal,pochedy qokody checkhy shckhy dalol ykeeey qokedy okain okal
RF1b-er,f50v,"f50v.4,+P0",dar.qoain.olaiin.ols.aiin.ol.okeedy.okchdy.otar.chckhhy.or,dar qoain olaiin ols aiin ol okeedy okchdy otar chckhhy or
RF1b-er,f50v,"f50v.5,+P0",ychy.tair.chckhy.qekaiin.qodaiin.olcheky.chedy.chkedy.okedyd,ychy tair chckhy qekaiin qodaiin olcheky chedy chkedy okedyd
RF1b-er,f50v,"f50v.6,+P0",daiin.kedair.okal.chody.qokedy.okar.okchey.okedy.atar.chkchy,daiin kedair okal chody qokedy okar okchey okedy atar chkchy
RF1b-er,f50v,"f50v.7,+P0",tedaiin.odaiin.ar.okaiin.ykor.daiin.choky.qotchdy.kcy.dairam,tedaiin odaiin ar okaiin ykor daiin choky qotchdy kcy dairam
RF1b-er,f50v,"f50v.8,+P0",ykar.okair.otar.qokedy.ykchol.kar.chckhy.olkaiin.okain.qod,ykar okair otar qokedy ykchol kar chckhy olkaiin okain qod
RF1b-er,f50v,"f50v.9,+P0",ytsheod.ain.sheshy.echedy.kchdy<->otaiin.okaiin.oky,ytsheod ain sheshy echedy kchdyotaiin okaiin oky
RF1b-er,f50v,"f50v.10,+P0",dchedy.akaiin.olchdy.oloeedy<->ykeeod.ar.araod,dchedy akaiin olchdy oloeedyykeeod ar araod
RF1b-er,f50v,"f50v.11,+P0",lchey.kar.ykchy.kchdy,lchey kar ykchy kchdy
RF1b-er,f51r,"f51r.1,@P0",tsholdchy.qotchy.opchear.ypchedy,tsholdchy qotchy opchear ypchedy
RF1b-er,f51r,"f51r.2,+P0",dcheodaiin.ckheody.ckhody.chody,dcheodaiin ckheody ckhody chody
RF1b-er,f51r,"f51r.3,+P0",ydchody.ckhey.oty.ckheodar.qoky,ydchody ckhey oty ckheodar qoky
RF1b-er,f51r,"f51r.4,+P0",daiin.ctes.okol.cheody.ckhy.cheeey,daiin ctes okol cheody ckhy cheeey
RF1b-er,f51r,"f51r.5,+P0",tcheody.qodaiin.okeey.qockhey.taiin,tcheody qodaiin okeey qockhey taiin
RF1b-er,f51r,"f51r.6,+P0",ychodaiin.chokaiin.ykchadaiin.ykald,ychodaiin chokaiin ykchadaiin ykald
RF1b-er,f51r,"f51r.7,+P0",ychosar.chckhy.kcho.qokchy.qotal,ychosar chckhy kcho qokchy qotal
RF1b-er,f51r,"f51r.8,+P0",oshol.odaiin.ckhhy.ckheody.qokey.otydy,oshol odaiin ckhhy ckheody qokey otydy
RF1b-er,f51r,"f51r.9,+P0",tol.daiin.daim.qchodal.dal.qody.qoetam,tol daiin daim qchodal dal qody qoetam
RF1b-er,f51r,"f51r.10,+P0",ykchol.dar.shey.qokeol.kchey.shol.okam,ykchol dar shey qokeol kchey shol okam
RF1b-er,f51r,"f51r.11,+P0",tchodaiin.opeeady.qokol.oteodaiin.kolotag,tchodaiin opeeady qokol oteodaiin kolotag
RF1b-er,f51r,"f51r.12,+P0",yoees.ckheey.kol.cheeal.okeor.qockhey.pchodal,yoees ckheey kol cheeal okeor qockhey pchodal
RF1b-er,f51r,"f51r.13,+P0",oaiin.ckhol.ykieol.otchey.cpheodaiin.ykeoldy,oaiin ckhol ykieol otchey cpheodaiin ykeoldy
RF1b-er,f51r,"f51r.14,+P0",daiicthy.qodaiin.kaiiidal<->cphodal<->s.al.dam,daiicthy qodaiin kaiiidalcphodals al dam
RF1b-er,f51r,"f51r.15,+P0",qokol.cheor.ckhal.s.or.aldy<->otal,qokol cheor ckhal s or aldyotal
RF1b-er,f51v,"f51v.1,@P0",poshody.qokodar.shodaiin.qotal<->dscheey.saiindy,poshody qokodar shodaiin qotaldscheey saiindy
RF1b-er,f51v,"f51v.2,+P0",dshody.ckhody.qokol.dykaiin.chy<->qokey.daiin.cthy,dshody ckhody qokol dykaiin chyqokey daiin cthy
RF1b-er,f51v,"f51v.3,+P0",tchody.cthy.chckhey.qod.ytchody<->dchol.saiin.ytam,tchody cthy chckhey qod ytchodydchol saiin ytam
RF1b-er,f51v,"f51v.4,+P0",otaiin.qodal.ytal.cheodar.s.ody<->oteo.daiin.shokog,otaiin qodal ytal cheodar s odyoteo daiin shokog
RF1b-er,f51v,"f51v.5,+P0",todaiin.ytody.qokol.shodol.qockhy<->ykol.otaiin.dar.y,todaiin ytody qokol shodol qockhyykol otaiin dar y
RF1b-er,f51v,"f51v.6,+P0",okor.ctheody.qocphy.qokal.qotaiin<->otykal.choldaiin,okor ctheody qocphy qokal qotaiinotykal choldaiin
RF1b-er,f51v,"f51v.7,+P0",qotol.chodaiin.qokcheody.cho.r.chod<->ycthol.s.olcheety,qotol chodaiin qokcheody cho r chodycthol s olcheety
RF1b-er,f51v,"f51v.8,+P0",olkeeody.qokal.qodaiin.ykhor.yfal,olkeeody qokal qodaiin ykhor yfal
RF1b-er,f51v,"f51v.9,+P0",daiin.ckhol.shain.kcholol,daiin ckhol shain kcholol
RF1b-er,f51v,"f51v.10,+P0",ykeol.sheo.qokody.fold,ykeol sheo qokody fold
RF1b-er,f51v,"f51v.11,+P0",ycheoky.sheey.ykeey.chey,ycheoky sheey ykeey chey
RF1b-er,f51v,"f51v.12,+P0",achockhy.daiin.chockhey,achockhy daiin chockhey
RF1b-er,f51v,"f51v.13,+P0",daiin.cheol.cheodain,daiin cheol cheodain
RF1b-er,f52r,"f52r.1,@P0",tdokchcfhy.ycphko.ytair.shar.qofydaiin.ypchy.otchol.dar.yty,tdokchcfhy ycphko ytair shar qofydaiin ypchy otchol dar yty
RF1b-er,f52r,"f52r.2,+P0",oty.shor.ytoldy.qoky.koldal.oteees.dals<->otar.dl,oty shor ytoldy qoky koldal oteees dalsotar dl
RF1b-er,f52r,"f52r.3,+P0",tchotshey.qoty.okchol.tchody.qotam.oky<->ytoldy,tchotshey qoty okchol tchody qotam okyytoldy
RF1b-er,f52r,"f52r.4,+P0",lshopchy.qoka.qotchy.oty.dar.oty.dam<->ychcthod,lshopchy qoka qotchy oty dar oty damychcthod
RF1b-er,f52r,"f52r.5,+P0",oky.chor.okchal.okchar.shor.tol.ykair<->ytchdam,oky chor okchal okchar shor tol ykairytchdam
RF1b-er,f52r,"f52r.6,+P0",daiin.shedaiin.qodal.dy.chokam.otchordy<->okchol.do,daiin shedaiin qodal dy chokam otchordyokchol do
RF1b-er,f52r,"f52r.7,+P0",qokshy.qockhom.dals.shodaim.tcham.dody<->ykeey.daid.al,qokshy qockhom dals shodaim tcham dodyykeey daid al
RF1b-er,f52r,"f52r.8,+P0",or.cheey.dor.shey.kom.s.cheey.dcham.daiin,or cheey dor shey kom s cheey dcham daiin
RF1b-er,f52v,"f52v.1,@P0",pchor.chcphol.cphaiiin.otcheor.ytorkol.chocphos,pchor chcphol cphaiiin otcheor ytorkol chocphos
RF1b-er,f52v,"f52v.2,+P0",ytchey.chol.cthodaiir.shy.kor.ese.chor.chy.dam,ytchey chol cthodaiir shy kor ese chor chy dam
RF1b-er,f52v,"f52v.3,+P0",oor.chor.chochar.ls.chteeor.ytol.sheol.otam,oor chor chochar ls chteeor ytol sheol otam
RF1b-er,f52v,"f52v.4,+P0",tchor.ctheor.ctheol.cheeor.cheol.chckheey.sody,tchor ctheor ctheol cheeor cheol chckheey sody
RF1b-er,f52v,"f52v.5,+P0",yteey.cthor.cheor.cpheodar.dy<->rarg,yteey cthor cheor cpheodar dyrarg
RF1b-er,f52v,"f52v.6,+P0",qotodaiin.cthor.oty.kcholy,qotodaiin cthor oty kcholy
RF1b-er,f52v,"f52v.7,+P0",pcheol.sholoiin.cthor.aiin,pcheol sholoiin cthor aiin
RF1b-er,f52v,"f52v.8,+P0",kodaiin.cthy.qokeey.s.ol,kodaiin cthy qokeey s ol
RF1b-er,f52v,"f52v.9,+P0",daiin.ckheol.chol.qokeol.daiin,daiin ckheol chol qokeol daiin
RF1b-er,f52v,"f52v.10,+P0",yokeey.qokody.chol.sols.aiin,yokeey qokody chol sols aiin
RF1b-er,f52v,"f52v.11,+P0",daiin.shor.qodaiin.ckhey.sal,daiin shor qodaiin ckhey sal
RF1b-er,f52v,"f52v.12,+P0",qoekar.ckhol.ykchody.ckhy,qoekar ckhol ykchody ckhy
RF1b-er,f52v,"f52v.13,+P0",ykar.okaiiin.ckheeey.daiim,ykar okaiiin ckheeey daiim
RF1b-er,f52v,"f52v.14,+P0",odar.cheokor.ckheey,odar cheokor ckheey
RF1b-er,f53r,"f53r.1,@P0",kadam.chocthody.oty,kadam chocthody oty
RF1b-er,f53r,"f53r.2,+P0",dol.dain.schoshe.oty,dol dain schoshe oty
RF1b-er,f53r,"f53r.3,+P0",shoas.chokan.ody,shoas chokan ody
RF1b-er,f53r,"f53r.4,+P0",ytchodaiin.yky.otchey.otod,ytchodaiin yky otchey otod
RF1b-er,f53r,"f53r.5,+P0",oksh.otol.cfhy.cphodol.ykody.qokchod<->otcho.qot.oty,oksh otol cfhy cphodol ykody qokchodotcho qot oty
RF1b-er,f53r,"f53r.6,+P0",ykeodar.oqoar.ockh.odor.chain.qokod<->ykchdy.chees.dal,ykeodar oqoar ockh odor chain qokodykchdy chees dal
RF1b-er,f53r,"f53r.7,+P0",sodar.otos.qoy.tchy.otey.chos.okod<->ykchody.qokeey,sodar otos qoy tchy otey chos okodykchody qokeey
RF1b-er,f53r,"f53r.8,+P0",qotchol.dar.qoty.chtor.oltsho.cto<->ykeeog.o.ytoyd,qotchol dar qoty chtor oltsho ctoykeeog o ytoyd
RF1b-er,f53r,"f53r.9,+P0",otol.chol.ctheees.os.orol.chod.qoty,otol chol ctheees os orol chod qoty
RF1b-er,f53v,"f53v.1,@P0",tshorshey.qodckhy.epho.oltshey.daiin.qopchy,tshorshey qodckhy epho oltshey daiin qopchy
RF1b-er,f53v,"f53v.2,+P0",okeey.daiin.sheekol.shom.shol.cthy.dcham.do,okeey daiin sheekol shom shol cthy dcham do
RF1b-er,f53v,"f53v.3,+P0",ydaiin.cphom.chol.dockhy.cthol.dam.oty,ydaiin cphom chol dockhy cthol dam oty
RF1b-er,f53v,"f53v.4,+P0",qokol.daiiin.qockhor.okchor.daiiodain.d,qokol daiiin qockhor okchor daiiodain d
RF1b-er,f53v,"f53v.5,+P0",ysheey.ckhol.chckhey.daiin.ctheody.ydy,ysheey ckhol chckhey daiin ctheody ydy
RF1b-er,f53v,"f53v.6,+P0",ochoiky.dshey.chol.ykcheody.choldam,ochoiky dshey chol ykcheody choldam
RF1b-er,f53v,"f53v.7,+P0",todaiin.shodaiin.qotea.dchy.qotod.odaiin,todaiin shodaiin qotea dchy qotod odaiin
RF1b-er,f53v,"f53v.8,+P0",sheey.kshady.tsheody.sheody.sheetchy.opod,sheey kshady tsheody sheody sheetchy opod
RF1b-er,f53v,"f53v.9,+P0","o,ctheo,dy.shody.qodal.cthody.sheos.shodaiin",o ctheo dy shody qodal cthody sheos shodaiin
RF1b-er,f53v,"f53v.10,+P0",ychocthy.qodal.shodaiin,ychocthy qodal shodaiin
RF1b-er,f53v,"f53v.11,+P0",otsho.or.chear.sheod.chkodal,otsho or chear sheod chkodal
RF1b-er,f53v,"f53v.12,+P0",ycheey.kchy.oky.kody<->adam,ycheey kchy oky kodyadam
RF1b-er,f53v,"f53v.13,+P0",yckhodaiin.otoldy,yckhodaiin otoldy
RF1b-er,f54r,"f54r.1,@P0",podaiin.shodal.qopchol.cfheody<->opcheol.chocphy,podaiin shodal qopchol cfheodyopcheol chocphy
RF1b-er,f54r,"f54r.2,+P0",ytodaiin.otchey.otchey.qockhodal<->sockhody.sar,ytodaiin otchey otchey qockhodalsockhody sar
RF1b-er,f54r,"f54r.3,+P0",daiir.cthody.otol.ekchody.ol.s.ar.y<->ytchey.dam,daiir cthody otol ekchody ol s ar yytchey dam
RF1b-er,f54r,"f54r.4,+P0",tor.ockhol.shokchy.kol.chom.r<->chey<->ctheotal,tor ockhol shokchy kol chom rcheyctheotal
RF1b-er,f54r,"f54r.5,+P0",sar.sh.okeodain.chokey,sar sh okeodain chokey
RF1b-er,f54r,"f54r.6,+P0","kor,ore.ckhos.shopam.cher.chom.kcheor<->she.qkchol.dam",kor ore ckhos shopam cher chom kcheorshe qkchol dam
RF1b-er,f54r,"f54r.7,+P0",dor.s.sheey.ksheody.sho.or.cheey.chety<->sol.desh.dam.dam,dor s sheey ksheody sho or cheey chetysol desh dam dam
RF1b-er,f54r,"f54r.8,+P0",toshey.kodl.ckho.dar.sheekal.s.aiin<->okeam.etchal,toshey kodl ckho dar sheekal s aiinokeam etchal
RF1b-er,f54r,"f54r.9,+P0","o,aiin.or.ol.sal.qokor.chor.ckhol.s<->s.sho.chol.daiin",o aiin or ol sal qokor chor ckhol ss sho chol daiin
RF1b-er,f54r,"f54r.10,+P0",tor.ol.dol.or.chol.chol.ckhol.okol.oky<->ytchor.olkoldy,tor ol dol or chol chol ckhol okol okyytchor olkoldy
RF1b-er,f54r,"f54r.11,+P0",daiin.okor.or.ol.ckhol.chor.chom.dam<->or.sho.chol.dom,daiin okor or ol ckhol chor chom damor sho chol dom
RF1b-er,f54r,"f54r.12,+P0",yor.shodal.o.aiin.al.dol.choek.airoldam,yor shodal o aiin al dol choek airoldam
RF1b-er,f54v,"f54v.1,@P0",pcheodar.chpal.olaiin.ckhey.dar.qokeey.cpheeain.s.al,pcheodar chpal olaiin ckhey dar qokeey cpheeain s al
RF1b-er,f54v,"f54v.2,+P0",dcheain.cphaiin.s.ar.cheor.qodaiin.cthaildy.ypchal,dcheain cphaiin s ar cheor qodaiin cthaildy ypchal
RF1b-er,f54v,"f54v.3,+P0",yair.ykar.oky.cham.chody.ykoldam.cheolam,yair ykar oky cham chody ykoldam cheolam
RF1b-er,f54v,"f54v.4,+P0",dar.chor.cheky.chol.okaiin.chody.choldy,dar chor cheky chol okaiin chody choldy
RF1b-er,f54v,"f54v.5,+P0",odaiin.ytaiin.qodaim.qokar.chy.s.am,odaiin ytaiin qodaim qokar chy s am
RF1b-er,f54v,"f54v.6,+P0",tol.cheol.shocthy.qodaiin.kchody,tol cheol shocthy qodaiin kchody
RF1b-er,f54v,"f54v.7,+P0",daiin.sheody.qocthhol.s.aiin.qotchy,daiin sheody qocthhol s aiin qotchy
RF1b-er,f54v,"f54v.8,+P0",daiinodaim.qokaiin.yteal.okal.om,daiinodaim qokaiin yteal okal om
RF1b-er,f54v,"f54v.9,+P0",ydaiin.qockhey.qodal.ytam.okal.dy,ydaiin qockhey qodal ytam okal dy
RF1b-er,f54v,"f54v.10,+P0",kol.ckaiin.chckhy.qokal.dal.qocthy,kol ckaiin chckhy qokal dal qocthy
RF1b-er,f54v,"f54v.11,+P0",oaiin.qockhy.qokam,oaiin qockhy qokam
RF1b-er,f54v,"f54v.12,+P0",tol.chol.cthol.s,tol chol cthol s
RF1b-er,f54v,"f54v.13,+P0",ychol.okal.yckhey,ychol okal yckhey
RF1b-er,f54v,"f54v.14,+P0",tar.cphey.tam.aldam,tar cphey tam aldam
RF1b-er,f54v,"f54v.15,+P0",or.alchy.ytal.dol.chodoldy,or alchy ytal dol chodoldy
RF1b-er,f54v,"f54v.16,+P0",daiin.chol.oldaiin,daiin chol oldaiin
RF1b-er,f55r,"f55r.1,@P0",podaiin.shekchy.qofair.okar.yk.chepaiin.qokchdy.or.arod,podaiin shekchy qofair okar yk chepaiin qokchdy or arod
RF1b-er,f55r,"f55r.2,+P0",okair.ar.aiin.chody.ykair.y.qokar.okar.al.ykar.or.al,okair ar aiin chody ykair y qokar okar al ykar or al
RF1b-er,f55r,"f55r.3,+P0",ykaiir.chol.chky.okar.chky.chdy.qokar.okaiin.chckhy.s.aiin,ykaiir chol chky okar chky chdy qokar okaiin chckhy s aiin
RF1b-er,f55r,"f55r.4,+P0",daiin.or.orol.char.ar.kaiin.okchd.ykar.odaiin.chdoloiin,daiin or orol char ar kaiin okchd ykar odaiin chdoloiin
RF1b-er,f55r,"f55r.5,+P0",y.or.aiin.okal.chol.kchoy.pchtchdy.ockaiin.okaror.olkam,y or aiin okal chol kchoy pchtchdy ockaiin okaror olkam
RF1b-er,f55r,"f55r.6,+P0",tcho.daiin.sho.kedy.kedy.okol.chdy,tcho daiin sho kedy kedy okol chdy
RF1b-er,f55r,"f55r.7,+P0",tchedar.cheolkedy.chody.kshdy.qotchdy.qakchdy.olkardam,tchedar cheolkedy chody kshdy qotchdy qakchdy olkardam
RF1b-er,f55r,"f55r.8,+P0","dchykey.char.chek.xar.odar.xaloeees.cpheody.qokeeo,dy",dchykey char chek xar odar xaloeees cpheody qokeeo dy
RF1b-er,f55r,"f55r.9,+P0",dain.cheky.dar.chckhy.dal.qoko.lkeedy.dar.kaiin.dy.kam,dain cheky dar chckhy dal qoko lkeedy dar kaiin dy kam
RF1b-er,f55r,"f55r.10,+P0",dair.okal.qokar.ar.arai.o.ar.odaiin.okeey.darchd.ol,dair okal qokar ar arai o ar odaiin okeey darchd ol
RF1b-er,f55r,"f55r.11,+P0",lchor.chey.keedy.dy.qokal.okaj.dal.shdy.otal.otaldiin,lchor chey keedy dy qokal okaj dal shdy otal otaldiin
RF1b-er,f55r,"f55r.12,+P0",oain.ckhy.dl.oiiin.daiin.okaiin.chelal.qokaiin.okain.r,oain ckhy dl oiiin daiin okaiin chelal qokaiin okain r
RF1b-er,f55r,"f55r.13,+P0",lchdal.ockhy.daiin.otol.otar.shar.ain,lchdal ockhy daiin otol otar shar ain
RF1b-er,f55v,"f55v.1,@P0",kcheedchdy.oedain.chckhy<->otoldaiin.dodyd,kcheedchdy oedain chckhyotoldaiin dodyd
RF1b-er,f55v,"f55v.2,+P0",oeeed.yteey.okeedy.qoaiin<->okeody.ykeesan,oeeed yteey okeedy qoaiinokeody ykeesan
RF1b-er,f55v,"f55v.3,+P0",qokeeey.os.ain.qool.al.chedy<->sar.aiin.ol.kar.am,qokeeey os ain qool al chedysar aiin ol kar am
RF1b-er,f55v,"f55v.4,+P0",okar.chckhdy.cheady.keeyfar.al<->ychedy.qokain.ody,okar chckhdy cheady keeyfar alychedy qokain ody
RF1b-er,f55v,"f55v.5,+P0",qokaiin.chaiin.ykain.ykan.ody<->daiin.chedy.talam,qokaiin chaiin ykain ykan odydaiin chedy talam
RF1b-er,f55v,"f55v.6,+P0",ykaiin.daiin.ykair.cheky.daiiny,ykaiin daiin ykair cheky daiiny
RF1b-er,f55v,"f55v.7,+P0",okchd.ykain.sheokey.or.ain<->ch.kchdy.pchal.ar.aldy.dary,okchd ykain sheokey or ainch kchdy pchal ar aldy dary
RF1b-er,f55v,"f55v.8,+P0",tar.chedy.qokaiin.okar.qol<->otarchocthar.talody.okary,tar chedy qokaiin okar qolotarchocthar talody okary
RF1b-er,f55v,"f55v.9,+P0",ykaky.qokchy.okal.chey.or<->or.aiin.okaiin.ykain.ataky,ykaky qokchy okal chey oror aiin okaiin ykain ataky
RF1b-er,f55v,"f55v.10,+P0",oaiin.ol.s.aiin.okaiin.oky<->ytaiin.otar.ykal.ykar.ol,oaiin ol s aiin okaiin okyytaiin otar ykal ykar ol
RF1b-er,f55v,"f55v.11,+P0",ykaiin.cheoar.cheeky.oldy<->aiin.okal.oltchy.or.y.orain,ykaiin cheoar cheeky oldyaiin okal oltchy or y orain
RF1b-er,f55v,"f55v.12,+P0",daiin.ar.cheky.olkeechy.sl<->ar.aiin.daiin.otam,daiin ar cheky olkeechy slar aiin daiin otam
RF1b-er,f56r,"f56r.1,@P0",opchal.chchsfy.oty.esedy.chy.ychocphy.chorchy.chy,opchal chchsfy oty esedy chy ychocphy chorchy chy
RF1b-er,f56r,"f56r.2,+P0","chokchey.chal.choly.kor,chy.chykey.choty.shokaiin",chokchey chal choly kor chy chykey choty shokaiin
RF1b-er,f56r,"f56r.3,+P0","olchey.chokchol.chey.keey.qo,keey.chokeey.choksy",olchey chokchol chey keey qo keey chokeey choksy
RF1b-er,f56r,"f56r.4,+P0",qot.chor.chor.chokor.chkorchy<->okar.chdy,qot chor chor chokor chkorchyokar chdy
RF1b-er,f56r,"f56r.5,+P0",chochor.cho.chodaly.daiin,chochor cho chodaly daiin
RF1b-er,f56r,"f56r.6,+P0",ykcho.dy.dchey.keey.daiin.y,ykcho dy dchey keey daiin y
RF1b-er,f56r,"f56r.7,+P0",sho.kchol.otchor.choky.dal,sho kchol otchor choky dal
RF1b-er,f56r,"f56r.8,+P0",schol.choy.choky.cheeckhody,schol choy choky cheeckhody
RF1b-er,f56r,"f56r.9,+P0",tchoky.kchol.shol.chotcheytchol,tchoky kchol shol chotcheytchol
RF1b-er,f56r,"f56r.10,+P0","ytchor.otchy.chok.yt.chey.r.ok,aiin",ytchor otchy chok yt chey r ok aiin
RF1b-er,f56r,"f56r.11,+P0",shykcheey.daiin.cthol.chor.chokor,shykcheey daiin cthol chor chokor
RF1b-er,f56r,"f56r.12,+P0",sh.cho.kchey.qokokchy,sh cho kchey qokokchy
RF1b-er,f56r,"f56r.13,+P0",okchy.chokcheo.kchal,okchy chokcheo kchal
RF1b-er,f56r,"f56r.14,+P0",s.chol.chotol.qotchy,s chol chotol qotchy
RF1b-er,f56r,"f56r.15,+P0",tchotchol.chol.cthy,tchotchol chol cthy
RF1b-er,f56r,"f56r.16,+P0",qotchy.chody.cthor.chey.kcharg,qotchy chody cthor chey kcharg
RF1b-er,f56r,"f56r.17,+P0",chokeey.qokcheey.schey.d.aiin.dy,chokeey qokcheey schey d aiin dy
RF1b-er,f56r,"f56r.18,+P0",sho.chokchy.kchoar<->sotodan,sho chokchy kchoarsotodan
RF1b-er,f56r,"f56r.19,+P0",otchey.keol.daiin,otchey keol daiin
RF1b-er,f56v,"f56v.1,@P0",kcheot.shol.chey.qokoiin.shor.qotcheol.choror,kcheot shol chey qokoiin shor qotcheol choror
RF1b-er,f56v,"f56v.2,+P0",shodshey.qoteeey.qoteey.daiin.qoteey.cthar,shodshey qoteeey qoteey daiin qoteey cthar
RF1b-er,f56v,"f56v.3,+P0",ochey.chol.chol.qotchey.daiin.choteeey.dal,ochey chol chol qotchey daiin choteeey dal
RF1b-er,f56v,"f56v.4,+P0",schy.tchey.daiin.deey.tod<->dain,schy tchey daiin deey toddain
RF1b-er,f56v,"f56v.5,+P0",qoteees.sho.kcheey.saiin,qoteees sho kcheey saiin
RF1b-er,f56v,"f56v.6,+P0",chokchol.chor.ckhos,chokchol chor ckhos
RF1b-er,f56v,"f56v.7,+P0",kchokchy.ckchol.shol.chol.otchyd,kchokchy ckchol shol chol otchyd
RF1b-er,f56v,"f56v.8,+P0",ykchor.chokchy.qokcho.tcheey.kol,ykchor chokchy qokcho tcheey kol
RF1b-er,f56v,"f56v.9,+P0",shotchot.chokchy.kcho.kaiin.oky,shotchot chokchy kcho kaiin oky
RF1b-er,f56v,"f56v.10,+P0",olkchy.ksho.shy.ytol.chotor.ydy,olkchy ksho shy ytol chotor ydy
RF1b-er,f56v,"f56v.11,+P0",chotchey.keeol.chey.kchol.tchain,chotchey keeol chey kchol tchain
RF1b-er,f56v,"f56v.12,+P0",qokchey.ctheey.lkeey.kcheeytain,qokchey ctheey lkeey kcheeytain
RF1b-er,f56v,"f56v.13,+P0",ykor.aiin.chorol.sho.shol.daiin,ykor aiin chorol sho shol daiin
RF1b-er,f56v,"f56v.14,+P0",chol.cheo.kchol.chol.choky.chotor,chol cheo kchol chol choky chotor
RF1b-er,f56v,"f56v.15,+P0",otchol.chol.chol.daiin.chotaiin,otchol chol chol daiin chotaiin
RF1b-er,f56v,"f56v.16,+P0",sokchol.chol.chol.daiin,sokchol chol chol daiin
RF1b-er,f57r,"f57r.1,@P0",poeeockhey.odain.cheop.sheody.shocfhhy.dy.sheep.sheody.eodam,poeeockhey odain cheop sheody shocfhhy dy sheep sheody eodam
RF1b-er,f57r,"f57r.2,+P0",daiir.air.chety.cheo.cthy.chockhy.cheotey.sh.keeey.s.odaiin.shey,daiir air chety cheo cthy chockhy cheotey sh keeey s odaiin shey
RF1b-er,f57r,"f57r.3,+P0",qyteeody.cheooky.qokeody.sheey.okeody.cheody.chechody.cheekeody,qyteeody cheooky qokeody sheey okeody cheody chechody cheekeody
RF1b-er,f57r,"f57r.4,+P0",deeos.cheocthy.cheody.qoteeody.octhody.okeeody.chteody.cheodys,deeos cheocthy cheody qoteeody octhody okeeody chteody cheodys
RF1b-er,f57r,"f57r.5,+P0",qokcho.deiiin.cheeodam,qokcho deiiin cheeodam
RF1b-er,f57r,"f57r.6,+P0",tcheodal.okag.chckhhy.okchdy.doctho.opchey.dy.kedaiin.oforam,tcheodal okag chckhhy okchdy doctho opchey dy kedaiin oforam
RF1b-er,f57r,"f57r.7,+P0",daiir.sheedy.qokeedy.chetey<->oteeog.shekey.tedy.okaldg,daiir sheedy qokeedy cheteyoteeog shekey tedy okaldg
RF1b-er,f57r,"f57r.8,+P0",tair.shchdy.ychedy.ckhchdy<->okchy.chedy.dal.qokedam,tair shchdy ychedy ckhchdyokchy chedy dal qokedam
RF1b-er,f57r,"f57r.9,+P0","odair.sheeo.ckhy.s,ar.al.daiidy<->dcheckhey.daiin.chedy.cthedy",odair sheeo ckhy s ar al daiidydcheckhey daiin chedy cthedy
RF1b-er,f57r,"f57r.10,+P0",qoetchey.kedy.shedaiin<->s.cheos.ykeos.qcthhy.tcfhy,qoetchey kedy shedaiins cheos ykeos qcthhy tcfhy
RF1b-er,f57r,"f57r.11,+P0",dshedy.eteeey.cphedom,dshedy eteeey cphedom
RF1b-er,f57v,"f57v.1,@L0",dairol,dairol
RF1b-er,f57v,"f57v.2,@Cc",v.saly.saeos.vs.ar.okees.o.d.soefchees.l.g.sos.okey.defo.f.o.rkedam.sh.opol.sar.ddal.yty.s.y.daiir.otey.dshdy.dkals.oty.pchchy.a.r.opaiin.dal.karody.vr.okeey.daram.qokar.okal.okal.d.o.l.shekal.dydas.o.k.sher.saiin,v saly saeos vs ar okees o d soefchees l g sos okey defo f o rkedam sh opol sar ddal yty s y daiir otey dshdy dkals oty pchchy a r opaiin dal karody vr okeey daram qokar okal okal d o l shekal dydas o k sher saiin
RF1b-er,f57v,"f57v.3,+Cc","o.l.j.r.v.x.k.m.f.?.t.r.?.f.y.i.?.o.l.d.r.v.x.k.m.f.?.t.r.?.f.y.c.?.o.l.d.r.v.x.k.m.p.?.t.r.?.f.y.c.?.o,l.d.r.v.x.k.m.p.?.t.r.?.f.y.c.?",o l j r v x k m f t r f y i o l d r v x k m f t r f y c o l d r v x k m p t r f y c o l d r v x k m p t r f y c
RF1b-er,f57v,"f57v.4,+Cc",daiin.otey.ofchey.shes.o.d.okeeod.l.o.lkeeol.dkedar.af.aros.s.y.chedaiin.k.eeety.x.deeodal.vo.tchor.sh.tedar.dal.?.daiin.aiin.otal.daro.v,daiin otey ofchey shes o d okeeod l o lkeeol dkedar af aros s y chedaiin k eeety x deeodal vo tchor sh tedar dal daiin aiin otal daro v
RF1b-er,f57v,"f57v.5,+Cc","o.v.l.r.m.aiin.d.?.c.f.s.y.l.k.x.l.r.far.o.r.y.t.l.s.d.y.d,ar.teodar.otodal.sheky.oteeody.x.s.l",o v l r m aiin d c f s y l k x l r far o r y t l s d y d ar teodar otodal sheky oteeody x s l
RF1b-er,f57v,"f57v.6,@L0",otodarag,otodarag
RF1b-er,f57v,"f57v.7,@L0",oparairdly,oparairdly
RF1b-er,f57v,"f57v.8,@L0",olkchdal,olkchdal
RF1b-er,f57v,"f57v.9,@L0",otardaly,otardaly
RF1b-er,f57v,"f57v.10,@Ro",askaldy,askaldy
RF1b-er,f57v,"f57v.11,@Ro",aralarar,aralarar
RF1b-er,f57v,"f57v.12,@Ro",okeely,okeely
RF1b-er,f57v,"f57v.13,@Ro",ocfhor.okear,ocfhor okear
RF1b-er,f58r,"f58r.1,@P0",kor.cholfy.shofchy.otoralchy.chofchol.sholy.otaly.dalm,kor cholfy shofchy otoralchy chofchol sholy otaly dalm
RF1b-er,f58r,"f58r.2,+P0",dshodal.or.ckhy.olchear.char.tal.ytal.ytar.olchotal,dshodal or ckhy olchear char tal ytal ytar olchotal
RF1b-er,f58r,"f58r.3,+P0",ykechod.dalaldam.ytam.choty.otchy.otaly.shoty.s,ykechod dalaldam ytam choty otchy otaly shoty s
RF1b-er,f58r,"f58r.4,+P0",dshor.sholar.aiin.shalom.shaly.dalchy.oteom.dal.sholalam,dshor sholar aiin shalom shaly dalchy oteom dal sholalam
RF1b-er,f58r,"f58r.5,+P0",qor.dchair.am.otar.otar.char.ar.al.char.ar.ary.ytalar.cham,qor dchair am otar otar char ar al char ar ary ytalar cham
RF1b-er,f58r,"f58r.6,+P0",torchey.otaiin.chary.oteory.otal.dalchor.ykeey.choltam,torchey otaiin chary oteory otal dalchor ykeey choltam
RF1b-er,f58r,"f58r.7,+P0",saiin.cholkeey.dal.shom.sholteol.ytalody.otey.cheoly.o.tchy,saiin cholkeey dal shom sholteol ytalody otey cheoly o tchy
RF1b-er,f58r,"f58r.8,+P0",toleeshal.oleeam.dalor.chy.oteodchy.yteochy.oteykaldy.alam,toleeshal oleeam dalor chy oteodchy yteochy oteykaldy alam
RF1b-er,f58r,"f58r.9,+P0",sholaiin.cheey.yteodaiin.qoar.aiin.arary.sheey.daiin.e.alam,sholaiin cheey yteodaiin qoar aiin arary sheey daiin e alam
RF1b-er,f58r,"f58r.10,+P0",tal.ar.am.shar.chepchey.otar.aldy.otal.cheam.qokaiin.ote.sy,tal ar am shar chepchey otar aldy otal cheam qokaiin ote sy
RF1b-er,f58r,"f58r.11,+P0",qocphody.qokalam.chairal.qoctaiin.otalal.dalor.orar,qocphody qokalam chairal qoctaiin otalal dalor orar
RF1b-er,f58r,"f58r.12,+P0",shoar.ar.choldal.otalchal.dal.choldy.okalys.airaldy.shar,shoar ar choldal otalchal dal choldy okalys airaldy shar
RF1b-er,f58r,"f58r.13,+P0",ytar.sheear.cheoldy.ykeol.cheal.cheody.chal.chaiin.ol.oly,ytar sheear cheoldy ykeol cheal cheody chal chaiin ol oly
RF1b-er,f58r,"f58r.14,+P0","sharam.okair.chekaiin.ytchaly.dal,chal.ykal.okalal.oly.chal",sharam okair chekaiin ytchaly dal chal ykal okalal oly chal
RF1b-er,f58r,"f58r.15,+P0",daiir.shal.qopaim.cholaly.dy.shedy,daiir shal qopaim cholaly dy shedy
RF1b-er,f58r,"f58r.16,+P0","typchey.ar.air.ytashy.qoty,shey.pchdy.dshaly.pydaly.choky.opy",typchey ar air ytashy qoty shey pchdy dshaly pydaly choky opy
RF1b-er,f58r,"f58r.17,+P0",ysholshy.qotoly.daiin.ykal.dalchdy.qoky.dal.ytchody.s.olar.aly,ysholshy qotoly daiin ykal dalchdy qoky dal ytchody s olar aly
RF1b-er,f58r,"f58r.18,+P0",darar.shol.cholraly.cholaiin.odaiin.chaly.dalar.aiin.okal.otal,darar shol cholraly cholaiin odaiin chaly dalar aiin okal otal
RF1b-er,f58r,"f58r.19,+P0",todal.qotey.chaly.dal.qokaldy.otary.okalal.shees.chal.ochaly,todal qotey chaly dal qokaldy otary okalal shees chal ochaly
RF1b-er,f58r,"f58r.20,+P0",ysheockhy.oleeey.oleesey.alaiin.olkeal.daldy.otalar.ar.arodaim,ysheockhy oleeey oleesey alaiin olkeal daldy otalar ar arodaim
RF1b-er,f58r,"f58r.21,+P0",tcheos.ycheor.sheain.okey.qotaily.daiin.chy.cholkor.olkeol.oty,tcheos ycheor sheain okey qotaily daiin chy cholkor olkeol oty
RF1b-er,f58r,"f58r.22,+P0",dcholy.ytar.chol.dal.qoaiir.chalolky.osal.chotam.chal.olseeg,dcholy ytar chol dal qoaiir chalolky osal chotam chal olseeg
RF1b-er,f58r,"f58r.23,+P0",shol.oleedy.chotar.okeal.sheody.qokalchar.otal.choky.sar,shol oleedy chotar okeal sheody qokalchar otal choky sar
RF1b-er,f58r,"f58r.24,+P0",tameiin.oteeos.okeal.ar.otalor.cheoekar.cheky.otakar,tameiin oteeos okeal ar otalor cheoekar cheky otakar
RF1b-er,f58r,"f58r.25,+P0",oar.cheekey.oteeoaly.otar.alkar.or.aldar,oar cheekey oteeoaly otar alkar or aldar
RF1b-er,f58r,"f58r.26,+P0",kshar.shoky.opcheear.ofajain.opsheolaiin.opydaiin.podaiir,kshar shoky opcheear ofajain opsheolaiin opydaiin podaiir
RF1b-er,f58r,"f58r.27,+P0","yteor.oty.chaltar.ar.sheeetchy.tal.al.chear.chear.cho,r.ar.am",yteor oty chaltar ar sheeetchy tal al chear chear cho r ar am
RF1b-er,f58r,"f58r.28,+P0",yshealkair.odalaly.dalal.chy.s.air.shokar.olaldy.okalody,yshealkair odalaly dalal chy s air shokar olaldy okalody
RF1b-er,f58r,"f58r.29,+P0",odalar.cheor.sar.alol.daly.cheom.chor.ar.aldam.chal.cheal.s.ojy,odalar cheor sar alol daly cheom chor ar aldam chal cheal s ojy
RF1b-er,f58r,"f58r.30,+P0",ytor.ar.alom.qokalor.chdy.dair.chody.cheol.okolchy.otaldy,ytor ar alom qokalor chdy dair chody cheol okolchy otaldy
RF1b-er,f58r,"f58r.31,+P0",odshchol.taiin.okal.or.chol.olekar.otarchol.chol.kag.qokal,odshchol taiin okal or chol olekar otarchol chol kag qokal
RF1b-er,f58r,"f58r.32,+P0",oqotaly.qokaiin.chtaldy.qoky.dar.al.choltaly.qokaldy,oqotaly qokaiin chtaldy qoky dar al choltaly qokaldy
RF1b-er,f58r,"f58r.33,+P0",schocthhy.dalols.qokalos.cheor.oekeody.qokaly.qokar.dy,schocthhy dalols qokalos cheor oekeody qokaly qokar dy
RF1b-er,f58r,"f58r.34,+P0",yssheol.chokey.dalol.shokalol.qokaly.kaldy.ytaipom,yssheol chokey dalol shokalol qokaly kaldy ytaipom
RF1b-er,f58r,"f58r.35,+P0",dtor.sheol.qokor.sharal.ckhol.shol.ar.aiin.sheoctham,dtor sheol qokor sharal ckhol shol ar aiin sheoctham
RF1b-er,f58r,"f58r.36,+P0",skaiin.shokal.chockhy.qoky.chcthy.ykeeshy.shoekar,skaiin shokal chockhy qoky chcthy ykeeshy shoekar
RF1b-er,f58r,"f58r.37,+P0",opolkeor.olchocfhy.cphol.chykaldy.cholols.chkaiin.olfcham,opolkeor olchocfhy cphol chykaldy cholols chkaiin olfcham
RF1b-er,f58r,"f58r.38,+P0",sysheos.okaly.cheos.otey.ykar.ls.aiin.okaiin.ytolkal,sysheos okaly cheos otey ykar ls aiin okaiin ytolkal
RF1b-er,f58r,"f58r.39,+P0",dtshol.dytal.okar.olol.sheol.qockhy.qokaly.salol.dalam,dtshol dytal okar olol sheol qockhy qokaly salol dalam
RF1b-er,f58r,"f58r.40,+P0",yroleeey.arairaly.pchody.tshaly.alols.ykaly.kar.aram,yroleeey arairaly pchody tshaly alols ykaly kar aram
RF1b-er,f58r,"f58r.41,+P0",dchol.chokal.saiin.dal.okals.alchey,dchol chokal saiin dal okals alchey
RF1b-er,f58v,"f58v.1,@P0",tol.shokchy.apaiin.opaiin.chofaly.ypar.ypal.opal.opaldaiin,tol shokchy apaiin opaiin chofaly ypar ypal opal opaldaiin
RF1b-er,f58v,"f58v.2,+P0",dair.ar.cshaiin.tair.y.qotalojy.saiin.okeody.qotair.ar.alor.orky,dair ar cshaiin tair y qotalojy saiin okeody qotair ar alor orky
RF1b-er,f58v,"f58v.3,+P0",todal.qotain.shockhchy.qokeol.okey.qokalchal.daly.ar.aim,todal qotain shockhchy qokeol okey qokalchal daly ar aim
RF1b-er,f58v,"f58v.4,+P0",or.aiin.okair.y.dair.al.qokal.qokaiin.qokaly.okar.olkaly.okal,or aiin okair y dair al qokal qokaiin qokaly okar olkaly okal
RF1b-er,f58v,"f58v.5,+P0",faiir.afarar.qotaiin.sholy.qotaiin.yqokaly.okal.qokaly.okaly,faiir afarar qotaiin sholy qotaiin yqokaly okal qokaly okaly
RF1b-er,f58v,"f58v.6,+P0",qokair.ar.aly.shor.daiin.choly.dal.ykaiin.orel.fchey.okaly.oky,qokair ar aly shor daiin choly dal ykaiin orel fchey okaly oky
RF1b-er,f58v,"f58v.7,+P0",y.daiin.qokeey.qokar.lchedy.qokalor.sheols.oteor.aiin.cheky,y daiin qokeey qokar lchedy qokalor sheols oteor aiin cheky
RF1b-er,f58v,"f58v.8,+P0",taiin.ckhey.daldy.qokair.alar.ytal.aiin.otaiin.ykaiin.ykaly.dam,taiin ckhey daldy qokair alar ytal aiin otaiin ykaiin ykaly dam
RF1b-er,f58v,"f58v.9,+P0",salal.qolaiin.chockhey.tcholy.qokaiin.qokaiinos.orcheey.olaly,salal qolaiin chockhey tcholy qokaiin qokaiinos orcheey olaly
RF1b-er,f58v,"f58v.10,+P0",ykair.shey.key.ctholy.qotalog.qokals.qokaiin.okal.okaldy.ory,ykair shey key ctholy qotalog qokals qokaiin okal okaldy ory
RF1b-er,f58v,"f58v.11,+P0",tchol.shol.tor.qokair.or.yykaiin.dory.okaiir.chodaiin.otals,tchol shol tor qokair or yykaiin dory okaiir chodaiin otals
RF1b-er,f58v,"f58v.12,+P0",oreeey.cheekey.cheal.qokey.chedal.dy.tolair.opchey.poaly.cfhy,oreeey cheekey cheal qokey chedal dy tolair opchey poaly cfhy
RF1b-er,f58v,"f58v.13,+P0",qoeear.alkeain.ytal.chos.alor.okal.chcthy.tal.ckshy.kar,qoeear alkeain ytal chos alor okal chcthy tal ckshy kar
RF1b-er,f58v,"f58v.14,+P0",shar.air.alos.chol.oeear.sho.qotal.chol.talar.tar.aropam,shar air alos chol oeear sho qotal chol talar tar aropam
RF1b-er,f58v,"f58v.15,+P0",qot.oiin.okal.aral.s.air.qoal.talchos.okal.cho.ytam.dam,qot oiin okal aral s air qoal talchos okal cho ytam dam
RF1b-er,f58v,"f58v.16,+P0",ykam.qokair.akaly.qokal.chaly.cheockhey.olaly.taldar.al,ykam qokair akaly qokal chaly cheockhey olaly taldar al
RF1b-er,f58v,"f58v.17,+P0",daiin.alal.dal.qokiir.otal.chodol.qokeal.cheol.chos.okeeam,daiin alal dal qokiir otal chodol qokeal cheol chos okeeam
RF1b-er,f58v,"f58v.18,+P0",taiin.chal.sheal.qockhy.dar.aiin.ockhey.qokeey.qoaiin.aral,taiin chal sheal qockhy dar aiin ockhey qokeey qoaiin aral
RF1b-er,f58v,"f58v.19,+P0",okain.chokal.sheoldy.qokor.olkam.cheol.dar.chokeey.okalchy,okain chokal sheoldy qokor olkam cheol dar chokeey okalchy
RF1b-er,f58v,"f58v.20,+P0","tolain.ar.ykeain.qokeey.otal.chol.okal.ar.chhty.chkalar,ol",tolain ar ykeain qokeey otal chol okal ar chhty chkalar ol
RF1b-er,f58v,"f58v.21,+P0",olain.olalor.odaiin.qetair.otal.qokal.dair.ainey.otam,olain olalor odaiin qetair otal qokal dair ainey otam
RF1b-er,f58v,"f58v.22,+Pc",okar.sheey.shekealy,okar sheey shekealy
RF1b-er,f58v,"f58v.23,*P0",pchshy.sheoltey.shopalchedy.sheolkeal.qokar.aldaiin.qokalar.dal,pchshy sheoltey shopalchedy sheolkeal qokar aldaiin qokalar dal
RF1b-er,f58v,"f58v.24,+P0",qokal.daiin.qokal.cham.qokalcheal.okorair.ain.ar.als.okam.daly,qokal daiin qokal cham qokalcheal okorair ain ar als okam daly
RF1b-er,f58v,"f58v.25,+P0",qotain.okeor.sheey.qokeol.okeoly.qokaly.qokair.or.tar.ykal,qotain okeor sheey qokeol okeoly qokaly qokair or tar ykal
RF1b-er,f58v,"f58v.26,+P0","ykaly.qokal.ol.al.qokeos.okal.ar.oko,s.al.shekar.qokair.alam",ykaly qokal ol al qokeos okal ar oko s al shekar qokair alam
RF1b-er,f58v,"f58v.27,+P0",qokar.s.aiin.al.y.qokchedy.qoekaly.odaiin.qokar.chor.alaiinom,qokar s aiin al y qokchedy qoekaly odaiin qokar chor alaiinom
RF1b-er,f58v,"f58v.28,+P0",ycheockhy.okey.okal.otaly.okaldy.okeor.sheey,ycheockhy okey okal otaly okaldy okeor sheey
RF1b-er,f58v,"f58v.29,+P0",polal.keeo.oleeckhey.dalar.ykeeody.choar.ckhar.yfair.alam,polal keeo oleeckhey dalar ykeeody choar ckhar yfair alam
RF1b-er,f58v,"f58v.30,+P0",daiin.sheocthy.ykey.sheky.qokal.qokeey.otain.akar.ol.dam,daiin sheocthy ykey sheky qokal qokeey otain akar ol dam
RF1b-er,f58v,"f58v.31,+P0",tcheor.chor.kar.okal.qokeey.qokal.shol.qokain.ar.oetalchg,tcheor chor kar okal qokeey qokal shol qokain ar oetalchg
RF1b-er,f58v,"f58v.32,+P0",psheey.qoty.qokar.qokey.ky.ykar.cheal.otal.kol.olchedy,psheey qoty qokar qokey ky ykar cheal otal kol olchedy
RF1b-er,f58v,"f58v.33,+P0",qoair.cholar.chey,qoair cholar chey
RF1b-er,f58v,"f58v.34,+P0",tol.sheo.keo.ar.qofcheal.dar.acphey.opchal.shockhy.otaly,tol sheo keo ar qofcheal dar acphey opchal shockhy otaly
RF1b-er,f58v,"f58v.35,+P0",daiin.otain.otain.chey.okeey.qokeeos.olar.sheo.daly.dalychs,daiin otain otain chey okeey qokeeos olar sheo daly dalychs
RF1b-er,f58v,"f58v.36,+P0",tcheody.okeor.ockhy.qokal.okal.shokey.qokeey.dalar,tcheody okeor ockhy qokal okal shokey qokeey dalar
RF1b-er,f58v,"f58v.37,+P0",olkeey.okar.ar.choky.otair.otol.chokey.cheeky.dalar,olkeey okar ar choky otair otol chokey cheeky dalar
RF1b-er,f58v,"f58v.38,+P0",ykeeody.qokar.qoky.keey.qokal.okal.okor.cheky.sydy,ykeeody qokar qoky keey qokal okal okor cheky sydy
RF1b-er,f58v,"f58v.39,+P0",oshar.qokain.okam.shear.cher.sarols,oshar qokain okam shear cher sarols
RF1b-er,f65r,"f65r.1,@Lp",otaim.dam.alam,otaim dam alam
RF1b-er,f65v,"f65v.1,@P0",cphy.fchecfhy.dy<->dchepain.shety.qopy.fol.chpdy,cphy fchecfhy dydchepain shety qopy fol chpdy
RF1b-er,f65v,"f65v.2,+P0",daiin.sheek.l.ody<->yteo.qops.air.cheoteey.dalam,daiin sheek l odyyteo qops air cheoteey dalam
RF1b-er,f65v,"f65v.3,+P0",ytal.cheot.shky.y<->sas.cheody,ytal cheot shky ysas cheody
RF1b-er,f65v,"f65v.4,+P0",toeedy.otor.shedy<->yteey.sheody.qokesd.yfchey,toeedy otor shedyyteey sheody qokesd yfchey
RF1b-er,f65v,"f65v.5,+P0",dshedy.okeody.qokd<->shckhy.choky.chokeody.okey.dy,dshedy okeody qokdshckhy choky chokeody okey dy
RF1b-er,f65v,"f65v.6,+P0",qo.ytchey.shckhhcphy<->ykchedy.chedy.shckhdy,qo ytchey shckhhcphyykchedy chedy shckhdy
RF1b-er,f66r,"f66r.1,@L0",rary,rary
RF1b-er,f66r,"f66r.2,+L0",sals,sals
RF1b-er,f66r,"f66r.3,+L0",qor,qor
RF1b-er,f66r,"f66r.4,+L0",dary,dary
RF1b-er,f66r,"f66r.5,+L0",ykeol,ykeol
RF1b-er,f66r,"f66r.6,+L0",saly,saly
RF1b-er,f66r,"f66r.7,+L0",salf,salf
RF1b-er,f66r,"f66r.8,+L0",fary,fary
RF1b-er,f66r,"f66r.9,+L0",qotesy,qotesy
RF1b-er,f66r,"f66r.10,+L0",ykala,ykala
RF1b-er,f66r,"f66r.11,+L0",doly,doly
RF1b-er,f66r,"f66r.12,+L0",saiin,saiin
RF1b-er,f66r,"f66r.13,+L0",qokal,qokal
RF1b-er,f66r,"f66r.14,+L0",qolsa,qolsa
RF1b-er,f66r,"f66r.15,+L0",raral,raral
RF1b-er,f66r,"f66r.16,@L0",y,y
RF1b-er,f66r,"f66r.17,+L0",o,o
RF1b-er,f66r,"f66r.18,+L0",s,s
RF1b-er,f66r,"f66r.19,+L0",sh,sh
RF1b-er,f66r,"f66r.20,+L0",y,y
RF1b-er,f66r,"f66r.21,+L0",d,d
RF1b-er,f66r,"f66r.22,+L0",o,o
RF1b-er,f66r,"f66r.23,+L0",f,f
RF1b-er,f66r,"f66r.24,+L0",e,e
RF1b-er,f66r,"f66r.25,+L0",x,x
RF1b-er,f66r,"f66r.26,+L0",air,air
RF1b-er,f66r,"f66r.27,+L0",d,d
RF1b-er,f66r,"f66r.28,+L0",sh,sh
RF1b-er,f66r,"f66r.29,+L0",y,y
RF1b-er,f66r,"f66r.30,+L0",f,f
RF1b-er,f66r,"f66r.31,+L0",f,f
RF1b-er,f66r,"f66r.32,+L0",y,y
RF1b-er,f66r,"f66r.33,+L0",o,o
RF1b-er,f66r,"f66r.34,+L0",d,d
RF1b-er,f66r,"f66r.35,+L0",r,r
RF1b-er,f66r,"f66r.36,+L0",f,f
RF1b-er,f66r,"f66r.37,+L0",c,c
RF1b-er,f66r,"f66r.39,+L0",x,x
RF1b-er,f66r,"f66r.40,+L0",t,t
RF1b-er,f66r,"f66r.41,+L0",o,o
RF1b-er,f66r,"f66r.42,+L0",r,r
RF1b-er,f66r,"f66r.43,+L0",l,l
RF1b-er,f66r,"f66r.44,+L0",r,r
RF1b-er,f66r,"f66r.45,+L0",t,t
RF1b-er,f66r,"f66r.46,+L0",o,o
RF1b-er,f66r,"f66r.47,+L0",x,x
RF1b-er,f66r,"f66r.48,+L0",p,p
RF1b-er,f66r,"f66r.49,+L0",d,d
RF1b-er,f66r,"f66r.50,@P0",pdaiin.oteedy.opchedy.chyp.chefchy.shddy.ypches.cholpchd.okedals,pdaiin oteedy opchedy chyp chefchy shddy ypches cholpchd okedals
RF1b-er,f66r,"f66r.51,+P0",sair.shekey.qokeedar.okal.okedy.qokeedy.qokal.okedy.qokshd,sair shekey qokeedar okal okedy qokeedy qokal okedy qokshd
RF1b-er,f66r,"f66r.52,+P0",ykshedy.chody.cthdy.qokees.cheeo.okcho.dy.chekeey.chedy.chckhy,ykshedy chody cthdy qokees cheeo okcho dy chekeey chedy chckhy
RF1b-er,f66r,"f66r.53,+P0",shdy.qoteda.chdy.chedy.qotedal.chcfheor.ykady.dar.qotey.kol.ar,shdy qoteda chdy chedy qotedal chcfheor ykady dar qotey kol ar
RF1b-er,f66r,"f66r.54,+P0",qokeeody.qokeody.qokeody.qokar.sheky.qokeeody.okedy.kodary,qokeeody qokeody qokeody qokar sheky qokeeody okedy kodary
RF1b-er,f66r,"f66r.55,+P0",ykeeody.choekeey.okeody.chekeody.qokeey.dyky.chctho.rotaiin,ykeeody choekeey okeody chekeody qokeey dyky chctho rotaiin
RF1b-er,f66r,"f66r.56,+P0",dsheol.okaiin.sheodaiin,dsheol okaiin sheodaiin
RF1b-er,f66r,"f66r.57,+P0","tocpheey.dol.kchody.qokeody.qokshy.qopaiin.dair,ykodar.okyd",tocpheey dol kchody qokeody qokshy qopaiin dair ykodar okyd
RF1b-er,f66r,"f66r.58,+P0",dsholdaiir.dalky.shky.qoky.shekair.choty.dar.okchy.shdy.ykol,dsholdaiir dalky shky qoky shekair choty dar okchy shdy ykol
RF1b-er,f66r,"f66r.59,+P0",qo.cheky.shcthy.dalalshedy.chetar.sheod.shokaiir.chckhhy.dard,qo cheky shcthy dalalshedy chetar sheod shokaiir chckhhy dard
RF1b-er,f66r,"f66r.60,+P0",shor.sheodal.sholdy.qokchedy.qofchy.qoty.chedaiir.chees.kardy,shor sheodal sholdy qokchedy qofchy qoty chedaiir chees kardy
RF1b-er,f66r,"f66r.61,+P0",qokchey.qokaiir.cheky.daly.daiin.dalshedy.chedy.lkar.ol.okedy,qokchey qokaiir cheky daly daiin dalshedy chedy lkar ol okedy
RF1b-er,f66r,"f66r.62,+P0",ol.cheeky.daiir.chky.axor.akar.sh.y.daiin,ol cheeky daiir chky axor akar sh y daiin
RF1b-er,f66r,"f66r.63,+P0",pchof.sholfosdaiin.qotar.otalor.fchedyr.chedy.dar.odair.ofaram,pchof sholfosdaiin qotar otalor fchedyr chedy dar odair ofaram
RF1b-er,f66r,"f66r.64,+P0",dalcheeeky.sheol.dairody.chekchy.shed.ytesho.l.lor.sheor.cheal,dalcheeeky sheol dairody chekchy shed ytesho l lor sheor cheal
RF1b-er,f66r,"f66r.65,+P0",dor.shedy.okar.shedy.kcheody.chxar.daly.fchdar.cheoraly.sy,dor shedy okar shedy kcheody chxar daly fchdar cheoraly sy
RF1b-er,f66r,"f66r.66,+P0",shor.shckheody.dalshedy.qokor.al.shes,shor shckheody dalshedy qokor al shes
RF1b-er,f66r,"f66r.67,+P0",psheody.cfhol.shofol.okeody.qokoldy.ytarody.shedy.shedy.dair,psheody cfhol shofol okeody qokoldy ytarody shedy shedy dair
RF1b-er,f66r,"f66r.68,+P0",sair.ol.daiin.jaiin.dal.dol.cheody.dairaly.dairal.dolarshydor,sair ol daiin jaiin dal dol cheody dairaly dairal dolarshydor
RF1b-er,f66r,"f66r.69,+P0",tosheo.qokaldy.oky.ol.kcheeky.qoky.dary.okees.oly,tosheo qokaldy oky ol kcheeky qoky dary okees oly
RF1b-er,f66r,"f66r.70,+P0",todeeey.keody.chdy.keody.shedy.shekeefy.chdy.sheol.shol.kedy.daly,todeeey keody chdy keody shedy shekeefy chdy sheol shol kedy daly
RF1b-er,f66r,"f66r.71,+P0",raiir.cheol.kal.sheody.chcthedy.dal.shol.qokeody.chody.kechody,raiir cheol kal sheody chcthedy dal shol qokeody chody kechody
RF1b-er,f66r,"f66r.72,+P0",sshedy.oteedy.ykeeody.sheocthy.olld.lshedy.chokeey.chekey.chey,sshedy oteedy ykeeody sheocthy olld lshedy chokeey chekey chey
RF1b-er,f66r,"f66r.73,+P0",ysheeod.qoteeod.qotol.qoky.chckhedy.shey.dcheol.cheky.cheodor,ysheeod qoteeod qotol qoky chckhedy shey dcheol cheky cheodor
RF1b-er,f66r,"f66r.74,+P0",ydaiin.shedy.otchedy.oteochey.tolchedy.lsheody.qokydaiin.otag,ydaiin shedy otchedy oteochey tolchedy lsheody qokydaiin otag
RF1b-er,f66r,"f66r.75,+P0",tcheo.sheor.oteody.lpchees.ol.ar.alkey.otey.ltsholy.shecthy.rol,tcheo sheor oteody lpchees ol ar alkey otey ltsholy shecthy rol
RF1b-er,f66r,"f66r.76,+P0",daiin.sheol.qocthedy.qokedy.lchey.qokaly.shcthy.qotal.otchdy,daiin sheol qocthedy qokedy lchey qokaly shcthy qotal otchdy
RF1b-er,f66r,"f66r.77,+P0",qokey.ar.olkeol.qokal.cheoky.ykchdy.chody.sheody.qoky.ldy,qokey ar olkeol qokal cheoky ykchdy chody sheody qoky ldy
RF1b-er,f66r,"f66r.78,+P0",dor.aiin.sheeol.lshedy.lchedy.cheedy.shekol.dalol.lodaiin,dor aiin sheeol lshedy lchedy cheedy shekol dalol lodaiin
RF1b-er,f66r,"f66r.79,+P0",sheol.oteey.ldaiin.okalchedy.pchedy.kody.qotchedy.cfhedy,sheol oteey ldaiin okalchedy pchedy kody qotchedy cfhedy
RF1b-er,f66r,"f66r.80,+P0",daiin.shey.qoteoly.raiin.sheedy.shcthy.lkeol.qokol.dkar,daiin shey qoteoly raiin sheedy shcthy lkeol qokol dkar
RF1b-er,f66r,"f66r.81,+P0",lchey.lkeedy.chety.shekaly.shckhar,lchey lkeedy chety shekaly shckhar
RF1b-er,f66r,"f66r.82,@Lx",otcheo.daiin.chty.ykeescheg,otcheo daiin chty ykeescheg
RF1b-er,f66v,"f66v.1,@P0","okeodof.sheod.ychoopy.opche,dal.dorsheefy.ytody.daldeam",okeodof sheod ychoopy opche dal dorsheefy ytody daldeam
RF1b-er,f66v,"f66v.2,+P0",teodal.tchedy.dshey.okshedy.okeedy.dcheeky.daldy.qotal.sy,teodal tchedy dshey okshedy okeedy dcheeky daldy qotal sy
RF1b-er,f66v,"f66v.3,+P0",ykeos.s.or.sheeky.okechdy.okchdal.dar.otal.chody.cheky,ykeos s or sheeky okechdy okchdal dar otal chody cheky
RF1b-er,f66v,"f66v.4,+P0",shokeshy.daiin.cheos.cheky.dol.chckhy.dal.kodal.chekal.dal,shokeshy daiin cheos cheky dol chckhy dal kodal chekal dal
RF1b-er,f66v,"f66v.5,+P0",shdy.shedefam.qokedy.chokal.dal,shdy shedefam qokedy chokal dal
RF1b-er,f66v,"f66v.6,+P0",tchod.sheody.shckhed.chos.chor.sheo.keody.chepar.sheopam,tchod sheody shckhed chos chor sheo keody chepar sheopam
RF1b-er,f66v,"f66v.7,+P0",qokeos.sheody.chekeos.chody.kotody.qotchdy.chckhd.ytchdy,qokeos sheody chekeos chody kotody qotchdy chckhd ytchdy
RF1b-er,f66v,"f66v.8,+P0",dchekeedy.cheody.qokeedy.qokol.keedy.cheky.chety.kody,dchekeedy cheody qokeedy qokol keedy cheky chety kody
RF1b-er,f66v,"f66v.9,+P0",pody.sheody.chpajar.sheey.fchdly.cheoseesey.kchy.qofchal,pody sheody chpajar sheey fchdly cheoseesey kchy qofchal
RF1b-er,f66v,"f66v.10,+P0","dshal.keedy.qok.y,s.okaiin.dol.kaldaiin.otal.dokal.okag",dshal keedy qok y s okaiin dol kaldaiin otal dokal okag
RF1b-er,f66v,"f66v.11,+P0","yteeod.aiin.shekeod.s,aiin.ykofar.otaiin.otar.chedy.kass",yteeod aiin shekeod s aiin ykofar otaiin otar chedy kass
RF1b-er,f66v,"f66v.12,+P0",qekar.okedy.cheky.dal.chekal.chckhy.kal.kal.dar.chkeeody,qekar okedy cheky dal chekal chckhy kal kal dar chkeeody
RF1b-er,f66v,"f66v.13,+P0",ydees.shey.daiin.dalkal<->ykedaiin.shedar.okchdy.oty,ydees shey daiin dalkalykedaiin shedar okchdy oty
RF1b-er,f67r1,"f67r1.1,@P0",teeodaiin.shey.epairody.osaiin.yteeoey.shey.epaiin.o.aiin,teeodaiin shey epairody osaiin yteeoey shey epaiin o aiin
RF1b-er,f67r1,"f67r1.2,+P0",daiir.okeody.qoekeee?.sar.oeteody.oteey.keey.keo.keeodal,daiir okeody sar oeteody oteey keey keo keeodal
RF1b-er,f67r1,"f67r1.3,+P0",ycheo.s.aiim.cheos.aiin.okesoe.ar.am.shees.dalaiin.dam,ycheo s aiim cheos aiin okesoe ar am shees dalaiin dam
RF1b-er,f67r1,"f67r1.4,+P0",cheodaiin.chekeey.s.ar.air.soar.cheey.dair.cthey,cheodaiin chekeey s ar air soar cheey dair cthey
RF1b-er,f67r1,"f67r1.5,@Cc",soairol.shdy.chokeody.ykeedal.ol.oteodaiin.chockhedy.ot.chteokaiin.choteedy.otor.epchy.chpar.ar.sheees.deedy.soeteed.octhchy.s.o.eekeot.y.choteoky.chockhy.okees.sor.aiin.daram.schdes.chdar.dar.deeschdy.dar.dar.ar.otardar.ykaros,soairol shdy chokeody ykeedal ol oteodaiin chockhedy ot chteokaiin choteedy otor epchy chpar ar sheees deedy soeteed octhchy s o eekeot y choteoky chockhy okees sor aiin daram schdes chdar dar deeschdy dar dar ar otardar ykaros
RF1b-er,f67r1,"f67r1.6,+Cc","dair.al.cheol.dal.oekaiin.sol.daiin.chtees.saiin.ykeos.l.chy.otodaiin.chetedy.otar.dair.ar.chedar.okeedy.oteodaiin.y,chsy.cheteey.ot.dol.al.cheor.okeor.oiin.cheeky.ary.okeokeds.oshey.shchey.chol.dair.dain.cho.dar.aldy",dair al cheol dal oekaiin sol daiin chtees saiin ykeos l chy otodaiin chetedy otar dair ar chedar okeedy oteodaiin y chsy cheteey ot dol al cheor okeor oiin cheeky ary okeokeds oshey shchey chol dair dain cho dar aldy
RF1b-er,f67r1,"f67r1.7,+Cc","archeo.r.qoikeey.oteeos.cheockhey.oteochedy.okechdar.dar,aral.okeosar.sotey.dair.yteey.oteo,s.oteees.oteo.oteesy.sheokeey.oteodal.chokeed.sar.ain,y.oto.keedais.deeety.okeey.teodain.chekchy.dair.chparam",archeo r qoikeey oteeos cheockhey oteochedy okechdar dar aral okeosar sotey dair yteey oteo s oteees oteo oteesy sheokeey oteodal chokeed sar ain y oto keedais deeety okeey teodain chekchy dair chparam
RF1b-er,f67r1,"f67r1.8,@Ri",otaldy,otaldy
RF1b-er,f67r1,"f67r1.9,@Ri",otoky,otoky
RF1b-er,f67r1,"f67r1.10,@Ri",seeaiir,seeaiir
RF1b-er,f67r1,"f67r1.11,@Ri",ykees.ary,ykees ary
RF1b-er,f67r1,"f67r1.12,@Ri",sosaiir,sosaiir
RF1b-er,f67r1,"f67r1.13,@Ri",oteey.dar,oteey dar
RF1b-er,f67r1,"f67r1.14,@Ri",ytodaiir,ytodaiir
RF1b-er,f67r1,"f67r1.15,@Ri",sheosam,sheosam
RF1b-er,f67r1,"f67r1.16,@Ri",ykeeody,ykeeody
RF1b-er,f67r1,"f67r1.17,@Ri",okeol.sal,okeol sal
RF1b-er,f67r1,"f67r1.18,@Ri",okeey.sar,okeey sar
RF1b-er,f67r1,"f67r1.19,@Ri",dalary,dalary
RF1b-er,f67r2,"f67r2.1,@L0","ykshy,s.aram",ykshy s aram
RF1b-er,f67r2,"f67r2.2,&L0","ykecho.ols,eesydy",ykecho ols eesydy
RF1b-er,f67r2,"f67r2.3,&L0",sey.shs.okar,sey shs okar
RF1b-er,f67r2,"f67r2.4,&L0",shekchy.sykos,shekchy sykos
RF1b-er,f67r2,"f67r2.5,&L0",ykeody.okchy,ykeody okchy
RF1b-er,f67r2,"f67r2.6,&L0",dchetay,dchetay
RF1b-er,f67r2,"f67r2.7,&L0",ykchy.kchey.ykchys,ykchy kchey ykchys
RF1b-er,f67r2,"f67r2.8,&L0",chkchdar,chkchdar
RF1b-er,f67r2,"f67r2.9,&L0",ykar.ykaly,ykar ykaly
RF1b-er,f67r2,"f67r2.10,&L0",lkshykchy.okar,lkshykchy okar
RF1b-er,f67r2,"f67r2.11,&L0",chky.chykchr.chy,chky chykchr chy
RF1b-er,f67r2,"f67r2.12,&L0",ykees.ykchos,ykees ykchos
RF1b-er,f67r2,"f67r2.13,@Pb",opodeeol.s.ain.aldy,opodeeol s ain aldy
RF1b-er,f67r2,"f67r2.14,+Pb",soeey.doiin.oldy,soeey doiin oldy
RF1b-er,f67r2,"f67r2.15,+L0",dolchsody,dolchsody
RF1b-er,f67r2,"f67r2.16,@Pb",odaiiin.otoes.oekain.y,odaiiin otoes oekain y
RF1b-er,f67r2,"f67r2.17,+Pb","otchey.soraiir,dy",otchey soraiir dy
RF1b-er,f67r2,"f67r2.18,+Pb",qofchy.daiin.dal,qofchy daiin dal
RF1b-er,f67r2,"f67r2.19,@Pb",ydchos.ain.ar.amy,ydchos ain ar amy
RF1b-er,f67r2,"f67r2.20,+Pb",chocfhy.saral,chocfhy saral
RF1b-er,f67r2,"f67r2.21,+Pb",sain.am.ar,sain am ar
RF1b-er,f67r2,"f67r2.22,+L0",okal,okal
RF1b-er,f67r2,"f67r2.23,@Pb",oporchy.salsain,oporchy salsain
RF1b-er,f67r2,"f67r2.24,+Pb",sodar.ofor.ar,sodar ofor ar
RF1b-er,f67r2,"f67r2.25,+Pb",ydam,ydam
RF1b-er,f67r2,"f67r2.26,@Pb",yteoor.yto.ykor,yteoor yto ykor
RF1b-er,f67r2,"f67r2.27,+Pb",okeor.aiin.am,okeor aiin am
RF1b-er,f67r2,"f67r2.28,+L0",okain.am,okain am
RF1b-er,f67r2,"f67r2.29,@Pb",ytody.saiin,ytody saiin
RF1b-er,f67r2,"f67r2.30,+Pb",ochol.olol,ochol olol
RF1b-er,f67r2,"f67r2.31,+L0",opcholdy,opcholdy
RF1b-er,f67r2,"f67r2.32,@Pb",darar.odar.air.alaiin,darar odar air alaiin
RF1b-er,f67r2,"f67r2.33,+Pb",dokan.oear.odal,dokan oear odal
RF1b-er,f67r2,"f67r2.34,+L0",ofar.oeoldan,ofar oeoldan
RF1b-er,f67r2,"f67r2.35,@Pb",chol.diin.okol,chol diin okol
RF1b-er,f67r2,"f67r2.36,+Pb",ytor.daiin.or,ytor daiin or
RF1b-er,f67r2,"f67r2.37,+L0",ytoaiin,ytoaiin
RF1b-er,f67r2,"f67r2.38,@Pb",otoldos.octhole,otoldos octhole
RF1b-er,f67r2,"f67r2.39,+Pb",sor.chedaiin.dy,sor chedaiin dy
RF1b-er,f67r2,"f67r2.40,+Pb",yteos.oiin.ag,yteos oiin ag
RF1b-er,f67r2,"f67r2.41,@Pb",ytoeopchey.chekody,ytoeopchey chekody
RF1b-er,f67r2,"f67r2.42,+Pb",sosho.chos.ockhy,sosho chos ockhy
RF1b-er,f67r2,"f67r2.43,+Pb","daiin.aiin.os,qrgs",daiin aiin os qrgs
RF1b-er,f67r2,"f67r2.44,@Pb",ofydy.sheody.aiin,ofydy sheody aiin
RF1b-er,f67r2,"f67r2.45,+Pb","ycheody,es.odaiiin",ycheody es odaiiin
RF1b-er,f67r2,"f67r2.46,+Pb",yekees.oraly,yekees oraly
RF1b-er,f67r2,"f67r2.47,+L0",yfain,yfain
RF1b-er,f67r2,"f67r2.48,@Pb",todaiin.dain.dy,todaiin dain dy
RF1b-er,f67r2,"f67r2.49,+Pb",oschoer.aiin,oschoer aiin
RF1b-er,f67r2,"f67r2.50,+Pb",choeea.sal,choeea sal
RF1b-er,f67r2,"f67r2.51,+Pb",dadaiin,dadaiin
RF1b-er,f67r2,"f67r2.52,@Ls",qotoear,qotoear
RF1b-er,f67r2,"f67r2.53,&Ls",dchodar,dchodar
RF1b-er,f67r2,"f67r2.54,&Ls",ysaldal,ysaldal
RF1b-er,f67r2,"f67r2.55,&Ls",ytodal,ytodal
RF1b-er,f67r2,"f67r2.56,&Ls","tol,daiin",tol daiin
RF1b-er,f67r2,"f67r2.57,&Ls",otardy,otardy
RF1b-er,f67r2,"f67r2.58,&Ls","cho,dalg",cho dalg
RF1b-er,f67r2,"f67r2.59,&Ls",ytchodly,ytchodly
RF1b-er,f67r2,"f67r2.60,&Ls",octhys,octhys
RF1b-er,f67r2,"f67r2.61,&Ls",ytokar,ytokar
RF1b-er,f67r2,"f67r2.62,&Ls",otolor,otolor
RF1b-er,f67r2,"f67r2.63,&Ls",okodar,okodar
RF1b-er,f67r2,"f67r2.64,@L0",s.air,s air
RF1b-er,f67r2,"f67r2.65,&L0",soeor,soeor
RF1b-er,f67r2,"f67r2.66,&L0",cpheey,cpheey
RF1b-er,f67r2,"f67r2.67,&L0",otodas,otodas
RF1b-er,f67r2,"f67r2.68,&L0",oepchod,oepchod
RF1b-er,f67r2,"f67r2.69,&L0",s.acthhy,s acthhy
RF1b-er,f67r2,"f67r2.70,&L0",osar,osar
RF1b-er,f67r2,"f67r2.71,&L0",oran,oran
RF1b-er,f67r2,"f67r2.72,@P0",dar.aldaiin.ydaiin.qkoy.ydaiin.qofair.ypair.ykoaiin.ydoly.ytalchos.oly.otey,dar aldaiin ydaiin qkoy ydaiin qofair ypair ykoaiin ydoly ytalchos oly otey
RF1b-er,f67r2,"f67r2.73,+P0","rshey.sy.shees.qeykeey.ykchey.ykchey.qokeochy.oaiin.okal,ar.olar",rshey sy shees qeykeey ykchey ykchey qokeochy oaiin okal ar olar
RF1b-er,f67r2,"f67r2.74,+P0",yshey.qokeeody.cheos.oeeos.qockhy.chos.aiin.okeeody.qotoaiin.odain.ar.ain.ay,yshey qokeeody cheos oeeos qockhy chos aiin okeeody qotoaiin odain ar ain ay
RF1b-er,f67v2,"f67v2.1,@La",otchdy,otchdy
RF1b-er,f67v2,"f67v2.2,@La",otararain,otararain
RF1b-er,f67v2,"f67v2.3,@Pb",tol.or.ain.am.otoly.sair.g,tol or ain am otoly sair g
RF1b-er,f67v2,"f67v2.4,+Pb",daiin.taedaiin.ar.okor,daiin taedaiin ar okor
RF1b-er,f67v2,"f67v2.5,@Pb",okeey.keoy.salal,okeey keoy salal
RF1b-er,f67v2,"f67v2.6,+Pb",ykaralam.olalade.odam,ykaralam olalade odam
RF1b-er,f67v2,"f67v2.7,@Pb",toal.daim.sakar.dam,toal daim sakar dam
RF1b-er,f67v2,"f67v2.8,+Pb",solair.cfhey.solal.daly,solair cfhey solal daly
RF1b-er,f67v2,"f67v2.9,@Pb",okeol.chol.ar.okaldam,okeol chol ar okaldam
RF1b-er,f67v2,"f67v2.10,+Pb",koain.opal.ol.ofalain.oar,koain opal ol ofalain oar
RF1b-er,f67v2,"f67v2.11,@Ro",dcheeor.ochepalain,dcheeor ochepalain
RF1b-er,f67v2,"f67v2.12,@Ri",oeolales.aisar,oeolales aisar
RF1b-er,f67v2,"f67v2.13,@Ro",okydshog.oeefoaly,okydshog oeefoaly
RF1b-er,f67v2,"f67v2.14,@Ri",oar.ykaly.char,oar ykaly char
RF1b-er,f67v2,"f67v2.15,@Ro",o.chekais.okolaig,o chekais okolaig
RF1b-er,f67v2,"f67v2.16,@Ri",okar.alet.olkao,okar alet olkao
RF1b-er,f67v2,"f67v2.17,@Ro",qokoaiin.ocfhhy,qokoaiin ocfhhy
RF1b-er,f67v2,"f67v2.18,@Ri",ekeeey.oetchdy,ekeeey oetchdy
RF1b-er,f67v2,"f67v2.19,@La",soaiin.dalam,soaiin dalam
RF1b-er,f67v2,"f67v2.20,+La",sary.okoral,sary okoral
RF1b-er,f67v2,"f67v2.22,@La",okchosam,okchosam
RF1b-er,f67v1,"f67v1.1,@L0",damamm,damamm
RF1b-er,f67v1,"f67v1.2,&L0",dairkal,dairkal
RF1b-er,f67v1,"f67v1.3,&L0",okal.ary,okal ary
RF1b-er,f67v1,"f67v1.4,&L0",dar.echkalal,dar echkalal
RF1b-er,f67v1,"f67v1.5,&L0","okol,aldy",okol aldy
RF1b-er,f67v1,"f67v1.6,&L0",dchesykchy,dchesykchy
RF1b-er,f67v1,"f67v1.7,&L0",ykeodar,ykeodar
RF1b-er,f67v1,"f67v1.8,&L0",deeeoskol,deeeoskol
RF1b-er,f67v1,"f67v1.9,&L0",ockhosam,ockhosam
RF1b-er,f67v1,"f67v1.10,&L0",kochardy,kochardy
RF1b-er,f67v1,"f67v1.11,&L0",ochodare,ochodare
RF1b-er,f67v1,"f67v1.12,&L0",olsaiiny,olsaiiny
RF1b-er,f67v1,"f67v1.13,@Ro","okorkeol.or,sheey.dary",okorkeol or sheey dary
RF1b-er,f67v1,"f67v1.14,@Ro",okechey.cheody.cheky,okechey cheody cheky
RF1b-er,f67v1,"f67v1.15,@Ro",otechodor.odceeey,otechodor odceeey
RF1b-er,f67v1,"f67v1.16,@Ro",chockhey.cheockhy,chockhey cheockhy
RF1b-er,f67v1,"f67v1.17,@Ro",ykeeey.keeochy.dair.oekey,ykeeey keeochy dair oekey
RF1b-er,f67v1,"f67v1.18,@Ro",keechey.chy.koldy,keechey chy koldy
RF1b-er,f67v1,"f67v1.19,@Ro","pchodaiir.otch.oekeea,dy",pchodaiir otch oekeea dy
RF1b-er,f67v1,"f67v1.20,@Ro",dcheeos.qokeeeody.chis.olcheeg,dcheeos qokeeeody chis olcheeg
RF1b-er,f67v1,"f67v1.21,@Ro",ykeeo.cheo.daiin.ypcheg.oty,ykeeo cheo daiin ypcheg oty
RF1b-er,f67v1,"f67v1.22,@Ro",opcheey.chso.cheey.chedaly,opcheey chso cheey chedaly
RF1b-er,f67v1,"f67v1.23,@Ro",ykeeey.qokeey.chokeea.s,ykeeey qokeey chokeea s
RF1b-er,f67v1,"f67v1.24,@Ro",osheey.keeody.cheedals,osheey keeody cheedals
RF1b-er,f67v1,"f67v1.25,@Ro",okar.shey.qokcheor.daiiin,okar shey qokcheor daiiin
RF1b-er,f67v1,"f67v1.26,@Ro",oeees.otechy.okeey,oeees otechy okeey
RF1b-er,f67v1,"f67v1.27,@Ro",okeeodaiin.sain.dairal,okeeodaiin sain dairal
RF1b-er,f67v1,"f67v1.28,@Ro",oksheeody.or.aral,oksheeody or aral
RF1b-er,f67v1,"f67v1.29,@Ro",olar.aroky,olar aroky
RF1b-er,f68r1,"f68r1.1,@P0",shokchy.chteey.choteey.cphol.cheor.opcheeol.otar.choctheeey.okchoal,shokchy chteey choteey cphol cheor opcheeol otar choctheeey okchoal
RF1b-er,f68r1,"f68r1.2,+P0",tochso.otchl.qokeeedy.cheey.cheeteey.yteody.chpor.cheotorchey.chod,tochso otchl qokeeedy cheey cheeteey yteody chpor cheotorchey chod
RF1b-er,f68r1,"f68r1.3,+P0",ykor.shey.qocheey.chokal<->okeey.ror.cckhear.daram,ykor shey qocheey chokalokeey ror cckhear daram
RF1b-er,f68r1,"f68r1.4,+P0",dchos.okaiiin,dchos okaiiin
RF1b-er,f68r1,"f68r1.5,@Pb",yky,yky
RF1b-er,f68r1,"f68r1.6,+Pb",dary,dary
RF1b-er,f68r1,"f68r1.7,+Pb",chkchykoly,chkchykoly
RF1b-er,f68r1,"f68r1.8,@Ls",akodaly,akodaly
RF1b-er,f68r1,"f68r1.9,@Ls",odchecthy,odchecthy
RF1b-er,f68r1,"f68r1.10,@Ls",otcheody,otcheody
RF1b-er,f68r1,"f68r1.11,@Ls",okoaly,okoaly
RF1b-er,f68r1,"f68r1.12,@Ls",chocfhy,chocfhy
RF1b-er,f68r1,"f68r1.13,@Ls",octhey,octhey
RF1b-er,f68r1,"f68r1.14,@Ls",otshey,otshey
RF1b-er,f68r1,"f68r1.15,@Ls",otydy,otydy
RF1b-er,f68r1,"f68r1.16,@Ls",okear,okear
RF1b-er,f68r1,"f68r1.17,@Ls",cphocthy,cphocthy
RF1b-er,f68r1,"f68r1.18,@Ls",ytchody,ytchody
RF1b-er,f68r1,"f68r1.19,@Ls",otys,otys
RF1b-er,f68r1,"f68r1.20,@Ls",olor,olor
RF1b-er,f68r1,"f68r1.21,@Ls",ockhy,ockhy
RF1b-er,f68r1,"f68r1.22,@Ls",ofcheor,ofcheor
RF1b-er,f68r1,"f68r1.23,@Ls",otchdo,otchdo
RF1b-er,f68r1,"f68r1.24,@Ls",otykchs,otykchs
RF1b-er,f68r1,"f68r1.25,@Ls",otol,otol
RF1b-er,f68r1,"f68r1.26,@Ls",otor,otor
RF1b-er,f68r1,"f68r1.27,@Ls",oiinar,oiinar
RF1b-er,f68r1,"f68r1.28,@Ls",okoldy,okoldy
RF1b-er,f68r1,"f68r1.29,@Ls",ykchdy,ykchdy
RF1b-er,f68r1,"f68r1.30,@Ls",poeeodcfhy,poeeodcfhy
RF1b-er,f68r1,"f68r1.31,@Ls",ocphy,ocphy
RF1b-er,f68r1,"f68r1.32,@Ls",okeeodal,okeeodal
RF1b-er,f68r1,"f68r1.33,@Ls",okshor,okshor
RF1b-er,f68r1,"f68r1.34,@Ls",ordaiin,ordaiin
RF1b-er,f68r1,"f68r1.35,@Ls",otochedy,otochedy
RF1b-er,f68r1,"f68r1.36,@Ls",dolchedy,dolchedy
RF1b-er,f68r1,"f68r1.37,@Cc",oky.okchdy.okardy.tear.oygy,oky okchdy okardy tear oygy
RF1b-er,f68r2,"f68r2.1,@P0",tsheeor.chor.shealdar.opchey.oeecthy.sheol.dokechy.otcheoly,tsheeor chor shealdar opchey oeecthy sheol dokechy otcheoly
RF1b-er,f68r2,"f68r2.2,+P0",dchy.ykeechy.dchyky.okeeoda.rcheodal.chokeey.cheor.oram,dchy ykeechy dchyky okeeoda rcheodal chokeey cheor oram
RF1b-er,f68r2,"f68r2.3,+P0",tcheos.otchoky.okchol.okol.sheeor.chodchy.qokchdar,tcheos otchoky okchol okol sheeor chodchy qokchdar
RF1b-er,f68r2,"f68r2.4,+P0",chor.chesy.oreed.qoeeckhy.qockheol.qokeol.cheoal.dcholal,chor chesy oreed qoeeckhy qockheol qokeol cheoal dcholal
RF1b-er,f68r2,"f68r2.5,+P0",kcheoey.cheody<->sain.ykeody.chykchy,kcheoey cheodysain ykeody chykchy
RF1b-er,f68r2,"f68r2.6,@Cc",okeo.okar.oko.okomy.okaesy.qokool.ychio.qoiol,okeo okar oko okomy okaesy qokool ychio qoiol
RF1b-er,f68r2,"f68r2.7,@Ls",opolchcfhy,opolchcfhy
RF1b-er,f68r2,"f68r2.8,@Ls",cheorol,cheorol
RF1b-er,f68r2,"f68r2.9,@Ls",odaiin,odaiin
RF1b-er,f68r2,"f68r2.10,@Ls",ochory,ochory
RF1b-er,f68r2,"f68r2.11,@Ls",shdar,shdar
RF1b-er,f68r2,"f68r2.12,@Ls",dchol,dchol
RF1b-er,f68r2,"f68r2.13,@Ls",todaraiily,todaraiily
RF1b-er,f68r2,"f68r2.14,@Ls",olcheesey,olcheesey
RF1b-er,f68r2,"f68r2.15,@Ls",okchor,okchor
RF1b-er,f68r2,"f68r2.16,@Ls",oteool,oteool
RF1b-er,f68r2,"f68r2.17,@Ls",aydchy,aydchy
RF1b-er,f68r2,"f68r2.18,@Ls",okeeeody,okeeeody
RF1b-er,f68r2,"f68r2.19,@Ls",cholar,cholar
RF1b-er,f68r2,"f68r2.20,@Ls",dcheoldy,dcheoldy
RF1b-er,f68r2,"f68r2.21,@Ls",oteeear,oteeear
RF1b-er,f68r2,"f68r2.22,@Ls",otoeeo,otoeeo
RF1b-er,f68r2,"f68r2.23,@Ls",ofcheody,ofcheody
RF1b-er,f68r2,"f68r2.24,@Ls",otcheodar,otcheodar
RF1b-er,f68r2,"f68r2.25,@Ls",odair.chol,odair chol
RF1b-er,f68r2,"f68r2.26,@Ls",opocphor,opocphor
RF1b-er,f68r2,"f68r2.27,@Ls",otoshol,otoshol
RF1b-er,f68r2,"f68r2.28,@Ls",chodar,chodar
RF1b-er,f68r2,"f68r2.29,@Ls",shchy,shchy
RF1b-er,f68r2,"f68r2.30,@Ls",okeeeeor,okeeeeor
RF1b-er,f68r2,"f68r2.31,@Cc",okey.okoaiin.okol.oky.oeeeo.r.okey.okeeol.cheo.a.????,okey okoaiin okol oky oeeeo r okey okeeol cheo a
RF1b-er,f68r3,"f68r3.1,@Cc",odeed.oteedy.cheoteey.oshchey.chokol.cheody.chedy.oteodaiin.otchodal.sol.cheor.oteo.choteey.oeteody.opcheody.dchedy.daiin.oteeody.darcheedy.oteeody.qoeeeecthim.dcheeo.okeodly.do.ls.oschaiin.cheockhedchy.chodal.cheody.cholal.oteodched.okedy.qokeey.shoky.dol.daleeeg.okeeaiin,odeed oteedy cheoteey oshchey chokol cheody chedy oteodaiin otchodal sol cheor oteo choteey oeteody opcheody dchedy daiin oteeody darcheedy oteeody qoeeeecthim dcheeo okeodly do ls oschaiin cheockhedchy chodal cheody cholal oteodched okedy qokeey shoky dol daleeeg okeeaiin
RF1b-er,f68r3,"f68r3.2,@Ri",toees.ykeoshe.qokolchey.qokchdy,toees ykeoshe qokolchey qokchdy
RF1b-er,f68r3,"f68r3.3,@Ri",tochedy.chocphy.qokchdy.dol.okald,tochedy chocphy qokchdy dol okald
RF1b-er,f68r3,"f68r3.4,@Ri",dchykchy.daiir.chok.ockhydar,dchykchy daiir chok ockhydar
RF1b-er,f68r3,"f68r3.5,@Ri",qokol.chdchol.qoteey.chekechy.okchdy,qokol chdchol qoteey chekechy okchdy
RF1b-er,f68r3,"f68r3.6,@Ri",dchokchy.shhy.okey.oteos.okolshy,dchokchy shhy okey oteos okolshy
RF1b-er,f68r3,"f68r3.7,@Ri",pchody.qokchy.dshol.dsyotdoldl,pchody qokchy dshol dsyotdoldl
RF1b-er,f68r3,"f68r3.8,@Ri",kchoty.oteey.daiin.dcheeody.oteey,kchoty oteey daiin dcheeody oteey
RF1b-er,f68r3,"f68r3.9,@Ri",dchey.qokeey.dcheey.daiir.otchal,dchey qokeey dcheey daiir otchal
RF1b-er,f68r3,"f68r3.10,@Ls",dcholday,dcholday
RF1b-er,f68r3,"f68r3.11,@Ls",doary,doary
RF1b-er,f68r3,"f68r3.12,@La",oalcheol,oalcheol
RF1b-er,f68r3,"f68r3.13,@Ls",okos,okos
RF1b-er,f68r3,"f68r3.14,=Ls",otory,otory
RF1b-er,f68r3,"f68r3.15,@Ls",chky.yky,chky yky
RF1b-er,f68r3,"f68r3.16,+Ls","e,cphy",e cphy
RF1b-er,f68r3,"f68r3.17,+Ls",okolchy,okolchy
RF1b-er,f68r3,"f68r3.18,@Ls","o,cthyd",o cthyd
RF1b-er,f68r3,"f68r3.19,+Ls",otydg,otydg
RF1b-er,f68r3,"f68r3.20,=Ls",darall,darall
RF1b-er,f68r3,"f68r3.21,*Ls",okchody,okchody
RF1b-er,f68r3,"f68r3.22,@Cc",otcheody.chokchy.okol.cheal.dar.cho.keol.dolaiin.okeol.oly,otcheody chokchy okol cheal dar cho keol dolaiin okeol oly
RF1b-er,f68v3,"f68v3.1,@P0",tchedy.chepchy.daiidy.shol.kcheoly.choteol.shol.s.chey.shodaiin.chetshedy.otsho.qooto.seeey,tchedy chepchy daiidy shol kcheoly choteol shol s chey shodaiin chetshedy otsho qooto seeey
RF1b-er,f68v3,"f68v3.2,+P0",sshey.kcheol.sheey.qety.sheey.otchol.chalsheey.daiin.sheody.qokol.aiir.chor.cheoty.oty,sshey kcheol sheey qety sheey otchol chalsheey daiin sheody qokol aiir chor cheoty oty
RF1b-er,f68v3,"f68v3.3,+P0",sho.chokar.scr.chor.cheky.daiin.dar.aiiin<->ytey.tol.cheeetchol.sam,sho chokar scr chor cheky daiin dar aiiinytey tol cheeetchol sam
RF1b-er,f68v3,"f68v3.4,+P0",dcheey.qockhhy.chydy,dcheey qockhhy chydy
RF1b-er,f68v3,"f68v3.5,@Cc",oky.otal.ees.choty.chedas.otchdy.s.ar.oekaiin.oteol.dar.cheo.dair.qoeeokaiin.otchey.dal.cheky.ykos.yokeg.s.ol.oy.ykoees.yty.dy.dy.chody.otol.olees.oty.dar.qotay.otoy.chey.kodar.dar.sheody.shees.daiin.oteeoaly.oteeosol.ol.okol.olsey.tol.cheol.okeey.choekcheey.okchy.qokchshy.dchol.chshek,oky otal ees choty chedas otchdy s ar oekaiin oteol dar cheo dair qoeeokaiin otchey dal cheky ykos yokeg s ol oy ykoees yty dy dy chody otol olees oty dar qotay otoy chey kodar dar sheody shees daiin oteeoaly oteeosol ol okol olsey tol cheol okeey choekcheey okchy qokchshy dchol chshek
RF1b-er,f68v3,"f68v3.6,@Ri",ocheol.qoeey.keody.cheoky.okchy.chody.dy.oteal,ocheol qoeey keody cheoky okchy chody dy oteal
RF1b-er,f68v3,"f68v3.7,@Ri",r.al.chdail.schekol.okeody,r al chdail schekol okeody
RF1b-er,f68v3,"f68v3.8,@Ri",okeol.cheody.qoekeey.ocheky.chody.okchdy.oko.okos,okeol cheody qoekeey ocheky chody okchdy oko okos
RF1b-er,f68v3,"f68v3.9,@Ri",shoekechy.sheky.okolchey.okoldom,shoekechy sheky okolchey okoldom
RF1b-er,f68v3,"f68v3.10,@Ri",qokeody.okeey.chekchy.chckhy.okalody.chedy,qokeody okeey chekchy chckhy okalody chedy
RF1b-er,f68v3,"f68v3.11,@Ri",ycheeo.key.qokal.okeeg,ycheeo key qokal okeeg
RF1b-er,f68v3,"f68v3.12,@Ri",ochey.chekchy.dkeeeg.cheekey.tchekechey.saiir,ochey chekchy dkeeeg cheekey tchekechey saiir
RF1b-er,f68v3,"f68v3.13,@Ri",ydaiil.ol.chek.okchyd,ydaiil ol chek okchyd
RF1b-er,f68v3,"f68v3.14,@Cc","okosy.okchy.okol.choekey.okeoeeey.ol.ykor.otair,or.orol.orkeeey.olkeeoly.ykeeol",okosy okchy okol choekey okeoeeey ol ykor otair or orol orkeeey olkeeoly ykeeol
RF1b-er,f68v3,"f68v3.15,@L0",otodal,otodal
RF1b-er,f68v3,"f68v3.16,=L0",opcholdg,opcholdg
RF1b-er,f68v3,"f68v3.17,@Pb",roar.ykeol.darol.daly,roar ykeol darol daly
RF1b-er,f68v3,"f68v3.18,+Pb",rolaiin.ckhhy.olekeey.dy,rolaiin ckhhy olekeey dy
RF1b-er,f68v3,"f68v3.19,+Pb",ykeol.ctheepchy.dar,ykeol ctheepchy dar
RF1b-er,f68v2,"f68v2.1,@P0",teeody.shcthey.psheody.shocthy.ykeody.shdy.shot.ytchy,teeody shcthey psheody shocthy ykeody shdy shot ytchy
RF1b-er,f68v2,"f68v2.2,+P0",dchaiin.shey.dcheedy.qokeey.shekeey.dal.dy.sheetey.daldy,dchaiin shey dcheedy qokeey shekeey dal dy sheetey daldy
RF1b-er,f68v2,"f68v2.3,+P0",qoeeey.shekeey.shkeey.s.alchey.cthy.shteody.qoteeody.dam,qoeeey shekeey shkeey s alchey cthy shteody qoteeody dam
RF1b-er,f68v2,"f68v2.4,+P0",okeey.sheoy.keol.ycheety.okeody.shey.qokey.chol.chetody,okeey sheoy keol ycheety okeody shey qokey chol chetody
RF1b-er,f68v2,"f68v2.5,+P0",scheos.shekey.okey.chody<->okeos.cheo.salar.oallchdg,scheos shekey okey chodyokeos cheo salar oallchdg
RF1b-er,f68v2,"f68v2.6,@Cc","okeodaiin.ykeeody.shsdy.shyokeey.dalches.okar.cheky.otees.otey,dy.okechoy.yteody.chetedy.chedady.cheectheey.otychdy.oteey.cpheeody.otey.chkey.daiin.chey.daiir.oteeys.sar.ockheey.dorchy.okchy.qokeechy.dal.chy.chokeeey.sary",okeodaiin ykeeody shsdy shyokeey dalches okar cheky otees otey dy okechoy yteody chetedy chedady cheectheey otychdy oteey cpheeody otey chkey daiin chey daiir oteeys sar ockheey dorchy okchy qokeechy dal chy chokeeey sary
RF1b-er,f68v2,"f68v2.7,@Ro",otey.dalar,otey dalar
RF1b-er,f68v2,"f68v2.8,@Ro",otosey<->sary,otoseysary
RF1b-er,f68v2,"f68v2.9,@Ro",yshesas.ar.shy,yshesas ar shy
RF1b-er,f68v2,"f68v2.10,@Ro",socths.chety,socths chety
RF1b-er,f68v2,"f68v2.11,@Ro",oteoys<->araraly,oteoysararaly
RF1b-er,f68v2,"f68v2.12,@Ro",yteody.chetey,yteody chetey
RF1b-er,f68v2,"f68v2.13,@Ro",otchos.alamchy,otchos alamchy
RF1b-er,f68v2,"f68v2.14,@Ro",otchdy<->chetal,otchdychetal
RF1b-er,f68v2,"f68v2.15,@Ro","odair,chdy.aiin",odair chdy aiin
RF1b-er,f68v2,"f68v2.16,@Ro",dchedal.daiin,dchedal daiin
RF1b-er,f68v2,"f68v2.17,@Ro",ykeeepol<->ypchy,ykeeepolypchy
RF1b-er,f68v2,"f68v2.18,@Ro",choteey.dary,choteey dary
RF1b-er,f68v1,"f68v1.1,@Cc",shes.ol.keey.shes.chteey.sheely.shes.yeed.shokeolls.ees.aiir.ol.cho.aiin.ykeeykeey.shis.chotey.ykeey.shes.aiin.okeyteey.cthody.chesakchoteody.chockhy.otol.okeody.cheos.chkorchy.dy.dy.shety.oteey.dair.chotedy.chey.dal.daiin.dokeey,shes ol keey shes chteey sheely shes yeed shokeolls ees aiir ol cho aiin ykeeykeey shis chotey ykeey shes aiin okeyteey cthody chesakchoteody chockhy otol okeody cheos chkorchy dy dy shety oteey dair chotedy chey dal daiin dokeey
RF1b-er,f68v1,"f68v1.2,@Cc",chear.s.oteey.dain.dycheckhy.oteeos.oteol.okeos.okeeody.sho.yteod.oteeol.okeeos.or.chos.or.ocko.aiin.chol.ykeey.sheo.s.cheoekeey.cheodaiir.cheekchey.chkeody.otchy.teeos.sh.cheoeky.otey.doleeg.r.aly.oteotey.otechs.opain,chear s oteey dain dycheckhy oteeos oteol okeos okeeody sho yteod oteeol okeeos or chos or ocko aiin chol ykeey sheo s cheoekeey cheodaiir cheekchey chkeody otchy teeos sh cheoeky otey doleeg r aly oteotey otechs opain
RF1b-er,f68v1,"f68v1.3,@Ro","dair,apeeety.dy",dair apeeety dy
RF1b-er,f68v1,"f68v1.4,@Ro",sair.aroyrer,sair aroyrer
RF1b-er,f68v1,"f68v1.5,@Ro",oteeos.arany,oteeos arany
RF1b-er,f68v1,"f68v1.6,@Ro",okechdaral,okechdaral
RF1b-er,f68v1,"f68v1.7,@Ro",otol.ches.otaly,otol ches otaly
RF1b-er,f68v1,"f68v1.8,@Ro",okeey.chek.chekeys,okeey chek chekeys
RF1b-er,f68v1,"f68v1.9,@Ro",dar.shes.shokey,dar shes shokey
RF1b-er,f68v1,"f68v1.10,@Ro",oteodain.sam,oteodain sam
RF1b-er,f69r,"f69r.1,@P0",tcheeos.shey.opaiin.chey.shey.qokeeyshdy.ol.ot.otal.sar,tcheeos shey opaiin chey shey qokeeyshdy ol ot otal sar
RF1b-er,f69r,"f69r.2,+P0",daiin.shey.okaiin.shkechy.sheey.tey.chy.cthy.otol.cham,daiin shey okaiin shkechy sheey tey chy cthy otol cham
RF1b-er,f69r,"f69r.3,+P0",sheosaiin.ctar.choetey.okal.chy.ykar.ytchey.cheotam,sheosaiin ctar choetey okal chy ykar ytchey cheotam
RF1b-er,f69r,"f69r.4,+P0",ycheoraiin.ychey.otaiin.okchor.yty.chkal.shol,ycheoraiin ychey otaiin okchor yty chkal shol
RF1b-er,f69r,"f69r.5,@L0",yteos.chop.otaike,yteos chop otaike
RF1b-er,f69r,"f69r.6,&L0",ar.odair.chtaly,ar odair chtaly
RF1b-er,f69r,"f69r.7,&L0",oto.dar.archol,oto dar archol
RF1b-er,f69r,"f69r.8,&L0",okeey.cheydy,okeey cheydy
RF1b-er,f69r,"f69r.9,&L0",dchochar.ar,dchochar ar
RF1b-er,f69r,"f69r.10,&L0",ytal.air.al,ytal air al
RF1b-er,f69r,"f69r.11,&L0",shy.chtairy,shy chtairy
RF1b-er,f69r,"f69r.12,&L0",yt.oetear,yt oetear
RF1b-er,f69r,"f69r.13,&L0",ytey.cholam,ytey cholam
RF1b-er,f69r,"f69r.14,&L0",dair.ar.yteey.chdy,dair ar yteey chdy
RF1b-er,f69r,"f69r.15,&L0",okair.os.air,okair os air
RF1b-er,f69r,"f69r.16,&L0",chytos.aly,chytos aly
RF1b-er,f69r,"f69r.17,&L0",chetar.araly,chetar araly
RF1b-er,f69r,"f69r.18,&L0",dair.alody,dair alody
RF1b-er,f69r,"f69r.19,&L0",daldaiin.otolam,daldaiin otolam
RF1b-er,f69r,"f69r.20,&L0",ytcheodytor,ytcheodytor
RF1b-er,f69r,"f69r.21,@Ro",chodchy.chotal,chodchy chotal
RF1b-er,f69r,"f69r.22,@Ro",okeo.sho.qotam,okeo sho qotam
RF1b-er,f69r,"f69r.23,@Ro",okeodar.oteody,okeodar oteody
RF1b-er,f69r,"f69r.24,@Ro",ykeeos.aldair.dar,ykeeos aldair dar
RF1b-er,f69r,"f69r.25,@Ro",ykeey.dal.oky,ykeey dal oky
RF1b-er,f69r,"f69r.26,@Ro",doly.dal.dar.chyky,doly dal dar chyky
RF1b-er,f69r,"f69r.27,@Ro",okchol.qokol.daly,okchol qokol daly
RF1b-er,f69r,"f69r.28,@Ro",ykechody.otar,ykechody otar
RF1b-er,f69r,"f69r.29,@Ro",dary.dar.aloly,dary dar aloly
RF1b-er,f69r,"f69r.30,@Ro",okeeocthy.okar.ar,okeeocthy okar ar
RF1b-er,f69r,"f69r.31,@Ro",chey.ar.cthorary,chey ar cthorary
RF1b-er,f69r,"f69r.32,@Ro",sair.chekey.sairam,sair chekey sairam
RF1b-er,f69r,"f69r.33,@Ro",okeeo.dal.okar.ar,okeeo dal okar ar
RF1b-er,f69r,"f69r.34,@Ro",sol.aiir.okeytam,sol aiir okeytam
RF1b-er,f69r,"f69r.35,@Ro",okeos.ar.ald,okeos ar ald
RF1b-er,f69r,"f69r.36,@Ro",docheeo.kody.sar,docheeo kody sar
RF1b-er,f69r,"f69r.37,@Ro",dchokey.shkchodyal,dchokey shkchodyal
RF1b-er,f69r,"f69r.38,@Ro",chor.al.ylcha.ral,chor al ylcha ral
RF1b-er,f69r,"f69r.39,@Ro",sair.al.okody.otedy,sair al okody otedy
RF1b-er,f69r,"f69r.40,@Ro",okody.cheody.sar,okody cheody sar
RF1b-er,f69r,"f69r.41,@Ro",chokeod.okeey,chokeod okeey
RF1b-er,f69r,"f69r.42,@Ro",dkochy.cthody.dy,dkochy cthody dy
RF1b-er,f69r,"f69r.43,@Cc",okyeese.daiikey.oees.cheor.yteey.oteeodar.cho.okeeos.alaiin,okyeese daiikey oees cheor yteey oteeodar cho okeeos alaiin
RF1b-er,f69r,"f69r.44,@L0",y,y
RF1b-er,f69r,"f69r.45,@L0",d,d
RF1b-er,f69r,"f69r.46,@L0",o,o
RF1b-er,f69r,"f69r.47,@L0",l,l
RF1b-er,f69r,"f69r.48,@L0",s,s
RF1b-er,f69r,"f69r.49,@L0",ed,ed
RF1b-er,f69v,"f69v.1,@Cc","dair.cheyky.otamy.sar.ar.chykar.okair,sh.ar.chetojy.okeeos.otey.otokeeey.okeeody.okeey.doiir.cyteeo.y.chey.ote,y.okedy.chsdy.okeod.y.dy.cho,aiin.okar.okar.chol.chees.yto.odair.oty.oteeo.dar.o.ey,keody.dchor.char",dair cheyky otamy sar ar chykar okair sh ar chetojy okeeos otey otokeeey okeeody okeey doiir cyteeo y chey ote y okedy chsdy okeod y dy cho aiin okar okar chol chees yto odair oty oteeo dar o ey keody dchor char
RF1b-er,f69v,"f69v.2,@Cc","ykacy.chal.ykar.dal.ykady.iokeeor.cheey.choly.ykeeal.cheos.oaram.ockhy.shchy.aiiny.daiial.cheody.cheal.yekey.chear.ydy.ykey.ch,y.dy.chol.ykar.oly.ykeeody.chey.dal.ody.airchy.choky.ychey.chey",ykacy chal ykar dal ykady iokeeor cheey choly ykeeal cheos oaram ockhy shchy aiiny daiial cheody cheal yekey chear ydy ykey ch y dy chol ykar oly ykeeody chey dal ody airchy choky ychey chey
RF1b-er,f69v,"f69v.3,@Cc","doair.otaldal.dair,y.chdy.otoar.arychy.qoteor.cho.qotair.chda.oteeal.cheor.ar.air.oteody.ytyda.dchy.otoly.okeodal.oteo,arar.cheteeseeer.dair.chey.okody.dal.oteey.oteey",doair otaldal dair y chdy otoar arychy qoteor cho qotair chda oteeal cheor ar air oteody ytyda dchy otoly okeodal oteo arar cheteeseeer dair chey okody dal oteey oteey
RF1b-er,f69v,"f69v.4,@Ri",okeey.sar,okeey sar
RF1b-er,f69v,"f69v.5,@Ri",okeo.dy,okeo dy
RF1b-er,f69v,"f69v.6,@Ri",ochoyk,ochoyk
RF1b-er,f69v,"f69v.7,@Ri",ykeey,ykeey
RF1b-er,f69v,"f69v.8,@Ri",ytary,ytary
RF1b-er,f69v,"f69v.9,@Ri",oeesy,oeesy
RF1b-er,f69v,"f69v.10,@Ri",ytody,ytody
RF1b-er,f69v,"f69v.11,@Ri",okody,okody
RF1b-er,f69v,"f69v.12,@Ri",otody,otody
RF1b-er,f69v,"f69v.13,@Ri",okeol,okeol
RF1b-er,f69v,"f69v.14,@Ri",okeod,okeod
RF1b-er,f69v,"f69v.15,@Ri",okeeys,okeeys
RF1b-er,f69v,"f69v.16,@Ri",oteol,oteol
RF1b-er,f69v,"f69v.17,@Ri",ykeydy,ykeydy
RF1b-er,f69v,"f69v.18,@Ri",okeod,okeod
RF1b-er,f69v,"f69v.19,@Ri",saral,saral
RF1b-er,f69v,"f69v.20,@Ri",saiir,saiir
RF1b-er,f69v,"f69v.21,@Ri",okolar,okolar
RF1b-er,f69v,"f69v.22,@Ri",ykeody,ykeody
RF1b-er,f69v,"f69v.23,@Ri",sarydy,sarydy
RF1b-er,f69v,"f69v.24,@Ri",otchy,otchy
RF1b-er,f69v,"f69v.25,@Ri",okeey.dy,okeey dy
RF1b-er,f69v,"f69v.26,@Ri",okey.d,okey d
RF1b-er,f69v,"f69v.27,@Ri",okead,okead
RF1b-er,f69v,"f69v.28,@Ri",okodchy,okodchy
RF1b-er,f69v,"f69v.29,@Ri",okeody,okeody
RF1b-er,f69v,"f69v.30,@Ri",okcheys,okcheys
RF1b-er,f69v,"f69v.31,@Ri",oar.alys,oar alys
RF1b-er,f70r1,"f70r1.1,@Cc",???ooooooooolar.sara,sara
RF1b-er,f70r1,"f70r1.2,@Cc",oteody.choekeeos.alairdy.okal.okeey.dasy.otarsheod.okchody.oteos.okes.okeas.ea.okchol.sairody.o.chopcheopchy.cholair.shekchy.choteody.okeeshs.opcheody.otol.choky.chody.chotey.shealar.ykeody.oteey.chedaiin.chotar.soly,oteody choekeeos alairdy okal okeey dasy otarsheod okchody oteos okes okeas ea okchol sairody o chopcheopchy cholair shekchy choteody okeeshs opcheody otol choky chody chotey shealar ykeody oteey chedaiin chotar soly
RF1b-er,f70r1,"f70r1.3,+Cc",oteodar.chy.oteody.tochady.okchody.ytar.ytory.okeol.choly.yky.okchedy.chkal.ofchon.qokal.opolaiin.okeos.oty.dal.choekeeydal.cheo.al.oteeoky.chety.chodalar.okal.chear.aly.oteos.ar.os.al.okolair.dy,oteodar chy oteody tochady okchody ytar ytory okeol choly yky okchedy chkal ofchon qokal opolaiin okeos oty dal choekeeydal cheo al oteeoky chety chodalar okal chear aly oteos ar os al okolair dy
RF1b-er,f70r1,"f70r1.4,@Ri",yfcheodly,yfcheodly
RF1b-er,f70r1,"f70r1.5,@Ri",ytcheos.aly,ytcheos aly
RF1b-er,f70r1,"f70r1.6,@Ri",otcho.dar.yky,otcho dar yky
RF1b-er,f70r1,"f70r1.7,@Ri",opar.ykchy,opar ykchy
RF1b-er,f70r1,"f70r1.8,@Ri",ysaikchy.dam,ysaikchy dam
RF1b-er,f70r1,"f70r1.9,@Ri",otairoroldy,otairoroldy
RF1b-er,f70r1,"f70r1.10,@Ri",dchal.daim,dchal daim
RF1b-er,f70r1,"f70r1.11,@Ri",yteody.sam,yteody sam
RF1b-er,f70r1,"f70r1.12,@Ri",okchydaldy,okchydaldy
RF1b-er,f70r1,"f70r1.13,@Cc",tshey.ol.oteey.ched.ar.oteos.cheor.alal.otar.ary.oteodchey.keody.oteosal.okeeed,tshey ol oteey ched ar oteos cheor alal otar ary oteodchey keody oteosal okeeed
RF1b-er,f70r1,"f70r1.14,@Ri",ykeal,ykeal
RF1b-er,f70r1,"f70r1.15,@Ri",okeody,okeody
RF1b-er,f70r1,"f70r1.16,@Ri",otody,otody
RF1b-er,f70r1,"f70r1.17,@Ri",ypolol,ypolol
RF1b-er,f70r1,"f70r1.18,@Ri",chodal,chodal
RF1b-er,f70r1,"f70r1.19,@Ri",okosd,okosd
RF1b-er,f70r2,"f70r2.1,@P1",otchey.sheol.chkey.shep.al.r.ar.chly.sheteal.aram,otchey sheol chkey shep al r ar chly sheteal aram
RF1b-er,f70r2,"f70r2.2,+P1",dair.cheey.seeeotey.dshy.dam.chchet.al.ykesy,dair cheey seeeotey dshy dam chchet al ykesy
RF1b-er,f70r2,"f70r2.3,+P1","ykeeo.y.s.ald,eey.cthy.shekey.qokal.aiir.oteog",ykeeo y s ald eey cthy shekey qokal aiir oteog
RF1b-er,f70r2,"f70r2.4,+P1",daiin.okeey.shoaiin.ckhhey.otal.shshy.tal.dam,daiin okeey shoaiin ckhhey otal shshy tal dam
RF1b-er,f70r2,"f70r2.5,+P1",tal.cheeog.dal.chcthy.qotal.ddlar.chal.dal,tal cheeog dal chcthy qotal ddlar chal dal
RF1b-er,f70r2,"f70r2.6,+P1","ytar.ar.s.yol.al.aloees.ytaiir.otal,dal",ytar ar s yol al aloees ytaiir otal dal
RF1b-er,f70r2,"f70r2.7,+P1",daiin.daiin.she.tal.qokal.cholckhhy.dy,daiin daiin she tal qokal cholckhhy dy
RF1b-er,f70r2,"f70r2.8,+P1",ytals.alal.dalam.dal.cthol.oparam,ytals alal dalam dal cthol oparam
RF1b-er,f70r2,"f70r2.9,+P1",dylshol.shol.shol.shocthhy.dalaly,dylshol shol shol shocthhy dalaly
RF1b-er,f70r2,"f70r2.10,+P1",shokal.chol.kshody.tol.cheey.akal,shokal chol kshody tol cheey akal
RF1b-er,f70r2,"f70r2.11,+P1",daiin.chotal.qokal.chol.chotals,daiin chotal qokal chol chotals
RF1b-er,f70r2,"f70r2.12,+P1",qokal.shkal.dal.shy.qokal.chdy,qokal shkal dal shy qokal chdy
RF1b-er,f70r2,"f70r2.13,+P1",qotal.chey.key.okechy.chdy.cham,qotal chey key okechy chdy cham
RF1b-er,f70r2,"f70r2.14,+P1",okaiin.chcthhy.s.or.ary,okaiin chcthhy s or ary
RF1b-er,f70r2,"f70r2.15,@Cc",sal.air.am.shedy.chokal.chockhy.shokeey.choky.chol.dy.okeeal.oteedy.dmr.dair.aiin.okees.okeear.ar.alekeey.arkam.oteoodalsy.chekeoar.chokey.dar.dcheoky.otai.docthy.dair.otchetchas.okear.okeeo.lal.kchm.okar.ar.dar,sal air am shedy chokal chockhy shokeey choky chol dy okeeal oteedy dmr dair aiin okees okeear ar alekeey arkam oteoodalsy chekeoar chokey dar dcheoky otai docthy dair otchetchas okear okeeo lal kchm okar ar dar
RF1b-er,f70r2,"f70r2.16,+Cc","otar.ar.chedal.oar,al.aldaiin.ykeeedaiir.sheo.ldar.chal.ykees.aiir.dl.cheey.skeeo,d.oteeodar.aiin.aral.daiir.sheedyl.sheodaiin.choar.chal.choteoly.cho.oteey.chotey.choeky.chedy.choteos,am.oteodar.ockhh",otar ar chedal oar al aldaiin ykeeedaiir sheo ldar chal ykees aiir dl cheey skeeo d oteeodar aiin aral daiir sheedyl sheodaiin choar chal choteoly cho oteey chotey choeky chedy choteos am oteodar ockhh
RF1b-er,f70r2,"f70r2.17,+Cc","oches.air.chese.ctheey.sheeody.shopcha.yteody.ykaldy.ateeos.aiin.shey.shee.farar.aim.cheoteeadal.sho.choetchaldy.dal.aiirches.otes,ar.dalol.chtam.opaiir.chokeo.oteedy.oteeo.okol.chotal.otol.al.dl",oches air chese ctheey sheeody shopcha yteody ykaldy ateeos aiin shey shee farar aim cheoteeadal sho choetchaldy dal aiirches otes ar dalol chtam opaiir chokeo oteedy oteeo okol chotal otol al dl
RF1b-er,f70r2,"f70r2.18,+Cc","otoy.ar.arodchedy.cheocphey.oteeos.ees.cheol.sheeey.okeedaly.cheeoekey.ykeedcr.oteey.s.al.s.air.oteody.oteody.dar.aiir.ody.cheeoschey.daiin.otoeeseor.air.chedy.oko,dar.al.sho.chotol.daldy",otoy ar arodchedy cheocphey oteeos ees cheol sheeey okeedaly cheeoekey ykeedcr oteey s al s air oteody oteody dar aiir ody cheeoschey daiin otoeeseor air chedy oko dar al sho chotol daldy
RF1b-er,f70r2,"f70r2.19,@Cc",otchsy.olchy.oteo.sal.ol.keey.oteol.choky.otchoshy,otchsy olchy oteo sal ol keey oteol choky otchoshy
RF1b-er,f70v2,"f70v2.1,@Cc",okcheo.dar.otey.ykeey.tchy.otsheo.oteotey.shey.sheckh.opcheoldair.dateey.sal.ody.choteey.choeteedy.oteoteotsho.yteos.alain.sheodaly.ckho.aiin.cholkal.chokear.oteody.cholaiin.oteeoal.al.sheeor.okey.chol.dy.otees.cho.s.olar.otoaiin.oteeody.sos.todaiin.chokain.otalal.otcham,okcheo dar otey ykeey tchy otsheo oteotey shey sheckh opcheoldair dateey sal ody choteey choeteedy oteoteotsho yteos alain sheodaly ckho aiin cholkal chokear oteody cholaiin oteeoal al sheeor okey chol dy otees cho s olar otoaiin oteeody sos todaiin chokain otalal otcham
RF1b-er,f70v2,"f70v2.2,@Lz",otalalg,otalalg
RF1b-er,f70v2,"f70v2.3,&Lz",okasy,okasy
RF1b-er,f70v2,"f70v2.5,&Lz",oty,oty
RF1b-er,f70v2,"f70v2.6,&Lz",oky.ody,oky ody
RF1b-er,f70v2,"f70v2.7,&Lz",oty.ar,oty ar
RF1b-er,f70v2,"f70v2.8,&Lz",okaly,okaly
RF1b-er,f70v2,"f70v2.9,&Lz",otody,otody
RF1b-er,f70v2,"f70v2.10,&Lz",otald,otald
RF1b-er,f70v2,"f70v2.11,&Lz",otaldar,otaldar
RF1b-er,f70v2,"f70v2.12,&Lz",okody,okody
RF1b-er,f70v2,"f70v2.13,&Lz",opysam,opysam
RF1b-er,f70v2,"f70v2.14,&Lz",chckhhy,chckhhy
RF1b-er,f70v2,"f70v2.15,&Lz",otaly,otaly
RF1b-er,f70v2,"f70v2.16,&Lz",otal.arar,otal arar
RF1b-er,f70v2,"f70v2.17,&Lz",otaldy,otaldy
RF1b-er,f70v2,"f70v2.18,&Lz",okeoly,okeoly
RF1b-er,f70v2,"f70v2.19,&Lz",okydy,okydy
RF1b-er,f70v2,"f70v2.20,&Lz",okees,okees
RF1b-er,f70v2,"f70v2.21,@Cc","daiilamdy.otar.am.aral.otair.chedaiin.oteey.dair.shchey.daiin.chalaly.oteody.chotol.chedy.oteotey.oteeeor.ar.alody.daiir.oteedar.oteey.teey.dalal.cheoltey.oteedy.sheeteey.sh,okeeol.akeeos.shey.ykair.arar.alos",daiilamdy otar am aral otair chedaiin oteey dair shchey daiin chalaly oteody chotol chedy oteotey oteeeor ar alody daiir oteedar oteey teey dalal cheoltey oteedy sheeteey sh okeeol akeeos shey ykair arar alos
RF1b-er,f70v2,"f70v2.22,@Lz",atar.am,atar am
RF1b-er,f70v2,"f70v2.23,&Lz",otaral,otaral
RF1b-er,f70v2,"f70v2.24,&Lz",otalar,otalar
RF1b-er,f70v2,"f70v2.25,&Lz",otalam,otalam
RF1b-er,f70v2,"f70v2.26,&Lz",dolaram,dolaram
RF1b-er,f70v2,"f70v2.27,&Lz",okaram,okaram
RF1b-er,f70v2,"f70v2.28,&Lz",oteosal,oteosal
RF1b-er,f70v2,"f70v2.29,&Lz",salols,salols
RF1b-er,f70v2,"f70v2.30,&Lz",okaldal,okaldal
RF1b-er,f70v2,"f70v2.31,&Lz",ykolaiin,ykolaiin
RF1b-er,f70v2,"f70v2.32,@Cc",otal.daly.oteoal.dalaildy.otaiin.ar.oteey.shal.o.qoteeal.ar.al.otaiin.al.teodaiin.oteeocthey.oteeos.oteos.aiin.daim,otal daly oteoal dalaildy otaiin ar oteey shal o qoteeal ar al otaiin al teodaiin oteeocthey oteeos oteos aiin daim
RF1b-er,f70v2,"f70v2.33,@Lz",otolal,otolal
RF1b-er,f70v1,"f70v1.1,@Cc",dalalody.oteoshey.okoksheo.shokey.raiin.otor.ochy.s.air.cheody.cheey.oteochy.daiir.chcthy.dlal.oteodaiin.ykeody.oteody.sheo.daiin.oteedy.chetalchr.mar.shoteeody.okeeodal.cheody.okchoteees.oteeody.cheokeo.otaiin.shes.to.ar.aly.daly.sheal,dalalody oteoshey okoksheo shokey raiin otor ochy s air cheody cheey oteochy daiir chcthy dlal oteodaiin ykeody oteody sheo daiin oteedy chetalchr mar shoteeody okeeodal cheody okchoteees oteeody cheokeo otaiin shes to ar aly daly sheal
RF1b-er,f70v1,"f70v1.2,@Lz",otalchy.tar.am.dy,otalchy tar am dy
RF1b-er,f70v1,"f70v1.3,&Lz",opchey.sal,opchey sal
RF1b-er,f70v1,"f70v1.4,&Lz",otakaiman,otakaiman
RF1b-er,f70v1,"f70v1.5,&Lz",okalal,okalal
RF1b-er,f70v1,"f70v1.6,&Lz",otaly,otaly
RF1b-er,f70v1,"f70v1.7,&Lz",oalcheg,oalcheg
RF1b-er,f70v1,"f70v1.8,&Lz",otchodals,otchodals
RF1b-er,f70v1,"f70v1.9,&Lz",okolshy,okolshy
RF1b-er,f70v1,"f70v1.10,&Lz",otshshdy,otshshdy
RF1b-er,f70v1,"f70v1.11,&Lz",otal.ypsharal,otal ypsharal
RF1b-er,f70v1,"f70v1.12,@Cc",daiin.okey.otodal.cheokeeo.okeodal.shol.olaiin.saiin.sheo.qokeeol.oteeykey.chekeal.oteosaiin.chekey.okeolol.chees.oteey.opotey.dalals.otecheo.dal,daiin okey otodal cheokeeo okeodal shol olaiin saiin sheo qokeeol oteeykey chekeal oteosaiin chekey okeolol chees oteey opotey dalals otecheo dal
RF1b-er,f70v1,"f70v1.13,@Lz",okoly,okoly
RF1b-er,f70v1,"f70v1.14,&Lz",otalaiin,otalaiin
RF1b-er,f70v1,"f70v1.15,&Lz",oteo.alols.araly,oteo alols araly
RF1b-er,f70v1,"f70v1.16,&Lz",oteoeey.otal.okealar,oteoeey otal okealar
RF1b-er,f70v1,"f70v1.17,&Lz",otear.araydy,otear araydy
RF1b-er,f71r,"f71r.1,@Cc",olkeeody.okody.okeeedy.oky.eey.okeodar.okeoky.oteody.oto.otol.oteeyar.yko.oar.aiin.oekeeey.okeokeokeody.okeodar.chy.s.aiin.otokeoar.os.ar.al.otol.al.shckhy.oteeeodar.oteody.otolaiin.shoekey.salalald.cheeokeeo.choeky.choly,olkeeody okody okeeedy oky eey okeodar okeoky oteody oto otol oteeyar yko oar aiin oekeeey okeokeokeody okeodar chy s aiin otokeoar os ar al otol al shckhy oteeeodar oteody otolaiin shoekey salalald cheeokeeo choeky choly
RF1b-er,f71r,"f71r.2,@Lz",oteos.arar,oteos arar
RF1b-er,f71r,"f71r.3,&Lz",okldam,okldam
RF1b-er,f71r,"f71r.4,&Lz",oteoaldy,oteoaldy
RF1b-er,f71r,"f71r.5,&Lz",oteolar,oteolar
RF1b-er,f71r,"f71r.6,&Lz",okeoaly,okeoaly
RF1b-er,f71r,"f71r.7,&Lz",otaleky,otaleky
RF1b-er,f71r,"f71r.8,&Lz",otalsar,otalsar
RF1b-er,f71r,"f71r.9,&Lz",cheary,cheary
RF1b-er,f71r,"f71r.10,&Lz",oteokey.sary,oteokey sary
RF1b-er,f71r,"f71r.11,&Lz",otalaly,otalaly
RF1b-er,f71r,"f71r.12,@Cc",oteody.oteos.ockhhy.oteeschey.lsheotey.okalody.shs.shey.oteey.otechar.chekal.okody.eeedy.otoeodal.chokol.lkchol.daiin.okeeees.ykees.al.okeey.otey.oteoshaly.o,oteody oteos ockhhy oteeschey lsheotey okalody shs shey oteey otechar chekal okody eeedy otoeodal chokol lkchol daiin okeeees ykees al okeey otey oteoshaly o
RF1b-er,f71r,"f71r.13,@Lz",otolchdy,otolchdy
RF1b-er,f71r,"f71r.14,&Lz",otoloaram,otoloaram
RF1b-er,f71r,"f71r.15,&Lz",oteeol,oteeol
RF1b-er,f71r,"f71r.16,&Lz",otolchd,otolchd
RF1b-er,f71r,"f71r.17,&Lz","otal,dar",otal dar
RF1b-er,f71r,"f71r.18,@Cc",oteeol.otal.chs.char.cheky.chotshy.okeeody.oteey.chekea.okeol,oteeol otal chs char cheky chotshy okeeody oteey chekea okeol
RF1b-er,f71v,"f71v.1,@Cc",osheo.parar.oteeodaiin.she.ateey.daiin.oteokeey.dal.al.oteey.teey.dy.otchy.keey.sheeo.ochey.?chey.otcheodal.sheealody.cheol.otar.okam.oteodar.chpchy.cpar.al.aiin.oteoshar.okeodaly.oteey.teeey.okeey.keor.or.arol.cheols.okaikaly,osheo parar oteeodaiin she ateey daiin oteokeey dal al oteey teey dy otchy keey sheeo ochey otcheodal sheealody cheol otar okam oteodar chpchy cpar al aiin oteoshar okeodaly oteey teeey okeey keor or arol cheols okaikaly
RF1b-er,f71v,"f71v.2,@Lz",char.orom,char orom
RF1b-er,f71v,"f71v.3,&Lz",chfaly,chfaly
RF1b-er,f71v,"f71v.4,&Lz",okolar,okolar
RF1b-er,f71v,"f71v.5,&Lz",otchody,otchody
RF1b-er,f71v,"f71v.6,&Lz",alcphy,alcphy
RF1b-er,f71v,"f71v.7,&Lz",otaiin,otaiin
RF1b-er,f71v,"f71v.8,&Lz",okaraiin,okaraiin
RF1b-er,f71v,"f71v.9,&Lz",otar.araly,otar araly
RF1b-er,f71v,"f71v.10,&Lz",opalar.am.dan,opalar am dan
RF1b-er,f71v,"f71v.11,&Lz",opalor.ar,opalor ar
RF1b-er,f71v,"f71v.12,@Cc",chal.oteeos.al.shety.okalar.ar.okeo.dar.oty.oto.kaiin.chey.tal.otchr.chtos.cheor.shepchol.otar.sheo.shopcho.ar.aly.okeo.cheey.okal.al.shldy.otaly.okol.sheeor,chal oteeos al shety okalar ar okeo dar oty oto kaiin chey tal otchr chtos cheor shepchol otar sheo shopcho ar aly okeo cheey okal al shldy otaly okol sheeor
RF1b-er,f71v,"f71v.13,@Lz",ofacfom,ofacfom
RF1b-er,f71v,"f71v.14,&Lz",otalody,otalody
RF1b-er,f71v,"f71v.15,&Lz",otalaiin,otalaiin
RF1b-er,f71v,"f71v.16,&Lz",otar.shar,otar shar
RF1b-er,f71v,"f71v.17,&Lz",sholshdy,sholshdy
RF1b-er,f71v,"f71v.18,@Cc",okeey.okeosar.otaiin.chkeeal.okal.cheekaiin.okaiin.okchor.dar.oteey.kal,okeey okeosar otaiin chkeeal okal cheekaiin okaiin okchor dar oteey kal
RF1b-er,f72r1,"f72r1.1,@Cc","oteeo.cthey.chlol.cheol.olchear.al.oteey.chedal.oteedy.okeodaly.chol.chokeol.cheolky.okaiir.okeedy.sheoltey.cheor.aiin.ydal.okochey.sho.okalshey.shol.chalaiin.chekeol.kol.otos.ar.aiin.otam.otam.chotam.sal.okeo.dar.ar.adal.dar.okeeos.aiin.oteey.o,kaiin",oteeo cthey chlol cheol olchear al oteey chedal oteedy okeodaly chol chokeol cheolky okaiir okeedy sheoltey cheor aiin ydal okochey sho okalshey shol chalaiin chekeol kol otos ar aiin otam otam chotam sal okeo dar ar adal dar okeeos aiin oteey o kaiin
RF1b-er,f72r1,"f72r1.2,@Lz",oshodady,oshodady
RF1b-er,f72r1,"f72r1.3,&Lz",chdaiirdainy,chdaiirdainy
RF1b-er,f72r1,"f72r1.4,&Lz",oaiinarary,oaiinarary
RF1b-er,f72r1,"f72r1.5,&Lz",okalam,okalam
RF1b-er,f72r1,"f72r1.6,&Lz",ytalshdy,ytalshdy
RF1b-er,f72r1,"f72r1.7,&Lz",char.alif,char alif
RF1b-er,f72r1,"f72r1.8,&Lz",otaraldy,otaraldy
RF1b-er,f72r1,"f72r1.9,&Lz",otaiin.otain,otaiin otain
RF1b-er,f72r1,"f72r1.10,&Lz",otalef.ys.ainam,otalef ys ainam
RF1b-er,f72r1,"f72r1.11,&Lz",ochol.sharam,ochol sharam
RF1b-er,f72r1,"f72r1.12,@Cc",oteodar.ytey.otey.shetey.chokshor.okalal.otaiin.sheolaiin.otaiin.chetey.cheolor.oteoteeody.otar.chokaiin.okaiin.al.alo.cheedy.oteorar.cheky.chokal.otar.aloqokar,oteodar ytey otey shetey chokshor okalal otaiin sheolaiin otaiin chetey cheolor oteoteeody otar chokaiin okaiin al alo cheedy oteorar cheky chokal otar aloqokar
RF1b-er,f72r1,"f72r1.13,@Lz",ofaralar,ofaralar
RF1b-er,f72r1,"f72r1.14,&Lz",otchoshy,otchoshy
RF1b-er,f72r1,"f72r1.15,&Lz",otchdal,otchdal
RF1b-er,f72r1,"f72r1.16,&Lz",okeey.ary,okeey ary
RF1b-er,f72r1,"f72r1.17,&Lz",otainy,otainy
RF1b-er,f72r1,"f72r1.18,@Cc","okeeols.aroly.okees.alaiin.okeor.chol.o.o,teos.aiin.chal.otaiin.otchor.chckhy",okeeols aroly okees alaiin okeor chol o o teos aiin chal otaiin otchor chckhy
RF1b-er,f72r2,"f72r2.1,@Lz",opchdamy,opchdamy
RF1b-er,f72r2,"f72r2.2,&Lz",oklairdy,oklairdy
RF1b-er,f72r2,"f72r2.3,&Lz","okar,am",okar am
RF1b-er,f72r2,"f72r2.4,&Lz",okairy,okairy
RF1b-er,f72r2,"f72r2.5,&Lz",okealar,okealar
RF1b-er,f72r2,"f72r2.6,@Cc",oteos.aiin.okeo.daiin.okchy.cheo.keodal.chol.okeol.olckhhy.oteeykeey.tey.okalaiin.okalchal.chey.al.o.keey.daiin.otar.al.chotaiin.oteeey.qoeeeo.s.ckhal.chekaiin.otaiin.chy.d.r.aiin.al.y.chho.chekaiin.okedal.qokeodal.saiin.otair.otees,oteos aiin okeo daiin okchy cheo keodal chol okeol olckhhy oteeykeey tey okalaiin okalchal chey al o keey daiin otar al chotaiin oteeey qoeeeo s ckhal chekaiin otaiin chy d r aiin al y chho chekaiin okedal qokeodal saiin otair otees
RF1b-er,f72r2,"f72r2.7,@Lz",otaraldy,otaraldy
RF1b-er,f72r2,"f72r2.8,&Lz",okalar,okalar
RF1b-er,f72r2,"f72r2.9,&Lz",okal,okal
RF1b-er,f72r2,"f72r2.10,&Lz",okaly,okaly
RF1b-er,f72r2,"f72r2.11,&Lz",okal,okal
RF1b-er,f72r2,"f72r2.12,&Lz",okeey.ary,okeey ary
RF1b-er,f72r2,"f72r2.13,&Lz",oteeary,oteeary
RF1b-er,f72r2,"f72r2.14,&Lz",otairdy,otairdy
RF1b-er,f72r2,"f72r2.15,&Lz",okaircham,okaircham
RF1b-er,f72r2,"f72r2.16,&Lz",okealy,okealy
RF1b-er,f72r2,"f72r2.17,&Lz",otarcr,otarcr
RF1b-er,f72r2,"f72r2.18,&Lz",okaly,okaly
RF1b-er,f72r2,"f72r2.19,&Lz",orary,orary
RF1b-er,f72r2,"f72r2.20,&Lz",okyd,okyd
RF1b-er,f72r2,"f72r2.21,&Lz",otolam,otolam
RF1b-er,f72r2,"f72r2.22,@Cc","oteey.tey.teodal.chokaly.ol.cheol.ol,aiin.oteodaiin.shokal.otey.otaiin.otaly.dal.okaly.dalchdy.sheteeey.okal.shey.qoteeody.sheocthy.chotal.chas.otoees.aiin",oteey tey teodal chokaly ol cheol ol aiin oteodaiin shokal otey otaiin otaly dal okaly dalchdy sheteeey okal shey qoteeody sheocthy chotal chas otoees aiin
RF1b-er,f72r2,"f72r2.23,@Lz",otal,otal
RF1b-er,f72r2,"f72r2.24,&Lz",salal,salal
RF1b-er,f72r2,"f72r2.25,&Lz",okam,okam
RF1b-er,f72r2,"f72r2.26,&Lz",otalshy,otalshy
RF1b-er,f72r2,"f72r2.27,&Lz",okaldy,okaldy
RF1b-er,f72r2,"f72r2.28,&Lz",chasar,chasar
RF1b-er,f72r2,"f72r2.29,&Lz",otam,otam
RF1b-er,f72r2,"f72r2.30,&Lz",ainaly,ainaly
RF1b-er,f72r2,"f72r2.31,&Lz",okarcham,okarcham
RF1b-er,f72r2,"f72r2.32,@Cc",otoar.air.aloy.okaiin.otees.chs.chchs.ar.aly.kaly.dar.oteeey.okaiin.olaiin.?y,otoar air aloy okaiin otees chs chchs ar aly kaly dar oteeey okaiin olaiin
RF1b-er,f72r3,"f72r3.1,@Cc","okeey.chekoy.oteo.ykeey.chedaiin.okeeol.cheeor.chocthar.ar.oteody.oteedy.okeolaiin.oteey.okarar.?a.???teo.sheol.al.alaiiin.okeos.olaiin.okor.o,keodar.okee.sar.aiin.chekackhy.chokees.oteedy.chekar.okar.chaly.ches.os.oiin.okeeey.cheey.ches.oteody.chealdy.shocthy.chotay.sheoly.cheol.sheey.chorain",okeey chekoy oteo ykeey chedaiin okeeol cheeor chocthar ar oteody oteedy okeolaiin oteey okarar sheol al alaiiin okeos olaiin okor o keodar okee sar aiin chekackhy chokees oteedy chekar okar chaly ches os oiin okeeey cheey ches oteody chealdy shocthy chotay sheoly cheol sheey chorain
RF1b-er,f72r3,"f72r3.2,@Lz",olkalaiin,olkalaiin
RF1b-er,f72r3,"f72r3.3,&Lz",olalsy,olalsy
RF1b-er,f72r3,"f72r3.4,&Lz",oraiinam,oraiinam
RF1b-er,f72r3,"f72r3.5,&Lz",osarsheeeo,osarsheeeo
RF1b-er,f72r3,"f72r3.6,&Lz",otoraiin,otoraiin
RF1b-er,f72r3,"f72r3.7,&Lz",opoiiinoin.alches,opoiiinoin alches
RF1b-er,f72r3,"f72r3.8,&Lz",ypaiin.alaly,ypaiin alaly
RF1b-er,f72r3,"f72r3.9,&Lz",oteeydaiin,oteeydaiin
RF1b-er,f72r3,"f72r3.10,&Lz",oeeodaiin,oeeodaiin
RF1b-er,f72r3,"f72r3.11,&Lz",ofsholdy,ofsholdy
RF1b-er,f72r3,"f72r3.12,&Lz",opoeey.okaiin,opoeey okaiin
RF1b-er,f72r3,"f72r3.13,&Lz",ykalairol,ykalairol
RF1b-er,f72r3,"f72r3.14,@Cc","otochedy.otey.o.keey.sheedy.oteodar.ykeolal.yair.oteos.cheolaiin.ykeealy.otaiin.shear.oiiin.oral,y.kealy.cheokeor.oteody.ockes.otees.chteos.doteey.sosor.oteol.shol.cheeg.okeody.sheol.shey.sheysy.shoteey.cheor.yoeteey.okeeol.chy.okeeo.ykoly",otochedy otey o keey sheedy oteodar ykeolal yair oteos cheolaiin ykeealy otaiin shear oiiin oral y kealy cheokeor oteody ockes otees chteos doteey sosor oteol shol cheeg okeody sheol shey sheysy shoteey cheor yoeteey okeeol chy okeeo ykoly
RF1b-er,f72r3,"f72r3.15,@Lz",aralkam,aralkam
RF1b-er,f72r3,"f72r3.16,&Lz",ytairal,ytairal
RF1b-er,f72r3,"f72r3.17,&Lz",oeeesaiin,oeeesaiin
RF1b-er,f72r3,"f72r3.18,&Lz",ory,ory
RF1b-er,f72r3,"f72r3.19,&Lz",ochey.fydy,ochey fydy
RF1b-er,f72r3,"f72r3.20,&Lz",of???.o.eeesaly,o eeesaly
RF1b-er,f72r3,"f72r3.21,&Lz",ykaraiin.airal,ykaraiin airal
RF1b-er,f72r3,"f72r3.22,&Lz",okalar,okalar
RF1b-er,f72r3,"f72r3.23,&Lz",osary,osary
RF1b-er,f72r3,"f72r3.24,&Lz",olaiin.olackhy,olaiin olackhy
RF1b-er,f72r3,"f72r3.25,&Lz",olfsheoral,olfsheoral
RF1b-er,f72r3,"f72r3.26,@Cc",oteey.arary.eeeschekshees.opcholalaiin.oteeor.am.sheal.otaipchy.oteeesar.am.olaiin.otedar.olol.choty.oteol.sheshdy.chedy.chedy.dy.shes.eedy.sheol.shyckhol,oteey arary eeeschekshees opcholalaiin oteeor am sheal otaipchy oteeesar am olaiin otedar olol choty oteol sheshdy chedy chedy dy shes eedy sheol shyckhol
RF1b-er,f72r3,"f72r3.27,@Lz",opalal,opalal
RF1b-er,f72r3,"f72r3.28,&Lz",yfary,yfary
RF1b-er,f72r3,"f72r3.29,&Lz",osaiiral,osaiiral
RF1b-er,f72r3,"f72r3.30,&Lz",ytoar.shar,ytoar shar
RF1b-er,f72r3,"f72r3.31,&Lz",octho,octho
RF1b-er,f72r3,"f72r3.32,&Lz",aral,aral
RF1b-er,f72r3,"f72r3.33,&Lz",oletal,oletal
RF1b-er,f72r3,"f72r3.34,@Cc","okeos.aiin.olaiin.oraiin.octheol,arl.okeeody.oteos.aiin.koly",okeos aiin olaiin oraiin octheol arl okeeody oteos aiin koly
RF1b-er,f72v3,"f72v3.1,@Cc",soees.otchs.otedar.oteody.oteodal.oteos.oteokeod.okeody.sheokeey.sheody.shedykeal.eckhodys.okoleeolar.okeey.shedy.otey.sho.shol.teody.okolshey.ykeeley.y.okechdy.olaiin.shokeedy.chol.choepchey.teey.teody.ches.okechedy.otechol.cheor.cheey.daiin.oyteeedar.???.shecthy.otycheedy.oteeoly.chokory,soees otchs otedar oteody oteodal oteos oteokeod okeody sheokeey sheody shedykeal eckhodys okoleeolar okeey shedy otey sho shol teody okolshey ykeeley y okechdy olaiin shokeedy chol choepchey teey teody ches okechedy otechol cheor cheey daiin oyteeedar shecthy otycheedy oteeoly chokory
RF1b-er,f72v3,"f72v3.2,@Lz",ochog,ochog
RF1b-er,f72v3,"f72v3.3,&Lz",oreeey,oreeey
RF1b-er,f72v3,"f72v3.4,&Lz",ykam,ykam
RF1b-er,f72v3,"f72v3.5,&Lz",okey,okey
RF1b-er,f72v3,"f72v3.6,&Lz",otcheody,otcheody
RF1b-er,f72v3,"f72v3.7,&Lz",okyeeshy,okyeeshy
RF1b-er,f72v3,"f72v3.8,&Lz",syofaiin,syofaiin
RF1b-er,f72v3,"f72v3.9,&Lz",akoly,akoly
RF1b-er,f72v3,"f72v3.10,&Lz",otoly,otoly
RF1b-er,f72v3,"f72v3.11,&Lz",ofalals,ofalals
RF1b-er,f72v3,"f72v3.12,&Lz",sheeos.ocphhy,sheeos ocphhy
RF1b-er,f72v3,"f72v3.13,&Lz",daiin.chepo,daiin chepo
RF1b-er,f72v3,"f72v3.14,&Lz",oteey.deeyl,oteey deeyl
RF1b-er,f72v3,"f72v3.15,&Lz",chealpy,chealpy
RF1b-er,f72v3,"f72v3.16,&Lz",okeeol,okeeol
RF1b-er,f72v3,"f72v3.17,&Lz",okaly,okaly
RF1b-er,f72v3,"f72v3.18,&Lz",okaldy,okaldy
RF1b-er,f72v3,"f72v3.19,&Lz",okeolog,okeolog
RF1b-er,f72v3,"f72v3.20,@Cc","ototeey.s.chlaiin,tee,or.otchy.okeeody.cheokey.okeoekol.oteos.aiin.yal.eeedy.okeos.alyshy.okay.okeeey.okeedaly.cholairy.okedy.cheesy.okeeol.chey.otey.aldy.chdy.del.okeeoloky.oty.aiin.chas.oteey.okear,??",ototeey s chlaiin tee or otchy okeeody cheokey okeoekol oteos aiin yal eeedy okeos alyshy okay okeeey okeedaly cholairy okedy cheesy okeeol chey otey aldy chdy del okeeoloky oty aiin chas oteey okear
RF1b-er,f72v3,"f72v3.21,@Lz",choleey,choleey
RF1b-er,f72v3,"f72v3.22,&Lz",oky,oky
RF1b-er,f72v3,"f72v3.23,&Lz",chcthhy,chcthhy
RF1b-er,f72v3,"f72v3.24,&Lz",laly,laly
RF1b-er,f72v3,"f72v3.25,&Lz",oeedy,oeedy
RF1b-er,f72v3,"f72v3.26,&Lz",odairan,odairan
RF1b-er,f72v3,"f72v3.27,&Lz",okary,okary
RF1b-er,f72v3,"f72v3.28,&Lz",oeesaiin,oeesaiin
RF1b-er,f72v3,"f72v3.29,&Lz",oteesed,oteesed
RF1b-er,f72v3,"f72v3.30,&Lz",opal,opal
RF1b-er,f72v3,"f72v3.31,&Lz",otaly,otaly
RF1b-er,f72v3,"f72v3.32,&Lz",okoly.yty,okoly yty
RF1b-er,f72v3,"f72v3.33,@Cc","okeschr.ar.chkeeol.okeolaiin.cholal.ykeeodarar.oleeo,dy.shedy.solar.aldy.oteor.cheor",okeschr ar chkeeol okeolaiin cholal ykeeodarar oleeo dy shedy solar aldy oteor cheor
RF1b-er,f72v2,"f72v2.1,@Cc","otoschs.oty.oteos.oty.chotey.dchy.chopchy.otachal.ctheolshey.tchols.choraiin.chekacphy.oteeos.aly.okeedy.cheockhy.ar?k?,aly.che,??.okedl.okedy.sheos.okeeor.cheey.okeey.teey.cheeey.okeolol.sheeoeky.oekeeoraiin.olal,kair.okolsaiin",otoschs oty oteos oty chotey dchy chopchy otachal ctheolshey tchols choraiin chekacphy oteeos aly okeedy cheockhy aly che okedl okedy sheos okeeor cheey okeey teey cheeey okeolol sheeoeky oekeeoraiin olal kair okolsaiin
RF1b-er,f72v2,"f72v2.2,@Lz",oeedey,oeedey
RF1b-er,f72v2,"f72v2.3,&Lz",oeeodaiin,oeeodaiin
RF1b-er,f72v2,"f72v2.4,&Lz",okeoram,okeoram
RF1b-er,f72v2,"f72v2.5,&Lz",airoim,airoim
RF1b-er,f72v2,"f72v2.6,&Lz",oshesy,oshesy
RF1b-er,f72v2,"f72v2.7,&Lz",okeory,okeory
RF1b-er,f72v2,"f72v2.8,&Lz",cheoekey,cheoekey
RF1b-er,f72v2,"f72v2.9,&Lz",cheoldy,cheoldy
RF1b-er,f72v2,"f72v2.10,&Lz",sheoeky,sheoeky
RF1b-er,f72v2,"f72v2.11,&Lz",oteodar,oteodar
RF1b-er,f72v2,"f72v2.12,&Lz",opchdysd,opchdysd
RF1b-er,f72v2,"f72v2.13,&Lz",oteeod,oteeod
RF1b-er,f72v2,"f72v2.14,&Lz",yteody,yteody
RF1b-er,f72v2,"f72v2.15,&Lz",okeody,okeody
RF1b-er,f72v2,"f72v2.16,&Lz",okeoldy,okeoldy
RF1b-er,f72v2,"f72v2.17,&Lz",ykeeor,ykeeor
RF1b-er,f72v2,"f72v2.18,&Lz",opaiinam,opaiinam
RF1b-er,f72v2,"f72v2.19,&Lz",cheoldy,cheoldy
RF1b-er,f72v2,"f72v2.20,@Cc",oteesody.otey.oteeos.sheoty.yteeg.dchsaiin.shol.okeees.air.am.shey.qokeodal.oteotey.oteoldy.otealchedy.chotalal.okalcheol.saraiin.cheokealy.sardy.otol.chekar.alteol.altar.ar,oteesody otey oteeos sheoty yteeg dchsaiin shol okeees air am shey qokeodal oteotey oteoldy otealchedy chotalal okalcheol saraiin cheokealy sardy otol chekar alteol altar ar
RF1b-er,f72v2,"f72v2.21,@Lz",okaiin,okaiin
RF1b-er,f72v2,"f72v2.22,&Lz",ockhol,ockhol
RF1b-er,f72v2,"f72v2.23,&Lz",oeedy,oeedy
RF1b-er,f72v2,"f72v2.24,&Lz",opalg,opalg
RF1b-er,f72v2,"f72v2.25,&Lz",okeeom,okeeom
RF1b-er,f72v2,"f72v2.26,&Lz",olkar,olkar
RF1b-er,f72v2,"f72v2.27,&Lz",oeedaly,oeedaly
RF1b-er,f72v2,"f72v2.28,&Lz",cheosy,cheosy
RF1b-er,f72v2,"f72v2.29,&Lz",opcheyy,opcheyy
RF1b-er,f72v2,"f72v2.30,&Lz",yteedy,yteedy
RF1b-er,f72v2,"f72v2.31,&Lz",onaiin,onaiin
RF1b-er,f72v2,"f72v2.32,&Lz",okeorar,okeorar
RF1b-er,f72v2,"f72v2.33,@Cc",otaiin.otshedy.chokeedy.otesalalar.chetolain.sheodaly.sheokey.okealy.sary,otaiin otshedy chokeedy otesalalar chetolain sheodaly sheokey okealy sary
RF1b-er,f72v1,"f72v1.1,@Cc",oteeos.alar.otar.air.chpaly.oteody.okchesal.otear.alshey.oleealy.shchtey.oteos.alal.dals.alchol.ytolaiin.ydaiin.chotar.ytal.oto.shoty.otey.okchedyly.shdary.sar.otedy.otarar.shedy.opsheytey.opairaly.choshydy.otar.cheedy.otalaiin.cheety.okolar.yeeey.otechety,oteeos alar otar air chpaly oteody okchesal otear alshey oleealy shchtey oteos alal dals alchol ytolaiin ydaiin chotar ytal oto shoty otey okchedyly shdary sar otedy otarar shedy opsheytey opairaly choshydy otar cheedy otalaiin cheety okolar yeeey otechety
RF1b-er,f72v1,"f72v1.2,@Lz",oeeoty,oeeoty
RF1b-er,f72v1,"f72v1.3,&Lz",octhy,octhy
RF1b-er,f72v1,"f72v1.4,&Lz",oteoly,oteoly
RF1b-er,f72v1,"f72v1.5,&Lz",okeoly,okeoly
RF1b-er,f72v1,"f72v1.6,&Lz",oeees,oeees
RF1b-er,f72v1,"f72v1.7,&Lz",ocfshy,ocfshy
RF1b-er,f72v1,"f72v1.8,&Lz",oees,oees
RF1b-er,f72v1,"f72v1.9,&Lz",okeeoly,okeeoly
RF1b-er,f72v1,"f72v1.10,&Lz",odal,odal
RF1b-er,f72v1,"f72v1.11,&Lz",aiinod,aiinod
RF1b-er,f72v1,"f72v1.12,&Lz",odady,odady
RF1b-er,f72v1,"f72v1.13,&Lz",oteod,oteod
RF1b-er,f72v1,"f72v1.14,&Lz",yteod,yteod
RF1b-er,f72v1,"f72v1.15,&Lz",okeeody,okeeody
RF1b-er,f72v1,"f72v1.16,&Lz",okal,okal
RF1b-er,f72v1,"f72v1.17,&Lz",ytaly,ytaly
RF1b-er,f72v1,"f72v1.18,&Lz",oeeeos,oeeeos
RF1b-er,f72v1,"f72v1.19,&Lz",oteofy,oteofy
RF1b-er,f72v1,"f72v1.20,&Lz",cheoepy,cheoepy
RF1b-er,f72v1,"f72v1.21,&Lz",ykeedy,ykeedy
RF1b-er,f72v1,"f72v1.22,@Cc","otar.ar.otolto,par.oteolaiin.opasal.otshedy.ofalar.alshdy.chparaiin.okaly.okar.yaly.opcheolfy.opar.cheockey.otolopaiin.shaldy.chepchy.otey.tean",otar ar otolto par oteolaiin opasal otshedy ofalar alshdy chparaiin okaly okar yaly opcheolfy opar cheockey otolopaiin shaldy chepchy otey tean
RF1b-er,f72v1,"f72v1.23,@Lz",oeeoly,oeeoly
RF1b-er,f72v1,"f72v1.24,&Lz",okydy,okydy
RF1b-er,f72v1,"f72v1.25,&Lz",okeey,okeey
RF1b-er,f72v1,"f72v1.26,&Lz",oiiny,oiiny
RF1b-er,f72v1,"f72v1.27,&Lz",oeey,oeey
RF1b-er,f72v1,"f72v1.28,&Lz",okedy,okedy
RF1b-er,f72v1,"f72v1.29,&Lz",ypaim,ypaim
RF1b-er,f72v1,"f72v1.30,&Lz",okalair,okalair
RF1b-er,f72v1,"f72v1.31,&Lz",oeeody,oeeody
RF1b-er,f72v1,"f72v1.32,&Lz",okeal,okeal
RF1b-er,f72v1,"f72v1.33,@Cc",otalal.dalal.ykeols.oteosaiin.yotoam.oteey.saiin.oteeosam,otalal dalal ykeols oteosaiin yotoam oteey saiin oteeosam
RF1b-er,f73r,"f73r.1,@Lz",otaly,otaly
RF1b-er,f73r,"f73r.2,&Lz",chockhy,chockhy
RF1b-er,f73r,"f73r.3,&Lz",okedy,okedy
RF1b-er,f73r,"f73r.4,&Lz",yteeody,yteeody
RF1b-er,f73r,"f73r.5,@Cc",ypolcheey.salchedal.chepchey.daraly.oteosairar.oteosdal.choteey.soteees.alshey.ches.al.chees.chealy.deiiiin.choteey.cheteey.cheteeeosaiin.chetchody.chedar.ar.cheteey.otecos.ar.airalor.shetee.yteey.cheody.ykeydam.oteos.alar.alcheky,ypolcheey salchedal chepchey daraly oteosairar oteosdal choteey soteees alshey ches al chees chealy deiiiin choteey cheteey cheteeeosaiin chetchody chedar ar cheteey otecos ar airalor shetee yteey cheody ykeydam oteos alar alcheky
RF1b-er,f73r,"f73r.6,@Lz",otaly,otaly
RF1b-er,f73r,"f73r.7,&Lz",okeody,okeody
RF1b-er,f73r,"f73r.8,&Lz",oteedyl,oteedyl
RF1b-er,f73r,"f73r.9,&Lz",ykeedy,ykeedy
RF1b-er,f73r,"f73r.10,&Lz",okeey,okeey
RF1b-er,f73r,"f73r.11,&Lz",okeedy,okeedy
RF1b-er,f73r,"f73r.12,&Lz",ykeeory,ykeeory
RF1b-er,f73r,"f73r.13,&Lz",oteeosy,oteeosy
RF1b-er,f73r,"f73r.14,&Lz",shekal,shekal
RF1b-er,f73r,"f73r.15,&Lz",oteedyy,oteedyy
RF1b-er,f73r,"f73r.16,&Lz",otedal,otedal
RF1b-er,f73r,"f73r.17,&Lz",chdy,chdy
RF1b-er,f73r,"f73r.18,&Lz",dalshey,dalshey
RF1b-er,f73r,"f73r.19,&Lz",opaiin,opaiin
RF1b-er,f73r,"f73r.20,&Lz",okeos,okeos
RF1b-er,f73r,"f73r.21,&Lz",otey,otey
RF1b-er,f73r,"f73r.22,@Cc",oteey.dar.al.opaiin.olalaiin.r.airam.chopchedy.chdar.aram.otoreees.alteey.okees.otarchey.oteas.ochor.oparchey.daiin.qocheey.s.cheey.dal.cheesy,oteey dar al opaiin olalaiin r airam chopchedy chdar aram otoreees alteey okees otarchey oteas ochor oparchey daiin qocheey s cheey dal cheesy
RF1b-er,f73r,"f73r.23,@Lz",otary,otary
RF1b-er,f73r,"f73r.24,&Lz",okeeody,okeeody
RF1b-er,f73r,"f73r.25,&Lz",oyteedy,oyteedy
RF1b-er,f73r,"f73r.26,&Lz",oky,oky
RF1b-er,f73r,"f73r.27,&Lz",chefy,chefy
RF1b-er,f73r,"f73r.28,&Lz",otal,otal
RF1b-er,f73r,"f73r.29,&Lz",chek,chek
RF1b-er,f73r,"f73r.30,&Lz",ar,ar
RF1b-er,f73r,"f73r.31,&Lz",kar,kar
RF1b-er,f73r,"f73r.32,&Lz",okeeos,okeeos
RF1b-er,f73r,"f73r.33,@Cc",osaiin.chedain.oteey.chedaly.okechs.chepcheesaly.oteodal,osaiin chedain oteey chedaly okechs chepcheesaly oteodal
RF1b-er,f73v,"f73v.1,@Lz",okal,okal
RF1b-er,f73v,"f73v.2,&Lz",oteody,oteody
RF1b-er,f73v,"f73v.3,&Lz",oteedy,oteedy
RF1b-er,f73v,"f73v.4,&Lz",eeeody,eeeody
RF1b-er,f73v,"f73v.5,@Cc",otoar.ykeody.okodeey.qopchey.opaiin.qoteedy.dpy.otedy.shedy.qokeody.cheoral.okedal.oteody.shedy.otesalod.airchy.ykeesaly.y.keolydys.opchey.dy.toly.chfaikchy.ytedar.eeey.qokeey.oty.yteedy.choldy.qokalaiin.ykaipy.arary,otoar ykeody okodeey qopchey opaiin qoteedy dpy otedy shedy qokeody cheoral okedal oteody shedy otesalod airchy ykeesaly y keolydys opchey dy toly chfaikchy ytedar eeey qokeey oty yteedy choldy qokalaiin ykaipy arary
RF1b-er,f73v,"f73v.6,@Lz",okeody,okeody
RF1b-er,f73v,"f73v.7,&Lz",sheol,sheol
RF1b-er,f73v,"f73v.8,&Lz",odees,odees
RF1b-er,f73v,"f73v.9,&Lz",echsy,echsy
RF1b-er,f73v,"f73v.10,&Lz",ykeor,ykeor
RF1b-er,f73v,"f73v.11,&Lz",ofals,ofals
RF1b-er,f73v,"f73v.12,&Lz",ykeody,ykeody
RF1b-er,f73v,"f73v.13,&Lz",oteody,oteody
RF1b-er,f73v,"f73v.14,&Lz",ypaiir,ypaiir
RF1b-er,f73v,"f73v.15,&Lz",yfaiiny,yfaiiny
RF1b-er,f73v,"f73v.16,&Lz",ofcheesy,ofcheesy
RF1b-er,f73v,"f73v.17,&Lz",oraiiny,oraiiny
RF1b-er,f73v,"f73v.18,&Lz",ykeeody,ykeeody
RF1b-er,f73v,"f73v.19,&Lz",okeos,okeos
RF1b-er,f73v,"f73v.20,&Lz",ykeear,ykeear
RF1b-er,f73v,"f73v.21,&Lz",qokeoly,qokeoly
RF1b-er,f73v,"f73v.22,@Cc",oteotos.alshy.oteolain.chokeedam.otody.qoty.shedy.chdy.tchol.oteody.cheytey.choty.oteydy.okecholy.otey.chodaiin.chey.okeedy.saly.ar.daly,oteotos alshy oteolain chokeedam otody qoty shedy chdy tchol oteody cheytey choty oteydy okecholy otey chodaiin chey okeedy saly ar daly
RF1b-er,f73v,"f73v.23,@Lz",otedy,otedy
RF1b-er,f73v,"f73v.24,&Lz",eeed,eeed
RF1b-er,f73v,"f73v.25,&Lz",oty,oty
RF1b-er,f73v,"f73v.26,&Lz",aiain,aiain
RF1b-er,f73v,"f73v.27,&Lz",okal,okal
RF1b-er,f73v,"f73v.28,&Lz",ykey,ykey
RF1b-er,f73v,"f73v.29,&Lz",ykeee,ykeee
RF1b-er,f73v,"f73v.30,&Lz",okeod,okeod
RF1b-er,f73v,"f73v.31,&Lz",ykey,ykey
RF1b-er,f73v,"f73v.32,&Lz",apal,apal
RF1b-er,f73v,"f73v.33,@Cc",otedchor.alar.olkcho.otolam.o.kees.chary.ytaly.alaly.otaram,otedchor alar olkcho otolam o kees chary ytaly alaly otaram
RF1b-er,f75r,"f75r.1,@P0",kchedykary<->okeey.qokar.shykchedy.qotar.shedy,kchedykaryokeey qokar shykchedy qotar shedy
RF1b-er,f75r,"f75r.2,+P0",dain.shey.ly<->ssheol.qolchhdy.chedykar.chekeedy.ror,dain shey lyssheol qolchhdy chedykar chekeedy ror
RF1b-er,f75r,"f75r.3,+P0",qokain.chal<->orchey.qey.kain.sheeky.ltain.olkar.or,qokain chalorchey qey kain sheeky ltain olkar or
RF1b-er,f75r,"f75r.4,+P0",dacthy.lkago<->ykeey.lshey.kal.dy.shey.ok.shey.qokeedy,dacthy lkagoykeey lshey kal dy shey ok shey qokeedy
RF1b-er,f75r,"f75r.5,+P0","sheykar.chey<->ckhey.r.ain.ol.ol,sheedy.qokeey.qoky",sheykar cheyckhey r ain ol ol sheedy qokeey qoky
RF1b-er,f75r,"f75r.6,+P0",pcheykeeor.olky<->dar.okey.qokain.chcthy.qokeedy.qoky,pcheykeeor olkydar okey qokain chcthy qokeedy qoky
RF1b-er,f75r,"f75r.7,+P0",pchedy.qokshdy<->ytain.chedy.qokar.chy.lol.chedy.qoky,pchedy qokshdyytain chedy qokar chy lol chedy qoky
RF1b-er,f75r,"f75r.8,+P0",sor.chey.qokardy<->dsheckhy.qokain.chckhy.lshedy.okeedy,sor chey qokardydsheckhy qokain chckhy lshedy okeedy
RF1b-er,f75r,"f75r.9,+P0",qokchdy.chcthy.lo<->qokedy.qokan.checkhy.qokar.olchedy.sal,qokchdy chcthy loqokedy qokan checkhy qokar olchedy sal
RF1b-er,f75r,"f75r.10,+P0",dshor.qotar.chdy<->shey.qokain.chckhy.dy.otey.tedy.lchedy,dshor qotar chdyshey qokain chckhy dy otey tedy lchedy
RF1b-er,f75r,"f75r.11,+P0",qokeedy.qokain.oly<->qokeedy.dy.qokal.okar.shedy.dar.chekam,qokeedy qokain olyqokeedy dy qokal okar shedy dar chekam
RF1b-er,f75r,"f75r.12,+P0","ssheckhy.qokal.oly<->shey.r.ol.cheey.shey.dy.ol,shedy.qoky",ssheckhy qokal olyshey r ol cheey shey dy ol shedy qoky
RF1b-er,f75r,"f75r.13,+P0",pchedy.keedy.qokedy<->qokedy.qokedy.qokedy.qokain.olshedy,pchedy keedy qokedyqokedy qokedy qokedy qokain olshedy
RF1b-er,f75r,"f75r.14,+P0",sair.alkeeshy.qokain.dy<->olshedy.qokain.chckhy.qokain.otar.aly,sair alkeeshy qokain dyolshedy qokain chckhy qokain otar aly
RF1b-er,f75r,"f75r.15,+P0",sain.qokain.qolkeeoly<->saiin.chedy<->sol.or.shedy.okchdy.qoky,sain qokain qolkeeolysaiin chedysol or shedy okchdy qoky
RF1b-er,f75r,"f75r.16,+P0",dshedy.qokar.sheedy.lch<->shokain.chy<->okshedy.qokain.chedy,dshedy qokar sheedy lchshokain chyokshedy qokain chedy
RF1b-er,f75r,"f75r.17,+P0",pchedar.shepchy.lshedary<->dal<->shal<->shy.kol.shedy.qokam,pchedar shepchy lshedarydalshalshy kol shedy qokam
RF1b-er,f75r,"f75r.18,+P0",sol.sheedy.qol.shedy.qol<->otain.char.sar.oly,sol sheedy qol shedy qolotain char sar oly
RF1b-er,f75r,"f75r.19,+P0",qokshedy.qolshey.qoky<->shey.cthey.qokain.ar,qokshedy qolshey qokyshey cthey qokain ar
RF1b-er,f75r,"f75r.20,+P0",ry.shey.qor.chey.lchey.lo<->ydain.shey.qokeiin,ry shey qor chey lchey loydain shey qokeiin
RF1b-er,f75r,"f75r.21,+P0",oqokain.chey.qckhsy.or<->ysheor.ol.lor.am,oqokain chey qckhsy orysheor ol lor am
RF1b-er,f75r,"f75r.22,+P0",odar.shey.qokain.chedy<->orshey.kar.chedy.rar,odar shey qokain chedyorshey kar chedy rar
RF1b-er,f75r,"f75r.23,+P0","pcheykshey.qokeey.qokal<->sshey.qol.chedy,qokam",pcheykshey qokeey qokalsshey qol chedy qokam
RF1b-er,f75r,"f75r.24,+P0",qokain.olkeey.qolkary<->sain.checthy.lor.ol,qokain olkeey qolkarysain checthy lor ol
RF1b-er,f75r,"f75r.25,+P0",sain.shckhy.qokeedy.shy.dy<->qokeedy.lchedy.ram,sain shckhy qokeedy shy dyqokeedy lchedy ram
RF1b-er,f75r,"f75r.26,+P0",dain.ol.sheol.dain.ol.qoly<->dar.ajy,dain ol sheol dain ol qolydar ajy
RF1b-er,f75r,"f75r.27,+P0",pdalshor.shtol.qoty.pshar.shedy.okaldy<->dar.otar.otody.dy.rol,pdalshor shtol qoty pshar shedy okaldydar otar otody dy rol
RF1b-er,f75r,"f75r.28,+P0",tchedy.pchedy.qokeey.sol.oldair.shecthy.qol<->l.sheedy.qokeedy.lolchedy,tchedy pchedy qokeey sol oldair shecthy qoll sheedy qokeedy lolchedy
RF1b-er,f75r,"f75r.29,+P0","dain.chkal.dy.lo.lkaiin.ol.okeedy,qol.dain.olchey.qokeedy.chedy.qotan",dain chkal dy lo lkaiin ol okeedy qol dain olchey qokeedy chedy qotan
RF1b-er,f75r,"f75r.30,+P0",qo.dain.cheeky.qokey.qokain.cheky.qokal.dain.chedy.okalol.shedy.okar.olom,qo dain cheeky qokey qokain cheky qokal dain chedy okalol shedy okar olom
RF1b-er,f75r,"f75r.31,+P0",dshedy.qokey.chckhy.qokar.shedy.chey.qoked.qokedy.daldy,dshedy qokey chckhy qokar shedy chey qoked qokedy daldy
RF1b-er,f75r,"f75r.32,+P0",polshy.dal.shedy.qokain.dar.chsdy.shedy.qokar.shedy.ldy,polshy dal shedy qokain dar chsdy shedy qokar shedy ldy
RF1b-er,f75r,"f75r.33,+P0",qokeey.lshedy.qol.chedy.qokain.chcthedy.ltedy.darom,qokeey lshedy qol chedy qokain chcthedy ltedy darom
RF1b-er,f75r,"f75r.34,+P0",s.olkedy.okal.dar.oty.okar.otar.ol.kain.olkedy,s olkedy okal dar oty okar otar ol kain olkedy
RF1b-er,f75r,"f75r.35,+P0",qokain.sheety.qokain.dar.dar.shedy.qokain.oldy,qokain sheety qokain dar dar shedy qokain oldy
RF1b-er,f75r,"f75r.36,+P0","sol.keedy.qokeedy.qokey.okar.otar.dar,dar,dy",sol keedy qokeedy qokey okar otar dar dar dy
RF1b-er,f75r,"f75r.37,+P0",qokedy.dy.sheety.qokedy.qokeedy.qokechdy.lol,qokedy dy sheety qokedy qokeedy qokechdy lol
RF1b-er,f75r,"f75r.38,+P0",qokeedy.qokeedy.qokedy.qokedy.qokeedy.ldy,qokeedy qokeedy qokedy qokedy qokeedy ldy
RF1b-er,f75r,"f75r.39,+P0",yshedy.qokeedy.qokeedy.olkeedy.otey.koldy,yshedy qokeedy qokeedy olkeedy otey koldy
RF1b-er,f75r,"f75r.40,+P0",dar.shedy.qokain.shedy.dal.keedy.rshedy,dar shedy qokain shedy dal keedy rshedy
RF1b-er,f75r,"f75r.41,+P0",sokeedy.qokeedy.oteedy.qoky.dykeedy.sy,sokeedy qokeedy oteedy qoky dykeedy sy
RF1b-er,f75r,"f75r.42,+P0",dshedy.qokedy.qokeedy.qoteey.qoteedy.dar,dshedy qokedy qokeedy qoteey qoteedy dar
RF1b-er,f75r,"f75r.43,+P0",yshedy.chekar.oldy.qokain.chkar.otar.oldy,yshedy chekar oldy qokain chkar otar oldy
RF1b-er,f75r,"f75r.44,+P0",dchedy.sain.okedy.qokedy.otedy.okoldy.otar.otam.olaiin.ch<->dar.dy,dchedy sain okedy qokedy otedy okoldy otar otam olaiin chdar dy
RF1b-er,f75r,"f75r.45,+P0",sshedy.shckhy.qokey.okedy.sarol.oty.otedy.qotedy.otedy.okaiin,sshedy shckhy qokey okedy sarol oty otedy qotedy otedy okaiin
RF1b-er,f75r,"f75r.46,+P0",qokey.qokedy.sheol.qokedy.dain.shedy.atol.chedy.olar,qokey qokedy sheol qokedy dain shedy atol chedy olar
RF1b-er,f75r,"f75r.47,@Pb",sal.okeedy,sal okeedy
RF1b-er,f75r,"f75r.48,+Pb",daly.ychey,daly ychey
RF1b-er,f75r,"f75r.49,+Pb",sols.daro,sols daro
RF1b-er,f75r,"f75r.50,+Pb",ychty,ychty
RF1b-er,f75r,"f75r.51,+Pb",saino,saino
RF1b-er,f75r,"f75r.52,+Pb",saldy,saldy
RF1b-er,f75r,"f75r.53,+Pb",dainy,dainy
RF1b-er,f75v,"f75v.1,@P0",pchedar.opchedy.qokedy.opchedy.qopdy<->dain.chetas.chcfhhy.qotam,pchedar opchedy qokedy opchedy qopdydain chetas chcfhhy qotam
RF1b-er,f75v,"f75v.2,=L0",s,s
RF1b-er,f75v,"f75v.3,*P0","sor.sheky.qokain.okal.dal.ol,chedy<->daiin.chckhy.lkar.chckhy.rom",sor sheky qokain okal dal ol chedydaiin chckhy lkar chckhy rom
RF1b-er,f75v,"f75v.4,=L0",l,l
RF1b-er,f75v,"f75v.5,*P0","dl.shckhy.kain.olchey.qokain.daly,rd<->dlshedy.qoteedy.cthedy.loly",dl shckhy kain olchey qokain daly rddlshedy qoteedy cthedy loly
RF1b-er,f75v,"f75v.6,=L0",l,l
RF1b-er,f75v,"f75v.7,*P0",qokchdy.qokal.dal.ol.chety.lchdy<->shedy.ched.otedy.qotedy.otar,qokchdy qokal dal ol chety lchdyshedy ched otedy qotedy otar
RF1b-er,f75v,"f75v.8,~L0",o,o
RF1b-er,f75v,"f75v.9,+L0",r,r
RF1b-er,f75v,"f75v.10,*P0",qokeed.chedyky.okedy.lchedy.dar.ojy<->dchedy.dar.olchedy.otedy.qoky,qokeed chedyky okedy lchedy dar ojydchedy dar olchedy otedy qoky
RF1b-er,f75v,"f75v.11,=L0",s,s
RF1b-er,f75v,"f75v.12,*P0",qokedy.rshey.qol.chey.ol.chey.keed<->sol.key.dykedy.qokal.dar.oly,qokedy rshey qol chey ol chey keedsol key dykedy qokal dar oly
RF1b-er,f75v,"f75v.13,+P0","ocheain.cheedy.qokal.dain.sheety.qoky<->s,shedy.tedy.otedy.tedy.taral",ocheain cheedy qokal dain sheety qokys shedy tedy otedy tedy taral
RF1b-er,f75v,"f75v.14,+P0",qol.sheckhy.qokedy.qokedy.qokaly<->sor.chedy.qoky.olshty.qokydy,qol sheckhy qokedy qokedy qokalysor chedy qoky olshty qokydy
RF1b-er,f75v,"f75v.15,+P0","sal.ol.olain.olkey.ol,shed.qokaly<->qokar.chedy.qokain.ty.lshdyqo",sal ol olain olkey ol shed qokalyqokar chedy qokain ty lshdyqo
RF1b-er,f75v,"f75v.16,+P0",odchedy.qolshdy.shokshdy.qokain.?<->or.shedy.qololkeedy.qokalom,odchedy qolshdy shokshdy qokain shedy qololkeedy qokalom
RF1b-er,f75v,"f75v.17,+P0",sal.shed.ykain.qokain.sheckhy.ld<->saiin.ckhy.lshedy,sal shed ykain qokain sheckhy ldsaiin ckhy lshedy
RF1b-er,f75v,"f75v.18,@Ln",okshy,okshy
RF1b-er,f75v,"f75v.19,+Ln",saral,saral
RF1b-er,f75v,"f75v.20,@Ln",dokal,dokal
RF1b-er,f75v,"f75v.21,+Ln",darol,darol
RF1b-er,f75v,"f75v.22,@Ln",daldy,daldy
RF1b-er,f75v,"f75v.23,+Ln",dalshd,dalshd
RF1b-er,f75v,"f75v.24,@Ln",dalkar,dalkar
RF1b-er,f75v,"f75v.25,+Ln",qokal,qokal
RF1b-er,f75v,"f75v.26,@Ln",dly,dly
RF1b-er,f75v,"f75v.27,+Ln",ory,ory
RF1b-er,f75v,"f75v.28,@Ln",oty,oty
RF1b-er,f75v,"f75v.29,+Ln",lchy,lchy
RF1b-er,f75v,"f75v.30,@Ln",dary,dary
RF1b-er,f75v,"f75v.31,+Ln",dal,dal
RF1b-er,f75v,"f75v.32,@Ln",daldy,daldy
RF1b-er,f75v,"f75v.33,+Ln",qoted,qoted
RF1b-er,f75v,"f75v.34,@Ln",rkal,rkal
RF1b-er,f75v,"f75v.35,+Ln",ykedy,ykedy
RF1b-er,f75v,"f75v.36,@Ln",olkchy,olkchy
RF1b-er,f75v,"f75v.37,+Ln",otoly,otoly
RF1b-er,f75v,"f75v.38,@P0",tolsheor.qokal.dar.olked.orol.kchey.okain.olchey.okar.sheky.dedy.kedy,tolsheor qokal dar olked orol kchey okain olchey okar sheky dedy kedy
RF1b-er,f75v,"f75v.39,+P0",qoqokeey.olkain.qol.sheedy.qokeor.sheedy.qokal.or.chey.qokar.ol.aiin,qoqokeey olkain qol sheedy qokeor sheedy qokal or chey qokar ol aiin
RF1b-er,f75v,"f75v.40,+P0",dlshedy.qokain.dal.qol.qol.ol.sheedy.cheey.dal.ol.sheey.qokain.olol,dlshedy qokain dal qol qol ol sheedy cheey dal ol sheey qokain olol
RF1b-er,f75v,"f75v.41,+P0",sal.shedy.qokain.shey.qoin.ol.shey.ol.shey.qoky.qol.cheey.chl.ar.sheolo,sal shedy qokain shey qoin ol shey ol shey qoky qol cheey chl ar sheolo
RF1b-er,f75v,"f75v.42,+P0",ol.sheey.qolshey.qokain.okaiin.charor,ol sheey qolshey qokain okaiin charor
RF1b-er,f75v,"f75v.43,+P0",pokain.okeedy.ar.chesy.solshey.qokeey.qotedy.olkedy.cheytal.dy.qol,pokain okeedy ar chesy solshey qokeey qotedy olkedy cheytal dy qol
RF1b-er,f75v,"f75v.44,+P0",olshees.al.sheckhy.qokain.ol.chedy.qol.chedy.qolkeey.qolchedy.chealy,olshees al sheckhy qokain ol chedy qol chedy qolkeey qolchedy chealy
RF1b-er,f75v,"f75v.45,+P0",yshey.qokar.olchedy.qor.oiin.okeedy.qokeed.qokeey.qokeey.otey.qoky.dy,yshey qokar olchedy qor oiin okeedy qokeed qokeey qokeey otey qoky dy
RF1b-er,f75v,"f75v.46,+P0",ychey.qotain.sheckhy.qokedy.qokedy.lsheckhy.qokain.dal.tol.olchedy,ychey qotain sheckhy qokedy qokedy lsheckhy qokain dal tol olchedy
RF1b-er,f75v,"f75v.47,+P0",qokain.olshey.qokain.dar.ol.shedy.qokedy.qokeedy.qotar.olshedy.oldy,qokain olshey qokain dar ol shedy qokedy qokeedy qotar olshedy oldy
RF1b-er,f75v,"f75v.48,+P0",qokear.chedy.shckhy.dol.ycheedy.saino.ol.cheedy.qokar.otar.dal.daiin,qokear chedy shckhy dol ycheedy saino ol cheedy qokar otar dal daiin
RF1b-er,f75v,"f75v.49,+P0",por.shey.okain.chedy.qolsheol.olchedy,por shey okain chedy qolsheol olchedy
RF1b-er,f75v,"f75v.50,@Lt",otal.opal,otal opal
RF1b-er,f75v,"f75v.51,=Lt",okeey.lol,okeey lol
RF1b-er,f75v,"f75v.52,=Lt",olol,olol
RF1b-er,f75v,"f75v.53,*Lt",ytedy,ytedy
RF1b-er,f75v,"f75v.54,+Lt",otedy,otedy
RF1b-er,f75v,"f75v.55,+Lt",oteey,oteey
RF1b-er,f75v,"f75v.56,+Lt",qotedy,qotedy
RF1b-er,f75v,"f75v.57,+Pb",okedy.qeky.tedar.oly,okedy qeky tedar oly
RF1b-er,f75v,"f75v.58,+Pb",solchedy.solkedy,solchedy solkedy
RF1b-er,f75v,"f75v.59,+Pb",qokeedy.qokol.olkol,qokeedy qokol olkol
RF1b-er,f75v,"f75v.60,@P1",kolkedy.qokedy.qoky.lpchdy.qotchdy.lol,kolkedy qokedy qoky lpchdy qotchdy lol
RF1b-er,f75v,"f75v.61,+P1","okshey,qolkeey.lchdy.soiin.ol.oteedy",okshey qolkeey lchdy soiin ol oteedy
RF1b-er,f75v,"f75v.62,+P1",ykeechy.qokeedy.daiin.ol.olsheey.qoly,ykeechy qokeedy daiin ol olsheey qoly
RF1b-er,f75v,"f75v.63,+P1",oteey.qol.chey.qokey.oldy.olyly,oteey qol chey qokey oldy olyly
RF1b-er,f75v,"f75v.64,+P1","s,shey.qol.dy.qokar.shey.ldy",s shey qol dy qokar shey ldy
RF1b-er,f75v,"f75v.65,+P1",qokal.dain.dain.oqoky.daiin,qokal dain dain oqoky daiin
RF1b-er,f75v,"f75v.66,+P1",okal.sheedy.qoteedy.qokeey.ly,okal sheedy qoteedy qokeey ly
RF1b-er,f75v,"f75v.67,+P1",ykeedy.qokain.otain.shety,ykeedy qokain otain shety
RF1b-er,f75v,"f75v.68,+P1",octhey.shedy.otol.chckhey.ldy,octhey shedy otol chckhey ldy
RF1b-er,f75v,"f75v.69,+P1",okeshey.olkedy.olkedy.qol.chey,okeshey olkedy olkedy qol chey
RF1b-er,f75v,"f75v.70,+P1",qokey.olchedy.otey.orol,qokey olchedy otey orol
RF1b-er,f76r,"f76r.1,@P0",potchokor.chcfhdy.opshdy.qolp.chcphy.chcphdy.opshey.qopshy.opchdy.sain.asy,potchokor chcfhdy opshdy qolp chcphy chcphdy opshey qopshy opchdy sain asy
RF1b-er,f76r,"f76r.2,+P0",dshedy.qotddyar.cthar.chep.dain.okain.qokeor.shedy.qol.ain.sheals.qokeey,dshedy qotddyar cthar chep dain okain qokeor shedy qol ain sheals qokeey
RF1b-er,f76r,"f76r.3,+P0",yshey.qokeey.qokey.qokeed.okedy.shky.qotedy.otedy.shol.qoty.ol.chedy.aiiny,yshey qokeey qokey qokeed okedy shky qotedy otedy shol qoty ol chedy aiiny
RF1b-er,f76r,"f76r.4,*L0",s,s
RF1b-er,f76r,"f76r.5,=P0",qokedy.qokeey.or.ar.or.chkarol.otey.qokedy.lkedy.chdy.qokchdy.qokal.chdam,qokedy qokeey or ar or chkarol otey qokedy lkedy chdy qokchdy qokal chdam
RF1b-er,f76r,"f76r.6,+P0",solchedy.qokeedy.qopchedy.qokeeo.sol.shedy.qokedy.sheey.okees.al.al.chedain.dar,solchedy qokeedy qopchedy qokeeo sol shedy qokedy sheey okees al al chedain dar
RF1b-er,f76r,"f76r.7,*L0",d,d
RF1b-er,f76r,"f76r.8,=P0",qoaiin.ches.okeedal.qoked.qokeey.shedy.chey.lkeedy.akey.dar.aiin.chekain.aldy,qoaiin ches okeedal qoked qokeey shedy chey lkeedy akey dar aiin chekain aldy
RF1b-er,f76r,"f76r.9,+P0",shed.al.shckhy.sain.chcphedy.ain.olkeey.lkar.ain.oteey.lkain.chedy.dar.daly,shed al shckhy sain chcphedy ain olkeey lkar ain oteey lkain chedy dar daly
RF1b-er,f76r,"f76r.10,*L0",q,q
RF1b-er,f76r,"f76r.11,=P0","qotedshedy.qorain.oteedy.chedy.ol.chdy.r,aiiin.chekain.dain.chckhy.sal.oty",qotedshedy qorain oteedy chedy ol chdy r aiiin chekain dain chckhy sal oty
RF1b-er,f76r,"f76r.12,+P0",solshedy.qool.qctheed.shdy.qa.ol.teey.dain.saiin.s.ar.shedy.qokeor.okeedy,solshedy qool qctheed shdy qa ol teey dain saiin s ar shedy qokeor okeedy
RF1b-er,f76r,"f76r.13,+P0",qokeedy.checthy.chckhey.okal.okaiin.sheckhey.okeedy.otey.dal.ykal.chedy.sar,qokeedy checthy chckhey okal okaiin sheckhey okeedy otey dal ykal chedy sar
RF1b-er,f76r,"f76r.14,*L0",s,s
RF1b-er,f76r,"f76r.15,=P0",chorshedy.qoked.okees.al.ar.aiin.ar.ain.chckheedlchedy.shedy.qolair.chedy,chorshedy qoked okees al ar aiin ar ain chckheedlchedy shedy qolair chedy
RF1b-er,f76r,"f76r.16,+P0",qotes.chedy.shckhy.qokeey.okeey.kain.checkhy.qokeedy.qotey.qotain.chekear,qotes chedy shckhy qokeey okeey kain checkhy qokeedy qotey qotain chekear
RF1b-er,f76r,"f76r.17,+P0",chey.chckh.shey.qeeey.chol.lkain.shedy.qokeedy.okain.chedy.okeed.qokaloro,chey chckh shey qeeey chol lkain shedy qokeedy okain chedy okeed qokaloro
RF1b-er,f76r,"f76r.18,*L0",o,o
RF1b-er,f76r,"f76r.19,=P0",dcheedy.qolchey.qokeey.qokeey.chedy.qokar.shedy.shedy.lshedy.qolchedy.otedyl,dcheedy qolchey qokeey qokeey chedy qokar shedy shedy lshedy qolchedy otedyl
RF1b-er,f76r,"f76r.20,+P0",dshedy.qo.chedy.lchedy.qokey.qolchey.qotain.chckhy.shckhy.lchar.okar.alchdy,dshedy qo chedy lchedy qokey qolchey qotain chckhy shckhy lchar okar alchdy
RF1b-er,f76r,"f76r.21,+P0",qokchrdy.okeey.lchedy.qo.olain.ot.shedy.qotaly.dar.sain.shedy.oleeed,qokchrdy okeey lchedy qo olain ot shedy qotaly dar sain shedy oleeed
RF1b-er,f76r,"f76r.22,*L0",l,l
RF1b-er,f76r,"f76r.23,=P0",sheedy.qokedy.chedy.chedy.qokain.chckhy.olchy.l.ain.shedy.olaiin.chedy.qokey,sheedy qokedy chedy chedy qokain chckhy olchy l ain shedy olaiin chedy qokey
RF1b-er,f76r,"f76r.24,+P0",dalshedy.qolsheedy.qokaldy.chepy.dain.alolor.olain.chedy.shecthy.qokey.lar,dalshedy qolsheedy qokaldy chepy dain alolor olain chedy shecthy qokey lar
RF1b-er,f76r,"f76r.25,+P0","qalain.chey.qokeey.lchedy.chcthy.cheyky.chey.qolal.lkl,chey.lchedy.chey.llaiiry",qalain chey qokeey lchedy chcthy cheyky chey qolal lkl chey lchedy chey llaiiry
RF1b-er,f76r,"f76r.26,+P0",shedal.shey.qokey.qolchedy.qolain.ain.chey.qotaiin.okain.cheedy.lcheyloly.dy,shedal shey qokey qolchedy qolain ain chey qotaiin okain cheedy lcheyloly dy
RF1b-er,f76r,"f76r.27,*L0",k,k
RF1b-er,f76r,"f76r.28,=P0",sain.sheey.chear.ol.aiin.chodaiin.qokaiin.chey.qokalchey.dal.chdy.dal.ytal,sain sheey chear ol aiin chodaiin qokaiin chey qokalchey dal chdy dal ytal
RF1b-er,f76r,"f76r.29,+P0",qokar.shedy.shedy.qokar.shedy.qokain.dar.shey.lshcthy.okar.okain.ylaiiny,qokar shedy shedy qokar shedy qokain dar shey lshcthy okar okain ylaiiny
RF1b-er,f76r,"f76r.30,+P0",darchey.cheolchey.shcthy.chedy.qo.qokey.dalaiin.sheeky.qokain.olky.sain.chy,darchey cheolchey shcthy chedy qo qokey dalaiin sheeky qokain olky sain chy
RF1b-er,f76r,"f76r.31,*L0",r,r
RF1b-er,f76r,"f76r.32,=P0",chear.ain.okaiin.dain.chey.dalshedy.qokaiin.cheal.shy.chedy.rain.chedy.shy,chear ain okaiin dain chey dalshedy qokaiin cheal shy chedy rain chedy shy
RF1b-er,f76r,"f76r.33,+P0",qokedy.lkey.kal.shedy.qopchey.qol.pchedy.okchy.chckhy.shey.lol.r.al.sheey.dar,qokedy lkey kal shedy qopchey qol pchedy okchy chckhy shey lol r al sheey dar
RF1b-er,f76r,"f76r.34,+P0",chear.shey.qoalkal.shedy.shedy.shey.shedy.ollchy.shlches.shcthy.sain.oly,chear shey qoalkal shedy shedy shey shedy ollchy shlches shcthy sain oly
RF1b-er,f76r,"f76r.35,+P0",sain.shedy.lshey.qokal.chcthy.okeolor.cheol.otar.chedy.qol.chcthy.chckhy,sain shedy lshey qokal chcthy okeolor cheol otar chedy qol chcthy chckhy
RF1b-er,f76r,"f76r.36,+P0",qokal.shedy.sheol.cheal.alshy.cholchdy.talor.ol.alor.chol.okear.ar.o.oly,qokal shedy sheol cheal alshy cholchdy talor ol alor chol okear ar o oly
RF1b-er,f76r,"f76r.37,*L0",s,s
RF1b-er,f76r,"f76r.38,=P0",oteey.lchey.chey.olsheol.qokal.chal,oteey lchey chey olsheol qokal chal
RF1b-er,f76r,"f76r.39,+P0",polalchdy.pshedy.opchedy.qokar.yksheol.qokeedy.oty.lshed.chpsheedy.ytal,polalchdy pshedy opchedy qokar yksheol qokeedy oty lshed chpsheedy ytal
RF1b-er,f76r,"f76r.40,+P0",qolchey.shckhy.qokey.lchy.opchey.dain.shdy.qokedar.olchdy.sar.oty.dy.lchedy,qolchey shckhy qokey lchy opchey dain shdy qokedar olchdy sar oty dy lchedy
RF1b-er,f76r,"f76r.41,+P0",sain.ar.okedy.lcheey.qokey.shckhy.otedy.qokal.shey.qoky.dain.chedy.qokchdyl,sain ar okedy lcheey qokey shckhy otedy qokal shey qoky dain chedy qokchdyl
RF1b-er,f76r,"f76r.42,+P0",dain.chey.lsh.daiin.chey.lchedy.qolain.qotal.shedy.dy.shecthy.otalam,dain chey lsh daiin chey lchedy qolain qotal shedy dy shecthy otalam
RF1b-er,f76r,"f76r.43,+P0",sor.shey.qokey.qokar.sheealdy.chol.oly.chaly.lol.chdy,sor shey qokey qokar sheealdy chol oly chaly lol chdy
RF1b-er,f76r,"f76r.44,+P0",poleedaran.shckhy.qoty.ykar.alol.lkaiin.olshedy.otain.okar.opar.kolpy,poleedaran shckhy qoty ykar alol lkaiin olshedy otain okar opar kolpy
RF1b-er,f76r,"f76r.45,+P0",yshedy.qo.or.okain.shey.qokaiin.okeedy.qochy.as.ain.sheey.chckhy,yshedy qo or okain shey qokaiin okeedy qochy as ain sheey chckhy
RF1b-er,f76r,"f76r.46,+P0","dain.shear.okedy.otedy.okedy.lchedy.chedy.okar.chedy.otar,ain",dain shear okedy otedy okedy lchedy chedy okar chedy otar ain
RF1b-er,f76r,"f76r.47,+P0",dain.chckhy.or.aiin.sheey.qockhey.olchdar.sheey.otedy.olain.oky,dain chckhy or aiin sheey qockhey olchdar sheey otedy olain oky
RF1b-er,f76r,"f76r.48,+P0",saiin.shckhy.lkeedy.qoky.okain.ytain.oteedy.okedor.shedy.qokal,saiin shckhy lkeedy qoky okain ytain oteedy okedor shedy qokal
RF1b-er,f76r,"f76r.49,+P0",saiin.olaiin.oky.shol.sain.oky.lkar.chedy.lkar.al.loral,saiin olaiin oky shol sain oky lkar chedy lkar al loral
RF1b-er,f76r,"f76r.50,+P0",pchedy.m.sal.dol.shdy.olkedy.qokaiin.otal.rory,pchedy m sal dol shdy olkedy qokaiin otal rory
RF1b-er,f76r,"f76r.51,+P0",qkor.shedy.shey.keedy.sal.raiin.opchdy.dar.chedy.qopchedy.rorol,qkor shedy shey keedy sal raiin opchdy dar chedy qopchedy rorol
RF1b-er,f76r,"f76r.52,+P0",alsheed.qokedy.qokeedy.qokedy.lkedy.lsheedy.okar.shedy.otain,alsheed qokedy qokeedy qokedy lkedy lsheedy okar shedy otain
RF1b-er,f76r,"f76r.53,+P0",saiin.qol.shedy.ol.chedor.chal.shed.qoteedy.dshedy.okal.chedyl,saiin qol shedy ol chedor chal shed qoteedy dshedy okal chedyl
RF1b-er,f76r,"f76r.54,+P0",dal.or.chedy.qolaiin.okedal.olchedy.chdal.olchedy.choly.aiiny,dal or chedy qolaiin okedal olchedy chdal olchedy choly aiiny
RF1b-er,f76r,"f76r.55,+P0",sain.sheey.or.or.al.solshey.okeedy.ldaiin.checthey.okedalor,sain sheey or or al solshey okeedy ldaiin checthey okedalor
RF1b-er,f76r,"f76r.56,+P0",qokaiin.ol.shedy.qokeey.or.shdy,qokaiin ol shedy qokeey or shdy
RF1b-er,f76v,"f76v.1,@P0",polarar.okar.opcheey.yteey.opchaly.lshedy.qopchdal.lkodol<->opakorolr,polarar okar opcheey yteey opchaly lshedy qopchdal lkodolopakorolr
RF1b-er,f76v,"f76v.2,+P0",sshedy.keedy.cholteeey.otedor.okor.shedy.chedy.qokeedy.oly<->shey.qoyky,sshedy keedy cholteeey otedor okor shedy chedy qokeedy olyshey qoyky
RF1b-er,f76v,"f76v.3,+P0",dchedy.qokeedy.oteedy.chedaiin.chey.qokeedy.olkedy.rar<->oteedy.akal,dchedy qokeedy oteedy chedaiin chey qokeedy olkedy raroteedy akal
RF1b-er,f76v,"f76v.4,+P0",solkeey.sor.shecthy.daiin.okar.chpchedy.cpchy.oty.olor<->otchy.r.alchl,solkeey sor shecthy daiin okar chpchedy cpchy oty olorotchy r alchl
RF1b-er,f76v,"f76v.5,+P0",s.otain.akain.chcthedy.qoteed.y.kedy.okedy.chedy<->otedy.teyteg,s otain akain chcthedy qoteed y kedy okedy chedyotedy teyteg
RF1b-er,f76v,"f76v.6,+P0",qotees.olkeey.okeedy.qoeeedy.chckhey.sheor.aiin.otar<->cheedy.lchedy,qotees olkeey okeedy qoeeedy chckhey sheor aiin otarcheedy lchedy
RF1b-er,f76v,"f76v.7,+P0",doteey.qo.okaiin.oteedy.otedy.cheolchdy.okeedy.otedy.qokedy.okedar.da,doteey qo okaiin oteedy otedy cheolchdy okeedy otedy qokedy okedar da
RF1b-er,f76v,"f76v.8,+P0",qokeedy.ochedy.roiin.sheedy.qokeedy.okeedy.olor.okeedy.qolkeeey.ral,qokeedy ochedy roiin sheedy qokeedy okeedy olor okeedy qolkeeey ral
RF1b-er,f76v,"f76v.9,+P0",sheor.chey.ral.cheey.r.al.cheedy,sheor chey ral cheey r al cheedy
RF1b-er,f76v,"f76v.10,+P0",cphdor.shedal.qopchdy.dshedy.shedy.tchedy.lsheetal.shecfhy.daiin.dy,cphdor shedal qopchdy dshedy shedy tchedy lsheetal shecfhy daiin dy
RF1b-er,f76v,"f76v.11,+P0",cheor.sheedy.daiin.oekeedy.qokeey.qokedy.oteedy.shedy.qokedy.shedam,cheor sheedy daiin oekeedy qokeey qokedy oteedy shedy qokedy shedam
RF1b-er,f76v,"f76v.12,+P0",solsheol.sheey.lteedy.qokeedy.qotal.chedy.checthy.otedeey.qokol.chedy.deey,solsheol sheey lteedy qokeedy qotal chedy checthy otedeey qokol chedy deey
RF1b-er,f76v,"f76v.13,+P0",saiin.sheedy.qol.sheedy.okeeedy.qoteedy.chedy.qotedy.oleeedy.qoteedy.lo,saiin sheedy qol sheedy okeeedy qoteedy chedy qotedy oleeedy qoteedy lo
RF1b-er,f76v,"f76v.14,+P0",qokeedy.qol.cheedy.otedy.cthedy.otedy.qoteedy.shcthedy.qoeekeedy.deedy,qokeedy qol cheedy otedy cthedy otedy qoteedy shcthedy qoeekeedy deedy
RF1b-er,f76v,"f76v.15,+P0",tchedy.lsheedy.chedal.chedy.checthey,tchedy lsheedy chedal chedy checthey
RF1b-er,f76v,"f76v.16,+P0",polshdal.otedair.opshedal.qokedy.shedy.fschedal.tsheokeedy.oshepols,polshdal otedair opshedal qokedy shedy fschedal tsheokeedy oshepols
RF1b-er,f76v,"f76v.17,+P0","sar.olkeey.shok,aiin.sheolol.otedy.qekchdy.qoeeedy.qokedy.lkedy.chdy",sar olkeey shok aiin sheolol otedy qekchdy qoeeedy qokedy lkedy chdy
RF1b-er,f76v,"f76v.18,+P0",lshey.qockhedy.qodeey.qolkeedy.qokedy.chol.chedchey.daiin.olkedy,lshey qockhedy qodeey qolkeedy qokedy chol chedchey daiin olkedy
RF1b-er,f76v,"f76v.19,+P0",ar.ar.sheey.otar.shedy.otchedy.checkhey.olchedy.checkhy.checthy.lky,ar ar sheey otar shedy otchedy checkhey olchedy checkhy checthy lky
RF1b-er,f76v,"f76v.20,+P0",dal.sheetey.qokedy.ol.checkhy.lshedy.qokeedy.cheedy.qokeedy.shl.loiiim,dal sheetey qokedy ol checkhy lshedy qokeedy cheedy qokeedy shl loiiim
RF1b-er,f76v,"f76v.21,+P0",cthedy.oteol.chdar.chckhy.chees.solkeedy.chey.lcheedy.lchedy.qoteedy,cthedy oteol chdar chckhy chees solkeedy chey lcheedy lchedy qoteedy
RF1b-er,f76v,"f76v.22,+P0",sol.shey.qotedy.chey.dytey.teedy.lchey.qokedy.chedy.lal.chedy.lchedy,sol shey qotedy chey dytey teedy lchey qokedy chedy lal chedy lchedy
RF1b-er,f76v,"f76v.23,+P0",dchedy.qokeedy.qoteey.qokol.shedy.shedy.chedy.olchedr.shetey.saiin,dchedy qokeedy qoteey qokol shedy shedy chedy olchedr shetey saiin
RF1b-er,f76v,"f76v.24,+P0",qokeey.lsheey.dal.lchedy.olshey,qokeey lsheey dal lchedy olshey
RF1b-er,f76v,"f76v.25,+P0",pshealdy.opalshedy.qokshedy.qokedy.dor.shey.opchedy.dal.ro.fcham,pshealdy opalshedy qokshedy qokedy dor shey opchedy dal ro fcham
RF1b-er,f76v,"f76v.26,+P0",dshol.qokaiin.ches.daiin.checkhy.oteoldy.qokeey.chckhy.lor.aly,dshol qokaiin ches daiin checkhy oteoldy qokeey chckhy lor aly
RF1b-er,f76v,"f76v.27,+P0","daiin.shckhey.qokeedy.saiin.chek.ain.r.ain.o,kan.chlaiiin",daiin shckhey qokeedy saiin chek ain r ain o kan chlaiiin
RF1b-er,f76v,"f76v.28,+P0",saiin.sheckhy.cheolchey.qokedy.sair.sheckhy.lkeedy.lchedy,saiin sheckhy cheolchey qokedy sair sheckhy lkeedy lchedy
RF1b-er,f76v,"f76v.29,+P0",sar.sheedy.qokeedy.qolkey.lchdy.rchees.shees.al.ches.okaiin.alaldy,sar sheedy qokeedy qolkey lchdy rchees shees al ches okaiin alaldy
RF1b-er,f76v,"f76v.30,+P0",tchedy.lshees.aiin.chees.tchy.rshed.chkaiin.sheky.shtal.cheedy.lsan,tchedy lshees aiin chees tchy rshed chkaiin sheky shtal cheedy lsan
RF1b-er,f76v,"f76v.31,+P0",sair.shekaiiin.shets.aiiin.shety.otey.okaiin.otedy.qotar.chedy,sair shekaiiin shets aiiin shety otey okaiin otedy qotar chedy
RF1b-er,f76v,"f76v.32,+P0",tain.sheey.qotain.chedy.qokaiin.chedy.taiin.chckhedy.otol.oty,tain sheey qotain chedy qokaiin chedy taiin chckhedy otol oty
RF1b-er,f76v,"f76v.33,+P0",saiin.otaiin.shckhedy,saiin otaiin shckhedy
RF1b-er,f76v,"f76v.34,+P0","sakaiin.okeedy.chedy.qotain.cphey.opcheey.oty.s,aiin.atary",sakaiin okeedy chedy qotain cphey opcheey oty s aiin atary
RF1b-er,f76v,"f76v.35,+P0",ychees.alchedy.qokeedy.lshedy.tolchedy.lchedy.qoky.saiin.olor,ychees alchedy qokeedy lshedy tolchedy lchedy qoky saiin olor
RF1b-er,f76v,"f76v.36,+P0",daiin.cheol.teey.lshety.okeey.qeedy,daiin cheol teey lshety okeey qeedy
RF1b-er,f76v,"f76v.37,+P0",qoeedy.lchedy.chees.oloiiin.cheeky.shekeey.qokey.qoky.saiin.sy,qoeedy lchedy chees oloiiin cheeky shekeey qokey qoky saiin sy
RF1b-er,f76v,"f76v.38,+P0","saiin.chedy.shedy.qokeedy.lol.s,aiiin.qokain.chey.r.al.r.aiin.dl",saiin chedy shedy qokeedy lol s aiiin qokain chey r al r aiin dl
RF1b-er,f76v,"f76v.39,+P0",sshey.lshedy.qokaiin.shedy.okedy.san.ol.keedy.ror.qoky.dedy,sshey lshedy qokaiin shedy okedy san ol keedy ror qoky dedy
RF1b-er,f76v,"f76v.40,+P0",sol.shedy.qoky.daiin.shedy.chey.qokaiin.cheedy.qo.char.aiin,sol shedy qoky daiin shedy chey qokaiin cheedy qo char aiin
RF1b-er,f76v,"f76v.41,+P0",sol.shey.chedy.qokedy.chedy.qol.r.aiin.shedy,sol shey chedy qokedy chedy qol r aiin shedy
RF1b-er,f77r,"f77r.1,@Ln",darchdar,darchdar
RF1b-er,f77r,"f77r.2,+Lt",olkchs,olkchs
RF1b-er,f77r,"f77r.3,=Lt",otedy,otedy
RF1b-er,f77r,"f77r.4,~Lt",otork,otork
RF1b-er,f77r,"f77r.5,=Lt",otol,otol
RF1b-er,f77r,"f77r.6,~Lt",dchdy,dchdy
RF1b-er,f77r,"f77r.7,~Lt",soral,soral
RF1b-er,f77r,"f77r.8,~Ln",dotedy,dotedy
RF1b-er,f77r,"f77r.9,@P0",poldarairol.qokol.chey.qopchedy.qopchedy.dylches.olkedy.loly,poldarairol qokol chey qopchedy qopchedy dylches olkedy loly
RF1b-er,f77r,"f77r.10,+P0",tolchdar.shey.qotaiin.qotedy.qokol.chdy.qokain.chetey.sal,tolchdar shey qotaiin qotedy qokol chdy qokain chetey sal
RF1b-er,f77r,"f77r.11,+P0",qoteedy.qokaiin.shedy.chol.shedy.shcthey.qokeedy.oteedy.cham,qoteedy qokaiin shedy chol shedy shcthey qokeedy oteedy cham
RF1b-er,f77r,"f77r.12,+P0",solteedy.qoteedy.qodeedy.chedaiin.chedy.shedaiin.sheolol.ched,solteedy qoteedy qodeedy chedaiin chedy shedaiin sheolol ched
RF1b-er,f77r,"f77r.13,+P0","qokeedy.qol.sheedy.shol.tedy.chedy.lsheedy.qokedy.qol,al.chedy",qokeedy qol sheedy shol tedy chedy lsheedy qokedy qol al chedy
RF1b-er,f77r,"f77r.14,+P0",sokcheey.sain.sheeol.qoteedy.qokaiin.shedy.qokeedy.qotedy,sokcheey sain sheeol qoteedy qokaiin shedy qokeedy qotedy
RF1b-er,f77r,"f77r.15,+P0",qokeedy.shedy.qotol.shedy.qokaiin.sheety.qokeedy.lchedy.lol,qokeedy shedy qotol shedy qokaiin sheety qokeedy lchedy lol
RF1b-er,f77r,"f77r.16,+P0",sshedy.qotaiin.chedy.qokaiin.shedy.qolcheedy.qokeedy.lol,sshedy qotaiin chedy qokaiin shedy qolcheedy qokeedy lol
RF1b-er,f77r,"f77r.17,+P0",qoteedy.qoteedy.qokedy.sheed.qeey.saiin.sheety.qoteedy.lol,qoteedy qoteedy qokedy sheed qeey saiin sheety qoteedy lol
RF1b-er,f77r,"f77r.18,+P0",daiin.cheedy.lshey.qolar.chees.sheckhedy.qol.cheedy.qotaiin,daiin cheedy lshey qolar chees sheckhedy qol cheedy qotaiin
RF1b-er,f77r,"f77r.19,+P0",qokeedy.lchey.lsheey.qokeedy.qokeedy.qokar.qokeey.laiin.chey,qokeedy lchey lsheey qokeedy qokeedy qokar qokeey laiin chey
RF1b-er,f77r,"f77r.20,+P0",qotain.sheal.qokeedy.qoteey.qokain.sheey.qotedy.dalchedy,qotain sheal qokeedy qoteey qokain sheey qotedy dalchedy
RF1b-er,f77r,"f77r.21,+P0",chedaiin.shedy.qokeedy.qokedy.qokeey.chedy.shear.olaiiny,chedaiin shedy qokeedy qokedy qokeey chedy shear olaiiny
RF1b-er,f77r,"f77r.22,+P0",qoteedy.al.lchedy.r.oin.chy.chedaiin.cheey.okedy.qoky,qoteedy al lchedy r oin chy chedaiin cheey okedy qoky
RF1b-er,f77r,"f77r.23,+P0",sheoky.qokaiin.chedy.lchedy.olshedy.qokeedy.chedy.qokal,sheoky qokaiin chedy lchedy olshedy qokeedy chedy qokal
RF1b-er,f77r,"f77r.24,+P0",daiin.dol.shor.cphey.lfcheol.shear.qolchy,daiin dol shor cphey lfcheol shear qolchy
RF1b-er,f77r,"f77r.25,+P0",otedy.qokor.shedy.qokal.shedar.dal.chedy.daror,otedy qokor shedy qokal shedar dal chedy daror
RF1b-er,f77r,"f77r.26,+P0",qoteedy.qokeedy.qokaiin.chcthy.lchedy.qokaly,qoteedy qokeedy qokaiin chcthy lchedy qokaly
RF1b-er,f77r,"f77r.27,+P0",solchedy.qokain.okaiin.shedy.qokeedy.qotedy,solchedy qokain okaiin shedy qokeedy qotedy
RF1b-er,f77r,"f77r.28,+P0",olchey.qotey.qokain.olcheedy.sar.lom,olchey qotey qokain olcheedy sar lom
RF1b-er,f77r,"f77r.29,+P0",saiin.cheeol.qokeedy.qokeedy.qotal,saiin cheeol qokeedy qokeedy qotal
RF1b-er,f77r,"f77r.30,+P0","qokaiin.chckhey.s,aiin.qolkain.cheeky.lol",qokaiin chckhey s aiin qolkain cheeky lol
RF1b-er,f77r,"f77r.31,+P0",qokain.chckhy.qokeey.qotedy.qotedy.qotary,qokain chckhy qokeey qotedy qotedy qotary
RF1b-er,f77r,"f77r.32,+P0",qor.ain.cheol.ol.chealor.cheey.qeteiiin.dary,qor ain cheol ol chealor cheey qeteiiin dary
RF1b-er,f77r,"f77r.33,+P0",daiin.chedy.qol.keedy.qoteeedy.sar.aiiiin.cheety.dy,daiin chedy qol keedy qoteeedy sar aiiiin cheety dy
RF1b-er,f77r,"f77r.34,+P0",qokaiin.shedy.chedy.qolchedy.qokaiin.qokaiin.checkhy.raiin,qokaiin shedy chedy qolchedy qokaiin qokaiin checkhy raiin
RF1b-er,f77r,"f77r.35,+P0",solkeey.okaiin.chedy.qokain.sheedy.qotaiin.chedaiin.chealy,solkeey okaiin chedy qokain sheedy qotaiin chedaiin chealy
RF1b-er,f77r,"f77r.36,+P0",dshedy.pchedy.qotain.chedy.dolchl.qokeedy.qokol.olchey,dshedy pchedy qotain chedy dolchl qokeedy qokol olchey
RF1b-er,f77r,"f77r.37,+P0",teeolain.chey.qoteedy.qokain.cheedy.cheey.lchedy,teeolain chey qoteedy qokain cheedy cheey lchedy
RF1b-er,f77r,"f77r.38,+P0",pol.shedy.qoeedy.qokaiin.chcphey.qol.ltaiin.shedy.qol,pol shedy qoeedy qokaiin chcphey qol ltaiin shedy qol
RF1b-er,f77r,"f77r.39,+P0",olaiin.cheey.sheckhey.lsheey.qykaiin.sheedy.laiin,olaiin cheey sheckhey lsheey qykaiin sheedy laiin
RF1b-er,f77r,"f77r.40,+P0",daiiin.ol.eeedy.okaiin.sheeol.qotaiin.shody.qoty,daiiin ol eeedy okaiin sheeol qotaiin shody qoty
RF1b-er,f77r,"f77r.41,+P0","daiin.sh.qol,chey.qotedy.qotal.r.ain.chl.s.arol",daiin sh qol chey qotedy qotal r ain chl s arol
RF1b-er,f77r,"f77r.42,+P0",qokeedy.qotedy.qokeedy.qokeedy.qokeey.r.aiin.al,qokeedy qotedy qokeedy qokeedy qokeey r aiin al
RF1b-er,f77r,"f77r.43,+P0",dchee.ol.cheedy.qotaiin.qoteedy.qotedy.raiin,dchee ol cheedy qotaiin qoteedy qotedy raiin
RF1b-er,f77r,"f77r.44,+P0",sheey.qepchedy.qol.cheedy.qokear.cheey.loly.dy,sheey qepchedy qol cheedy qokear cheey loly dy
RF1b-er,f77r,"f77r.45,+P0","qokaiin.ches.lchear.dal.chr.sls.ain.ol.r,aiin.lod",qokaiin ches lchear dal chr sls ain ol r aiin lod
RF1b-er,f77r,"f77r.46,+P0",daiin.chlchpsheey.tal.cheol.dag.ar.otey.daiin,daiin chlchpsheey tal cheol dag ar otey daiin
RF1b-er,f77r,"f77r.47,+P0",ysheey.dal.saiisol.sal.dalo.tain.dary.dalo,ysheey dal saiisol sal dalo tain dary dalo
RF1b-er,f77r,"f77r.48,+P0",sodar.oloky,sodar oloky
RF1b-er,f77r,"f77r.49,@Ln",otchdy,otchdy
RF1b-er,f77r,"f77r.50,@Lt",otolaiino,otolaiino
RF1b-er,f77v,"f77v.1,@Lt",okain.ykal,okain ykal
RF1b-er,f77v,"f77v.2,=Lt",otol.shedy,otol shedy
RF1b-er,f77v,"f77v.3,=Lt",olkeedal,olkeedal
RF1b-er,f77v,"f77v.4,@Lt",otolor,otolor
RF1b-er,f77v,"f77v.5,=Lt",archedal,archedal
RF1b-er,f77v,"f77v.6,@P0",qetedy.shedy.qotol.odal.chal.dar.qopshedy.qotedy.qotedy.qokedy.dal,qetedy shedy qotol odal chal dar qopshedy qotedy qotedy qokedy dal
RF1b-er,f77v,"f77v.7,+P0","olshedy.qol,sheedy.qy.rchr.ycheedy.okedy.lshedy.chr.shdal.chedy.qolky",olshedy qol sheedy qy rchr ycheedy okedy lshedy chr shdal chedy qolky
RF1b-er,f77v,"f77v.8,+P0",qokeeey.shedy.qokeedy.qodykey.qokedy.rsheedy.taiiin.sheol.teedy.yry,qokeeey shedy qokeedy qodykey qokedy rsheedy taiiin sheol teedy yry
RF1b-er,f77v,"f77v.9,+P0","dcheol.kshey.qol,chshy.cheol.olchedy.ol.chs.ol.sheedy.qokedy.chedy",dcheol kshey qol chshy cheol olchedy ol chs ol sheedy qokedy chedy
RF1b-er,f77v,"f77v.10,+P0",tchedar.olain.checkhy.sal.shedy.qokal.chedy.qokedy.qol.shedy.lol,tchedar olain checkhy sal shedy qokal chedy qokedy qol shedy lol
RF1b-er,f77v,"f77v.11,+P0","qockhy.dol.chdy.dsheedal.qokal.chedy.dal.shedy.qokeedy.dal.ol,chy",qockhy dol chdy dsheedal qokal chedy dal shedy qokeedy dal ol chy
RF1b-er,f77v,"f77v.12,+P0",lchedy.shedal.qokedy.okal.chedy.qokal.shedy.chedy.qol.chdy.lam,lchedy shedal qokedy okal chedy qokal shedy chedy qol chdy lam
RF1b-er,f77v,"f77v.13,+P0",sor.sheol.chdy.qokeedy.dar.shedy.chedy.qokal.chedy.qokey.lshedy.dal,sor sheol chdy qokeedy dar shedy chedy qokal chedy qokey lshedy dal
RF1b-er,f77v,"f77v.14,+P0","dar,cheedal.qeedy.qeedeey.ol,chey.lchey.qedy.or.cheey.qol.rar.ar",dar cheedal qeedy qeedeey ol chey lchey qedy or cheey qol rar ar
RF1b-er,f77v,"f77v.15,+P0",qol.kaiin.shey,qol kaiin shey
RF1b-er,f77v,"f77v.16,+P0",tedal.daiin.okaiin.shedy.qokedy.qokain.otedy.dasy,tedal daiin okaiin shedy qokedy qokain otedy dasy
RF1b-er,f77v,"f77v.17,+P0",olchedy.qol.shedy.qokchedy.qokeey.daiin.olol,olchedy qol shedy qokchedy qokeey daiin olol
RF1b-er,f77v,"f77v.18,+P0",qokaiin.sheol.ekedy.qokey.qokal.dal.daly,qokaiin sheol ekedy qokey qokal dal daly
RF1b-er,f77v,"f77v.19,+P0",qoraiin.shey.qokaiin.chal.aiiin.chedy.qol,qoraiin shey qokaiin chal aiiin chedy qol
RF1b-er,f77v,"f77v.20,+P0",daiin.salchedy.qokedy.qokal.shed.keoly,daiin salchedy qokedy qokal shed keoly
RF1b-er,f77v,"f77v.21,+P0",qokal.salchedy.shey.fchar.qotas.olky.darory,qokal salchedy shey fchar qotas olky darory
RF1b-er,f77v,"f77v.22,+P0",dalchey.qol.chedy.oqokain.olkaiin.chckhy.qokal.dar,dalchey qol chedy oqokain olkaiin chckhy qokal dar
RF1b-er,f77v,"f77v.23,+P0",qokal.chees.al.shedy.doraiin.ol.qoky.ches.ol.dal,qokal chees al shedy doraiin ol qoky ches ol dal
RF1b-er,f77v,"f77v.24,+P0",daiin.sheekey.qokeedy.daiin.dail.qokedy.qotedy.rol,daiin sheekey qokeedy daiin dail qokedy qotedy rol
RF1b-er,f77v,"f77v.25,+P0",lchor.oiiin.shedy.qokaiin.saiin.dal.sheedy.qokeedy.ral,lchor oiiin shedy qokaiin saiin dal sheedy qokeedy ral
RF1b-er,f77v,"f77v.26,+P0","dairol.shedy.r,chy.sheor.qokedy.qoky.chckhy.qokchy.ldal",dairol shedy r chy sheor qokedy qoky chckhy qokchy ldal
RF1b-er,f77v,"f77v.27,+P0",tshedy.qokain.chedal.fchedy.cheky.sain.chedy.qokain.ol,tshedy qokain chedal fchedy cheky sain chedy qokain ol
RF1b-er,f77v,"f77v.28,+P0",ychedy.qokedy.qoked.ol.sheor.olchdy,ychedy qokedy qoked ol sheor olchdy
RF1b-er,f77v,"f77v.29,+P0","tcho,dchy.lshedy.daly.dal.dsheedy.pcheol.lfol.ol.cheedy.qoty",tcho dchy lshedy daly dal dsheedy pcheol lfol ol cheedy qoty
RF1b-er,f77v,"f77v.30,+P0",shey.ol.sheey.qokedy.lchedy.qokaiin.dal.daiin.chedy,shey ol sheey qokedy lchedy qokaiin dal daiin chedy
RF1b-er,f77v,"f77v.31,+P0",qoas.shedy.qokaiin.shcthy.qotedy.rchr.oltedy.lchy,qoas shedy qokaiin shcthy qotedy rchr oltedy lchy
RF1b-er,f77v,"f77v.32,+P0","ycheey.qolshedy.qokal,chedy.qokaiin.checkhy.qokal",ycheey qolshedy qokal chedy qokaiin checkhy qokal
RF1b-er,f77v,"f77v.33,+P0",qokaiin.cheky.rar.chedy.qokal.dar.y.qotal.dal.rain,qokaiin cheky rar chedy qokal dar y qotal dal rain
RF1b-er,f77v,"f77v.34,+P0",solkchedy.shar.ytal.dy.dychedy.lkchey.qokedy.rched,solkchedy shar ytal dy dychedy lkchey qokedy rched
RF1b-er,f77v,"f77v.35,+P0",tchor.sheey.qokain.qokain.sheol.qokeedy.qokal.dary,tchor sheey qokain qokain sheol qokeedy qokal dary
RF1b-er,f77v,"f77v.36,+P0","qotchy.qotal.shedy.qokedy.lchedy.qokedy.qol.r,aiin.chey",qotchy qotal shedy qokedy lchedy qokedy qol r aiin chey
RF1b-er,f77v,"f77v.37,+P0","schedy.qotar.sarol,sheedy.qokain.cheey.r,oiin.daiin.shey",schedy qotar sarol sheedy qokain cheey r oiin daiin shey
RF1b-er,f77v,"f77v.38,+P0",toldal.shedy.qokedy.qokain.dolcheedy.rolchedy.qokedy,toldal shedy qokedy qokain dolcheedy rolchedy qokedy
RF1b-er,f77v,"f77v.39,+P0",dcheol.kchedy.sockhey.qokal.qokal.shedy.sholdy.qokal.dar,dcheol kchedy sockhey qokal qokal shedy sholdy qokal dar
RF1b-er,f77v,"f77v.40,+P0",qokeey.rol.chdor.cheey.qokaiin.saiin.shedy.qoteedy.qokam,qokeey rol chdor cheey qokaiin saiin shedy qoteedy qokam
RF1b-er,f77v,"f77v.41,+P0",chedy.lchedy.lkaiin.dy.qotal.dar.chdain.ldchey.ol.raiin.oldy,chedy lchedy lkaiin dy qotal dar chdain ldchey ol raiin oldy
RF1b-er,f77v,"f77v.42,+P0",tcheey.qokeey.qokol.lchedy.cheolkaiin.okol,tcheey qokeey qokol lchedy cheolkaiin okol
RF1b-er,f77v,"f77v.43,@Ln",sororal,sororal
RF1b-er,f77v,"f77v.44,@Lt",okalo,okalo
RF1b-er,f77v,"f77v.45,@Ln",ooeoedu,ooeoedu
RF1b-er,f78r,"f78r.1,@Lt",okchdldlo,okchdldlo
RF1b-er,f78r,"f78r.2,@Lt",okchdy,okchdy
RF1b-er,f78r,"f78r.3,@P0",tshedar.shedy.qopchedy.qokedy.dy.qokol.oky,tshedar shedy qopchedy qokedy dy qokol oky
RF1b-er,f78r,"f78r.4,+P0",qokeedy.qokedy.shedy.tchedy.otar.olkedy.dam,qokeedy qokedy shedy tchedy otar olkedy dam
RF1b-er,f78r,"f78r.5,+P0",qckhedy.cheky.dal.chedy.qokedy.qokain.olkedy,qckhedy cheky dal chedy qokedy qokain olkedy
RF1b-er,f78r,"f78r.6,+P0",yteedy.qotal.dol.shedy.qokedar.chcthhy.otar.dor.or,yteedy qotal dol shedy qokedar chcthhy otar dor or
RF1b-er,f78r,"f78r.7,+P0",qokol.otedy.qokedy.qokedy.dal.qokedy.qokedy.s.kam,qokol otedy qokedy qokedy dal qokedy qokedy s kam
RF1b-er,f78r,"f78r.8,+P0",dshedy.qokedy.okar.qokedy.shedy.ykedy.shedy.qoky,dshedy qokedy okar qokedy shedy ykedy shedy qoky
RF1b-er,f78r,"f78r.9,+P0",schedy.keedy.qokedy.chckhd.qokain.chedy.qotedy.dy,schedy keedy qokedy chckhd qokain chedy qotedy dy
RF1b-er,f78r,"f78r.10,+P0",dshedy.deedy.qokeedy.otedy.otal.tedy.otey.oloiin,dshedy deedy qokeedy otedy otal tedy otey oloiin
RF1b-er,f78r,"f78r.11,+P0",qoky.okeedy.sheety.qoteedy.otey.shckhedy.sokol.or,qoky okeedy sheety qoteedy otey shckhedy sokol or
RF1b-er,f78r,"f78r.12,+P0",dor.shekedy.qokol.kechdy.otedy.ol.tedy.chckhedy,dor shekedy qokol kechdy otedy ol tedy chckhedy
RF1b-er,f78r,"f78r.13,+P0",qokedy.olkedy.qokain.okedy.kedy.tol.dy.qoteedy.dy,qokedy olkedy qokain okedy kedy tol dy qoteedy dy
RF1b-er,f78r,"f78r.14,+P0","s,or.checkhy.ar.chckhdy.dol.kedy.qokededy.qokan.ol",s or checkhy ar chckhdy dol kedy qokededy qokan ol
RF1b-er,f78r,"f78r.15,+P0",dchckhedy.qokchdy.qokedy.okedy.dal.ar.okeed.olkain,dchckhedy qokchdy qokedy okedy dal ar okeed olkain
RF1b-er,f78r,"f78r.16,+P0",qokol.oted.okain.ched.or.alory,qokol oted okain ched or alory
RF1b-er,f78r,"f78r.17,+P0","soiin.kar.kedy.pchey.tchdol,tdy",soiin kar kedy pchey tchdol tdy
RF1b-er,f78r,"f78r.18,+P0",ol.chedy.qokain.dar.ar.okain,ol chedy qokain dar ar okain
RF1b-er,f78r,"f78r.19,+P0",y.ches.aiin.okeedy.qokain.chl,y ches aiin okeedy qokain chl
RF1b-er,f78r,"f78r.20,+P0","sol.shedy.dal,shdy.qokychdy",sol shedy dal shdy qokychdy
RF1b-er,f78r,"f78r.21,+P0",lchedy.qokain.cheeky.lokedy,lchedy qokain cheeky lokedy
RF1b-er,f78r,"f78r.22,+P0",yched.qokain.daiin.chckhdy.lr,yched qokain daiin chckhdy lr
RF1b-er,f78r,"f78r.23,+P0","sain.sheor.ol,keedy.roiin.okeedy",sain sheor ol keedy roiin okeedy
RF1b-er,f78r,"f78r.24,+P0",qokeedy.kedy.qokeey.qokedy.olol,qokeedy kedy qokeey qokedy olol
RF1b-er,f78r,"f78r.25,+P0",sokeedy.keol.loroin.olkeey.raiin,sokeedy keol loroin olkeey raiin
RF1b-er,f78r,"f78r.26,+P0",sol.shey.tary.ar.shedy.qeedar.ain.anl,sol shey tary ar shedy qeedar ain anl
RF1b-er,f78r,"f78r.27,+P0",doiin.chckhal.daiil.oldy,doiin chckhal daiil oldy
RF1b-er,f78r,"f78r.28,+P0",karain.ol.qokeedy.kchol.tchal.olkee.yfchey.ofchedy.taly,karain ol qokeedy kchol tchal olkee yfchey ofchedy taly
RF1b-er,f78r,"f78r.29,+P0","s,sheky.ol.kedy.chckhy.dain.oty.qokor.oky.dain.chy.ol",s sheky ol kedy chckhy dain oty qokor oky dain chy ol
RF1b-er,f78r,"f78r.30,+P0",qokeedy.qokey.daiin.olkain.dal.chedy.ololdal.cheety.tedy,qokeedy qokey daiin olkain dal chedy ololdal cheety tedy
RF1b-er,f78r,"f78r.31,+P0",solkeedy.sheckhy.qokedy.otal.shedy.otar.olchedy.cthdy,solkeedy sheckhy qokedy otal shedy otar olchedy cthdy
RF1b-er,f78r,"f78r.32,+P0",qokedy.ckhdy.qokain.chedy.dalky.lkain.ykeedy.okaly.dy,qokedy ckhdy qokain chedy dalky lkain ykeedy okaly dy
RF1b-er,f78r,"f78r.33,+P0",ytedy.daiin.ykedy.yolsheey.qokchy.okal.ol.keedy.dyky,ytedy daiin ykedy yolsheey qokchy okal ol keedy dyky
RF1b-er,f78r,"f78r.34,+P0",dshedy.qokeedy.qopchedy.qokaly.dar.okaiin.okeeal.am,dshedy qokeedy qopchedy qokaly dar okaiin okeeal am
RF1b-er,f78r,"f78r.35,+P0",y.sain.checkhy.qokain.cheeky.daiin.daiin.y.tees.aly,y sain checkhy qokain cheeky daiin daiin y tees aly
RF1b-er,f78r,"f78r.36,+P0","qotchedy.lchedy.lchedy,kedy.qol<->saiin.ckhain.or",qotchedy lchedy lchedy kedy qolsaiin ckhain or
RF1b-er,f78r,"f78r.37,+P0",osal.ol.s.aiin.shes.aiin.oly,osal ol s aiin shes aiin oly
RF1b-er,f78r,"f78r.38,+P0","s,ar.aiin.oteedy.ol.aiin.chedy",s ar aiin oteedy ol aiin chedy
RF1b-er,f78r,"f78r.39,+P0",qotaiin.qokaiin.okedy.lkeedy,qotaiin qokaiin okedy lkeedy
RF1b-er,f78r,"f78r.40,+P0",shedy.qol.shedy.qokaiin.drol,shedy qol shedy qokaiin drol
RF1b-er,f78r,"f78r.41,+P0","y,kain.chdar.chedy.qokeiin.dy",y kain chdar chedy qokeiin dy
RF1b-er,f78r,"f78r.42,+P0",dain.chfaiin.opaly.kotaly,dain chfaiin opaly kotaly
RF1b-er,f78r,"f78r.43,+P0",lchedy.pchedy.qokeiiin.dar,lchedy pchedy qokeiiin dar
RF1b-er,f78r,"f78r.44,@Lt",daralocphy,daralocphy
RF1b-er,f78r,"f78r.45,@Lt",dchedaly,dchedaly
RF1b-er,f78r,"f78r.46,@Lt",otarodlay<->orary,otarodlayorary
RF1b-er,f78r,"f78r.47,@Lt",okaral,okaral
RF1b-er,f78v,"f78v.1,@P0",pykedy.olfchedy.qokedy.spchy.chedy.rol.dor.ofchedy.qokedy,pykedy olfchedy qokedy spchy chedy rol dor ofchedy qokedy
RF1b-er,f78v,"f78v.2,+P0",olshedy.qokedy.rshedy.cthdy.otedy.kedy.dal.dal.dol.oty.dal,olshedy qokedy rshedy cthdy otedy kedy dal dal dol oty dal
RF1b-er,f78v,"f78v.3,+P0","qokedy.chety.qolshedy.okedy.dol.ees,olchey.qotedy.ol.dam",qokedy chety qolshedy okedy dol ees olchey qotedy ol dam
RF1b-er,f78v,"f78v.4,+P0",ol.chy.lshdy.lcheckhy.ol.keedy.lcheckhey.lolkedykain.ol,ol chy lshdy lcheckhy ol keedy lcheckhey lolkedykain ol
RF1b-er,f78v,"f78v.5,+P0",qor.olkeey.olkain.ol.chsey.ol.cheeky.dar.okal.dal.olchedy,qor olkeey olkain ol chsey ol cheeky dar okal dal olchedy
RF1b-er,f78v,"f78v.6,+P0","ety.o,keey.or.sheey.ykeey.lchey.qokain.okedy.qokedy.qol",ety o keey or sheey ykeey lchey qokain okedy qokedy qol
RF1b-er,f78v,"f78v.7,+P0",otas.y.shedy.otedy.shedy.qokeedy.qokedy.otar.otedy,otas y shedy otedy shedy qokeedy qokedy otar otedy
RF1b-er,f78v,"f78v.8,+P0",qokedy.otedy.qokain.oteedy.qokeedy.dar.okedy.dkedy.dain,qokedy otedy qokain oteedy qokeedy dar okedy dkedy dain
RF1b-er,f78v,"f78v.9,+P0","y.cheolt.olkeedy.qokedy.ol.chedol.okeedy.qotedy.ror,arol",y cheolt olkeedy qokedy ol chedol okeedy qotedy ror arol
RF1b-er,f78v,"f78v.10,+P0",dshedy.qokedy.or.shedy.pchedy.qokeeedy.okedy.opchedy,dshedy qokedy or shedy pchedy qokeeedy okedy opchedy
RF1b-er,f78v,"f78v.11,+P0",qol.chedy.qol.okeey.ykal.ol.chdy.qokain.chcthy.daiin,qol chedy qol okeey ykal ol chdy qokain chcthy daiin
RF1b-er,f78v,"f78v.12,+P0",sheor.ol.qokaiin.shckhy.otaly.qolsheey.qokal.sain,sheor ol qokaiin shckhy otaly qolsheey qokal sain
RF1b-er,f78v,"f78v.13,+P0",dchokol.chedy.qokedy.qoteo.qol.chedy.qokeedy.lchey,dchokol chedy qokedy qoteo qol chedy qokeedy lchey
RF1b-er,f78v,"f78v.14,+P0",qolkeshdy.qol.shedy.olkedy.okol.chedy.qokain.dal,qolkeshdy qol shedy olkedy okol chedy qokain dal
RF1b-er,f78v,"f78v.15,+P0","cheey.qol,chedy.qokey.or.cheef.chckhey.tedy.qokedy.ls",cheey qol chedy qokey or cheef chckhey tedy qokedy ls
RF1b-er,f78v,"f78v.16,+P0",lshey.r.shedy.d.qokedy.okey.lchedy.qokdy.daiin.oly,lshey r shedy d qokedy okey lchedy qokdy daiin oly
RF1b-er,f78v,"f78v.17,+P0","qol.sheedy.qol.lcheol.lchdy.dchdy.da.qor.ol,kal.dy",qol sheedy qol lcheol lchdy dchdy da qor ol kal dy
RF1b-er,f78v,"f78v.18,+P0",chedy.shckhy.qokedy.dal.lshckhy.qol.qol.oteedy.qor,chedy shckhy qokedy dal lshckhy qol qol oteedy qor
RF1b-er,f78v,"f78v.19,+P0",lchedy.ol.chedar.shedy.lor.shedaldy.orain,lchedy ol chedar shedy lor shedaldy orain
RF1b-er,f78v,"f78v.20,+P0",qofcheol.opchedy.qokain.opchedylchey.cphar.ol.okalor,qofcheol opchedy qokain opchedylchey cphar ol okalor
RF1b-er,f78v,"f78v.21,+P0",chedy.lshedy.olshedy.otaiin.ol.qokar.shedy.yteedy,chedy lshedy olshedy otaiin ol qokar shedy yteedy
RF1b-er,f78v,"f78v.22,+P0",akol.shey.ol.shedy.okal.okchey.okeal.ol.chedy.qol,akol shey ol shedy okal okchey okeal ol chedy qol
RF1b-er,f78v,"f78v.23,+P0",qol.chedy.okeshy.qoteedy.akeedy.ol.shedy.qokedydy,qol chedy okeshy qoteedy akeedy ol shedy qokedydy
RF1b-er,f78v,"f78v.24,+P0",ytaiin.shedy.ol.sheedy.olshdy.shey.kshdy.shol.kedy,ytaiin shedy ol sheedy olshdy shey kshdy shol kedy
RF1b-er,f78v,"f78v.25,+P0",teeol.olkeshey.qolcheol.ol.or.sheckhedy<->or.ol.sham,teeol olkeshey qolcheol ol or sheckhedyor ol sham
RF1b-er,f78v,"f78v.26,+P0",qokaiin.or.sheedy.otain.ol.shedy.sol.fchedy.otaldy,qokaiin or sheedy otain ol shedy sol fchedy otaldy
RF1b-er,f78v,"f78v.27,+P0",lol.kar.shr.r.ol.ols.sheey.ol.chedy.oltar.olkaiin,lol kar shr r ol ols sheey ol chedy oltar olkaiin
RF1b-er,f78v,"f78v.28,+P0",olkain.shey.qokey.okar.ol.oteedy.chcthy.los.aiin.d,olkain shey qokey okar ol oteedy chcthy los aiin d
RF1b-er,f78v,"f78v.29,+P0",lchedy.atchey.qol.chedy.lr.al.s.aiiin.ol.shedy.ary,lchedy atchey qol chedy lr al s aiiin ol shedy ary
RF1b-er,f78v,"f78v.30,+P0",sal.shol.sain.sheety.or.oiiin.okal.oltal.qokar.ary,sal shol sain sheety or oiiin okal oltal qokar ary
RF1b-er,f78v,"f78v.31,+P0",sor.ar.or.dchor.otaiin.otain.ytedy.olshdy.sholkal,sor ar or dchor otaiin otain ytedy olshdy sholkal
RF1b-er,f78v,"f78v.32,+P0",lol.cheor.sheol.dy.qokar.otalor,lol cheor sheol dy qokar otalor
RF1b-er,f79r,"f79r.1,@P0",torain.shedypchor.or.shek.otarpchdy.opchalor.otal.shedy,torain shedypchor or shek otarpchdy opchalor otal shedy
RF1b-er,f79r,"f79r.2,+P0","qoteedy.lshdy.otchedy.olshey.ol,shee.qol.sheey.qoteey.loly",qoteedy lshdy otchedy olshey ol shee qol sheey qoteey loly
RF1b-er,f79r,"f79r.3,+P0","yshealdy.r,shedy.qoteedy.chckhey.qoy.chey.lchey.qokeey.r,chedy",yshealdy r shedy qoteedy chckhey qoy chey lchey qokeey r chedy
RF1b-er,f79r,"f79r.4,+P0",teey.dar.qotar.sheds.sheekeey.qokeey.okey.qolshy.olchey.qoky.ol,teey dar qotar sheds sheekeey qokeey okey qolshy olchey qoky ol
RF1b-er,f79r,"f79r.5,+P0",qokal.shedy.chcthy.or.cheor.solchey.qol.shal.chey.l.cheol.chol.chy,qokal shedy chcthy or cheor solchey qol shal chey l cheol chol chy
RF1b-er,f79r,"f79r.6,+P0","shol.okar.ol.olkeey.qokey.sain.ol,cheey.qol.chey",shol okar ol olkeey qokey sain ol cheey qol chey
RF1b-er,f79r,"f79r.7,+P0",polchedy.qokar.shey.qokl.ol.cheey.qokain.chey.qoty.qokar,polchedy qokar shey qokl ol cheey qokain chey qoty qokar
RF1b-er,f79r,"f79r.8,+P0",qokol.cheedy.qokal.shed.ykchedy.chcthy.yoky.qokal.cholo,qokol cheedy qokal shed ykchedy chcthy yoky qokal cholo
RF1b-er,f79r,"f79r.9,+P0",saiin.shedy.psheedy.qokar.sheol.qolchey.qoty.qokal.qokam,saiin shedy psheedy qokar sheol qolchey qoty qokal qokam
RF1b-er,f79r,"f79r.10,+P0",qokshedy.qokain.cheor.okol.sheeol.qoteshy.choty.otechys,qokshedy qokain cheor okol sheeol qoteshy choty otechys
RF1b-er,f79r,"f79r.11,+P0",shockhy.chedy.tshey.dshdy.otchar.shek.chcthy.otal.ory,shockhy chedy tshey dshdy otchar shek chcthy otal ory
RF1b-er,f79r,"f79r.12,+P0",qokchy.qotchey.ldain.shedy.qotaiin.sal,qokchy qotchey ldain shedy qotaiin sal
RF1b-er,f79r,"f79r.13,+P0",psharol.shckhy.qotshdy.qokaldy.opchedy.qotar.or.aiin.ol,psharol shckhy qotshdy qokaldy opchedy qotar or aiin ol
RF1b-er,f79r,"f79r.14,+P0",saral.qokain.checkhy.qotal.qol.cheey.chey.dain.chedy.qol,saral qokain checkhy qotal qol cheey chey dain chedy qol
RF1b-er,f79r,"f79r.15,+P0",qokl.shey.qokal.chedy.okol.dyty.r.aiin.ol.sheol.lchey,qokl shey qokal chedy okol dyty r aiin ol sheol lchey
RF1b-er,f79r,"f79r.16,+P0",shain.shckhy.qoly.kshedy.otal.sheey.qokain.shey.qokam,shain shckhy qoly kshedy otal sheey qokain shey qokam
RF1b-er,f79r,"f79r.17,+P0",qokaiin.shy.lsheey.ls.air.or.aror.otaiin.ches.olol.ol,qokaiin shy lsheey ls air or aror otaiin ches olol ol
RF1b-er,f79r,"f79r.18,+P0",solor.olshey.qokaiin.chey.qokain.otain.otain.otal.ol.dam,solor olshey qokaiin chey qokain otain otain otal ol dam
RF1b-er,f79r,"f79r.19,+P0","sol.cheey.chol.sain.or,al.shey.qokain.sheyky.shoky.oly",sol cheey chol sain or al shey qokain sheyky shoky oly
RF1b-er,f79r,"f79r.20,+P0",y.shal.y.chedar.ockhy.scthey.tal.chear,y shal y chedar ockhy scthey tal chear
RF1b-er,f79r,"f79r.21,+P0","pol.shor.sharpchey.otshey.okaos.aiin.okshey.dalkeeey,ry",pol shor sharpchey otshey okaos aiin okshey dalkeeey ry
RF1b-er,f79r,"f79r.22,+P0","lchey.dal.sheedy.efchedy.otain.shey.qofchey.ol.dor,chedchey",lchey dal sheedy efchedy otain shey qofchey ol dor chedchey
RF1b-er,f79r,"f79r.23,+P0",dar.shear.qotaiin.ol.lkain.otchedy.or.olkl.o.tshedy.otory,dar shear qotaiin ol lkain otchedy or olkl o tshedy otory
RF1b-er,f79r,"f79r.24,+P0",qokshedy.qolkeey.qolkeedy.qokedy.otain.otchey.okain.y,qokshedy qolkeey qolkeedy qokedy otain otchey okain y
RF1b-er,f79r,"f79r.25,+P0",cholchey.qotshy.qol.shey.qokar.shedy.oteey.chcthy,cholchey qotshy qol shey qokar shedy oteey chcthy
RF1b-er,f79r,"f79r.26,+P0",polaiin.olteedy.qotchey.dykeedy.qokchdy.opchedy.shol.ory,polaiin olteedy qotchey dykeedy qokchdy opchedy shol ory
RF1b-er,f79r,"f79r.27,+P0",qokeedy.sheey.kas.cheey.olkaiin.ol.ory.cholar.oty.oky,qokeedy sheey kas cheey olkaiin ol ory cholar oty oky
RF1b-er,f79r,"f79r.28,+P0","y.dolsheey.qokain.odain.yteey.chyteey.otoldy.l,chey",y dolsheey qokain odain yteey chyteey otoldy l chey
RF1b-er,f79r,"f79r.29,+P0",lcheey.qochey.qody.qokal.olor.okchd.dchol.dchy.oly,lcheey qochey qody qokal olor okchd dchol dchy oly
RF1b-er,f79r,"f79r.30,+P0","yshedy.qotal.y,sheey.olor",yshedy qotal y sheey olor
RF1b-er,f79r,"f79r.31,+P0",polshey.oltshedy.sheol.ykeey.okeey.cheor.sheedy.al,polshey oltshedy sheol ykeey okeey cheor sheedy al
RF1b-er,f79r,"f79r.32,+P0",sol.cheedy.qoteedy.okaiin.ol.olaiin.shey.daiin.chey.ol,sol cheedy qoteedy okaiin ol olaiin shey daiin chey ol
RF1b-er,f79r,"f79r.33,+P0",daiin.shedy.qotshedy.oteeedy.oteedy.chey.qokain.ol,daiin shedy qotshedy oteeedy oteedy chey qokain ol
RF1b-er,f79r,"f79r.34,+P0",lcheol.kchedy.qotas.sheey.teol.oteedy,lcheol kchedy qotas sheey teol oteedy
RF1b-er,f79r,"f79r.35,+P0","pol,chedy.shedy.qoteedy.qotain.ody.chckhes.otal",pol chedy shedy qoteedy qotain ody chckhes otal
RF1b-er,f79r,"f79r.36,+P0","sol.sheeol.ol.cheey.os.sheky.she,ol.or.shear.oly",sol sheeol ol cheey os sheky she ol or shear oly
RF1b-er,f79r,"f79r.37,+P0","lcheol.ol.ol.sheey.ol,sheey.sholkeey.okchey.dain",lcheol ol ol sheey ol sheey sholkeey okchey dain
RF1b-er,f79r,"f79r.38,+P0",pol.olkeeey.sheol.qokeey,pol olkeeey sheol qokeey
RF1b-er,f79r,"f79r.39,+P0",polkeey.qokol.otshdy.olty.orkar.shecphhedy.olkal,polkeey qokol otshdy olty orkar shecphhedy olkal
RF1b-er,f79r,"f79r.40,+P0",yshedy.qokched.oltchey.otchotar.ol.okaiin.chckhy,yshedy qokched oltchey otchotar ol okaiin chckhy
RF1b-er,f79r,"f79r.41,+P0",qokain.shedy.qotain.oteedy.chkain.ol.ol.chedy.oly,qokain shedy qotain oteedy chkain ol ol chedy oly
RF1b-er,f79r,"f79r.42,+P0",sain.okain.chedy.lkchedy.aiin.okain.oly.cheedy,sain okain chedy lkchedy aiin okain oly cheedy
RF1b-er,f79r,"f79r.43,+P0",yshey.qokain.cheol.qoky.daiin.chkam.ar.cheedy.ldy,yshey qokain cheol qoky daiin chkam ar cheedy ldy
RF1b-er,f79r,"f79r.44,+P0",ody.aran.okeey.dar.cheory,ody aran okeey dar cheory
RF1b-er,f79v,"f79v.1,@P0","poldshedy.olkory.qotol,ol.otaldy.atedol.or.olorol",poldshedy olkory qotol ol otaldy atedol or olorol
RF1b-er,f79v,"f79v.2,+P0",qoteedy.qokchey.qoty.lshey.qokain.shey.qorchedy,qoteedy qokchey qoty lshey qokain shey qorchedy
RF1b-er,f79v,"f79v.3,+P0",dolsheol.okchy.qokain.sheedy.qokshedy.qokeedy.otaram,dolsheol okchy qokain sheedy qokshedy qokeedy otaram
RF1b-er,f79v,"f79v.4,+P0","qokeedy.qokeedy.qotain.sol.chedy.r,chey.qoky.lchedy",qokeedy qokeedy qotain sol chedy r chey qoky lchedy
RF1b-er,f79v,"f79v.5,+P0",qolkeedy.qokedy.qotal.saiin.ory.qokedy.oteedy.lcheam,qolkeedy qokedy qotal saiin ory qokedy oteedy lcheam
RF1b-er,f79v,"f79v.6,+P0",ycheckhey.r.ain.chedy.qokain.chedy.ol.shedy.dar.ytam,ycheckhey r ain chedy qokain chedy ol shedy dar ytam
RF1b-er,f79v,"f79v.7,+P0","qokshey.qokeedy.qol.kedy.qokeedy.qokain.s,olchedy",qokshey qokeedy qol kedy qokeedy qokain s olchedy
RF1b-er,f79v,"f79v.8,+P0",ychedy.qotey.okedy.tedyol.sheedy.qokeey.qoteedy.lol,ychedy qotey okedy tedyol sheedy qokeey qoteedy lol
RF1b-er,f79v,"f79v.9,+P0",sar.ol.sheey.qokeedy.qokechey.qol,sar ol sheey qokeedy qokechey qol
RF1b-er,f79v,"f79v.10,+P0",pchedy.lsheckhedy.qokeey.qokaiin.olky.opchedy.pchedy,pchedy lsheckhedy qokeey qokaiin olky opchedy pchedy
RF1b-er,f79v,"f79v.11,+P0",olcheey.lchedy.qolkeedy.qokain.chckhy.otar.olkam,olcheey lchedy qolkeedy qokain chckhy otar olkam
RF1b-er,f79v,"f79v.12,+P0",pshdy.ofchdy.qokedy.qoteedy.qokedy.qoltedy.qotedy.oky,pshdy ofchdy qokedy qoteedy qokedy qoltedy qotedy oky
RF1b-er,f79v,"f79v.13,+P0",dain.ar.olshey.dytain.qokain.checthy.okeedy.qokeedy.ror,dain ar olshey dytain qokain checthy okeedy qokeedy ror
RF1b-er,f79v,"f79v.14,+P0","qokeey.qokedy.okeey.qokal.sheedy.qokeedy.rol,chey.qokeedy",qokeey qokedy okeey qokal sheedy qokeedy rol chey qokeedy
RF1b-er,f79v,"f79v.15,+P0",yteedy.qokeedy.qokain.olkeey.cheokain.dy.teey.qokain,yteedy qokeedy qokain olkeey cheokain dy teey qokain
RF1b-er,f79v,"f79v.16,+P0",dol.sheey.qol.olkshey.qokeedy.olkeedy.qol.okaiin.oly,dol sheey qol olkshey qokeedy olkeedy qol okaiin oly
RF1b-er,f79v,"f79v.17,+P0",qol.sheey.chol.ol.dar.qokaiin.cheekey.qoky.otain.oram,qol sheey chol ol dar qokaiin cheekey qoky otain oram
RF1b-er,f79v,"f79v.18,+P0",qokain.sheey.qokeey.teey.oteey.lcheey.qokeey.olkeedy.rchey,qokain sheey qokeey teey oteey lcheey qokeey olkeedy rchey
RF1b-er,f79v,"f79v.19,+P0","ykail.shy.qol,ar.shey.qokedy.qokedy.qokedy.dar.olkain.cham",ykail shy qol ar shey qokedy qokedy qokedy dar olkain cham
RF1b-er,f79v,"f79v.20,+P0",dchedy.lchey.qety.shedy.okain.ykees.olkey.oty.shey.qoly,dchedy lchey qety shedy okain ykees olkey oty shey qoly
RF1b-er,f79v,"f79v.21,+P0",dshey.qokal.sheedy.sheky.orain.otshdy.dain.cther.aror,dshey qokal sheedy sheky orain otshdy dain cther aror
RF1b-er,f79v,"f79v.22,+P0",tshey.ykeey.r.ch.tain.oroiiin,tshey ykeey r ch tain oroiiin
RF1b-er,f79v,"f79v.23,+P0",tolkey.okar.ol.okaiin.otylor.qokol.okeedy.dalary,tolkey okar ol okaiin otylor qokol okeedy dalary
RF1b-er,f79v,"f79v.24,+P0",ycheeas.o.oiin.oeedy.qotain.chedy.qokeey.oteey.qokeeylol,ycheeas o oiin oeedy qotain chedy qokeey oteey qokeeylol
RF1b-er,f79v,"f79v.25,+P0",qokeey.ol.olshdy.qotain.oteedy.olkain.otshey.sain.ol,qokeey ol olshdy qotain oteedy olkain otshey sain ol
RF1b-er,f79v,"f79v.26,+P0",ykeedy.okaiin.dykaiin.otedy.dkeey.tar.ol.otol.oiiiny,ykeedy okaiin dykaiin otedy dkeey tar ol otol oiiiny
RF1b-er,f79v,"f79v.27,+P0",odchey.kar.okain.opar.otain.olkey,odchey kar okain opar otain olkey
RF1b-er,f79v,"f79v.28,+P0",pchey.ksheol.qokain.ofchedy.otalshdy.olkair.otaiin.okeedy,pchey ksheol qokain ofchedy otalshdy olkair otaiin okeedy
RF1b-er,f79v,"f79v.29,+P0","dain.shey,teedy.lko.opchedy.qotedy.otey.tal.dain.oteey.oty",dain shey teedy lko opchedy qotedy otey tal dain oteey oty
RF1b-er,f79v,"f79v.30,+P0",qokain.sheeky.okar.okey.qokey.tedy.skain.oteedy.qoty,qokain sheeky okar okey qokey tedy skain oteedy qoty
RF1b-er,f79v,"f79v.31,+P0",yshees.aiin.a.ykeedy.qokeedy.qokar.oteedy.roltain,yshees aiin a ykeedy qokeedy qokar oteedy roltain
RF1b-er,f79v,"f79v.32,+P0",olkeey.ol.or.ocheey.ol.ol.okeeedy.checkhy.aror,olkeey ol or ocheey ol ol okeeedy checkhy aror
RF1b-er,f79v,"f79v.33,+P0",por.ar.or.yteey.teey.okar.oshey.qoky.chey.akeey.ldy.orol,por ar or yteey teey okar oshey qoky chey akeey ldy orol
RF1b-er,f79v,"f79v.34,+P0",ykeeey.qokeey.lshey.qokytchedy.orsheedy.otain.sheor.oly,ykeeey qokeey lshey qokytchedy orsheedy otain sheor oly
RF1b-er,f79v,"f79v.35,+P0",qor.cheey.kain.chl.ol.otol.dain.otain.ol.oteedy.qokan,qor cheey kain chl ol otol dain otain ol oteedy qokan
RF1b-er,f79v,"f79v.36,+P0",ysheey.ol.shey.oltshsey.sheepshey,ysheey ol shey oltshsey sheepshey
RF1b-er,f79v,"f79v.37,+P0",pol.ol.shal.kain.okeey.lkeey.qokal.otchsdy.okeshdy,pol ol shal kain okeey lkeey qokal otchsdy okeshdy
RF1b-er,f79v,"f79v.38,+P0",olkeeey.qokeey.oteedy.shedy.qokeey.okain.sheckhdy.dag,olkeeey qokeey oteedy shedy qokeey okain sheckhdy dag
RF1b-er,f79v,"f79v.39,+P0",qokeedy.ykeey.sheey.or.or.aiin.yefaiin.chcthhy.dor.yty,qokeedy ykeey sheey or or aiin yefaiin chcthhy dor yty
RF1b-er,f79v,"f79v.40,+P0",qokees.aiin.okain.ol.oiin.qokoin.sheky.qokeedy.qokar.ol,qokees aiin okain ol oiin qokoin sheky qokeedy qokar ol
RF1b-er,f79v,"f79v.41,+P0",yshedy.qokeey.okain.olkeey.daldy.chedy.raiin.orain,yshedy qokeey okain olkeey daldy chedy raiin orain
RF1b-er,f79v,"f79v.42,+P0",okchedy.qokain.sheky.chedy.olain.y.daral,okchedy qokain sheky chedy olain y daral
RF1b-er,f80r,"f80r.1,@Ln",toraly,toraly
RF1b-er,f80r,"f80r.2,=Ln",olchdy,olchdy
RF1b-er,f80r,"f80r.3,=Ln",okaly,okaly
RF1b-er,f80r,"f80r.4,=Ln",okolo,okolo
RF1b-er,f80r,"f80r.5,=Ln",okory,okory
RF1b-er,f80r,"f80r.6,=Ln",opor,opor
RF1b-er,f80r,"f80r.7,~Ln",olky,olky
RF1b-er,f80r,"f80r.8,=Ln",otalshedy,otalshedy
RF1b-er,f80r,"f80r.9,~Ln",akar,akar
RF1b-er,f80r,"f80r.10,+Ln",okein,okein
RF1b-er,f80r,"f80r.11,@P0",pdol.fshedy.qopolkain.octhor.okchdy.qokeedy.qopcheol<->olkoiin.y.darshey,pdol fshedy qopolkain octhor okchdy qokeedy qopcheololkoiin y darshey
RF1b-er,f80r,"f80r.12,+P0",dykshy.ol.otchedy.qokain.qotain.chckhey.qokain.okal.qotain.okedy.qolr,dykshy ol otchedy qokain qotain chckhey qokain okal qotain okedy qolr
RF1b-er,f80r,"f80r.13,+P0",tchedy.qotair.cheol.qokal.qokal.cheety.qokaiin.qokar.qokain.chedy.qokam,tchedy qotair cheol qokal qokal cheety qokaiin qokar qokain chedy qokam
RF1b-er,f80r,"f80r.14,+P0",solkain.shl.lky.chcthy.qokain.qotchy.qotal.dy.chckhy.lchey.qotar.otal,solkain shl lky chcthy qokain qotchy qotal dy chckhy lchey qotar otal
RF1b-er,f80r,"f80r.15,+P0",qokedy.qokeedy.checkhy.olchedy.qokain.chey.qokechckhy.otar.cheoltain.sy,qokedy qokeedy checkhy olchedy qokain chey qokechckhy otar cheoltain sy
RF1b-er,f80r,"f80r.16,+P0",solchedy.qokeedy.qokar.ol.chedy.qokain.shecthy.qokeedy.saltar.chkain.oty,solchedy qokeedy qokar ol chedy qokain shecthy qokeedy saltar chkain oty
RF1b-er,f80r,"f80r.17,+P0",solky.sheckhy.sheky.shkeol.qokar.sheky.chetain.al.olkar.okain.sheky.qokal.day,solky sheckhy sheky shkeol qokar sheky chetain al olkar okain sheky qokal day
RF1b-er,f80r,"f80r.18,+P0",paiin.sheol.qokain.chety.qokeedy.qokar.shcthy.qotol.shecthy.qokain.olkam,paiin sheol qokain chety qokeedy qokar shcthy qotol shecthy qokain olkam
RF1b-er,f80r,"f80r.19,+P0",dcheol.shedy.qokeel.qotaiin.chtal.schcthy.qokal.chcthy.qokain.okain.oloky,dcheol shedy qokeel qotaiin chtal schcthy qokal chcthy qokain okain oloky
RF1b-er,f80r,"f80r.20,+P0",qoteedy.keey.qokain.chckhy.qoty.dalched.otain.shedy.qokair.shey.dalom,qoteedy keey qokain chckhy qoty dalched otain shedy qokair shey dalom
RF1b-er,f80r,"f80r.21,+P0",shedy.qokey.shckhey.qotar.chckhy.otol.teol.sheol.qotal.oltain.chcthy,shedy qokey shckhey qotar chckhy otol teol sheol qotal oltain chcthy
RF1b-er,f80r,"f80r.22,+P0",qokeedy.qol.shecthy.qokalkeol.qoky.qokal.shedy.sal.olkain.sheo.qokl,qokeedy qol shecthy qokalkeol qoky qokal shedy sal olkain sheo qokl
RF1b-er,f80r,"f80r.23,+P0",yshey.l.sheykaiin.lor.aiiin.shcthy.epcheyty.ol.keedy.tar.oky.lar,yshey l sheykaiin lor aiiin shcthy epcheyty ol keedy tar oky lar
RF1b-er,f80r,"f80r.24,+P0",lol.chey.rchy.r.ol.dain.oty.qoty.otalor.sheckhy.olkeey.ral.chedyor,lol chey rchy r ol dain oty qoty otalor sheckhy olkeey ral chedyor
RF1b-er,f80r,"f80r.25,+P0",dar.sheal.cheeky.okain.sol.lshedy.dol.checthy.orol.eeesal.olo.teol.ory,dar sheal cheeky okain sol lshedy dol checthy orol eeesal olo teol ory
RF1b-er,f80r,"f80r.26,+P0",lchol.dar.shecthy.otedy.qol.olcheedy.opcheeky.qotchy.qokaiin.otair.alky,lchol dar shecthy otedy qol olcheedy opcheeky qotchy qokaiin otair alky
RF1b-er,f80r,"f80r.27,+P0",lol.shar.otaiin.olkaiin.ol.olkain.oraiin.olor.checthy.olor,lol shar otaiin olkaiin ol olkain oraiin olor checthy olor
RF1b-er,f80r,"f80r.28,+P0","pcheolkal.dal.korchy.qotey.qoty.rchedy.qokal.olkol,shedy.chty",pcheolkal dal korchy qotey qoty rchedy qokal olkol shedy chty
RF1b-er,f80r,"f80r.29,+P0",okchey.qoky.chedy.qokain.shedy.qol.sheey.qokal.dar.ary,okchey qoky chedy qokain shedy qol sheey qokal dar ary
RF1b-er,f80r,"f80r.30,+P0","dshedy.qokal.chcthy.qokain.shedy.okaiin.shey.dain,ol",dshedy qokal chcthy qokain shedy okaiin shey dain ol
RF1b-er,f80r,"f80r.31,+P0",qokal.checthy.sol.chey.okalol.okaly.qokeedy.oly,qokal checthy sol chey okalol okaly qokeedy oly
RF1b-er,f80r,"f80r.32,+P0","sol,chey.qoky.r.cheykain.sheckhy.qokain.okain.ol",sol chey qoky r cheykain sheckhy qokain okain ol
RF1b-er,f80r,"f80r.33,+P0",solchey.qokeey.lkar.otal.olkeey.okain.shecthy.ol,solchey qokeey lkar otal olkeey okain shecthy ol
RF1b-er,f80r,"f80r.34,+P0","cthchey.r,cheky.shepchedy.qokar.ol.qockhey.olchey.qokedy.koroiin.y",cthchey r cheky shepchedy qokar ol qockhey olchey qokedy koroiin y
RF1b-er,f80r,"f80r.35,+P0",olkeey.lsheol.qokeey.shedy.qol.shedy.qokain.shey.qoty.qokain.qokady,olkeey lsheol qokeey shedy qol shedy qokain shey qoty qokain qokady
RF1b-er,f80r,"f80r.36,+P0",qokeey.rchey.tain.oteey.qokain.shekaiin.sheckhy.qolshey.qokain.ol.lom,qokeey rchey tain oteey qokain shekaiin sheckhy qolshey qokain ol lom
RF1b-er,f80r,"f80r.37,+P0",sol.olkeeey.otar.orchey.qokeey.ltalor.olor.qokaiin.ol.shey.qotar.alam,sol olkeeey otar orchey qokeey ltalor olor qokaiin ol shey qotar alam
RF1b-er,f80r,"f80r.38,+P0",sor.olky.qoty.ty.tor.sheyky.t.otol.opchedy.qokain.sheky.qokain.ol,sor olky qoty ty tor sheyky t otol opchedy qokain sheky qokain ol
RF1b-er,f80r,"f80r.39,+P0",qokeedy.qokail.oteey.oteiin.shedy.ykeey.rar.alshees,qokeedy qokail oteey oteiin shedy ykeey rar alshees
RF1b-er,f80r,"f80r.40,+P0",torolshsdy.opchey.shepchy.qotain.shcthy.qokedy.daly,torolshsdy opchey shepchy qotain shcthy qokedy daly
RF1b-er,f80r,"f80r.41,+P0",tolkain.otal.chedy.qokar.ol.shedy.checkhy.oroly,tolkain otal chedy qokar ol shedy checkhy oroly
RF1b-er,f80r,"f80r.42,+P0",y.cheeytal.checthy.qokain.qokain.checthy.qokain.ol,y cheeytal checthy qokain qokain checthy qokain ol
RF1b-er,f80r,"f80r.43,+P0",sor.sheckhy.qokar.checkhy.okain.sheckhy.qokeey.ly,sor sheckhy qokar checkhy okain sheckhy qokeey ly
RF1b-er,f80r,"f80r.44,+P0","qokain.shckhy.qok,olkain.chedy.qokain.checthy.lor",qokain shckhy qok olkain chedy qokain checthy lor
RF1b-er,f80r,"f80r.45,+P0",okain.shedy.qokan.chedy.qotain.cheky.lteey.lolom,okain shedy qokan chedy qotain cheky lteey lolom
RF1b-er,f80r,"f80r.46,+P0",qokain.cheey.olkain.shedy.qokeiin.orol.s,qokain cheey olkain shedy qokeiin orol s
RF1b-er,f80r,"f80r.47,+P0",polchy.efaloir.okain.okaiin.cheey.kaiin.ylor.olkeey.qokal,polchy efaloir okain okaiin cheey kaiin ylor olkeey qokal
RF1b-er,f80r,"f80r.48,+P0",sal.shy.loiin.cheey.qotl.shety.sheoky.qokiiin.cheey.ram,sal shy loiin cheey qotl shety sheoky qokiiin cheey ram
RF1b-er,f80r,"f80r.49,+P0","tiiin.chey.r,al.kir.chey.lkl.ol.shees.okaiin.olky.oklor",tiiin chey r al kir chey lkl ol shees okaiin olky oklor
RF1b-er,f80r,"f80r.50,+P0",lol.chey.saiin.shety.okaiiin.sheor.tchey.lkeiiin.okainy,lol chey saiin shety okaiiin sheor tchey lkeiiin okainy
RF1b-er,f80r,"f80r.51,+P0",talkl.ol.s.al.cheoly.daiin.otaly.otain.chey.lkain.olom,talkl ol s al cheoly daiin otaly otain chey lkain olom
RF1b-er,f80r,"f80r.52,+P0",sol.tl.shey.qoklcheey.lkaiin.ol.olor.aiin.y.daiin.cheolkain,sol tl shey qoklcheey lkaiin ol olor aiin y daiin cheolkain
RF1b-er,f80r,"f80r.53,+P0","l,ol.eey.lchey.qokal.cheol.lchor.atlol",l ol eey lchey qokal cheol lchor atlol
RF1b-er,f80v,"f80v.1,@P0","pchedy.dolfchedy.qokeedy.qotedy.qotol,fchedy.roly",pchedy dolfchedy qokeedy qotedy qotol fchedy roly
RF1b-er,f80v,"f80v.2,+P0",tshedy.qotedy.olkain.otal.chckhy.qoky.daiin.daly,tshedy qotedy olkain otal chckhy qoky daiin daly
RF1b-er,f80v,"f80v.3,+P0",schedy.qolchedy.qokaiin.chcthy.otaiin.sheeky.qol,schedy qolchedy qokaiin chcthy otaiin sheeky qol
RF1b-er,f80v,"f80v.4,+P0",qokedy.qokar.qokain.chedy.qol.qol.shectyhy.qoly,qokedy qokar qokain chedy qol qol shectyhy qoly
RF1b-er,f80v,"f80v.5,+P0",okeedy.chedy.olkeedy.octhy.qokaiin.shckhy.qotain.ol,okeedy chedy olkeedy octhy qokaiin shckhy qotain ol
RF1b-er,f80v,"f80v.6,+P0",tcheol.kedy.pcheol.kain.shedy.qokaiin.otey.qokedy.chedy,tcheol kedy pcheol kain shedy qokaiin otey qokedy chedy
RF1b-er,f80v,"f80v.7,+P0",polshol.tchey.qokol.shedy.qotshey.saly.kchey.stolpchy,polshol tchey qokol shedy qotshey saly kchey stolpchy
RF1b-er,f80v,"f80v.8,+P0",olteedy.qokaiin.shedy.qokain.sheol.qokchdy.qokchdy.qotydy,olteedy qokaiin shedy qokain sheol qokchdy qokchdy qotydy
RF1b-er,f80v,"f80v.9,+P0","tchdy.qol.tol.tal.tal,dain.chcthy.qokal.dal.checthy.qokal.ly",tchdy qol tol tal tal dain chcthy qokal dal checthy qokal ly
RF1b-er,f80v,"f80v.10,+P0","sol.sheey.qokaiin.shcthy.dolshedy.qokal.shecthy.qotain,ol",sol sheey qokaiin shcthy dolshedy qokal shecthy qotain ol
RF1b-er,f80v,"f80v.11,+P0","tal.sheedy.qokar.olky.ror,cheey.sheckhy.qotain.chedy.rol",tal sheedy qokar olky ror cheey sheckhy qotain chedy rol
RF1b-er,f80v,"f80v.12,+P0",ycheol.kain.shey.qokain.chedy.qokol.olkain.shcthhy.l,ycheol kain shey qokain chedy qokol olkain shcthhy l
RF1b-er,f80v,"f80v.13,+P0","lor.ar.ol.olor.chey.kol,dy",lor ar ol olor chey kol dy
RF1b-er,f80v,"f80v.14,+P0",tshedy.qokain.shedy.qokas.otal.qopshedy.qoty.lchedy.qopalor,tshedy qokain shedy qokas otal qopshedy qoty lchedy qopalor
RF1b-er,f80v,"f80v.15,+P0",qotaiin.chty.lchedy.s.aly.tol.chey.qoteedy.otal.dain.ol.dal,qotaiin chty lchedy s aly tol chey qoteedy otal dain ol dal
RF1b-er,f80v,"f80v.16,+P0",cheol.key.qotar.dy.qotal.dy.keedy.qokain.oty.loldy.tal,cheol key qotar dy qotal dy keedy qokain oty loldy tal
RF1b-er,f80v,"f80v.17,+P0",solcheol.qokaiin.shecthy.qokal.cheoldy.qotlolkal.chedyr,solcheol qokaiin shecthy qokal cheoldy qotlolkal chedyr
RF1b-er,f80v,"f80v.18,+P0",ychedy.qol.okaiin.olkedy.or.okain,ychedy qol okaiin olkedy or okain
RF1b-er,f80v,"f80v.19,+P0",fsheoldy.dkshey.qokopy.ror.afor.olfockhy.oltydy,fsheoldy dkshey qokopy ror afor olfockhy oltydy
RF1b-er,f80v,"f80v.20,+P0",ysheeyqorar.ol.cheey.daiin.shey.qokaiin.ol.okaiin,ysheeyqorar ol cheey daiin shey qokaiin ol okaiin
RF1b-er,f80v,"f80v.21,+P0",tar.kain.okal.y.rchey.qokal.oloraiin.okal.otam,tar kain okal y rchey qokal oloraiin okal otam
RF1b-er,f80v,"f80v.22,+P0",dchedy.qokal.ol.chey.dal.or.shedy.lshedy,dchedy qokal ol chey dal or shedy lshedy
RF1b-er,f80v,"f80v.23,+P0",polteshol.ofy.shey.qopshedy.qoteedy.qotol.shy.kolshd.qoky,polteshol ofy shey qopshedy qoteedy qotol shy kolshd qoky
RF1b-er,f80v,"f80v.24,+P0",yshedy.qokeey.qokey.qoty.qotol.otaiin.ol.chedy.qoky.daiin,yshedy qokeey qokey qoty qotol otaiin ol chedy qoky daiin
RF1b-er,f80v,"f80v.25,+P0",lshedy.qoty.olol.cheey.qokain.okalchy.tal.or.checthy.sar,lshedy qoty olol cheey qokain okalchy tal or checthy sar
RF1b-er,f80v,"f80v.26,+P0","qoty.chey,qy,taiin.chey.lchedy.shedy.olchey",qoty chey qy taiin chey lchedy shedy olchey
RF1b-er,f80v,"f80v.27,+P0","fshol.kain.ol,kar.shey.qokain.dal.oltaiin.okain.shal.qoty",fshol kain ol kar shey qokain dal oltaiin okain shal qoty
RF1b-er,f80v,"f80v.28,+P0",olcheol.qokain.or.al.chain.qokain.ol.kaiin.akeedy.qokey.ly,olcheol qokain or al chain qokain ol kaiin akeedy qokey ly
RF1b-er,f80v,"f80v.29,+P0",qokain.olkain.olkain.ol.keeol,qokain olkain olkain ol keeol
RF1b-er,f80v,"f80v.30,+P0",fol.or.olkain.ockhy.qokaiin.okain.okar.shey.qolky,fol or olkain ockhy qokaiin okain okar shey qolky
RF1b-er,f80v,"f80v.31,+P0",qol.ol.oiin.olkain.al.chedy.qokain.olshey.qokain,qol ol oiin olkain al chedy qokain olshey qokain
RF1b-er,f80v,"f80v.32,+P0",solkain.shol.kair.or.arolkeedy.olky.qolkain.shedy,solkain shol kair or arolkeedy olky qolkain shedy
RF1b-er,f80v,"f80v.33,+P0",qokeedy.qoker.olkain.olshedy.qokey.qokeey.tchcthy.lom,qokeedy qoker olkain olshedy qokey qokeey tchcthy lom
RF1b-er,f80v,"f80v.34,+P0",dol.sheyr.shey.olshey.cthor.ylchdy.olkain.shcthy.qoly,dol sheyr shey olshey cthor ylchdy olkain shcthy qoly
RF1b-er,f80v,"f80v.35,+P0",tol.oltain.olkar.y.qol.qol.kain.okiin.ol.kain.shey.ldy,tol oltain olkar y qol qol kain okiin ol kain shey ldy
RF1b-er,f80v,"f80v.36,+P0",soin.okain.sheor.al.shey.daly.olshedy.olal.shedy.lchy,soin okain sheor al shey daly olshedy olal shedy lchy
RF1b-er,f80v,"f80v.37,+P0",polshdy.qokeedy.shky.ololchey,polshdy qokeedy shky ololchey
RF1b-er,f80v,"f80v.38,+P0","pol,kedy.lsheckhy.olky.ot.olkchy.r,chey.qcthy.rchey.ral",pol kedy lsheckhy olky ot olkchy r chey qcthy rchey ral
RF1b-er,f80v,"f80v.39,+P0","sol.aiin.chey.qokain.ches.ol.chckhy.qokeedy.tchdy.ar,al",sol aiin chey qokain ches ol chckhy qokeedy tchdy ar al
RF1b-er,f80v,"f80v.40,+P0",qokain.ol.cheeor.olar.chey.tchar.al.chedy.qotal.olchedy,qokain ol cheeor olar chey tchar al chedy qotal olchedy
RF1b-er,f80v,"f80v.41,+P0","tar.ar,ol.ar.shckhy.lkol.otol.chedy.qokain.chckhy.qokal",tar ar ol ar shckhy lkol otol chedy qokain chckhy qokal
RF1b-er,f80v,"f80v.42,+P0",pol.ol.aiin.olkal.shar.shedy.qokol.chdy.ldol.dar.al,pol ol aiin olkal shar shedy qokol chdy ldol dar al
RF1b-er,f80v,"f80v.43,+P0","sor.ain.shkain.shar.ok,shey.dal,ar.shokal.dy",sor ain shkain shar ok shey dal ar shokal dy
RF1b-er,f80v,"f80v.44,+P0",qokal.orol,qokal orol
RF1b-er,f81r,"f81r.1,@P0",polchoy.qokedy.shol.opchedy.olpchedy.ofshdy.oly,polchoy qokedy shol opchedy olpchedy ofshdy oly
RF1b-er,f81r,"f81r.2,+P0",dchey.lshl.alched.qokol.chol.otar.chedy.oky,dchey lshl alched qokol chol otar chedy oky
RF1b-er,f81r,"f81r.3,+P0",qotey.l.chees.olkal.ol.chedy.okar.shedy,qotey l chees olkal ol chedy okar shedy
RF1b-er,f81r,"f81r.4,+P0",dchedy.qokain.ol.ol.chcthy.ykeedy.al,dchedy qokain ol ol chcthy ykeedy al
RF1b-er,f81r,"f81r.5,+P0","qol.cheol.okeey.ol.ol.ol,aiin.ol.or.ain",qol cheol okeey ol ol ol aiin ol or ain
RF1b-er,f81r,"f81r.6,+P0",sar.ol.eses.oteey.shor.qokeey.ol,sar ol eses oteey shor qokeey ol
RF1b-er,f81r,"f81r.7,+P0",dshees.okain.chcthy.otey.okain,dshees okain chcthy otey okain
RF1b-er,f81r,"f81r.8,+P0",pchedy.qokeey.oty.qotey.oteey.oly,pchedy qokeey oty qotey oteey oly
RF1b-er,f81r,"f81r.9,+P0",qoteesy.qotedy.qokeedy.chcphey,qoteesy qotedy qokeedy chcphey
RF1b-er,f81r,"f81r.10,+P0",chol.dain.otedy.cheey.qotain.ly,chol dain otedy cheey qotain ly
RF1b-er,f81r,"f81r.11,+P0","ol,sheol.olkedy.sheckhedy.oltedy",ol sheol olkedy sheckhedy oltedy
RF1b-er,f81r,"f81r.12,+P0",ychedy.tedy.ol.sheedy.qokeey.loly,ychedy tedy ol sheedy qokeey loly
RF1b-er,f81r,"f81r.13,+P0",dchol.shedy.qotedy.qol.chedy.chetyry,dchol shedy qotedy qol chedy chetyry
RF1b-er,f81r,"f81r.14,+P0","qokechedy.qol,sheedy.or.ain.arol.oeeedy",qokechedy qol sheedy or ain arol oeeedy
RF1b-er,f81r,"f81r.15,+P0",sain.ol.cheedy.qokeedy.otedy,sain ol cheedy qokeedy otedy
RF1b-er,f81r,"f81r.16,+P0",polchdy.qopchol.qokor.olpchedy.opol.oraisy,polchdy qopchol qokor olpchedy opol oraisy
RF1b-er,f81r,"f81r.17,+P0",y.checthy.okeedy.shey.qokedy.ol.ochedar,y checthy okeedy shey qokedy ol ochedar
RF1b-er,f81r,"f81r.18,+P0",osheedy.shedy.ol.shedy.okeedy.orar,osheedy shedy ol shedy okeedy orar
RF1b-er,f81r,"f81r.19,+P0","qokedy.sheedy.chedy.qoteedy.ol,am",qokedy sheedy chedy qoteedy ol am
RF1b-er,f81r,"f81r.20,+P0",qopchedy.qol.chedy.qokeey.odaiin.rain.daly,qopchedy qol chedy qokeey odaiin rain daly
RF1b-er,f81r,"f81r.21,+P0",dshedy.qokal.olkeey.oteey.olshey.otey.lol,dshedy qokal olkeey oteey olshey otey lol
RF1b-er,f81r,"f81r.22,+P0",qotal.chedy.qol.ol.daiin.ol.chedar.ol.oly,qotal chedy qol ol daiin ol chedar ol oly
RF1b-er,f81r,"f81r.23,+P0",chey.okain.sheckhy.soiin.chey.lchey,chey okain sheckhy soiin chey lchey
RF1b-er,f81r,"f81r.24,+P0","par.ody.shecphy.cheol.qotal,dar.otedy.oly",par ody shecphy cheol qotal dar otedy oly
RF1b-er,f81r,"f81r.25,+P0",sar.shedy.qol.otain.okair.okal.chedy.dy,sar shedy qol otain okair okal chedy dy
RF1b-er,f81r,"f81r.26,+P0",pchedy.qokey.oteol.qol.shear.shedy.qcthdys,pchedy qokey oteol qol shear shedy qcthdys
RF1b-er,f81r,"f81r.27,+P0",sal.chedy.qokedy.olkedy.dol.qokchedy,sal chedy qokedy olkedy dol qokchedy
RF1b-er,f81r,"f81r.28,+P0",qokesdy.chedy.qokar.chey.taiin.otey.lchl,qokesdy chedy qokar chey taiin otey lchl
RF1b-er,f81r,"f81r.29,+P0",ysheedy.shy.chey.l.chcthy.ytar.olkaiin.ol,ysheedy shy chey l chcthy ytar olkaiin ol
RF1b-er,f81r,"f81r.30,+P0",l.shedy.qokedy.sor.olkar.ol.kaiin.olkshdy,l shedy qokedy sor olkar ol kaiin olkshdy
RF1b-er,f81r,"f81r.31,+P0",sol.shedy.ol.lchedy.shedy.shy.olkedy.ches.ar.or.oraiiin,sol shedy ol lchedy shedy shy olkedy ches ar or oraiiin
RF1b-er,f81v,"f81v.1,@P0","par.shey.keedy.shekal.dal.dar.ol.pchedy.shekdain.ofal,sheky",par shey keedy shekal dal dar ol pchedy shekdain ofal sheky
RF1b-er,f81v,"f81v.2,+P0",qokedy.okaiin.kair.okal.sar.ol.kain.olkain.al.ol.rol.dl,qokedy okaiin kair okal sar ol kain olkain al ol rol dl
RF1b-er,f81v,"f81v.3,+P0","saiin.daiin.ol,keedy.okedy.dykain.shek.chdy.dalal.oldy",saiin daiin ol keedy okedy dykain shek chdy dalal oldy
RF1b-er,f81v,"f81v.4,+P0",qokaiin.akain.cheeky.dy.ol.kaiin.dain.dy.daiin.chckhy,qokaiin akain cheeky dy ol kaiin dain dy daiin chckhy
RF1b-er,f81v,"f81v.5,+P0",akaiin.daiin.otain.chckhy.okeedy.qoky.kar.daiin.okar,akaiin daiin otain chckhy okeedy qoky kar daiin okar
RF1b-er,f81v,"f81v.6,+P0",qokain.okaiin.ol.chedy.cheol.lky.l.s.aiin.okain.daldy,qokain okaiin ol chedy cheol lky l s aiin okain daldy
RF1b-er,f81v,"f81v.7,+P0",olor.ol.sheckhal.daiin.qokeedal.daiin.chckhy.schedy.qol,olor ol sheckhal daiin qokeedal daiin chckhy schedy qol
RF1b-er,f81v,"f81v.8,+P0","yk,ol.or.shedy.sheedy.qolkeedy.daiin.dkain.cphedy.oldy",yk ol or shedy sheedy qolkeedy daiin dkain cphedy oldy
RF1b-er,f81v,"f81v.9,+P0","yar.ol,chey.kaiin.okeey.daiin.olor.checkhy.daiidy",yar ol chey kaiin okeey daiin olor checkhy daiidy
RF1b-er,f81v,"f81v.10,+P0","polshy.oshyteed.qop.okeedy.otedy.okshedy.qoky.dair,am",polshy oshyteed qop okeedy otedy okshedy qoky dair am
RF1b-er,f81v,"f81v.11,+P0","yshey.qokeey.okeey.oky.ykeey.qoky.oky,lky.olchy.ky.dsholyd",yshey qokeey okeey oky ykeey qoky oky lky olchy ky dsholyd
RF1b-er,f81v,"f81v.12,+P0",qol.ol.chdy.shedy.qokedy.otedy.chetedy.lkedey.ytedy,qol ol chdy shedy qokedy otedy chetedy lkedey ytedy
RF1b-er,f81v,"f81v.13,+P0",ykeshey.dchsed.ytedy.ytedy.dar.ykedacphy.qoty.ykedy.okal,ykeshey dchsed ytedy ytedy dar ykedacphy qoty ykedy okal
RF1b-er,f81v,"f81v.14,+P0",dshedy.ykeedy.sheeky.daiin.okedy.qokeed.qokedy.lchpchdy,dshedy ykeedy sheeky daiin okedy qokeed qokedy lchpchdy
RF1b-er,f81v,"f81v.15,+P0",qokal.chedy.ol.sheey.salshcthdy.qopchedy.r.chedy.ltary,qokal chedy ol sheey salshcthdy qopchedy r chedy ltary
RF1b-er,f81v,"f81v.16,+P0","l,or.shedy.qoeedy.ol.chy.r,shdy.lshedy.dar.chdy.pchdy",l or shedy qoeedy ol chy r shdy lshedy dar chdy pchdy
RF1b-er,f81v,"f81v.17,+P0",sshkchdy.chedy.ol.shedy.qolchedy.qokain.shckhy.dl.ral,sshkchdy chedy ol shedy qolchedy qokain shckhy dl ral
RF1b-er,f81v,"f81v.18,+P0",qokchdy.chey.ol.cheky.ol.shedy.qokedy.qokedy.chckhy.qoky,qokchdy chey ol cheky ol shedy qokedy qokedy chckhy qoky
RF1b-er,f81v,"f81v.19,+P0",solkeey.ol.shedy.qokar.shckhy.dshedy.qokas.qokal.dol.chy,solkeey ol shedy qokar shckhy dshedy qokas qokal dol chy
RF1b-er,f81v,"f81v.20,+P0",qocthey.chekal.chedy.qokedy.lshety.qoldy.ltedy.qotain,qocthey chekal chedy qokedy lshety qoldy ltedy qotain
RF1b-er,f81v,"f81v.21,+P0",lsho.qokey.lshedy.lshedy.chedy.qolky.lchedal.qol.otar,lsho qokey lshedy lshedy chedy qolky lchedal qol otar
RF1b-er,f81v,"f81v.22,+P0",qokal.qol.oiin.cheey.dal.lchedy.chedy.salchtedytar,qokal qol oiin cheey dal lchedy chedy salchtedytar
RF1b-er,f81v,"f81v.23,+P0","shol.qekchy.ykaiin.olkain.shedy.qoky.dchedy.rol.ol,cthdy",shol qekchy ykaiin olkain shedy qoky dchedy rol ol cthdy
RF1b-er,f81v,"f81v.24,+P0",ytey.okchedy.qokal.okeey.qol.cheedy.sal.teol.dchdy.ly,ytey okchedy qokal okeey qol cheedy sal teol dchdy ly
RF1b-er,f81v,"f81v.25,+P0",oshedy.qotedy.shol.chedy.yshchey.ol.chey.qol.chedytchd.oky,oshedy qotedy shol chedy yshchey ol chey qol chedytchd oky
RF1b-er,f81v,"f81v.26,+P0","qol.chechol,tar.aiin.okedy.dal.shey.olkeol.olkeedy.okeol",qol chechol tar aiin okedy dal shey olkeol olkeedy okeol
RF1b-er,f81v,"f81v.27,+P0",dsheol.oiiin.olkeedy.tedy.cheky.shckhedy.chal,dsheol oiiin olkeedy tedy cheky shckhedy chal
RF1b-er,f81v,"f81v.28,@Lt",atain.olkal,atain olkal
RF1b-er,f82r,"f82r.1,@P0",qosheedy.qokeol.daiin.shckhy<->okeeor.cheey.daiin.shey,qosheedy qokeol daiin shckhyokeeor cheey daiin shey
RF1b-er,f82r,"f82r.2,+P0",dchedy.qolchedy.qokain.dy<->qokeedy.qokal.lcheckhy.lched,dchedy qolchedy qokain dyqokeedy qokal lcheckhy lched
RF1b-er,f82r,"f82r.3,+P0",qokeey.lcheckhedy.qokaly<->solkaiin.chckhy.qokaiin,qokeey lcheckhedy qokalysolkaiin chckhy qokaiin
RF1b-er,f82r,"f82r.4,+P0",qokaiin.octheol.chkeey.ldy<->oteey.qokal.sheckhy.qoky,qokaiin octheol chkeey ldyoteey qokal sheckhy qoky
RF1b-er,f82r,"f82r.5,+P0",sol.lkchedy.qokeedy.qokal<->cthol.chedy.qoteedy.qotal,sol lkchedy qokeedy qokalcthol chedy qoteedy qotal
RF1b-er,f82r,"f82r.6,+P0",sar.shedy.qol.shedaiin.sheckhy.okal.sheky.qotaiin.chedal,sar shedy qol shedaiin sheckhy okal sheky qotaiin chedal
RF1b-er,f82r,"f82r.7,+P0",dshedy.sotaiin.qokar.shedy.solshedy.qokeey.qoky.ls.cheey,dshedy sotaiin qokar shedy solshedy qokeey qoky ls cheey
RF1b-er,f82r,"f82r.8,+P0",qekeey.sheedy.qokedy.lchor.cheey.qokey.qotal.chedy.qoteor,qekeey sheedy qokedy lchor cheey qokey qotal chedy qoteor
RF1b-er,f82r,"f82r.9,+P0",ssholshecthy.qokaiin.chkedy.rchey.dairchey.qokaiin,ssholshecthy qokaiin chkedy rchey dairchey qokaiin
RF1b-er,f82r,"f82r.10,@Lt","orol,dair",orol dair
RF1b-er,f82r,"f82r.11,@P0",kolchdy.qokedy.qopol.qotedor.chopchedy.qotal.chedy.kam,kolchdy qokedy qopol qotedor chopchedy qotal chedy kam
RF1b-er,f82r,"f82r.12,+P0",otedy.qodched.olqo.dar.checkhololol.okal.okarchedy,otedy qodched olqo dar checkhololol okal okarchedy
RF1b-er,f82r,"f82r.13,+P0",tcheol.olchedy.qokeedy.qotedy.chedar.cheey.lchey.salarol,tcheol olchedy qokeedy qotedy chedar cheey lchey salarol
RF1b-er,f82r,"f82r.14,+P0",r.olchy.qokal.chey.qokain.deeedy.qokeey.qokaiin.olchedy,r olchy qokal chey qokain deeedy qokeey qokaiin olchedy
RF1b-er,f82r,"f82r.15,+P0",tedy.lchedy.qokedy.qokeedy.lkeedy.qokaiin.dy.daiin.chdy.dy,tedy lchedy qokedy qokeedy lkeedy qokaiin dy daiin chdy dy
RF1b-er,f82r,"f82r.16,+P0",qokeedy.lchedy.qokeedy.cheey.r.ar.ol.s.aiin.chey.racty.dam,qokeedy lchedy qokeedy cheey r ar ol s aiin chey racty dam
RF1b-er,f82r,"f82r.17,+P0",dshedy.qoteey.chedy.qokeeey.qokedy.lteedy.qokeedy.rolchey,dshedy qoteey chedy qokeeey qokedy lteedy qokeedy rolchey
RF1b-er,f82r,"f82r.18,+P0",polched.otain.shedy.shedy.dal.chedar.qokeey.ykeey.lsoraiin.ory,polched otain shedy shedy dal chedar qokeey ykeey lsoraiin ory
RF1b-er,f82r,"f82r.19,+Pr",okain.char.okain.qokeedy.lchy,okain char okain qokeedy lchy
RF1b-er,f82r,"f82r.20,*P0",posalshy.qokedy.cphal.shedy.sheolkeeedy.lkaiin.shedy.qoly,posalshy qokedy cphal shedy sheolkeeedy lkaiin shedy qoly
RF1b-er,f82r,"f82r.21,+P0",daiin.cheoky.lkedy.solshey.daiin.chey.qol.chedy.qokeey.dal,daiin cheoky lkedy solshey daiin chey qol chedy qokeey dal
RF1b-er,f82r,"f82r.22,+P0",qokaiin.cheor.sheey.qokaiin.shckhey.qolkeeedy.qokeeey.rary,qokaiin cheor sheey qokaiin shckhey qolkeeedy qokeeey rary
RF1b-er,f82r,"f82r.23,+P0",cheey.qcthey.qokeey.lcheey.daiin.chey.qokeeedy.lchedy.lar,cheey qcthey qokeey lcheey daiin chey qokeeedy lchedy lar
RF1b-er,f82r,"f82r.24,+P0",qokeedy.lcheedy.qokeey.sal.raiin.qokeey.lkeey.qokeey.raiin.ydy,qokeedy lcheedy qokeey sal raiin qokeey lkeey qokeey raiin ydy
RF1b-er,f82r,"f82r.25,+P0","dol.qoesedy.sheeerl.sheedy.lshed.qo,ckhey.lchedy.lor.sheey.ry",dol qoesedy sheeerl sheedy lshed qo ckhey lchedy lor sheey ry
RF1b-er,f82r,"f82r.26,+P0",tshey.qokeedy.cheal.lchedar.ches.aiin.oteey.qokaiin.okey,tshey qokeedy cheal lchedar ches aiin oteey qokaiin okey
RF1b-er,f82r,"f82r.27,+P0",pchedy.rsheal.daldy.qokeedy.rshedy.qoteedy.qokeedy.lochedy,pchedy rsheal daldy qokeedy rshedy qoteedy qokeedy lochedy
RF1b-er,f82r,"f82r.28,+P0",qokaiin.shedy.qokeedy.qotaiin.chcthey.qoteeol.chey.qokaiin.oly,qokaiin shedy qokeedy qotaiin chcthey qoteeol chey qokaiin oly
RF1b-er,f82r,"f82r.29,+P0",dcheey.lchedy.qokeedy.lchedy.rchedy.okchhy.qotedy.qoty.qoty,dcheey lchedy qokeedy lchedy rchedy okchhy qotedy qoty qoty
RF1b-er,f82r,"f82r.30,+P0","qoteey.r,aiin.cheol.qoteey.shedy.qokeey.lshedy.qokeedy.rag",qoteey r aiin cheol qoteey shedy qokeey lshedy qokeedy rag
RF1b-er,f82r,"f82r.31,+P0",cheol.ol.rsheedy.lchedy.qoty.lcheeor.qokeiin.cheedy.lched,cheol ol rsheedy lchedy qoty lcheeor qokeiin cheedy lched
RF1b-er,f82r,"f82r.32,+P0","teoiin.she,daiin.chckhey.lchey.lcheckhy.sheey.lr.chey.r,ain",teoiin she daiin chckhey lchey lcheckhy sheey lr chey r ain
RF1b-er,f82r,"f82r.33,+P0",sain.ol.cheol.ckhey.cheor.chey,sain ol cheol ckhey cheor chey
RF1b-er,f82r,"f82r.34,@Ln",okar,okar
RF1b-er,f82r,"f82r.35,@Lt",darol,darol
RF1b-er,f82r,"f82r.36,@Ln",okal,okal
RF1b-er,f82r,"f82r.37,@Ln",okoldy,okoldy
RF1b-er,f82r,"f82r.38,@Lt",jarary,jarary
RF1b-er,f82r,"f82r.39,+Ln",okairajy,okairajy
RF1b-er,f82r,"f82r.40,*Ln",sororl,sororl
RF1b-er,f82r,"f82r.41,=Ln",olkaky,olkaky
RF1b-er,f82r,"f82r.42,=Ln",sokoly,sokoly
RF1b-er,f82r,"f82r.43,=Ln",dolol,dolol
RF1b-er,f82r,"f82r.44,=Ln",olaiin,olaiin
RF1b-er,f82r,"f82r.45,=Ln",okeeor,okeeor
RF1b-er,f82v,"f82v.1,@Ln",otechdy,otechdy
RF1b-er,f82v,"f82v.2,=Ln",otedy,otedy
RF1b-er,f82v,"f82v.3,@Lt","daiin,oty",daiin oty
RF1b-er,f82v,"f82v.4,@Lt",otedal,otedal
RF1b-er,f82v,"f82v.5,@P0",tokol.olfchedy.qokeedy.qokedal.shol.qotal.otdal.dal.olshedy,tokol olfchedy qokeedy qokedal shol qotal otdal dal olshedy
RF1b-er,f82v,"f82v.6,+P0","qokedy.lshedy.qotol.dol.shedy.shedydy.dar,otedy.chetedy.olkam",qokedy lshedy qotol dol shedy shedydy dar otedy chetedy olkam
RF1b-er,f82v,"f82v.7,+P0",dair.ol.chedy.qotedy.qotedy.chsdy.qotal.qoty.qokal.qokedy.lo,dair ol chedy qotedy qotedy chsdy qotal qoty qokal qokedy lo
RF1b-er,f82v,"f82v.8,+P0",qokain.sheol.qoteedy.chedy.qokey.qokedy.qokol.chedy.chedy.lchy,qokain sheol qoteedy chedy qokey qokedy qokol chedy chedy lchy
RF1b-er,f82v,"f82v.9,+P0",solshedy.lchedy.dolshedy.qokal.sheckhy.shey.teeol.oteedy.qokedy,solshedy lchedy dolshedy qokal sheckhy shey teeol oteedy qokedy
RF1b-er,f82v,"f82v.10,+P0","qotey.qokal.shoky.qokal.chedy.qotal,chedy",qotey qokal shoky qokal chedy qotal chedy
RF1b-er,f82v,"f82v.11,+P0",pcheol.dar.qokeey.cheeky.qokol.dal.shedy.pchdy.rol.qotedy.rol,pcheol dar qokeey cheeky qokol dal shedy pchdy rol qotedy rol
RF1b-er,f82v,"f82v.12,+P0",dal.shol.dar.ol.qoky.qol.chedy.qokar.qoteytyqoky.chcthy.qoky,dal shol dar ol qoky qol chedy qokar qoteytyqoky chcthy qoky
RF1b-er,f82v,"f82v.13,+P0",tchedy.qocthes.qokar.chckhy.qokain.cholkaiin.chckhdy.qokoldy,tchedy qocthes qokar chckhy qokain cholkaiin chckhdy qokoldy
RF1b-er,f82v,"f82v.14,+P0","dalchedy.lchey.r,ol.rol.cheey.sain.shey",dalchedy lchey r ol rol cheey sain shey
RF1b-er,f82v,"f82v.15,+P0",tar.sheckhy.qokal.qokain.cheal.tedy.rchedy.pchedy.rsheol.dal,tar sheckhy qokal qokain cheal tedy rchedy pchedy rsheol dal
RF1b-er,f82v,"f82v.16,+P0","qokedy.lchey.cheey.r,aiin.shes.qokchey.qokain.okal.dy.lchedam",qokedy lchey cheey r aiin shes qokchey qokain okal dy lchedam
RF1b-er,f82v,"f82v.17,+P0",orain.shedy.qok.char.okai.qokeedy.rcheey.qotedy.chtedy.rchesaly,orain shedy qok char okai qokeedy rcheey qotedy chtedy rchesaly
RF1b-er,f82v,"f82v.18,+P0",ykeedy.qokeedy.chedy.qokar.okeey.lkedy.qokal.olkeedy.qokeedy.oky,ykeedy qokeedy chedy qokar okeey lkedy qokal olkeedy qokeedy oky
RF1b-er,f82v,"f82v.19,+P0",qokol.chedy.cheal.chedy.oty.chdy.dy.checkhy.otal.chl.s,qokol chedy cheal chedy oty chdy dy checkhy otal chl s
RF1b-er,f82v,"f82v.20,+P0",tolsheol.qokedy.qolkedy.rshedy.qokedy.rsheedar.ainoly,tolsheol qokedy qolkedy rshedy qokedy rsheedar ainoly
RF1b-er,f82v,"f82v.21,+P0",dain.chey.qokeeey.qoky.okaiin.okain.olkain.otain.okar.aly,dain chey qokeeey qoky okaiin okain olkain otain okar aly
RF1b-er,f82v,"f82v.22,+P0",qokain.chedy.qolkshey.qotal.shey.qokain.ol.checkhy.ly,qokain chedy qolkshey qotal shey qokain ol checkhy ly
RF1b-er,f82v,"f82v.23,+P0",yshedy.qolchey.qolaiin.otain.alkeedy.qotshedy.all,yshedy qolchey qolaiin otain alkeedy qotshedy all
RF1b-er,f82v,"f82v.24,+P0",dshedy.qokaiin.olchedy.qokal.shedy.qotal.dytar.y.ldl,dshedy qokaiin olchedy qokal shedy qotal dytar y ldl
RF1b-er,f82v,"f82v.25,+P0",qok.sheol.kechey.qoty.ral.tchdarol.sheytchdy.qokal,qok sheol kechey qoty ral tchdarol sheytchdy qokal
RF1b-er,f82v,"f82v.26,+P0",saiin.shey.qokol.chal.qol.sheedy.qokal.shedy.qokaiin,saiin shey qokol chal qol sheedy qokal shedy qokaiin
RF1b-er,f82v,"f82v.27,+P0",qokain.sheal.qolchedy.qokaiir.olkaiin.shedy,qokain sheal qolchedy qokaiir olkaiin shedy
RF1b-er,f82v,"f82v.28,*P0",tchal.olkair.sheeky.qolchey.qokar.shey.qokain.otshedy,tchal olkair sheeky qolchey qokar shey qokain otshedy
RF1b-er,f82v,"f82v.29,+P0",daiin.chey.qoky.shedy.qokaiin.olkeedy.qokechedy.qotar,daiin chey qoky shedy qokaiin olkeedy qokechedy qotar
RF1b-er,f82v,"f82v.30,+P0","pol.alor.chey.qokain.shedy.qokaiin.olchesy.ol.r.ain,dar",pol alor chey qokain shedy qokaiin olchesy ol r ain dar
RF1b-er,f82v,"f82v.31,+P0",qokeey.r.ain.chey.qolkain.oky.otaly.qokal.sh.olshalsy,qokeey r ain chey qolkain oky otaly qokal sh olshalsy
RF1b-er,f82v,"f82v.32,+P0","sar.al.lor,aiin.chey.qokain.oroiiin",sar al lor aiin chey qokain oroiiin
RF1b-er,f82v,"f82v.33,+P0",qody.shar.acthy.qokchey.kchey.olkain.opchedy.qfol.shty.oral,qody shar acthy qokchey kchey olkain opchedy qfol shty oral
RF1b-er,f82v,"f82v.34,+P0",yckhey.qokain.cheky.otaiin.olor.okain.qolkeey.qotar.olkain,yckhey qokain cheky otaiin olor okain qolkeey qotar olkain
RF1b-er,f82v,"f82v.35,+P0",cthor.chey.qsain.qokeey.qokain.otain.otal.okeedy.qokal.dym,cthor chey qsain qokeey qokain otain otal okeedy qokal dym
RF1b-er,f82v,"f82v.36,+P0","s,aiin.shey.qokeedy.qokar.sheecthey.qokaiin.daltedy.rcheold",s aiin shey qokeedy qokar sheecthey qokaiin daltedy rcheold
RF1b-er,f82v,"f82v.37,+P0",sol.chey.r.alchey.chol.olkol.chckhy.dalchckhy.olkain.olkeeyr,sol chey r alchey chol olkol chckhy dalchckhy olkain olkeeyr
RF1b-er,f82v,"f82v.38,+P0",pcheol.shedy.qokaiin.sholdy,pcheol shedy qokaiin sholdy
RF1b-er,f82v,"f82v.39,@Ln",olkeedy,olkeedy
RF1b-er,f82v,"f82v.40,@Ln",okalchy,okalchy
RF1b-er,f82v,"f82v.41,@Ln",okain,okain
RF1b-er,f82v,"f82v.42,~Lt",okooky,okooky
RF1b-er,f82v,"f82v.43,~Lt",okedor,okedor
RF1b-er,f82v,"f82v.44,~Ln",okol,okol
RF1b-er,f82v,"f82v.45,@Lt",otoldy,otoldy
RF1b-er,f82v,"f82v.46,@Lt",olkol,olkol
RF1b-er,f82v,"f82v.47,@Lt",otedal,otedal
RF1b-er,f82v,"f82v.48,+Lt",oteedy,oteedy
RF1b-er,f83r,"f83r.1,@P0",tchedy.lpchedy.opshcdy.chepol.pchedar.shedy.qopchedy,tchedy lpchedy opshcdy chepol pchedar shedy qopchedy
RF1b-er,f83r,"f83r.2,+P0",sol.cheey.qokaiin.shol.lchs.shey.qoteedy.rches.ar.chedy.dar,sol cheey qokaiin shol lchs shey qoteedy rches ar chedy dar
RF1b-er,f83r,"f83r.3,+P0",olkeedy.qotal.chkeedy.chey.daiin.chey.lchedy.qokaiin.qotal.dar,olkeedy qotal chkeedy chey daiin chey lchedy qokaiin qotal dar
RF1b-er,f83r,"f83r.4,+P0",qokshedy.chedy.qokedy.chkedy.daiin.shetar.shedy.qekeiiin.chedy,qokshedy chedy qokedy chkedy daiin shetar shedy qekeiiin chedy
RF1b-er,f83r,"f83r.5,+P0",dsheey.qotaiin.checkhy.qoty.cheg.shedy.qokeey.rchedy.qokeedy.lo,dsheey qotaiin checkhy qoty cheg shedy qokeey rchedy qokeedy lo
RF1b-er,f83r,"f83r.6,+P0",schedy.chedchy.qokal.olchedy.qokaiin.chedy.qokeedy.lchedy.qoky,schedy chedchy qokal olchedy qokaiin chedy qokeedy lchedy qoky
RF1b-er,f83r,"f83r.7,+P0","solshed.lsheedy.qeeedy.qoky.oqol.r,sheedy.qokedy.qoteedy.qoteedy",solshed lsheedy qeeedy qoky oqol r sheedy qokedy qoteedy qoteedy
RF1b-er,f83r,"f83r.8,+P0",pchedal.otedy.shecthedchy.qoky.chedy.chary,pchedal otedy shecthedchy qoky chedy chary
RF1b-er,f83r,"f83r.9,+P0",pchor.checphedy.qokedy.lsheedy.qokchdy.r.shedkedy.qofshdy.qopy,pchor checphedy qokedy lsheedy qokchdy r shedkedy qofshdy qopy
RF1b-er,f83r,"f83r.10,+P0",olkeey.rchs.cheeb.ols.aiin.skal.dain.cthalsaiin.chky.lal.sam,olkeey rchs cheeb ols aiin skal dain cthalsaiin chky lal sam
RF1b-er,f83r,"f83r.11,+P0",sor.shedy.qokaiin.chkain.shcthey.qokedy.okair.sheedy.lchedy.lo,sor shedy qokaiin chkain shcthey qokedy okair sheedy lchedy lo
RF1b-er,f83r,"f83r.12,+P0",qockhol.sheckhy.atal.qokeal.sheckhdy.ckal.okedy.qokedy.qokal,qockhol sheckhy atal qokeal sheckhdy ckal okedy qokedy qokal
RF1b-er,f83r,"f83r.13,+P0","solcheol.tar.shedy.s.altedy.s,air.qotedy.qcphhedy.lchcphedy.ldar",solcheol tar shedy s altedy s air qotedy qcphhedy lchcphedy ldar
RF1b-er,f83r,"f83r.14,+P0",qokchedy.qokeedy.shedy.qokshedy.dal.lchedy.qokaiin.shcthy.dal.sy,qokchedy qokeedy shedy qokshedy dal lchedy qokaiin shcthy dal sy
RF1b-er,f83r,"f83r.15,+P0",saiin.shedal.shecthy.chey.tal.shcthy.dalchdy.qotchedy.lchedy,saiin shedal shecthy chey tal shcthy dalchdy qotchedy lchedy
RF1b-er,f83r,"f83r.16,+P0",tchedy.qokchdy.cheedar.chldaiin.chedy.qokain.checthy.chealror,tchedy qokchdy cheedar chldaiin chedy qokain checthy chealror
RF1b-er,f83r,"f83r.17,+P0",dcheokedy.lkeed.shckhey.ytaiin.shechy.schety,dcheokedy lkeed shckhey ytaiin shechy schety
RF1b-er,f83r,"f83r.18,+P0",pdalshdy.shocphedy.otor.shedy.opshedy.otshdy.qokedal.shdy.soldy,pdalshdy shocphedy otor shedy opshedy otshdy qokedal shdy soldy
RF1b-er,f83r,"f83r.19,+P0","sar.shedaiin.ockhey.sain.ched.shedy.qetal.dal.shedy.shey.l,chedy",sar shedaiin ockhey sain ched shedy qetal dal shedy shey l chedy
RF1b-er,f83r,"f83r.20,+P0",solkeedy.qoteedy.qokeey.qokedy.sol.cheeety.qokedy.qoky.saiin,solkeedy qoteedy qokeey qokedy sol cheeety qokedy qoky saiin
RF1b-er,f83r,"f83r.21,+P0",solkeedy.qokedy.otedy.solchedy.lkedy.qokchedy.qokedy.chckhdy.sar,solkeedy qokedy otedy solchedy lkedy qokchedy qokedy chckhdy sar
RF1b-er,f83r,"f83r.22,+P0",schedair.otchedy.qokeedy.chedain.chedy.qotedaiin.otaiin.otedy.ldy,schedair otchedy qokeedy chedain chedy qotedaiin otaiin otedy ldy
RF1b-er,f83r,"f83r.23,+P0",tchedy.qotedy.qokal.shedy.qokedy.shecthedy.shecthy.otar.chedy,tchedy qotedy qokal shedy qokedy shecthedy shecthy otar chedy
RF1b-er,f83r,"f83r.24,+P0",soiiin.checthy.chety.otaiin.olsaly.shedy,soiiin checthy chety otaiin olsaly shedy
RF1b-er,f83r,"f83r.25,@P1",qokeedy.qolchey.qokeey.qokedy.chedy.otal,qokeedy qolchey qokeey qokedy chedy otal
RF1b-er,f83r,"f83r.26,+P1",otchey.qokeey.qoky.tol.shedy.qokylddy,otchey qokeey qoky tol shedy qokylddy
RF1b-er,f83r,"f83r.27,+P1",dain.chedy.qokeedy.shckhedy.shckhedy,dain chedy qokeedy shckhedy shckhedy
RF1b-er,f83r,"f83r.28,+P1",saiin.cheeky.sheey.qokedy.shedy.oldy,saiin cheeky sheey qokedy shedy oldy
RF1b-er,f83r,"f83r.29,+P1",solchedy.cheey.qody.kesd.oldy,solchedy cheey qody kesd oldy
RF1b-er,f83r,"f83r.30,+P1",sokeedy.qokeedy.qoky.saiin,sokeedy qokeedy qoky saiin
RF1b-er,f83r,"f83r.31,+P1","techedy.qot,chedy.okeedyldy",techedy qot chedy okeedyldy
RF1b-er,f83r,"f83r.32,+P1",ocheol.qokchedy.lchedy.qokey,ocheol qokchedy lchedy qokey
RF1b-er,f83r,"f83r.33,+P1",sy.s.aiin.sheekchy.qokey.sain,sy s aiin sheekchy qokey sain
RF1b-er,f83r,"f83r.34,+P1",shky.lchedy.dolshed.qokchy,shky lchedy dolshed qokchy
RF1b-er,f83r,"f83r.35,+P1",saiin.cheky.okeeol.okain.chdy,saiin cheky okeeol okain chdy
RF1b-er,f83r,"f83r.36,+P1",sor.aiin.shy.shey.lshedy.qoky,sor aiin shy shey lshedy qoky
RF1b-er,f83r,"f83r.37,+P1",sol.lkedy.lchedy.qokol.shedy,sol lkedy lchedy qokol shedy
RF1b-er,f83r,"f83r.38,+P1",or.chey.qockhey.dairydy,or chey qockhey dairydy
RF1b-er,f83r,"f83r.39,+P1",qokain.shey.kain.chckhal,qokain shey kain chckhal
RF1b-er,f83r,"f83r.40,+P1","sol,chedy.olchedy.chedaiin",sol chedy olchedy chedaiin
RF1b-er,f83r,"f83r.41,+P1",solkey.lchedy.qolkain.dal,solkey lchedy qolkain dal
RF1b-er,f83r,"f83r.42,+P1",sol.ol.chcthdy.l.chedy.lchdy,sol ol chcthdy l chedy lchdy
RF1b-er,f83r,"f83r.43,+P1",daiin.sheol.chedy.qokal.sar,daiin sheol chedy qokal sar
RF1b-er,f83r,"f83r.44,+P1",skar.shedy,skar shedy
RF1b-er,f83r,"f83r.45,@Lt",chtorol,chtorol
RF1b-er,f83r,"f83r.46,=Lt",olsaiin,olsaiin
RF1b-er,f83r,"f83r.47,@Pb",otchdy.qokchdy.shedal,otchdy qokchdy shedal
RF1b-er,f83r,"f83r.48,+Pb",dal.cheol.lol.chdal.aiin,dal cheol lol chdal aiin
RF1b-er,f83r,"f83r.49,+Pb",sol.daiiin.chedy,sol daiiin chedy
RF1b-er,f83r,"f83r.50,@Lt",saroldal,saroldal
RF1b-er,f83r,"f83r.51,+Lt",darolsy,darolsy
RF1b-er,f83r,"f83r.52,@Pb",solkeey.qekey.raly.ol,solkeey qekey raly ol
RF1b-er,f83r,"f83r.53,+Pb",solchkal.cheal.qotar.ol,solchkal cheal qotar ol
RF1b-er,f83r,"f83r.54,+Pb",daiin.ol.dain.chey.ldalor,daiin ol dain chey ldalor
RF1b-er,f83r,"f83r.55,+Pb","sol.r,tain.cthal",sol r tain cthal
RF1b-er,f83v,"f83v.1,@P0",poldaky.dalol.otedy.chtair.opchedy.qotal.chedy.chepchedy.opchey,poldaky dalol otedy chtair opchedy qotal chedy chepchedy opchey
RF1b-er,f83v,"f83v.2,+P0",dol.shedy.qokedy.shedy.qotedar.checthedy.qokedy.qotal.chey.dar,dol shedy qokedy shedy qotedar checthedy qokedy qotal chey dar
RF1b-er,f83v,"f83v.3,+P0",qotain.chcthy.dal.olkedy.shedy.qotaldy.qokaiin.dair.shedy.oteey,qotain chcthy dal olkedy shedy qotaldy qokaiin dair shedy oteey
RF1b-er,f83v,"f83v.4,+P0",dain.sheedy.oteeody.doldy.qotedy.qokeedy.qokedar.sheoldy.qol.oly,dain sheedy oteeody doldy qotedy qokeedy qokedar sheoldy qol oly
RF1b-er,f83v,"f83v.5,+P0",qokal.shedy.qotain.chedy.chedol.daiin.otaiin.shedy.qokeedy.okaiin,qokal shedy qotain chedy chedol daiin otaiin shedy qokeedy okaiin
RF1b-er,f83v,"f83v.6,+P0","chedy.qoteedy.otalshedy.sol.chl.ches.okeol.shedy.qokol,chedy.qokal",chedy qoteedy otalshedy sol chl ches okeol shedy qokol chedy qokal
RF1b-er,f83v,"f83v.7,+P0",qokeey.oteey.qokalol.chedy.dy.dal.qokal.oltshedy.qokeedy.qokal,qokeey oteey qokalol chedy dy dal qokal oltshedy qokeedy qokal
RF1b-er,f83v,"f83v.8,+P0",rolkeedy.qokaiin.okaiin.ched.okchey,rolkeedy qokaiin okaiin ched okchey
RF1b-er,f83v,"f83v.9,@Lt",ololary,ololary
RF1b-er,f83v,"f83v.10,@Lt",okarchy,okarchy
RF1b-er,f83v,"f83v.11,@P0",pchedar.shedal.qokar.shedal<->okchdy.qokedy.okail.shedy.qoky.lsheg,pchedar shedal qokar shedalokchdy qokedy okail shedy qoky lsheg
RF1b-er,f83v,"f83v.12,+P0","daiin.shckhy.qo,eea.lldar.cheey.qoal.qokeedy.olkar.sheedy.qokain.olal",daiin shckhy qo eea lldar cheey qoal qokeedy olkar sheedy qokain olal
RF1b-er,f83v,"f83v.13,+P0",qol.chey.qo.lched.qolky.qokal.chedy.chedy.daiin.chckhey.chear.al.lal,qol chey qo lched qolky qokal chedy chedy daiin chckhey chear al lal
RF1b-er,f83v,"f83v.14,+P0","salch,ed.qol.shedy.qolchedy.qolchdy.qol.rchedy.cheol.qokear.sholdy",salch ed qol shedy qolchedy qolchdy qol rchedy cheol qokear sholdy
RF1b-er,f83v,"f83v.15,+P0",qokaiin.cheol.shey.qokeey.cheol.dal.cheeoiin.olkeedy.qokal.chaloly,qokaiin cheol shey qokeey cheol dal cheeoiin olkeedy qokal chaloly
RF1b-er,f83v,"f83v.16,+P0",daiin.qokal.sheckhey.qokeey.chal.qokeey.qokaiin.chedy.sar.al,daiin qokal sheckhey qokeey chal qokeey qokaiin chedy sar al
RF1b-er,f83v,"f83v.17,+P0",qokain.cheeal.qokaiin.sheol.qokear.cheedy.olcheey.qokal.qokany,qokain cheeal qokaiin sheol qokear cheedy olcheey qokal qokany
RF1b-er,f83v,"f83v.18,+P0",s.olkeedy.qokeedy.qokeedy.saiin.okaiin.chedy.qokeedy.qolkeedy,s olkeedy qokeedy qokeedy saiin okaiin chedy qokeedy qolkeedy
RF1b-er,f83v,"f83v.19,+P0",qolchedy.qolteedy.qokeedy.qokal.okaiin.chear.checkhy.dal.checkhdy,qolchedy qolteedy qokeedy qokal okaiin chear checkhy dal checkhdy
RF1b-er,f83v,"f83v.20,+P0",tocthey.cheor.olol.cheol.tedy.sheckhal.sheeckhy.cheal,tocthey cheor olol cheol tedy sheckhal sheeckhy cheal
RF1b-er,f83v,"f83v.21,+P0",qokeed.qokaiin.sheolkain.sheol.olkeedy.lshedy,qokeed qokaiin sheolkain sheol olkeedy lshedy
RF1b-er,f83v,"f83v.22,+P0",char.qokar.cheolkain.shckhey.qokal.cheor.ols,char qokar cheolkain shckhey qokal cheor ols
RF1b-er,f83v,"f83v.23,+P0",qol.aiiin.chckhedy.sheol.qokaiin.shckhy.lchey,qol aiiin chckhedy sheol qokaiin shckhy lchey
RF1b-er,f83v,"f83v.24,+P0",al.cheedy.qokeedy.qokain.dalshal.shldy.lor,al cheedy qokeedy qokain dalshal shldy lor
RF1b-er,f83v,"f83v.25,+P0",y.shey.otechd.ar.okol.dal.shedy.qokaly,y shey otechd ar okol dal shedy qokaly
RF1b-er,f83v,"f83v.26,+P0",sol.chear.shey.qokar.shedy.qokain.ollchy,sol chear shey qokar shedy qokain ollchy
RF1b-er,f83v,"f83v.27,+P0",dsheol.cheol.shedy.qokaiin.cheeky.lols,dsheol cheol shedy qokaiin cheeky lols
RF1b-er,f83v,"f83v.28,+P0","qol.shol.cheedy.qol.oqo.qokain.ol,sheam",qol shol cheedy qol oqo qokain ol sheam
RF1b-er,f83v,"f83v.29,+P0",ol.cheal.shedy.chey.tal.shedal.dalshdy,ol cheal shedy chey tal shedal dalshdy
RF1b-er,f83v,"f83v.30,+P0",qokaiin.chedy.qokal.otal.chedy.qotals,qokaiin chedy qokal otal chedy qotals
RF1b-er,f83v,"f83v.31,+P0",oychey.qol.qokal.chedy.qoty,oychey qol qokal chedy qoty
RF1b-er,f83v,"f83v.32,+P0",qol.olain.sheol.qo.qokal.sheol,qol olain sheol qo qokal sheol
RF1b-er,f83v,"f83v.33,+P0",shey.opchey.cthey.olchy,shey opchey cthey olchy
RF1b-er,f83v,"f83v.34,@Ln",akchdy,akchdy
RF1b-er,f83v,"f83v.35,@Lt",okaiin,okaiin
RF1b-er,f84r,"f84r.1,@Lt",ololal,ololal
RF1b-er,f84r,"f84r.2,@Ln",or.shekar,or shekar
RF1b-er,f84r,"f84r.3,+Ln",ydy,ydy
RF1b-er,f84r,"f84r.4,@Ln",okedy,okedy
RF1b-er,f84r,"f84r.5,=Ln",loly,loly
RF1b-er,f84r,"f84r.6,@Ln",doiir,doiir
RF1b-er,f84r,"f84r.7,=Ln","ol,shy",ol shy
RF1b-er,f84r,"f84r.8,@Ln",otedy,otedy
RF1b-er,f84r,"f84r.9,=Ln",lkal,lkal
RF1b-er,f84r,"f84r.10,@Ln",okolshy,okolshy
RF1b-er,f84r,"f84r.11,@Ln",otoly,otoly
RF1b-er,f84r,"f84r.12,@Ln",dshedy,dshedy
RF1b-er,f84r,"f84r.13,@P0","kol.chedy.qokeey.otedy.dytedy.okeedy.olshed.opshed.ykshedy.qotedy.op,oly",kol chedy qokeey otedy dytedy okeedy olshed opshed ykshedy qotedy op oly
RF1b-er,f84r,"f84r.14,+P0",tol.or.sheey.chckhdy.schckhy.dal.y.shedy.otedy.qol.or.ol.eedy.qokeey.or.oly,tol or sheey chckhdy schckhy dal y shedy otedy qol or ol eedy qokeey or oly
RF1b-er,f84r,"f84r.15,+P0","qokeey.dar.shedy.qokedy.qokeedy.qokedy.chedy.okain.chey.qokedy.dar.olar,dy",qokeey dar shedy qokedy qokeedy qokedy chedy okain chey qokedy dar olar dy
RF1b-er,f84r,"f84r.16,+P0",tor.shedytedy.ol.ol.cheol.shedy.shckhy.qokal.olkedy,tor shedytedy ol ol cheol shedy shckhy qokal olkedy
RF1b-er,f84r,"f84r.17,+P0",pchol.cphol.sol.teol.tedy.qotedy.qokeedy.qokeey.ol.keedy.teyqokedy.qopor.oly,pchol cphol sol teol tedy qotedy qokeedy qokeey ol keedy teyqokedy qopor oly
RF1b-er,f84r,"f84r.18,+P0","otchy.ol,shedy.qokedy.shedy.okedy.shckhy.chckhy.olchey.schey.dal.chckhy.ral",otchy ol shedy qokedy shedy okedy shckhy chckhy olchey schey dal chckhy ral
RF1b-er,f84r,"f84r.19,+P0",qokey.sol.yqokain.qolkeey.qotedy.qokain.shedy.salchedy,qokey sol yqokain qolkeey qotedy qokain shedy salchedy
RF1b-er,f84r,"f84r.20,+P0",psholpchcfhdy.qokeedy.dy.qokedy.daiin.shckhedy.qokaiin.checthy.dar.checthy.am,psholpchcfhdy qokeedy dy qokedy daiin shckhedy qokaiin checthy dar checthy am
RF1b-er,f84r,"f84r.21,+P0",qokaiin.chol.cheky.okaly.chey.okal.chedytor.y.otshedy.qokey.l.shedy,qokaiin chol cheky okaly chey okal chedytor y otshedy qokey l shedy
RF1b-er,f84r,"f84r.22,+P0",qotchsdy.ykeedy.qokal.ol.shedy.qokedy.qokeedy.qokeedy.chedy.raiin.chey.otar.dar,qotchsdy ykeedy qokal ol shedy qokedy qokeedy qokeedy chedy raiin chey otar dar
RF1b-er,f84r,"f84r.23,+P0",dar.sheor.shcthy.qokeor.qotedy.rshedy.qolchey.oteey.qol.shedy.ol.dain.ol.or,dar sheor shcthy qokeor qotedy rshedy qolchey oteey qol shedy ol dain ol or
RF1b-er,f84r,"f84r.24,+P0","pal.tar.shedy.qokedy.okal.shey.qokar.chckhy.otchey.qok,chedy.chey.qokaiin",pal tar shedy qokedy okal shey qokar chckhy otchey qok chedy chey qokaiin
RF1b-er,f84r,"f84r.25,+P0",pchedy.qotchedy.otaiiin.chcthy.shedy.otedy.qoty.qotedy.al.okedy.otedy.ram,pchedy qotchedy otaiiin chcthy shedy otedy qoty qotedy al okedy otedy ram
RF1b-er,f84r,"f84r.26,+P0",qotol.shcthhy.oty.dar.shcthy.schdy.qokeedy.olkey,qotol shcthhy oty dar shcthy schdy qokeedy olkey
RF1b-er,f84r,"f84r.27,+P0",polchd.kchedy.shcthy.olky.dar.opalkaiin.o.qofchedy.or.aiiin.ofoly.oroly,polchd kchedy shcthy olky dar opalkaiin o qofchedy or aiiin ofoly oroly
RF1b-er,f84r,"f84r.28,+P0",sor.ol.olaiin.aqol.yqor.or.ckhedy.chkedy.okain.shedy.qokolchedy.olain,sor ol olaiin aqol yqor or ckhedy chkedy okain shedy qokolchedy olain
RF1b-er,f84r,"f84r.29,+P0","qokeedy.okeey.dar.olchedy.qsolkeedy.r,ar.checkhy.otar.chedy.olchcthy.lor",qokeedy okeey dar olchedy qsolkeedy r ar checkhy otar chedy olchcthy lor
RF1b-er,f84r,"f84r.30,+P0","dchdy.qokedy.ol.chckhy.olchdy.sar.or.ykeedy.chetey.s,ain.shedy.shekam",dchdy qokedy ol chckhy olchdy sar or ykeedy chetey s ain shedy shekam
RF1b-er,f84r,"f84r.31,+P0","ykchdar.or.ar,ar.shedy.qokal.daiin.shedy.olkedy.qokedy.qoky.chedy.daiin",ykchdar or ar ar shedy qokal daiin shedy olkedy qokedy qoky chedy daiin
RF1b-er,f84r,"f84r.32,+P0",qotar.ytedy.tedy.dar.olkedy.qotedy.shckhy.chtal.tedy.dar.or.oly,qotar ytedy tedy dar olkedy qotedy shckhy chtal tedy dar or oly
RF1b-er,f84r,"f84r.33,+P0",shol.tchdy.tedy.ykain.shey.cheol.y.tedy.al.kedy.okedar.olkeed.al.ary,shol tchdy tedy ykain shey cheol y tedy al kedy okedar olkeed al ary
RF1b-er,f84r,"f84r.34,+P0","dsheyteey.sar.ol.shedy.daraldy.otedaiin.shckheey.chckhy.daiin.ar,aly",dsheyteey sar ol shedy daraldy otedaiin shckheey chckhy daiin ar aly
RF1b-er,f84r,"f84r.35,+P0",qokal.daiin.dain.otey.cheor.air.shckhy.or.air.oro,qokal daiin dain otey cheor air shckhy or air oro
RF1b-er,f84r,"f84r.36,+P0",shey.dar.shey.dain.aiin.shedy.orol.ykar.okedy.qoky.chedy.okedar.chey.olol,shey dar shey dain aiin shedy orol ykar okedy qoky chedy okedar chey olol
RF1b-er,f84r,"f84r.37,@P1",qoteedy.qokol.otedy.shedy.qokeedy.dal.ol.dam,qoteedy qokol otedy shedy qokeedy dal ol dam
RF1b-er,f84r,"f84r.38,+P1",sor.olchdy.lshedy.qokchy.dal.otedy.ytchor.olky,sor olchdy lshedy qokchy dal otedy ytchor olky
RF1b-er,f84r,"f84r.39,+P1",dshedy.sheedy.qokedy.chedy.teedy.qokeedy,dshedy sheedy qokedy chedy teedy qokeedy
RF1b-er,f84r,"f84r.40,+P1",qokeedy.dkedy.olshedy.qokal.shckhy.olkeedy,qokeedy dkedy olshedy qokal shckhy olkeedy
RF1b-er,f84r,"f84r.41,+P1","dsheedy.oteedy.qotor.chekar.or,shedy.saiin",dsheedy oteedy qotor chekar or shedy saiin
RF1b-er,f84r,"f84r.42,+P1",okaiin.oteedy.qokain.shedy.qokeey.qotedy,okaiin oteedy qokain shedy qokeey qotedy
RF1b-er,f84r,"f84r.43,+P1",qokain.otchedy.skeey.rcheky.dol.okeedy,qokain otchedy skeey rcheky dol okeedy
RF1b-er,f84r,"f84r.44,+P1",ykedy.qotedy.chcthy.ol.chcthy.dar.arory,ykedy qotedy chcthy ol chcthy dar arory
RF1b-er,f84r,"f84r.45,+P1",yteolchedy.qokor.shekedy.okedy.cthhy.dam,yteolchedy qokor shekedy okedy cthhy dam
RF1b-er,f84r,"f84r.46,+P1",dchedy.qokedy.ar.aror.okedy.okedy,dchedy qokedy ar aror okedy okedy
RF1b-er,f84r,"f84r.47,@Lt",otaly,otaly
RF1b-er,f84v,"f84v.1,@P1","otdy.dar.chdy.dar.or,am",otdy dar chdy dar or am
RF1b-er,f84v,"f84v.2,+P1","soiin.okeeey.s,ol.okaly",soiin okeeey s ol okaly
RF1b-er,f84v,"f84v.3,@P0","kor.shedy.otedy.qotedy.otedar.cfhd,or,ol",kor shedy otedy qotedy otedar cfhd or ol
RF1b-er,f84v,"f84v.4,+P0",oteey.qokeey.okey.chetain.sheeky.daiin.al,oteey qokeey okey chetain sheeky daiin al
RF1b-er,f84v,"f84v.5,+P0",qokeey.oteedy.shedy.qokeed.or.okeedy.ry,qokeey oteedy shedy qokeed or okeedy ry
RF1b-er,f84v,"f84v.6,+P0",ykeedy.qoeedy.olkeey.sheky.qokeey,ykeedy qoeedy olkeey sheky qokeey
RF1b-er,f84v,"f84v.7,+P0",poiin.ol.kedy.okedy.qoky.okchdy.qokey,poiin ol kedy okedy qoky okchdy qokey
RF1b-er,f84v,"f84v.8,+P0",qokedy.okedy.qokeedy.okeedy.shedy.qoky,qokedy okedy qokeedy okeedy shedy qoky
RF1b-er,f84v,"f84v.9,+P0",sheol.qolchey.okeedy.saiin.okeedy.chkeedy,sheol qolchey okeedy saiin okeedy chkeedy
RF1b-er,f84v,"f84v.10,+P0",qoteed.otedy.sheedy.qokeedy.qoeedy.okeedy.dam,qoteed otedy sheedy qokeedy qoeedy okeedy dam
RF1b-er,f84v,"f84v.11,+P0",shedy.qoeedy.ol.cheey.daiin.chckhedy.dain.dy.daiin,shedy qoeedy ol cheey daiin chckhedy dain dy daiin
RF1b-er,f84v,"f84v.12,+P0",qokees.qotedy.otedy.shedy.qokedy.dol.olkeedy.dol.teedam,qokees qotedy otedy shedy qokedy dol olkeedy dol teedam
RF1b-er,f84v,"f84v.13,+P0",shedol.chedy.okedy.otol.chckhedy.qotedy.dokedy.dol.lkeey.qokydy,shedol chedy okedy otol chckhedy qotedy dokedy dol lkeey qokydy
RF1b-er,f84v,"f84v.14,+P0",dshey.olkeey.dol.ol.otedy.okedy.okedy.qokedy.dol.dar.ol.chedy.sain,dshey olkeey dol ol otedy okedy okedy qokedy dol dar ol chedy sain
RF1b-er,f84v,"f84v.15,+P0",qokshedy.qokeed.y.daiin.checthy.okal.ol.kedy.chedy.dolkedy.okedam,qokshedy qokeed y daiin checthy okal ol kedy chedy dolkedy okedam
RF1b-er,f84v,"f84v.16,+P0",soiiin.ol.chedy.qol.kedy.shey.qokedy.qokey.doly.ol.shedy.qokedy,soiiin ol chedy qol kedy shey qokedy qokey doly ol shedy qokedy
RF1b-er,f84v,"f84v.17,+P0",qokeey.otol.chedy.daiin.dol.sheedy.chedy.okedy.r.kchdy.kol.kaldy,qokeey otol chedy daiin dol sheedy chedy okedy r kchdy kol kaldy
RF1b-er,f84v,"f84v.18,+P0",dsheey.qokeedy.ykedy.qokor.shedy.qoky.dol.shckhy.qokain.ol.koldy,dsheey qokeedy ykedy qokor shedy qoky dol shckhy qokain ol koldy
RF1b-er,f84v,"f84v.19,+P0",solkes.olokar.sheky.shkol.qokar.chdy.tal.shedy.okar.okedy.shedydy,solkes olokar sheky shkol qokar chdy tal shedy okar okedy shedydy
RF1b-er,f84v,"f84v.20,+P0",tolshy.qoky.qokedy.shedy.qokeedy,tolshy qoky qokedy shedy qokeedy
RF1b-er,f84v,"f84v.21,+P0",pcholshedy.shtal.okedy.opcholor.kchdy.afched.ys.aiin.cfheey.ols,pcholshedy shtal okedy opcholor kchdy afched ys aiin cfheey ols
RF1b-er,f84v,"f84v.22,+P0",oshey.tedy.okain.shey.qokedy.kchdy.okedy.okey.dy.okedy.olshdy,oshey tedy okain shey qokedy kchdy okedy okey dy okedy olshdy
RF1b-er,f84v,"f84v.23,+P0","qokeey.olkaiin.okol.shedy.cthy.kor,ol.orar",qokeey olkaiin okol shedy cthy kor ol orar
RF1b-er,f84v,"f84v.24,+P0","ycheey.okeedy.olkain.ol,chey.saiin.oly",ycheey okeedy olkain ol chey saiin oly
RF1b-er,f84v,"f84v.25,+P0",qokain.okain.olol.okal.chedy.chedy,qokain okain olol okal chedy chedy
RF1b-er,f84v,"f84v.26,+P0","ol.qokar.shedy.qol.otedy.ol,chedy",ol qokar shedy qol otedy ol chedy
RF1b-er,f84v,"f84v.27,+P0",y.or.shedy.qolkeedy.olchedy.olkal,y or shedy qolkeedy olchedy olkal
RF1b-er,f84v,"f84v.28,+P0",dal.shedy.qokedy.shedy.dain.daiin,dal shedy qokedy shedy dain daiin
RF1b-er,f84v,"f84v.29,+P0",sain.shedy.qokeey.daiin.okedy.oldy,sain shedy qokeey daiin okedy oldy
RF1b-er,f84v,"f84v.30,+P0",qokey.ol.keed.qokedy.qokey.qokeoly,qokey ol keed qokedy qokey qokeoly
RF1b-er,f84v,"f84v.31,+P0",chal.daiin.otal.chdy.otal.chckhor.aly,chal daiin otal chdy otal chckhor aly
RF1b-er,f84v,"f84v.32,+P0",qokedy.shey.kal.okedy.yfchedy.tedy.lolor,qokedy shey kal okedy yfchedy tedy lolor
RF1b-er,f84v,"f84v.33,+P0",shedy.qokey.qokedy.chey.dar.okey.okeshy.olchy,shedy qokey qokedy chey dar okey okeshy olchy
RF1b-er,f84v,"f84v.34,+P0",qokain.ol.chedy.olchey.s.al.or.chdy.dchey.okey.lchy,qokain ol chedy olchey s al or chdy dchey okey lchy
RF1b-er,f84v,"f84v.35,+P0","shor.ol.otain.shedy.al,shedy.tolokeedy.chedy.okedy.lol",shor ol otain shedy al shedy tolokeedy chedy okedy lol
RF1b-er,f84v,"f84v.36,+P0",qokey.sol.kedy.okey.lkain.shey.shes.ol.shedy.qokeey.ror,qokey sol kedy okey lkain shey shes ol shedy qokeey ror
RF1b-er,f84v,"f84v.37,+P0",chckhy.qokaiin.shey.dain.qokeey.daiin.okaiin.qokal.dys,chckhy qokaiin shey dain qokeey daiin okaiin qokal dys
RF1b-er,f84v,"f84v.38,+P0",qokchey.qokeedy.okedy.dolor.ol.chedy.oteol.olol,qokchey qokeedy okedy dolor ol chedy oteol olol
RF1b-er,f84v,"f84v.39,+P0",lshedy.qol.aiin.okey.olchey.lchey.olshedy.shckhy.soly,lshedy qol aiin okey olchey lchey olshedy shckhy soly
RF1b-er,f84v,"f84v.40,+P0",yteedar.olkeey.olchey.qokey.lkeoldy.daiin.olkedy.ykaiin,yteedar olkeey olchey qokey lkeoldy daiin olkedy ykaiin
RF1b-er,f84v,"f84v.41,+P0",sor.otes.dolkedy.otol.chedy,sor otes dolkedy otol chedy
RF1b-er,f84v,"f84v.42,@Pb",okar,okar
RF1b-er,f84v,"f84v.43,+Pb",ydairol,ydairol
RF1b-er,f84v,"f84v.44,+Pb",ychckhy,ychckhy
RF1b-er,f84v,"f84v.45,+Pb",dshedy,dshedy
RF1b-er,f84v,"f84v.46,@Pb",okchdy,okchdy
RF1b-er,f84v,"f84v.47,+Pb",solchey,solchey
RF1b-er,f84v,"f84v.48,+Pb",dairoldy,dairoldy
RF1b-er,f84v,"f84v.49,+Pb",darchy,darchy
RF1b-er,f84v,"f84v.50,+Pb",yskhy,yskhy
RF1b-er,f84v,"f84v.51,+Pb",ochedy,ochedy
RF1b-er,f85r1,"f85r1.1,@P0",pdsheody.shdol.shey.otchdy.dshedy.soeeedy.dchefoey.sair.shedy.sodair.shey,pdsheody shdol shey otchdy dshedy soeeedy dchefoey sair shedy sodair shey
RF1b-er,f85r1,"f85r1.2,+P0",yoiin.cheey.qocthdy.atedy.dol.ar.aiin.okshd.okchedy.otedy.chckhdy.otam,yoiin cheey qocthdy atedy dol ar aiin okshd okchedy otedy chckhdy otam
RF1b-er,f85r1,"f85r1.3,+P0",tarar.otedy.opcheey.ykdair.chy.qotedy.qokchdy.otedy.cheol.saiin.otedam,tarar otedy opcheey ykdair chy qotedy qokchdy otedy cheol saiin otedam
RF1b-er,f85r1,"f85r1.4,+P0",odeedaiin.qokechy.daiin.chekchy.olshedy.qokeedy.dolkshdy.otar.oteedy.ols,odeedaiin qokechy daiin chekchy olshedy qokeedy dolkshdy otar oteedy ols
RF1b-er,f85r1,"f85r1.5,+P0",tchedy.kchedy.qodaiin.olkeedy.oraiin.olshedy.akchy.kedy.tedy.tdam,tchedy kchedy qodaiin olkeedy oraiin olshedy akchy kedy tedy tdam
RF1b-er,f85r1,"f85r1.6,+P0",roraiin.shey.pchey.qokeey.chor.ol.shedy,roraiin shey pchey qokeey chor ol shedy
RF1b-er,f85r1,"f85r1.7,+P0",pchedy.oraiin.shefchdy.qopar.sheedy.qokedy.qotchedy.kchdar.ypchdyldo,pchedy oraiin shefchdy qopar sheedy qokedy qotchedy kchdar ypchdyldo
RF1b-er,f85r1,"f85r1.8,+P0",daiin.chckhdy.qotchdy.opchsd.qokchdy.otchy.qodal.daiin.dal.shdar.oram,daiin chckhdy qotchdy opchsd qokchdy otchy qodal daiin dal shdar oram
RF1b-er,f85r1,"f85r1.9,+P0",tsheed.lchey.qoteshy.dair.shedar.sheol.qo.ar.chofchdy.qotdcty.ofar,tsheed lchey qoteshy dair shedar sheol qo ar chofchdy qotdcty ofar
RF1b-er,f85r1,"f85r1.10,+P0",dair.chokaiin.cheod.chealkeedy,dair chokaiin cheod chealkeedy
RF1b-er,f85r1,"f85r1.11,+P0",pdar.ol.shdair.qopcheedy.dal.chdal.chor.shefshoro.raiin.dolor.aiin.opakam,pdar ol shdair qopcheedy dal chdal chor shefshoro raiin dolor aiin opakam
RF1b-er,f85r1,"f85r1.12,+P0",tdain.okeody.lchdy.lkor.oeeseary.dar.shedaiin.oto.daiin.dlar.am,tdain okeody lchdy lkor oeeseary dar shedaiin oto daiin dlar am
RF1b-er,f85r1,"f85r1.13,+P0",rsheodar.qoctha.kar.okaiin.ykeeeody.qotal.ol.s.aiin.ol.daldy.shody,rsheodar qoctha kar okaiin ykeeeody qotal ol s aiin ol daldy shody
RF1b-er,f85r1,"f85r1.14,+P0",darar.sheedy.keody.oteody.s.ar.aiin.cheedy.otaiin.dar.al.odaiiin,darar sheedy keody oteody s ar aiin cheedy otaiin dar al odaiiin
RF1b-er,f85r1,"f85r1.15,+P0",qokeeodaiin.chey.okaiin.okal.al.dl.sheokey.cheokaiin.olkeeo.dal.olky,qokeeodaiin chey okaiin okal al dl sheokey cheokaiin olkeeo dal olky
RF1b-er,f85r1,"f85r1.16,+P0",shoiin.qokar.okar.y.cheey,shoiin qokar okar y cheey
RF1b-er,f85r1,"f85r1.17,+P0","polky.shey.olkedaiin.shor.cphedy.dair.shcphhy.opchey.shtor.aiin,sham",polky shey olkedaiin shor cphedy dair shcphhy opchey shtor aiin sham
RF1b-er,f85r1,"f85r1.18,+P0",olkeey.otchey.qokedy.qodaiin.chctahy.checphey.otshey.qokshey.schdy.dam,olkeey otchey qokedy qodaiin chctahy checphey otshey qokshey schdy dam
RF1b-er,f85r1,"f85r1.19,+Pr",okchy.otchdy.otchedy.dag.lam,okchy otchdy otchedy dag lam
RF1b-er,f85r1,"f85r1.20,*P0",pcheoykshedy.qocphdy.qofol.shdaldy.dairar.cheeteey.otchedy.qokchdy.dy,pcheoykshedy qocphdy qofol shdaldy dairar cheeteey otchedy qokchdy dy
RF1b-er,f85r1,"f85r1.21,+P0",daiin.cheody.oraiin.ol.okaiin.cheocthey.olor.otedy.qotaiin.chor.chedy,daiin cheody oraiin ol okaiin cheocthey olor otedy qotaiin chor chedy
RF1b-er,f85r1,"f85r1.22,+P0",ydair.tar.chedy.oraiin.ychedy.okedy,ydair tar chedy oraiin ychedy okedy
RF1b-er,f85r1,"f85r1.23,+P0",pchdaiin.shodaiin.shopshedy.yteody.ypar.ches.aiin.chol.dy.qopar.shetam,pchdaiin shodaiin shopshedy yteody ypar ches aiin chol dy qopar shetam
RF1b-er,f85r1,"f85r1.24,+P0",tedair.ykeedy.dain.cheedy.qokar.chedy.okar.sheeteey.qokedy.olchedy,tedair ykeedy dain cheedy qokar chedy okar sheeteey qokedy olchedy
RF1b-er,f85r1,"f85r1.25,+P0",schedaiir.oteody.chcthdy.qokaiin.ykchedy,schedaiir oteody chcthdy qokaiin ykchedy
RF1b-er,f85r1,"f85r1.26,+P0",pchdair.or.shshdar.qopchedy.opchdy.qofchdy.dar.s.aiin.chcphdy.dar.or.daiin,pchdair or shshdar qopchedy opchdy qofchdy dar s aiin chcphdy dar or daiin
RF1b-er,f85r1,"f85r1.27,+P0",ychedy.shetshdy.qotar.okedy.qokal.saiin.ol.karar.odeeeg,ychedy shetshdy qotar okedy qokal saiin ol karar odeeeg
RF1b-er,f85r1,"f85r1.28,+P0",kchedar.yteol.okchdy.qekedy.otor.odor.ar.chedy.otechdy.dal.cphedy,kchedar yteol okchdy qekedy otor odor ar chedy otechdy dal cphedy
RF1b-er,f85r1,"f85r1.29,+P0",oees.aiin.olkeeody.or.s.cheey.qokchdy.qotol.okar.otar.otchy.okam,oees aiin olkeeody or s cheey qokchdy qotol okar otar otchy okam
RF1b-er,f85r1,"f85r1.30,+P0",dorchdy.osaiin.okedes.chcthy.okedy.chdy.chdy.otal.otchdy.otalom,dorchdy osaiin okedes chcthy okedy chdy chdy otal otchdy otalom
RF1b-er,f85r1,"f85r1.31,+P0",podaiin.shdar.ypchdar.dar.ypchdy.qopol.dar.keshar.dchdal.cholairy,podaiin shdar ypchdar dar ypchdy qopol dar keshar dchdal cholairy
RF1b-er,f85r1,"f85r1.32,+P0","ytor.chol.shdytody.qotchdy.otchol.chees.ar.eeodaiin.or.ar,al.olkam",ytor chol shdytody qotchdy otchol chees ar eeodaiin or ar al olkam
RF1b-er,f85r1,"f85r1.33,+P0",saraiiin.shey.osaiin.otar.ytar.otedy.or.aiin.otar.olar.olkeedy,saraiiin shey osaiin otar ytar otedy or aiin otar olar olkeedy
RF1b-er,f85r1,"f85r1.34,+P0",ysheedy.ksheey.qokor.or.chod.lkchedy.qotody.qokar.shty.otarar,ysheedy ksheey qokor or chod lkchedy qotody qokar shty otarar
RF1b-er,f85r1,"f85r1.35,+Pc",sar.chedar.olpchdy.otol.otchedy,sar chedar olpchdy otol otchedy
RF1b-er,f85r2,"f85r2.1,@Cc",odeedy.otedy.opoees.ar.chcthy.otchdy.otody.otar.chepaiin.otadar.otodaiin.opaiin.otaiin.qopchas.otchedy.olkaiin.odar.aloees.otchedy.qotedaiin.odar.octhody.shedaiin.olaiin.olfor.daiin.ol.lkechch.os.aiin.otchdy.dar.otees.ofaiin.chcphdar,odeedy otedy opoees ar chcthy otchdy otody otar chepaiin otadar otodaiin opaiin otaiin qopchas otchedy olkaiin odar aloees otchedy qotedaiin odar octhody shedaiin olaiin olfor daiin ol lkechch os aiin otchdy dar otees ofaiin chcphdar
RF1b-er,f85r2,"f85r2.2,@Pb",sain.or.or.aiin.opchdy,sain or or aiin opchdy
RF1b-er,f85r2,"f85r2.3,+Pb",qotor.sheedy.shodaiin.olfar.ary,qotor sheedy shodaiin olfar ary
RF1b-er,f85r2,"f85r2.4,+Pb",dair.sheo.oraiin.chol.daiin,dair sheo oraiin chol daiin
RF1b-er,f85r2,"f85r2.5,+Pb",ockhdar.olkar.shoral,ockhdar olkar shoral
RF1b-er,f85r2,"f85r2.6,+Pb",sosees,sosees
RF1b-er,f85r2,"f85r2.7,@Pb",pchedeey.olkey.qokedy.sheos.fcheey,pchedeey olkey qokedy sheos fcheey
RF1b-er,f85r2,"f85r2.8,+Pb",otchedy.chotey.qocthey.oteey.ol.oloqorain,otchedy chotey qocthey oteey ol oloqorain
RF1b-er,f85r2,"f85r2.9,+Pb",daiin.qotaiin.tchedy.otedy.qotchdy.chckhey,daiin qotaiin tchedy otedy qotchdy chckhey
RF1b-er,f85r2,"f85r2.10,+Pb",ytchedy.qodar.qotedar.qokar.qotchd.qotom,ytchedy qodar qotedar qokar qotchd qotom
RF1b-er,f85r2,"f85r2.11,+Pb",soiis.aiin.shedaiin.chotcog,soiis aiin shedaiin chotcog
RF1b-er,f85r2,"f85r2.12,@Pb",otchs.shedor.chey.sorain,otchs shedor chey sorain
RF1b-er,f85r2,"f85r2.13,+Pb",or.shedy.tedy.sodaiiin.chy,or shedy tedy sodaiiin chy
RF1b-er,f85r2,"f85r2.14,+Pb",ytedar.chds.aiin.arody,ytedar chds aiin arody
RF1b-er,f85r2,"f85r2.15,+Pb",yfshedy.dar.chedy.or.am,yfshedy dar chedy or am
RF1b-er,f85r2,"f85r2.16,+Pb",oteey.qodaiin.odain.an.chey,oteey qodaiin odain an chey
RF1b-er,f85r2,"f85r2.17,+Pb",orar.oldar.ain,orar oldar ain
RF1b-er,f85r2,"f85r2.18,@Pb",okees.alaiin.qokal.chdy.sary,okees alaiin qokal chdy sary
RF1b-er,f85r2,"f85r2.19,+Pb",qokshedy.qodain.chckhy.ykeedy.chedy,qokshedy qodain chckhy ykeedy chedy
RF1b-er,f85r2,"f85r2.20,+Pb",ar.aiin.ckhedy.or.ain.olchey.qokal.shedy,ar aiin ckhedy or ain olchey qokal shedy
RF1b-er,f85r2,"f85r2.21,+Pb",qokeody.qoekedy.dody.shedy.qodaiin,qokeody qoekedy dody shedy qodaiin
RF1b-er,f85r2,"f85r2.22,+Pb","los.ar.shedy.qokshey.qose,eey.or.aiin.og",los ar shedy qokshey qose eey or aiin og
RF1b-er,f85r2,"f85r2.23,+Pb",ol.lcheol.chol.ol.sheoly,ol lcheol chol ol sheoly
RF1b-er,f85r2,"f85r2.24,@Cc","okees.ochar.otedas.ochedy.otody.al,chedy.oteedo.ar.or.air,ol.otees.ar.ar,am",okees ochar otedas ochedy otody al chedy oteedo ar or air ol otees ar ar am
RF1b-er,fRos,"fRos.2,@Cc","oto.tos,air.adar.otar.otes.akaiin.dal.al.chdar.otdar.chefchs.okos.ol.om.olkeeo,daiin.shol.okal.orshees.qoeey.okalol.otodr.oees.ar,ol.oqokam.oteed.oteedy.okedy.lraiin.or.aiin.okor.okeedy",oto tos air adar otar otes akaiin dal al chdar otdar chefchs okos ol om olkeeo daiin shol okal orshees qoeey okalol otodr oees ar ol oqokam oteed oteedy okedy lraiin or aiin okor okeedy
RF1b-er,fRos,"fRos.3,@L0","ofain,ain",ofain ain
RF1b-er,fRos,"fRos.4,+L0","ych,?ais",ych
RF1b-er,fRos,"fRos.5,+L0",ydekam,ydekam
RF1b-er,fRos,"fRos.6,+L0",darchedy,darchedy
RF1b-er,fRos,"fRos.7,+L0","otochedy,sy",otochedy sy
RF1b-er,fRos,"fRos.8,+L0",soeedoy.olal,soeedoy olal
RF1b-er,fRos,"fRos.9,+L0",dchor.orary,dchor orary
RF1b-er,fRos,"fRos.10,+L0",sairojam,sairojam
RF1b-er,fRos,"fRos.11,@L0",okchdarar,okchdarar
RF1b-er,fRos,"fRos.12,@L0",soiindy,soiindy
RF1b-er,fRos,"fRos.13,@L0",ytedar,ytedar
RF1b-er,fRos,"fRos.14,@L0",ddsschx,ddsschx
RF1b-er,fRos,"fRos.15,@L0",daldar,daldar
RF1b-er,fRos,"fRos.16,@L0",ofardy,ofardy
RF1b-er,fRos,"fRos.17,@L0",orarol,orarol
RF1b-er,fRos,"fRos.18,@L0",daldal,daldal
RF1b-er,fRos,"fRos.19,@L0",daraldy,daraldy
RF1b-er,fRos,"fRos.20,@Cc","sais.od.r,ar.or.okal.okal.or.al,al.ykal.ol.ar.ol.ar.ol.al.lcr.okeer.okod.oked.okeo.ldy.opashs.otedy.chedchs.sheekede.odal.shd.olkeedy.yky.kaiir.okchdy.otol.ar.y.aiin.aiir.cheal.okchdy.oly.okain.olkaiin.ady",sais od r ar or okal okal or al al ykal ol ar ol ar ol al lcr okeer okod oked okeo ldy opashs otedy chedchs sheekede odal shd olkeedy yky kaiir okchdy otol ar y aiin aiir cheal okchdy oly okain olkaiin ady
RF1b-er,fRos,"fRos.21,@L0",oka,oka
RF1b-er,fRos,"fRos.22,@L0",daiiny,daiiny
RF1b-er,fRos,"fRos.23,@L0",docfhhy,docfhhy
RF1b-er,fRos,"fRos.24,@L0",okedy,okedy
RF1b-er,fRos,"fRos.25,@L0",okary,okary
RF1b-er,fRos,"fRos.26,@L0",ofain,ofain
RF1b-er,fRos,"fRos.27,@L0",opar,opar
RF1b-er,fRos,"fRos.28,@L0",adairy,adairy
RF1b-er,fRos,"fRos.29,@L0",dxar,dxar
RF1b-er,fRos,"fRos.30,@L0",okory,okory
RF1b-er,fRos,"fRos.31,@L0","opokchos,ody",opokchos ody
RF1b-er,fRos,"fRos.32,@L0",adashgasain,adashgasain
RF1b-er,fRos,"fRos.33,@L0",cfair.ofolcfhy,cfair ofolcfhy
RF1b-er,fRos,"fRos.34,@L0",okody,okody
RF1b-er,fRos,"fRos.35,@Cc","okos.epar.chir.u.oteoteedy.otos.ytodar.ches.okodainol.ykedy.chdar.tchdaiin.sy.sarald.todar.chkar.odair.or.oal.okchdy.shedy.oteedy.ykchda.eeeky.o.aiin.okees.ol,ar.or.ykeedy.okeo.lodaiin.or.olaiiin.olar",okos epar chir u oteoteedy otos ytodar ches okodainol ykedy chdar tchdaiin sy sarald todar chkar odair or oal okchdy shedy oteedy ykchda eeeky o aiin okees ol ar or ykeedy okeo lodaiin or olaiiin olar
RF1b-er,fRos,"fRos.36,@Cc","ch?ochs.octhchy.osar.aram.as,keeody.ochdar.al.o,ekairy.ytodaro.opal,shy.or.arodar.ykadar.ykodar.ykary.opalxy",octhchy osar aram as keeody ochdar al o ekairy ytodaro opal shy or arodar ykadar ykodar ykary opalxy
RF1b-er,fRos,"fRos.37,@L0",opoor.daly,opoor daly
RF1b-er,fRos,"fRos.38,@L0",okas.oedady,okas oedady
RF1b-er,fRos,"fRos.39,@Pb",kechy.qolchedar.ar,kechy qolchedar ar
RF1b-er,fRos,"fRos.40,+Pb",otedy.chdaiin.oty,otedy chdaiin oty
RF1b-er,fRos,"fRos.41,@L0",oral,oral
RF1b-er,fRos,"fRos.42,@L0",cpeey,cpeey
RF1b-er,fRos,"fRos.43,@L0",okor,okor
RF1b-er,fRos,"fRos.44,@L0",sarchcphdy,sarchcphdy
RF1b-er,fRos,"fRos.45,@L0",otchdy.otoldy,otchdy otoldy
RF1b-er,fRos,"fRos.46,@L0",ofchedaiin,ofchedaiin
RF1b-er,fRos,"fRos.47,@Cc","osar.otar.otodeedy.oty.daiin.sheor.oar.otedy.qotedy.otchy.otaraiin.chekadar.ol.aiin.okedal.olor.opoiir,al.eeealky.ytar.qokeol.tched.oiin.oteedaiin.odal.cheky.otchdar.or.olkoaiin.okal.olaiin",osar otar otodeedy oty daiin sheor oar otedy qotedy otchy otaraiin chekadar ol aiin okedal olor opoiir al eeealky ytar qokeol tched oiin oteedaiin odal cheky otchdar or olkoaiin okal olaiin
RF1b-er,fRos,"fRos.48,@L0",otedal,otedal
RF1b-er,fRos,"fRos.49,@L0",opaiino,opaiino
RF1b-er,fRos,"fRos.50,@L0",otchdy,otchdy
RF1b-er,fRos,"fRos.51,@L0",okchy,okchy
RF1b-er,fRos,"fRos.52,@L0",chkeedy,chkeedy
RF1b-er,fRos,"fRos.53,@L0",oopairar,oopairar
RF1b-er,fRos,"fRos.54,@L0",odeedy,odeedy
RF1b-er,fRos,"fRos.55,@L0",okydy,okydy
RF1b-er,fRos,"fRos.56,@L0",depcheky,depcheky
RF1b-er,fRos,"fRos.57,@L0",otch,otch
RF1b-er,fRos,"fRos.58,@L0",osy,osy
RF1b-er,fRos,"fRos.59,@L0",odl,odl
RF1b-er,fRos,"fRos.60,@L0",ddy,ddy
RF1b-er,fRos,"fRos.61,@L0",oteey,oteey
RF1b-er,fRos,"fRos.62,@Cc",okor.or.om.araiin.okeody.otar.odsheedy.odaiin.okchdy.akar.shor.okaiin.daiin.ofair.oly.olkair.odal.olkalor.olar.s.y.o.d.???ax.k.r.olar.oteedaiin.otes.ar.ykos.aiiin.al.qotady.ol.or.or.oroa.oteeedy.okal.okodar.otshe.okody.otedy.chdar.o,okor or om araiin okeody otar odsheedy odaiin okchdy akar shor okaiin daiin ofair oly olkair odal olkalor olar s y o d k r olar oteedaiin otes ar ykos aiiin al qotady ol or or oroa oteeedy okal okodar otshe okody otedy chdar o
RF1b-er,fRos,"fRos.63,@L0",oteedy,oteedy
RF1b-er,fRos,"fRos.64,@L0",opy,opy
RF1b-er,fRos,"fRos.65,@L0",odal,odal
RF1b-er,fRos,"fRos.66,@L0",shdy,shdy
RF1b-er,fRos,"fRos.67,@L0",opchees,opchees
RF1b-er,fRos,"fRos.68,@L0",opar,opar
RF1b-er,fRos,"fRos.69,@L0",daral,daral
RF1b-er,fRos,"fRos.70,@L0",otdodas.oedy,otdodas oedy
RF1b-er,fRos,"fRos.71,@L0",soshxos.arar,soshxos arar
RF1b-er,fRos,"fRos.72,@L0",otedain.otedy,otedain otedy
RF1b-er,fRos,"fRos.73,@L0",ytedar.ary,ytedar ary
RF1b-er,fRos,"fRos.74,@L0",opchedaiin,opchedaiin
RF1b-er,fRos,"fRos.75,@L0",ols,ols
RF1b-er,fRos,"fRos.76,@L0",ypal,ypal
RF1b-er,fRos,"fRos.77,@L0",opydsh,opydsh
RF1b-er,fRos,"fRos.78,@L0",sshy,sshy
RF1b-er,fRos,"fRos.79,@L0",odl,odl
RF1b-er,fRos,"fRos.80,@L0",dtedg,dtedg
RF1b-er,fRos,"fRos.81,@L0",opy,opy
RF1b-er,fRos,"fRos.82,@L0",ofdag,ofdag
RF1b-er,fRos,"fRos.83,@L0",ddary,ddary
RF1b-er,fRos,"fRos.84,@L0",otody,otody
RF1b-er,fRos,"fRos.85,@L0",dairdy,dairdy
RF1b-er,fRos,"fRos.86,@L0",sody,sody
RF1b-er,fRos,"fRos.87,@Cc",yke.okees.olcheda.okaly.ol.otodar.shekal<->olkar.cheykar.shal.qokal.okchr.otar.otody.otody.otody.otar.chfol.okshy.oky.okar.ar.okedy.okedy.okchedy.eeekchedy.ofchdar.qotchdy.kar.chdar.chekolkocph,yke okees olcheda okaly ol otodar shekalolkar cheykar shal qokal okchr otar otody otody otody otar chfol okshy oky okar ar okedy okedy okchedy eeekchedy ofchdar qotchdy kar chdar chekolkocph
RF1b-er,fRos,"fRos.88,@L0",opary,opary
RF1b-er,fRos,"fRos.89,@L0",okalain,okalain
RF1b-er,fRos,"fRos.90,@L0",otchdy.kary,otchdy kary
RF1b-er,fRos,"fRos.91,@L0",oraiin.chy,oraiin chy
RF1b-er,fRos,"fRos.92,@L0",opodchdal,opodchdal
RF1b-er,fRos,"fRos.93,@L0",darchdy,darchdy
RF1b-er,fRos,"fRos.94,@Cc","otchdaiin.otodar.otedar.otar.odaiin.olkaiin.otl.xasashe.ol.ar.ackhe.chedaiin.ockhedy.shedy.otody.okedald.or.aiin.otody.toor.chepar.ol.chckhy.opchdar.or.ar.al.xar.opar.olchedy.okalm.or.afal,airi,dy",otchdaiin otodar otedar otar odaiin olkaiin otl xasashe ol ar ackhe chedaiin ockhedy shedy otody okedald or aiin otody toor chepar ol chckhy opchdar or ar al xar opar olchedy okalm or afal airi dy
RF1b-er,fRos,"fRos.95,@L0",okaradal,okaradal
RF1b-er,fRos,"fRos.96,@L0",opchdy,opchdy
RF1b-er,fRos,"fRos.97,@L0",ofdaram,ofdaram
RF1b-er,fRos,"fRos.98,@L0",oda,oda
RF1b-er,fRos,"fRos.99,@L0",ofchdar,ofchdar
RF1b-er,fRos,"fRos.100,@L0",otedam,otedam
RF1b-er,fRos,"fRos.101,@L0",lokedshs,lokedshs
RF1b-er,fRos,"fRos.102,@L0",otodar,otodar
RF1b-er,fRos,"fRos.103,@L0",ytedaiin,ytedaiin
RF1b-er,fRos,"fRos.104,@L0",okedy,okedy
RF1b-er,fRos,"fRos.105,@L0",xoltedy,xoltedy
RF1b-er,fRos,"fRos.106,@L0",opchdam,opchdam
RF1b-er,fRos,"fRos.107,@L0",otedy.oparam,otedy oparam
RF1b-er,fRos,"fRos.108,@L0",otchdy,otchdy
RF1b-er,fRos,"fRos.109,+L0",otody,otody
RF1b-er,fRos,"fRos.110,/L0",chdain,chdain
RF1b-er,fRos,"fRos.111,+L0",otedy,otedy
RF1b-er,fRos,"fRos.112,@L0",opashefchdy,opashefchdy
RF1b-er,fRos,"fRos.113,=Cc",sar.adyiin.or,sar adyiin or
RF1b-er,fRos,"fRos.114,+Ca","o.d,ar.aiin,d",o d ar aiin d
RF1b-er,fRos,"fRos.115,=L0",oteoly,oteoly
RF1b-er,fRos,"fRos.116,@L0",ofodydy,ofodydy
RF1b-er,fRos,"fRos.117,@L0",opdady,opdady
RF1b-er,fRos,"fRos.118,@L0",otodey,otodey
RF1b-er,fRos,"fRos.119,@L0",otodedy,otodedy
RF1b-er,fRos,"fRos.120,@L0",opchdain,opchdain
RF1b-er,fRos,"fRos.121,@L0",otdar.shed,otdar shed
RF1b-er,fRos,"fRos.122,@Cc","okedar.okody.okair.chedy.opar.al.keeedy.sar.al,kchedy.otedaiin.olky.or.aiin.ody.osain.xdar.odaiin.okedal.ol.ar.oekaiin.alo.saldan.oteedy.otchdaiin.otedy.otar.aiin.yky.odaiin.okal.okalar",okedar okody okair chedy opar al keeedy sar al kchedy otedaiin olky or aiin ody osain xdar odaiin okedal ol ar oekaiin alo saldan oteedy otchdaiin otedy otar aiin yky odaiin okal okalar
RF1b-er,fRos,"fRos.123,@L0",oparaiin,oparaiin
RF1b-er,fRos,"fRos.124,@L0",okalar,okalar
RF1b-er,fRos,"fRos.125,@L0",okchdy,okchdy
RF1b-er,fRos,"fRos.126,@L0",ykedy,ykedy
RF1b-er,fRos,"fRos.127,@L0",oteedy,oteedy
RF1b-er,fRos,"fRos.128,@L0",otosaiin,otosaiin
RF1b-er,fRos,"fRos.129,@L0",otchdam,otchdam
RF1b-er,fRos,"fRos.130,@L0",otedy,otedy
RF1b-er,fRos,"fRos.131,@L0",okar,okar
RF1b-er,fRos,"fRos.132,@L0",lashalg,lashalg
RF1b-er,fRos,"fRos.133,@Cc","okchr,ar.okary.otodad.o,dar.chekaiin.oees.???.aiin.okees.oiir.odaiin.okalol.aiiin.okal,al.otar.chchdam.chetey.otodeees.oteesey.chckhy.otody.otal.chedal.opal.olkar.okedaiin.aror",okchr ar okary otodad o dar chekaiin oees aiin okees oiir odaiin okalol aiiin okal al otar chchdam chetey otodeees oteesey chckhy otody otal chedal opal olkar okedaiin aror
RF1b-er,fRos,"fRos.134,@L0",opaldar,opaldar
RF1b-er,fRos,"fRos.135,@L0",osaram,osaram
RF1b-er,fRos,"fRos.136,@L0",oparodam,oparodam
RF1b-er,fRos,"fRos.137,@Pb",otam.opchody.otchy,otam opchody otchy
RF1b-er,fRos,"fRos.138,*Pb",yopar.chepchey.yteedy.olaiin.orshy,yopar chepchey yteedy olaiin orshy
RF1b-er,fRos,"fRos.139,@Pb",tol.ofar.chefaiin.ol,tol ofar chefaiin ol
RF1b-er,fRos,"fRos.140,+Pb",okchy.qokedy.qokedy,okchy qokedy qokedy
RF1b-er,fRos,"fRos.141,+Pb",tol.teoor.ol.chekor,tol teoor ol chekor
RF1b-er,fRos,"fRos.142,@Pb","okar.ol,cheky.daiin",okar ol cheky daiin
RF1b-er,fRos,"fRos.143,+Pb",okeedy.qokchy.chfady.ory,okeedy qokchy chfady ory
RF1b-er,fRos,"fRos.144,+Pb",ykeechy.okol.sheey.tolpchg,ykeechy okol sheey tolpchg
RF1b-er,fRos,"fRos.145,+Pb",raiir.shodaiin,raiir shodaiin
RF1b-er,fRos,"fRos.146,@L0",dar,dar
RF1b-er,fRos,"fRos.147,+L0",oky,oky
RF1b-er,fRos,"fRos.148,+L0",soa,soa
RF1b-er,fRos,"fRos.149,@L0",otol,otol
RF1b-er,fRos,"fRos.150,+L0",ardar,ardar
RF1b-er,fRos,"fRos.151,+L0",l.chdy,l chdy
RF1b-er,fRos,"fRos.152,@L0",oparod,oparod
RF1b-er,fRos,"fRos.153,+L0",shckhdy,shckhdy
RF1b-er,fRos,"fRos.154,+L0",tshdy,tshdy
RF1b-er,fRos,"fRos.155,@L0",opchd,opchd
RF1b-er,fRos,"fRos.156,+L0",opchdy,opchdy
RF1b-er,fRos,"fRos.157,+L0",qokol,qokol
RF1b-er,fRos,"fRos.158,@L0",shety,shety
RF1b-er,fRos,"fRos.159,+L0",opchsy,opchsy
RF1b-er,fRos,"fRos.160,+L0",cheyky,cheyky
RF1b-er,f86v4,"f86v4.1,@Cc","opos.os.sheody.pch?dar.odsheo.qody.cheepchdy.lpchedy.olkar.shdar.dchdor.qopcher.ches.os.eeedar.odaiin.pcheodar.chdair.or,arorchy.shar.opchsey.otedy.chcphhy.chedy.sar,shed.odar.sheey.scheos.al.cheefar.shetchy.qoteol.otor.shar.qoteshy.do???.ofor.arar.dl",opos os sheody odsheo qody cheepchdy lpchedy olkar shdar dchdor qopcher ches os eeedar odaiin pcheodar chdair or arorchy shar opchsey otedy chcphhy chedy sar shed odar sheey scheos al cheefar shetchy qoteol otor shar qoteshy ofor arar dl
RF1b-er,f86v4,"f86v4.2,@Cc","oeeey.o,daiin.otedaiin.otedy.oteey.chedaiin.octhedy.chy.shedaiin.chotaiin.oraiin.otodeeeo.or.yteeody.oteedar,aiin.shedaiin.chdar.shedy.qotedaiin.chedy.tchdy.chetdy.chedy.qotar.chedy.chckhy.daiin.otedy.seeedy.??ctheey.sam",oeeey o daiin otedaiin otedy oteey chedaiin octhedy chy shedaiin chotaiin oraiin otodeeeo or yteeody oteedar aiin shedaiin chdar shedy qotedaiin chedy tchdy chetdy chedy qotar chedy chckhy daiin otedy seeedy sam
RF1b-er,f86v4,"f86v4.3,@Cc","tchey.dair.alody.shes.qeeor.or.odareedy.chdy.orcheos.osain.or.oteed.chedees.oteedy.qoty.otedy.shedy.otedy.dar.shd.shyy.schdy.chdchdy.dodar.aiin.or.aiin.sar.or,chedy.qotchdy.dchdes.ar.sheody.opcho.fcheom",tchey dair alody shes qeeor or odareedy chdy orcheos osain or oteed chedees oteedy qoty otedy shedy otedy dar shd shyy schdy chdchdy dodar aiin or aiin sar or chedy qotchdy dchdes ar sheody opcho fcheom
RF1b-er,f86v4,"f86v4.4,@Cc",pchedar.ar.ocpor.otees.oes.aiir.olkeor.dar.air.desy.doeedey.opchedy.shedaiin.dar.otedy.dain.otey.dam.otedy.daiin.chocthy.dtedair.chody.sheos.otedos.qokechy.pchdeedy.dan.ol.dol.oty.sho.pol.otoldyl,pchedar ar ocpor otees oes aiir olkeor dar air desy doeedey opchedy shedaiin dar otedy dain otey dam otedy daiin chocthy dtedair chody sheos otedos qokechy pchdeedy dan ol dol oty sho pol otoldyl
RF1b-er,f86v4,"f86v4.5,@P0",pcheodar.oedy.qokeol.qoeol<->oqokeol.dar.ol.olair.am,pcheodar oedy qokeol qoeoloqokeol dar ol olair am
RF1b-er,f86v4,"f86v4.6,+P0","ycheol,tar.ol.ol.sheey.qokey.or.aiin.sheeor.sar.al.ol.sheey.qockheey",ycheol tar ol ol sheey qokey or aiin sheeor sar al ol sheey qockheey
RF1b-er,f86v4,"f86v4.7,+P0","tol.shis.or.aiin.ol.keeod.lcheody.okedy.qokeo,d,y.qoain.ar",tol shis or aiin ol keeod lcheody okedy qokeo d y qoain ar
RF1b-er,f86v4,"f86v4.8,+P0",daiin.ol.keedy.otar.olshedy.okol.aiin.akal.cheockhy.shockhhy.daiin,daiin ol keedy otar olshedy okol aiin akal cheockhy shockhhy daiin
RF1b-er,f86v4,"f86v4.9,+Pc",dor.oleey.ol.yy,dor oleey ol yy
RF1b-er,f86v6,"f86v6.1,@P0","pcheypchdar.opar,cphy.ches.aiin.ofy.chedy.otedalol.orairody.qotchdaiin.qopy",pcheypchdar opar cphy ches aiin ofy chedy otedalol orairody qotchdaiin qopy
RF1b-er,f86v6,"f86v6.2,+P0",ochody.chol.chey.qotchdy.kchdy.qopchd.chpchy.qopchy.qoty.chedy.qokol.lray,ochody chol chey qotchdy kchdy qopchd chpchy qopchy qoty chedy qokol lray
RF1b-er,f86v6,"f86v6.3,+P0","qolchy.olkeedy.chdal.chedy.chor.ar.aro,dy.qokchdy.chdal.okar.chdy.otaiin",qolchy olkeedy chdal chedy chor ar aro dy qokchdy chdal okar chdy otaiin
RF1b-er,f86v6,"f86v6.4,+P0",dshor.shdy.shor.ol.aiin.olkeedy.shdal.otear.chdar.lkarchees.olkar.dalam,dshor shdy shor ol aiin olkeedy shdal otear chdar lkarchees olkar dalam
RF1b-er,f86v6,"f86v6.5,+P0",tar.lol.chol.olkar.daiin.chear.or.otshey.qokar.opchey.taiky.qotar,tar lol chol olkar daiin chear or otshey qokar opchey taiky qotar
RF1b-er,f86v6,"f86v6.6,+P0",daiin.sheol.keear.or.chedy.arsheeeb.qotain.odaiin.olkeshar.qokar.ar,daiin sheol keear or chedy arsheeeb qotain odaiin olkeshar qokar ar
RF1b-er,f86v6,"f86v6.7,+P0",qokaiin.y.lchedor.or.aiin.ol.or.olkal.or.shedy.qokal.s.ar.orchey.dy,qokaiin y lchedor or aiin ol or olkal or shedy qokal s ar orchey dy
RF1b-er,f86v6,"f86v6.8,+P0",ykaiin.odaiin.chal.sair.ytar.chody.ldaly.chdal.ykchedy.lkchedy.dar,ykaiin odaiin chal sair ytar chody ldaly chdal ykchedy lkchedy dar
RF1b-er,f86v6,"f86v6.9,+P0",dshor.ykaiin.dar.sheey.qokol.cheol.otar.ar.aiiin.qoteeos.aiin,dshor ykaiin dar sheey qokol cheol otar ar aiiin qoteeos aiin
RF1b-er,f86v6,"f86v6.10,+P0","sarar.ykaiin.soldam.sheol.qckhy.dalor.ol,aiin.olkaiin.qodar.oxy",sarar ykaiin soldam sheol qckhy dalor ol aiin olkaiin qodar oxy
RF1b-er,f86v6,"f86v6.11,+P0",qokaiin.olkeey.qokeor.or.cheeaiin.yteedy.qoko.lchdol.or.chcphar.ar,qokaiin olkeey qokeor or cheeaiin yteedy qoko lchdol or chcphar ar
RF1b-er,f86v6,"f86v6.12,+P0",ykeealar.qokal.otar.ykairolky,ykeealar qokal otar ykairolky
RF1b-er,f86v6,"f86v6.13,+P0",cpholcfhy.qopaiin.yfchdy.cpholkaiin.cholfchy.qopar.aroiiin.opchedy.opoly,cpholcfhy qopaiin yfchdy cpholkaiin cholfchy qopar aroiiin opchedy opoly
RF1b-er,f86v6,"f86v6.14,+P0",ykchy.cholkaiin.chey.ykeedy.okal.or.chcfhy.lkey.okar.dar.ol.ain,ykchy cholkaiin chey ykeedy okal or chcfhy lkey okar dar ol ain
RF1b-er,f86v6,"f86v6.15,+P0","shol.shotaiin.shckhor.ol,aiin.chdy.qokain.odaiiin.cheor.ol.kaiin.chey",shol shotaiin shckhor ol aiin chdy qokain odaiiin cheor ol kaiin chey
RF1b-er,f86v6,"f86v6.16,+P0",taiin.okaiin.qokaiin.ykeey.otain.chey.okam.qokar.qokain.okaiin,taiin okaiin qokaiin ykeey otain chey okam qokar qokain okaiin
RF1b-er,f86v6,"f86v6.17,+P0","par.or.aiin.dar.aiiin.qckhear.shocfhy.qotedy.opchdy.olain.ar.al,kar.am",par or aiin dar aiiin qckhear shocfhy qotedy opchdy olain ar al kar am
RF1b-er,f86v6,"f86v6.18,+P0",ytaiin.ytair.dalol.ytal.dar.aiiin.chol.olkchey.lkar.otal.qotardam,ytaiin ytair dalol ytal dar aiiin chol olkchey lkar otal qotardam
RF1b-er,f86v6,"f86v6.19,+P0",pol.sheopchey.pchecfhey.or.aiiin.qokaiin.cholkar,pol sheopchey pchecfhey or aiiin qokaiin cholkar
RF1b-er,f86v6,"f86v6.20,+P0",pdaiiiy.otol.podaiin.ocphey.opchor.olkshed.qofod.opdaiin.odar.dairody,pdaiiiy otol podaiin ocphey opchor olkshed qofod opdaiin odar dairody
RF1b-er,f86v6,"f86v6.21,+P0",oreeey.lkeeor.daiin.olteody.tar.otyteeodaiin.yty.sheey.tar.ar.am.ody,oreeey lkeeor daiin olteody tar otyteeodaiin yty sheey tar ar am ody
RF1b-er,f86v6,"f86v6.22,+P0",lshechy.tshy.qokeedy.kain.ytaiin.chees.tairoor.qotar.tackhy.damom,lshechy tshy qokeedy kain ytaiin chees tairoor qotar tackhy damom
RF1b-er,f86v6,"f86v6.23,+P0",qokar.olkedy.otar.chedy.qokar.opchedy.dar.akar.ar.dair.ain.ol.keodar,qokar olkedy otar chedy qokar opchedy dar akar ar dair ain ol keodar
RF1b-er,f86v6,"f86v6.24,+P0",chey.keody.choty.dal.ody.qokeedy.pchedy.ytshy.tody.dal.tchedy.qokar.oly,chey keody choty dal ody qokeedy pchedy ytshy tody dal tchedy qokar oly
RF1b-er,f86v6,"f86v6.25,+P0","yteedy.qokar.olkar.qo,dar.ykaiin.or.okeeeey.ofchedy.qokaiin.ar,aram",yteedy qokar olkar qo dar ykaiin or okeeeey ofchedy qokaiin ar aram
RF1b-er,f86v6,"f86v6.26,+P0","saiin.shor.shekaiin.chedy.cholkeog.qokchy.orchcthy.olteedy,dar.otar.aim",saiin shor shekaiin chedy cholkeog qokchy orchcthy olteedy dar otar aim
RF1b-er,f86v6,"f86v6.27,+P0",alshdr.lkar.dal.kshd.shdar.shedy.qody.sheey.qotedy.olkeey.qokchdy.ramshy,alshdr lkar dal kshd shdar shedy qody sheey qotedy olkeey qokchdy ramshy
RF1b-er,f86v6,"f86v6.28,+P0",qokaiin.qokar.okar.qotar.lor.qokchdy.dar.shey.dy.tshedy.qotol.dytshy.dy,qokaiin qokar okar qotar lor qokchdy dar shey dy tshedy qotol dytshy dy
RF1b-er,f86v6,"f86v6.29,+P0",dchedy.chcthdy.shol.oky.ytaiin.ykaiin.chedy.dy.dal.shdaiin,dchedy chcthdy shol oky ytaiin ykaiin chedy dy dal shdaiin
RF1b-er,f86v6,"f86v6.30,+P0","polkeey.tshed.qopchey.paroiin.chefchy.qopar.qopchedy.qopyd,aiin.qopary",polkeey tshed qopchey paroiin chefchy qopar qopchedy qopyd aiin qopary
RF1b-er,f86v6,"f86v6.31,+P0",dair.chepy.qokaiin.olkar.olkchdy.okar.al.dar.olkchey.otytam.orom,dair chepy qokaiin olkar olkchdy okar al dar olkchey otytam orom
RF1b-er,f86v6,"f86v6.32,+P0",qokeey.qoeear.chsey.oky.qokar.or.chey.qotar.ol.kchedy.qokaiin.am,qokeey qoeear chsey oky qokar or chey qotar ol kchedy qokaiin am
RF1b-er,f86v6,"f86v6.33,+P0","dar.olkaiin.ydy.lkchedy.okeeey,keey.dl.ld.lo.l.sheey.qoksheytaiin,g",dar olkaiin ydy lkchedy okeeey keey dl ld lo l sheey qoksheytaiin g
RF1b-er,f86v6,"f86v6.34,+P0","sor,aiin.ar.shey.qoteody.or.aiiin.oeey.ldaiiin.or.oro.ol.kaiiin",sor aiin ar shey qoteody or aiiin oeey ldaiiin or oro ol kaiiin
RF1b-er,f86v6,"f86v6.35,+P0",sar.aiin.otar.cheody.qotaiin.qokaiin.ol.tey.qokaiin.okar.ol,sar aiin otar cheody qotaiin qokaiin ol tey qokaiin okar ol
RF1b-er,f86v6,"f86v6.36,+P0",dairal.daiin.qokar.chol.tal.cthdy.qokeey.lkaiin.olkaiin.araiin,dairal daiin qokar chol tal cthdy qokeey lkaiin olkaiin araiin
RF1b-er,f86v6,"f86v6.37,+P0",lshar.akar.qoeedy.qotar.otal.olky.qokal.ol.kaiin.octhear.lo,lshar akar qoeedy qotar otal olky qokal ol kaiin octhear lo
RF1b-er,f86v6,"f86v6.38,+P0",paiin.otal.kal.toror.olaiin.okeocthey.olkeey.qoedy.lkaiin.oltam,paiin otal kal toror olaiin okeocthey olkeey qoedy lkaiin oltam
RF1b-er,f86v6,"f86v6.39,+P0",yaiin.dar.otol.qokain.qoky.lkor.dal.oraiin.cheoty.qotaiin.olkam,yaiin dar otol qokain qoky lkor dal oraiin cheoty qotaiin olkam
RF1b-er,f86v6,"f86v6.40,+P0",daiin.ar.qotal.tshdy.otar.shcthdy.qokol.chotal.kar.olkar.alky,daiin ar qotal tshdy otar shcthdy qokol chotal kar olkar alky
RF1b-er,f86v6,"f86v6.41,+P0",qokaiin.octhy.oltchey.qotal.lkalol.sheol.qotaiin.ytain.ytody,qokaiin octhy oltchey qotal lkalol sheol qotaiin ytain ytody
RF1b-er,f86v6,"f86v6.42,+P0",otaiin.qokain.otal.otal.lt.al.lkar.chdy.qotol.qokain,otaiin qokain otal otal lt al lkar chdy qotol qokain
RF1b-er,f86v6,"f86v6.43,+P0",qokaiin.choty.ytaiin.chokain.chocthy.chy.taiin.okaiin.okan,qokaiin choty ytaiin chokain chocthy chy taiin okaiin okan
RF1b-er,f86v6,"f86v6.44,+P0",shor.qoky.chosolk.chakaiin.qoalkaiin.qoaiin.or.aiiin.ykedy,shor qoky chosolk chakaiin qoalkaiin qoaiin or aiiin ykedy
RF1b-er,f86v6,"f86v6.45,+P0",paiin.otar.otolkshy.qokshey.ar.otalky.chear.aiadam,paiin otar otolkshy qokshey ar otalky chear aiadam
RF1b-er,f86v5,"f86v5.1,@P0","pshdal.choky.sheody.lfchy.fyshey.qoty.opy.ypar.or,aiin.ytor.aiin.opy",pshdal choky sheody lfchy fyshey qoty opy ypar or aiin ytor aiin opy
RF1b-er,f86v5,"f86v5.2,+P0","los,air.yteody.qokar.shy.qokar.shor.qopchol.tal.ol.ytal.otam.otam",los air yteody qokar shy qokar shor qopchol tal ol ytal otam otam
RF1b-er,f86v5,"f86v5.3,+P0",shedy.chdy.qokar.okeeey.sheokaiin.cheoky.oteeodail.otaiin.otain,shedy chdy qokar okeeey sheokaiin cheoky oteeodail otaiin otain
RF1b-er,f86v5,"f86v5.4,+P0",ypchesy.oky.sheeey.qoty.qotaiin.sail.chepy.ltedy.dar.olkar.am,ypchesy oky sheeey qoty qotaiin sail chepy ltedy dar olkar am
RF1b-er,f86v5,"f86v5.5,+P0",daiin.or.otol.otshey.otal.olkey.chcthody.ytar.dal.ar.okary,daiin or otol otshey otal olkey chcthody ytar dal ar okary
RF1b-er,f86v5,"f86v5.6,+P0",olkeedy.shety.ytar.ytaiin.shdam.araiiin.ytaiin,olkeedy shety ytar ytaiin shdam araiiin ytaiin
RF1b-er,f86v5,"f86v5.7,+P0",pdaiin.qoteedy.opchey.qopor.otol.kshdy.qopcheey.shdar.fchcfhy,pdaiin qoteedy opchey qopor otol kshdy qopcheey shdar fchcfhy
RF1b-er,f86v5,"f86v5.8,+P0",octhal.shckhy.otshey.opor.shey.tar.ar.otar.aiin.chdy.tarcheeg,octhal shckhy otshey opor shey tar ar otar aiin chdy tarcheeg
RF1b-er,f86v5,"f86v5.9,+P0",lkaiiin.otain.r.al.ykain.chaiin.ykal.ykaiin.otal.or.alkam,lkaiiin otain r al ykain chaiin ykal ykaiin otal or alkam
RF1b-er,f86v5,"f86v5.10,+P0",ykar.olkal.kar.shedy.shor.qokar.chor.or.ykaiin.otam.ytam,ykar olkal kar shedy shor qokar chor or ykaiin otam ytam
RF1b-er,f86v5,"f86v5.11,+P0",taral.okar.octhey.sal.kaiin.ytal.chey.otal.aiiin.olkam,taral okar octhey sal kaiin ytal chey otal aiiin olkam
RF1b-er,f86v5,"f86v5.12,+P0",poraiiidy.otshs.al.ar.shey.tair.sheody.qopchesy.lfar.air.amom,poraiiidy otshs al ar shey tair sheody qopchesy lfar air amom
RF1b-er,f86v5,"f86v5.13,+P0",daiin.shar.otam.ytaiin.otal.teody.cthy.or.aiin.otar.aiiin,daiin shar otam ytaiin otal teody cthy or aiin otar aiiin
RF1b-er,f86v5,"f86v5.14,+P0",qoar.aiiin.al.ody.ar.aiin.qokeeey.cheey.qotaiin.ykar.acthy,qoar aiiin al ody ar aiin qokeeey cheey qotaiin ykar acthy
RF1b-er,f86v5,"f86v5.15,+P0",ykar.ar.alody.or.eees.aiin.okar.qokaiin.ykar.ar.ol.chsky,ykar ar alody or eees aiin okar qokaiin ykar ar ol chsky
RF1b-er,f86v5,"f86v5.16,+P0",dcheytain.qoka.daiin.ykalkain.ykar.al.kaiin.dalkalytam,dcheytain qoka daiin ykalkain ykar al kaiin dalkalytam
RF1b-er,f86v5,"f86v5.17,+P0",ockhedy.ched.y.taiin.ykaiin.qotal.yshey.otaiin.olkam,ockhedy ched y taiin ykaiin qotal yshey otaiin olkam
RF1b-er,f86v5,"f86v5.18,+P0",poldaiin.sheo.tesaiin.otcho.lkaiin.os.al.ody.qotar.ytedy.daiin,poldaiin sheo tesaiin otcho lkaiin os al ody qotar ytedy daiin
RF1b-er,f86v5,"f86v5.19,+P0",ycheeytydaiin.ykeeo.chey.shckhy.shoky.oty.oty.otain.olkeedy,ycheeytydaiin ykeeo chey shckhy shoky oty oty otain olkeedy
RF1b-er,f86v5,"f86v5.20,+P0",ychor.ar.aiin.ytaly.otaiin.ykaiin.otal.ytar.aiin.ytaiiim,ychor ar aiin ytaly otaiin ykaiin otal ytar aiin ytaiiim
RF1b-er,f86v5,"f86v5.21,+P0",oar.ar.aiin.okaiin.yteey.ytaiin.qokees.aiin.yteey.qotey.lkey,oar ar aiin okaiin yteey ytaiin qokees aiin yteey qotey lkey
RF1b-er,f86v5,"f86v5.22,+P0",ykaiin.ykeey.ykal.chod.aiin.oeey.teodkaiin.otodaiin.akain,ykaiin ykeey ykal chod aiin oeey teodkaiin otodaiin akain
RF1b-er,f86v5,"f86v5.23,+P0",ykaiin.or.aiin.okol.chokar.sheol.qokar.cheey.or.aiin.ody,ykaiin or aiin okol chokar sheol qokar cheey or aiin ody
RF1b-er,f86v5,"f86v5.24,+P0",oar.aiin.ykain.okal.kchody.chckhy.otaiin.olkar.otaiin,oar aiin ykain okal kchody chckhy otaiin olkar otaiin
RF1b-er,f86v5,"f86v5.25,+P0",sair.kain.ar.alosheey.qoeey.lkesy,sair kain ar alosheey qoeey lkesy
RF1b-er,f86v5,"f86v5.26,+P0",pochor.aiir.shoar.pshody.shody.qopchy.ocfhdy.dar.olpshy.dam.shey,pochor aiir shoar pshody shody qopchy ocfhdy dar olpshy dam shey
RF1b-er,f86v5,"f86v5.27,+P0",pchor.ypchor.aiin.otar.shody.pchykar.ytar.odar.oeees.aral.om,pchor ypchor aiin otar shody pchykar ytar odar oeees aral om
RF1b-er,f86v5,"f86v5.28,+P0",odaiin.o.al.kar.ar.or.ytdar.qokeeey.teodyteytar.cr.ytarar,odaiin o al kar ar or ytdar qokeeey teodyteytar cr ytarar
RF1b-er,f86v5,"f86v5.29,+P0",ysheoar.qoteody.qokar.shody.qotal.tchey.ytchy.tal.tar,ysheoar qoteody qokar shody qotal tchey ytchy tal tar
RF1b-er,f86v5,"f86v5.30,+P0",odaiin.otchees.chey.chodaiin.shedy.otal.kchol.shy.olteeeary,odaiin otchees chey chodaiin shedy otal kchol shy olteeeary
RF1b-er,f86v5,"f86v5.31,+P0",tol.kaiin.ytchdy.chol.ytedy.ytain.qodaiin.ytody.ykeshy.ar,tol kaiin ytchdy chol ytedy ytain qodaiin ytody ykeshy ar
RF1b-er,f86v5,"f86v5.32,+P0",dshey.ytchy.dy.qotal.shdy.or.aiin.chody.chey.ol.teody.aiin,dshey ytchy dy qotal shdy or aiin chody chey ol teody aiin
RF1b-er,f86v5,"f86v5.33,+P0",qokeey.olkaiin.ol.kain.olkeedy.qopcheey.oty.daiin.otam,qokeey olkaiin ol kain olkeedy qopcheey oty daiin otam
RF1b-er,f86v5,"f86v5.34,+P0",oteey.ol.tey.choaiin.ysheedy.ychedy.ytaiin.otam.aiin,oteey ol tey choaiin ysheedy ychedy ytaiin otam aiin
RF1b-er,f86v5,"f86v5.35,+P0","ychey.or.aiin.ytair.ytaim.otal.shod.qo,kchy.qoody.s.aim",ychey or aiin ytair ytaim otal shod qo kchy qoody s aim
RF1b-er,f86v5,"f86v5.36,+P0",shody.qoty.chody.ytody.olkey.otoloty.oltal.oky.dam,shody qoty chody ytody olkey otoloty oltal oky dam
RF1b-er,f86v5,"f86v5.37,+P0","dchol.chedy.qotain.otaiin.ol.cheo,dy.ol,keeody.oreeeg",dchol chedy qotain otaiin ol cheo dy ol keeody oreeeg
RF1b-er,f86v5,"f86v5.38,+P0","s,ol.odaiin.ykeeshy.ytchey.lchody.ykar.shey.ytaiin",s ol odaiin ykeeshy ytchey lchody ykar shey ytaiin
RF1b-er,f86v5,"f86v5.39,+Pr",yteody.chedy.qoteey.octhy.dy,yteody chedy qoteey octhy dy
RF1b-er,f86v3,"f86v3.1,@Pb",tchedy.qokeedy.qoedy.qopchy.raiin.olpchey.qokaiin,tchedy qokeedy qoedy qopchy raiin olpchey qokaiin
RF1b-er,f86v3,"f86v3.2,+Pb",sain.ychedy.qoeeey.otair.cheody.ytain.qy.kaiin,sain ychedy qoeeey otair cheody ytain qy kaiin
RF1b-er,f86v3,"f86v3.3,+Pb",taiin.ytaiin.ytaiin.ytaiin.or.ar.ytar.am,taiin ytaiin ytaiin ytaiin or ar ytar am
RF1b-er,f86v3,"f86v3.4,+Pb",ykaiin.qoeedy.qor.aiin.yteeey.ar.aiin.ar.am,ykaiin qoeedy qor aiin yteeey ar aiin ar am
RF1b-er,f86v3,"f86v3.5,+Pb",ysheey.qotaiin.chdy.ypshear.ytain.otain.ykag,ysheey qotaiin chdy ypshear ytain otain ykag
RF1b-er,f86v3,"f86v3.6,+Pb",daiinls.aiin.chcthy.ykaiin.ykaiin.chdar.ar.aiin,daiinls aiin chcthy ykaiin ykaiin chdar ar aiin
RF1b-er,f86v3,"f86v3.7,+Pb",sain.ytaiin.ytapy.odeeey.dal.dair.ytam,sain ytaiin ytapy odeeey dal dair ytam
RF1b-er,f86v3,"f86v3.8,+Pb",sar.aiin.otey.otair,sar aiin otey otair
RF1b-er,f86v3,"f86v3.9,@Pb",tchol.olkey.cfhyaiin.ypchedy.okchedy.or.acheody.shol.shedy.yteey.daiin.dady,tchol olkey cfhyaiin ypchedy okchedy or acheody shol shedy yteey daiin dady
RF1b-er,f86v3,"f86v3.10,+Pb",ychey.olkeeey.qotchedy.qokeey.qotchedar.sheedy.qokaiin.qokedy.ykaiin.qotaiior.am,ychey olkeeey qotchedy qokeey qotchedar sheedy qokaiin qokedy ykaiin qotaiior am
RF1b-er,f86v3,"f86v3.11,+Pb",tcheod.oteey.yteeody.chdy.chedos.shedy.cheos.alr.aiir.sheey.ytchsheey.oteeodam,tcheod oteey yteeody chdy chedos shedy cheos alr aiir sheey ytchsheey oteeodam
RF1b-er,f86v3,"f86v3.12,+Pb",yteedy.ykeey.daim.choaiin.checkhy.sykeeeochy.tcheey.otodaiin.opaiin.otchey.otam,yteedy ykeey daim choaiin checkhy sykeeeochy tcheey otodaiin opaiin otchey otam
RF1b-er,f86v3,"f86v3.13,+Pb",osheey.orsheey.tcheody.qokain.qodaiin.olkar.chedaiin.y.chedy.qokady.cholkain,osheey orsheey tcheody qokain qodaiin olkar chedaiin y chedy qokady cholkain
RF1b-er,f86v3,"f86v3.14,+Pb",ar.aiin.shodain.shor.chalkar.shekshol.okchor,ar aiin shodain shor chalkar shekshol okchor
RF1b-er,f86v3,"f86v3.15,@P0",tshdshey.dalkshdy.shocfhy.saiin.or.airody<->chedaly,tshdshey dalkshdy shocfhy saiin or airodychedaly
RF1b-er,f86v3,"f86v3.16,+P0",dcheody.skeeody.qokshey.cheodain.ykched<->saraldy,dcheody skeeody qokshey cheodain ykchedsaraldy
RF1b-er,f86v3,"f86v3.17,+P0",dsheody.qokchey.dal.or.odaiin.sar,dsheody qokchey dal or odaiin sar
RF1b-er,f86v3,"f86v3.18,+P0",pchedaiin.dchedy.qokchdy.qopchol.shol<->sheody.solkam,pchedaiin dchedy qokchdy qopchol sholsheody solkam
RF1b-er,f86v3,"f86v3.19,+P0",dchey.otain.olkechy.qokam.chol.kchdy.chol.tchdy.dar.aiindy,dchey otain olkechy qokam chol kchdy chol tchdy dar aiindy
RF1b-er,f86v3,"f86v3.20,+P0",lshodair.ykcho.dar.chody.ykeeody.qochey.chckhey.lkar.ary,lshodair ykcho dar chody ykeeody qochey chckhey lkar ary
RF1b-er,f86v3,"f86v3.21,+P0",dshedy.kshey.tchdy.shdy.ralkchedy.ytchol.qoty.okshy.tam,dshedy kshey tchdy shdy ralkchedy ytchol qoty okshy tam
RF1b-er,f86v3,"f86v3.22,+P0","ytchdy.dar.shol,or.alor",ytchdy dar shol or alor
RF1b-er,f86v3,"f86v3.23,@Pb",tshedal.ypchey.shdy.qopcheeody.opchdy.olfchey.ypchey.qotaiin,tshedal ypchey shdy qopcheeody opchdy olfchey ypchey qotaiin
RF1b-er,f86v3,"f86v3.24,+Pb","dshedy.qokeey.qotchy.shedy.qokaiin.chdy.otor.ot,aiin.ykaiin",dshedy qokeey qotchy shedy qokaiin chdy otor ot aiin ykaiin
RF1b-er,f86v3,"f86v3.25,+Pb","qod,aiin.y.ochedy.qotchey.qoky.daiin.chdy.oteedy.qoty.daiin.am",qod aiin y ochedy qotchey qoky daiin chdy oteedy qoty daiin am
RF1b-er,f86v3,"f86v3.26,+Pb",shor.yteey.oteedy.shedaiin.sheey.otaiin.ytaiin.otodar.aiin,shor yteey oteedy shedaiin sheey otaiin ytaiin otodar aiin
RF1b-er,f86v3,"f86v3.27,+Pb",teeos.aiin.yteey.qoteey.otchey.qoteeody.cheeor.cheedaiin,teeos aiin yteey qoteey otchey qoteeody cheeor cheedaiin
RF1b-er,f86v3,"f86v3.28,+Pb",ycheeody.daiir.oteey.qoedy.oteey.olteey,ycheeody daiir oteey qoedy oteey olteey
RF1b-er,f86v3,"f86v3.29,@Pb",toeeedchy.okchey.qokchedy.shedy.ytcheodar,toeeedchy okchey qokchedy shedy ytcheodar
RF1b-er,f86v3,"f86v3.30,+Pb",ytchey.yteey.chdal.or.cheey.daiin.cheokaiim,ytchey yteey chdal or cheey daiin cheokaiim
RF1b-er,f86v3,"f86v3.31,+Pb",tchedy.chy.tchey.otchedy.qokal.oeedy.lkam,tchedy chy tchey otchedy qokal oeedy lkam
RF1b-er,f86v3,"f86v3.32,+Pb",oees.aiiin.yteeedy.chedy.qotaiin.cheody,oees aiiin yteeedy chedy qotaiin cheody
RF1b-er,f86v3,"f86v3.33,+Pb",yteeey.otaiin.kshd.qotar.chear.oram,yteeey otaiin kshd qotar chear oram
RF1b-er,f86v3,"f86v3.34,+Pb",yteeody.chedy.qokal.yteey.qotar.am,yteeody chedy qokal yteey qotar am
RF1b-er,f86v3,"f86v3.35,+Pb","dcheey.teeody.oty.otchedy.daiir,aiim",dcheey teeody oty otchedy daiir aiim
RF1b-er,f86v3,"f86v3.36,+Pb",ykeeedy.qoteey.qodaiin.okeeey,ykeeedy qoteey qodaiin okeeey
RF1b-er,f87r,"f87r.1,@P0","foalshsal.shocphor.ypcho,cpheo,saiin.oteodal.saiin",foalshsal shocphor ypcho cpheo saiin oteodal saiin
RF1b-er,f87r,"f87r.2,+P0",dcheeckhos.chety.cthodal.yteodam.cphecthy.syty,dcheeckhos chety cthodal yteodam cphecthy syty
RF1b-er,f87r,"f87r.3,+P0",tchos.oteedy.yteey.cthhody.keos.sheekchey.saiidy,tchos oteedy yteey cthhody keos sheekchey saiidy
RF1b-er,f87r,"f87r.4,+P0",soraiin.qockhos.cheodor.ckheokey.chcthody.s.odar,soraiin qockhos cheodor ckheokey chcthody s odar
RF1b-er,f87r,"f87r.5,+P0",daiin.ctheey.ckheckhy.cthody.chor.sal.dar.chor,daiin ctheey ckheckhy cthody chor sal dar chor
RF1b-er,f87r,"f87r.6,+P0",tos.she.keodaiin.fcheos.sheo.so.shkeody.soraiin,tos she keodaiin fcheos sheo so shkeody soraiin
RF1b-er,f87r,"f87r.7,+P0","yteeodal.cho,keeody.shy.koo.s,als.chekol",yteeodal cho keeody shy koo s als chekol
RF1b-er,f87r,"f87r.8,+P0",solsheyr.ysaiin.chor.cheory.kchody,solsheyr ysaiin chor cheory kchody
RF1b-er,f87r,"f87r.9,+P0",sor.shocthey.oteody.dchol.saraiin,sor shocthey oteody dchol saraiin
RF1b-er,f87r,"f87r.10,+P0",sho.cthos.cheodal.ctheody.qoty,sho cthos cheodal ctheody qoty
RF1b-er,f87r,"f87r.11,+P0",psheodshy.dal.shee.saldal.shol.aldy,psheodshy dal shee saldal shol aldy
RF1b-er,f87r,"f87r.12,+P0",ysheees.chetchy.teodar.otcheol.tockhy,ysheees chetchy teodar otcheol tockhy
RF1b-er,f87r,"f87r.13,+P0",keor.ckheey.shody.qoeeeety.s.chody.daiin,keor ckheey shody qoeeeety s chody daiin
RF1b-er,f87r,"f87r.14,+P0",daiin.shol.cthey.okeol.cheor.okeeo.daiim,daiin shol cthey okeol cheor okeeo daiim
RF1b-er,f87r,"f87r.15,+P0","shos.cheol.cheos.ckhey.s,aiin.qo,ckheo.ldaiin",shos cheol cheos ckhey s aiin qo ckheo ldaiin
RF1b-er,f87r,"f87r.16,+P0",yteeos.cheol.dcheeol,yteeos cheol dcheeol
RF1b-er,f87v,"f87v.1,@P0",pcheey.daiin.cpheodar.shody.dcheody.todor.oeeepchody<->oldar,pcheey daiin cpheodar shody dcheody todor oeeepchodyoldar
RF1b-er,f87v,"f87v.2,+P0",schey.ctheey.qocthsy.s<->dcheoky.s.cth,schey ctheey qocthsy sdcheoky s cth
RF1b-er,f87v,"f87v.3,+P0",ycheockhy.okey.cthy<->yteeor.ctos,ycheockhy okey cthyyteeor ctos
RF1b-er,f87v,"f87v.4,+P0",dcheecthey.cthosy<->ykeeor.oky,dcheecthey cthosyykeeor oky
RF1b-er,f87v,"f87v.5,+P0","ycheey.keeo.sal,ckhy<->eoiin.scheom",ycheey keeo sal ckhyeoiin scheom
RF1b-er,f87v,"f87v.6,+P0",dcheos.shey.solchiod<->oteos.cthey,dcheos shey solchiodoteos cthey
RF1b-er,f87v,"f87v.7,+P0",qotechoep.cheos.cthey<->qokeod.qokeog,qotechoep cheos ctheyqokeod qokeog
RF1b-er,f87v,"f87v.8,+P0",shoeey.cthey.qo.cthodol<->yteodaiin.sheol,shoeey cthey qo cthodolyteodaiin sheol
RF1b-er,f87v,"f87v.9,+P0",techol.qoscheody.otol,techol qoscheody otol
RF1b-er,f87v,"f87v.10,+P0",opcheey.cthhy.cpheckhy<->cheorchepcheol,opcheey cthhy cpheckhycheorchepcheol
RF1b-er,f87v,"f87v.11,+P0",kchor.ol.cheeol.qokodal<->lseeey.keodam,kchor ol cheeol qokodallseeey keodam
RF1b-er,f87v,"f87v.12,+P0","ytchea,qa.chos.ckheor.cheoy<->s.cheol.sal.dain",ytchea qa chos ckheor cheoys cheol sal dain
RF1b-er,f87v,"f87v.13,+P0","ksheol.qoar.cfhs.ykaiin<->s,aral.aiim.am",ksheol qoar cfhs ykaiins aral aiim am
RF1b-er,f87v,"f87v.14,+P0",san.ainy.keol.dair.old<->ain.atolg,san ainy keol dair oldain atolg
RF1b-er,f87v,"f87v.15,+P0",yksho.qos<->arolor.or<->al.daraiing,yksho qosarolor oral daraiing
RF1b-er,f87v,"f87v.16,+P0",saiin.olcthr,saiin olcthr
RF1b-er,f88r,"f88r.1,@Lc",otorchety,otorchety
RF1b-er,f88r,"f88r.2,@Lf",osal,osal
RF1b-er,f88r,"f88r.3,@Lf",orald,orald
RF1b-er,f88r,"f88r.4,@Lf",oldar,oldar
RF1b-er,f88r,"f88r.5,@Lf",otoky,otoky
RF1b-er,f88r,"f88r.6,@Lf",otaly,otaly
RF1b-er,f88r,"f88r.7,@P0",dorsheoy.ctheol.qockhey.dory.sheor.sholfchor.dal.chcthol,dorsheoy ctheol qockhey dory sheor sholfchor dal chcthol
RF1b-er,f88r,"f88r.8,+P0",sal.sheom.keol.chear.shekor.qokor.daiin.sar.s.aiin.oky.sam,sal sheom keol chear shekor qokor daiin sar s aiin oky sam
RF1b-er,f88r,"f88r.9,+P0",oain.or.om.otam.okeom.cheeor.qokeody.dar.or.om.cheody,oain or om otam okeom cheeor qokeody dar or om cheody
RF1b-er,f88r,"f88r.10,+P0",qokeol.cheol.saiin.cheos.cheol.doleeey.or.cheom.cheomam,qokeol cheol saiin cheos cheol doleeey or cheom cheomam
RF1b-er,f88r,"f88r.11,+P0",yokeody.cheom.qoor.cheeb.ykeor.shy.sam,yokeody cheom qoor cheeb ykeor shy sam
RF1b-er,f88r,"f88r.12,@Lc",otaldy,otaldy
RF1b-er,f88r,"f88r.13,@Lf",oram,oram
RF1b-er,f88r,"f88r.14,@Lf",dary,dary
RF1b-er,f88r,"f88r.15,@Lf",okol,okol
RF1b-er,f88r,"f88r.16,@Lf",sorory,sorory
RF1b-er,f88r,"f88r.18,@P0","koacphhy.cphol.or,chor.pcheoly.otchol.oldy.salsaly",koacphhy cphol or chor pcheoly otchol oldy salsaly
RF1b-er,f88r,"f88r.19,+P0",dchey.chokol.daiin.qoekol.qoekol.qockhol.okol.cheol,dchey chokol daiin qoekol qoekol qockhol okol cheol
RF1b-er,f88r,"f88r.20,+P0",dsheol.qokeey.s.chy.s.aiin.chor.oteor.aiin.chosals,dsheol qokeey s chy s aiin chor oteor aiin chosals
RF1b-er,f88r,"f88r.21,+P0",teol.chor.olsheody.qokeol.shockhy.ol.sheeol.sheoldg,teol chor olsheody qokeol shockhy ol sheeol sheoldg
RF1b-er,f88r,"f88r.22,+P0",ychey.okaiin.chol.cheor.ol.chorcholsal,ychey okaiin chol cheor ol chorcholsal
RF1b-er,f88r,"f88r.23,@Lc",ofyskydal,ofyskydal
RF1b-er,f88r,"f88r.24,@Lf",otoram,otoram
RF1b-er,f88r,"f88r.25,@Lf",ofaldo,ofaldo
RF1b-er,f88r,"f88r.26,@P0",poeear.sheoky.olkeey.cthol.poldy.s<->okoldy,poeear sheoky olkeey cthol poldy sokoldy
RF1b-er,f88r,"f88r.27,+P0",qokol.chol.qokol.qokol.chol.cheey.ar.aiin.oldal,qokol chol qokol qokol chol cheey ar aiin oldal
RF1b-er,f88r,"f88r.28,+P0",ykar.cheol.chol.chey.ckhey.s.or.shear.ar.alsy,ykar cheol chol chey ckhey s or shear ar alsy
RF1b-er,f88r,"f88r.29,+P0",kor.chey.qokol.cheol.chody.qokol.kchos.chol.dal,kor chey qokol cheol chody qokol kchos chol dal
RF1b-er,f88r,"f88r.30,+P0",ykeeey.cheor.cheotey.cheol.qokeor.chetchy.ofal,ykeeey cheor cheotey cheol qokeor chetchy ofal
RF1b-er,f88r,"f88r.31,+P0",dar.chear.chol.dol.qoekeor.cheom,dar chear chol dol qoekeor cheom
RF1b-er,f88v,"f88v.1,@Lc",okalyd,okalyd
RF1b-er,f88v,"f88v.2,@Lf",cheocthy,cheocthy
RF1b-er,f88v,"f88v.3,@Lf",cpheor,cpheor
RF1b-er,f88v,"f88v.4,@Lf",atar.arody,atar arody
RF1b-er,f88v,"f88v.5,@Lf",otokol,otokol
RF1b-er,f88v,"f88v.6,@P0",teodal.lkeo.cheor.soshckhy.sorshy<->aiin.cheokal.saldaiin,teodal lkeo cheor soshckhy sorshyaiin cheokal saldaiin
RF1b-er,f88v,"f88v.7,+P0",dshor.shor.qokeody.qokeolchey.chkeor.qokeey.daiin.qokeom,dshor shor qokeody qokeolchey chkeor qokeey daiin qokeom
RF1b-er,f88v,"f88v.8,+P0",qoaiin.cheoy.olcheody.qoekeol.cho.chckhy.qoeey.key.cheokam,qoaiin cheoy olcheody qoekeol cho chckhy qoeey key cheokam
RF1b-er,f88v,"f88v.9,+P0","choeey.keeod.y.s.aiin.chody.okear,cheol.ar,cheey.rairal",choeey keeod y s aiin chody okear cheol ar cheey rairal
RF1b-er,f88v,"f88v.10,+P0",dar.cheorol.chekol.daraly,dar cheorol chekol daraly
RF1b-er,f88v,"f88v.11,@Lc",otoram,otoram
RF1b-er,f88v,"f88v.12,@Lf",otory,otory
RF1b-er,f88v,"f88v.13,@Lf",cheosdy,cheosdy
RF1b-er,f88v,"f88v.14,@Lf",okaiin,okaiin
RF1b-er,f88v,"f88v.15,@P0","kosholdy.qotody.opykey.ol,daiin.qoteody.yfolaiin.oraiin",kosholdy qotody opykey ol daiin qoteody yfolaiin oraiin
RF1b-er,f88v,"f88v.16,+P0",ysheod.sheo.sheody.qokeody.qoky.chees.cheody.qokeody.dal,ysheod sheo sheody qokeody qoky chees cheody qokeody dal
RF1b-er,f88v,"f88v.17,+P0",qokeey.qokeody.chor.oteody.qockhol.okol.cheedy.qokody,qokeey qokeody chor oteody qockhol okol cheedy qokody
RF1b-er,f88v,"f88v.18,+P0",ykeeor.chockhy.otol.cheeol.cheody.qotody.soteol.chotam,ykeeor chockhy otol cheeol cheody qotody soteol chotam
RF1b-er,f88v,"f88v.19,+P0","odaiin.sheo.ol.qokeey.ol,aiin.cheody.chocthey.oteody.dy",odaiin sheo ol qokeey ol aiin cheody chocthey oteody dy
RF1b-er,f88v,"f88v.20,+P0","sqokeo,daiin.cheody.oteol.cheockhy.chody",sqokeo daiin cheody oteol cheockhy chody
RF1b-er,f88v,"f88v.21,+P0",toairshy.oteeody.cpheody.ykchey.dam.cheor.chalykorain,toairshy oteeody cpheody ykchey dam cheor chalykorain
RF1b-er,f88v,"f88v.22,+P0",dairodain.ykeodain.dain.shedy.qoteo.lchdy.qokeorain,dairodain ykeodain dain shedy qoteo lchdy qokeorain
RF1b-er,f88v,"f88v.23,+P0",tolkeeodaiin.qoky.sheol.daiin.chees.aiin.chokar.daimd,tolkeeodaiin qoky sheol daiin chees aiin chokar daimd
RF1b-er,f88v,"f88v.24,+P0",daiin.sheor.sheedy.daiin.shockhy.qokeody.dockhy.dair,daiin sheor sheedy daiin shockhy qokeody dockhy dair
RF1b-er,f88v,"f88v.25,+P0",ykeey.sheor.tos.checkhy.dain.cheos.cheockhy.saldy,ykeey sheor tos checkhy dain cheos cheockhy saldy
RF1b-er,f88v,"f88v.26,+P0",saiin.choky.cheor.shy,saiin choky cheor shy
RF1b-er,f88v,"f88v.27,@Lc",daramdal,daramdal
RF1b-er,f88v,"f88v.28,@Lf",otydary,otydary
RF1b-er,f88v,"f88v.29,@Lf",otdordy,otdordy
RF1b-er,f88v,"f88v.30,@Lf",darardam,darardam
RF1b-er,f89r1,"f89r1.1,@Lc",okchshy,okchshy
RF1b-er,f89r1,"f89r1.2,@Lf",qkol,qkol
RF1b-er,f89r1,"f89r1.3,@Lf",oldam,oldam
RF1b-er,f89r1,"f89r1.4,@Lf",otoldy,otoldy
RF1b-er,f89r1,"f89r1.5,@Lf",ararchodaiin,ararchodaiin
RF1b-er,f89r1,"f89r1.6,@P0",qoar.shar.qopcholy.qokod.chepy.dar.sheey.okor.sheeos.oldain,qoar shar qopcholy qokod chepy dar sheey okor sheeos oldain
RF1b-er,f89r1,"f89r1.7,+P0",dshody.qocthy.chockhy.dal.chedy.qokeody.daldaiin.chodaiin.dal,dshody qocthy chockhy dal chedy qokeody daldaiin chodaiin dal
RF1b-er,f89r1,"f89r1.8,+P0",qokeol.chol.qodaiin.chol.cheody.qokechy.daiin.ctheody.dam,qokeol chol qodaiin chol cheody qokechy daiin ctheody dam
RF1b-er,f89r1,"f89r1.9,+P0",yshor.s<->oiiin.daiin.qokeey.daiin.ckhol.qokain.cheamy,yshor soiiin daiin qokeey daiin ckhol qokain cheamy
RF1b-er,f89r1,"f89r1.10,+P0",tdain.s<->chol.cheoky.cheody.qokar.dal.chor.ckhhy.daiin,tdain schol cheoky cheody qokar dal chor ckhhy daiin
RF1b-er,f89r1,"f89r1.11,@Lc",ykyd,ykyd
RF1b-er,f89r1,"f89r1.12,@Lf",chol.ches,chol ches
RF1b-er,f89r1,"f89r1.13,@Lf",otorain,otorain
RF1b-er,f89r1,"f89r1.14,@Lf",okaiin.dan,okaiin dan
RF1b-er,f89r1,"f89r1.15,@P0",tcheol.qoeair.sheol.qocphey.saiin.cheocphey.dal.darolg,tcheol qoeair sheol qocphey saiin cheocphey dal darolg
RF1b-er,f89r1,"f89r1.16,+P0","om.sheey.qokey.l.daiin.dal,chom.chckhchy.chol.cheos.aiin.dy",om sheey qokey l daiin dal chom chckhchy chol cheos aiin dy
RF1b-er,f89r1,"f89r1.17,+P0",qeaiin.cheal.seey.qotey.qokeeol.daiin.ykhedy.daiin.dam,qeaiin cheal seey qotey qokeeol daiin ykhedy daiin dam
RF1b-er,f89r1,"f89r1.18,+P0",dals.al.dal.cheojy.dainaldy.al.daldal,dals al dal cheojy dainaldy al daldal
RF1b-er,f89r1,"f89r1.19,+P0",pshol.sheo.qoacthy.cheocphy.s.sheyr.qokair.ydam.daly,pshol sheo qoacthy cheocphy s sheyr qokair ydam daly
RF1b-er,f89r1,"f89r1.20,+P0",daim.cheom.qoackhy.air.cheody.ldain.dal.chom.chtaiil,daim cheom qoackhy air cheody ldain dal chom chtaiil
RF1b-er,f89r1,"f89r1.21,+P0",taiin.dam.shoety.dal.qokchy.ykchdy.otcham.ol.sshr.aiin,taiin dam shoety dal qokchy ykchdy otcham ol sshr aiin
RF1b-er,f89r1,"f89r1.22,+P0",ycheeo.r.sheol.qockhedy.yty.sheody.qotol.chead.chey.dal,ycheeo r sheol qockhedy yty sheody qotol chead chey dal
RF1b-er,f89r1,"f89r1.23,+P0",dain.oteos.cheody.cheojain.daiin.chodaiin,dain oteos cheody cheojain daiin chodaiin
RF1b-er,f89r1,"f89r1.24,@Lc",ykocfhy,ykocfhy
RF1b-er,f89r1,"f89r1.25,@Lf",saldam,saldam
RF1b-er,f89r1,"f89r1.26,@Lf",sydarary,sydarary
RF1b-er,f89r1,"f89r1.27,@Lf",ydcpody,ydcpody
RF1b-er,f89r2,"f89r2.1,@Lc",odory,odory
RF1b-er,f89r2,"f89r2.2,@Lf",doly,doly
RF1b-er,f89r2,"f89r2.3,@Lf",opchosam,opchosam
RF1b-er,f89r2,"f89r2.4,@Lf",saloiinsheol,saloiinsheol
RF1b-er,f89r2,"f89r2.5,@Lf",opcheos,opcheos
RF1b-er,f89r2,"f89r2.6,@P0",qokchindy.cheodal.dair.cholkeedy.qokedy.cheal.cheo.dal.qoaiis.shey.cpheeedol.deey.qockhey.choldy.daim,qokchindy cheodal dair cholkeedy qokedy cheal cheo dal qoaiis shey cpheeedol deey qockhey choldy daim
RF1b-er,f89r2,"f89r2.7,+P0",chos.aiin.cheodal.daiin.chy.chedain.dolchsyckheol.daiin.chody.cheedy.tchodol.chor.choldy.chos.dol.okeeeel,chos aiin cheodal daiin chy chedain dolchsyckheol daiin chody cheedy tchodol chor choldy chos dol okeeeel
RF1b-er,f89r2,"f89r2.8,+P0","tol.daiin.daiin.daiinody.qokeey.cheoldy.qody.cheor.s,???.daiin.oky.cheody.cheoky",tol daiin daiin daiinody qokeey cheoldy qody cheor s daiin oky cheody cheoky
RF1b-er,f89r2,"f89r2.9,@Lc",otoldy,otoldy
RF1b-er,f89r2,"f89r2.10,@Lf",otol.shol.dy,otol shol dy
RF1b-er,f89r2,"f89r2.11,@Lf",opcharoiin,opcharoiin
RF1b-er,f89r2,"f89r2.12,@P0",porachol.yody.qoteol.oldaiin.otol.sheor.shor.oldaiin.otchol.cheol.otolfchy.dar.cho.lkeopol.oeeor.ar,porachol yody qoteol oldaiin otol sheor shor oldaiin otchol cheol otolfchy dar cho lkeopol oeeor ar
RF1b-er,f89r2,"f89r2.13,+P0",daiin.olkey.okeol.okey.okeeol.qoor.ol.chor.cheky.chol.daiin.chol.cheol.koldam.olcheol.dol.cheol,daiin olkey okeol okey okeeol qoor ol chor cheky chol daiin chol cheol koldam olcheol dol cheol
RF1b-er,f89r2,"f89r2.14,+P0",tos.ol.chor.ydaiin.chey.s.oiiin.chckhy.qokeol.okey.okeey.keey.caeky.qokol.okeey.dol.cheeody.oeckhy,tos ol chor ydaiin chey s oiiin chckhy qokeol okey okeey keey caeky qokol okeey dol cheeody oeckhy
RF1b-er,f89r2,"f89r2.15,+P0",ycheokeeockho.saiin.okeo.daiin.ockhy.sockhey.saiin.cheeky,ycheokeeockho saiin okeo daiin ockhy sockhey saiin cheeky
RF1b-er,f89r2,"f89r2.16,@Lc",korainy,korainy
RF1b-er,f89r2,"f89r2.17,@Lf",sodar,sodar
RF1b-er,f89r2,"f89r2.18,@Lf",cheys,cheys
RF1b-er,f89r2,"f89r2.19,@Lf",cheody,cheody
RF1b-er,f89r2,"f89r2.20,@Lf",oforain,oforain
RF1b-er,f89r2,"f89r2.21,@Lf","okshd,chos",okshd chos
RF1b-er,f89r2,"f89r2.22,@P0",kolches.sheol.qokeoefy.sheey.opcheor.opcheol.shody.sholdy.qokol.chey.oldy.sheodal.ytoldy,kolches sheol qokeoefy sheey opcheor opcheol shody sholdy qokol chey oldy sheodal ytoldy
RF1b-er,f89r2,"f89r2.23,+P0","daiin.cheot.okeol.daiin.dal.dair.qokeey.okeol.daiin.y,keody.okeeea.as.cheey.ykeol.cheo.cheky",daiin cheot okeol daiin dal dair qokeey okeol daiin y keody okeeea as cheey ykeol cheo cheky
RF1b-er,f89r2,"f89r2.24,+P0","y,okeeol.cheol.qokeey.qokeol.chey.cheoko,r.okeey.keey.daiin.qokeol.cheey.qokeey.saiin.oteos",y okeeol cheol qokeey qokeol chey cheoko r okeey keey daiin qokeol cheey qokeey saiin oteos
RF1b-er,f89r2,"f89r2.25,+P0","doiin.dal.sheol.s.aiin.qocheey.daiiin.qokeeol.qokeody.chol.cheol.ykeo.qo.qol.cheo.loiiin.daig,om",doiin dal sheol s aiin qocheey daiiin qokeeol qokeody chol cheol ykeo qo qol cheo loiiin daig om
RF1b-er,f89r2,"f89r2.26,+P0","scheor.sy.sor,cheey.dol.cheor.cheey.keey.qokeey.daiin.ycheas,y.oteey.keeokecha.cthey.daiin.dy",scheor sy sor cheey dol cheor cheey keey qokeey daiin ycheas y oteey keeokecha cthey daiin dy
RF1b-er,f89r2,"f89r2.27,+P0","qokol.cheor.okoiin.okeey.qoeey.chea,r.cheey.qokeol.cheal.s.aiin.o,cheol.soiiin.dair.chey.daiin",qokol cheor okoiin okeey qoeey chea r cheey qokeol cheal s aiin o cheol soiiin dair chey daiin
RF1b-er,f89r2,"f89r2.28,+P0","orain.ar.ain.ol.daiin.qoaiin.ol.chkaiin.daiin.okar.dairyl,dairl",orain ar ain ol daiin qoaiin ol chkaiin daiin okar dairyl dairl
RF1b-er,f89r2,"f89r2.29,@Lc",okain,okain
RF1b-er,f89r2,"f89r2.30,+Lc",yorain,yorain
RF1b-er,f89r2,"f89r2.31,@Lf",ofakal,ofakal
RF1b-er,f89r2,"f89r2.32,@Lf",otalsy,otalsy
RF1b-er,f89r2,"f89r2.33,@Lf",ytasem,ytasem
RF1b-er,f89r2,"f89r2.34,@Lf",otolarol,otolarol
RF1b-er,f89v2,"f89v2.1,@Lc",choeesy,choeesy
RF1b-er,f89v2,"f89v2.2,@Lf",okail,okail
RF1b-er,f89v2,"f89v2.3,@Lf",darcheor,darcheor
RF1b-er,f89v2,"f89v2.4,@Lf",chokaro,chokaro
RF1b-er,f89v2,"f89v2.5,@Lf",sheal,sheal
RF1b-er,f89v2,"f89v2.6,@Lf",chokam,chokam
RF1b-er,f89v2,"f89v2.7,@P0",kosar.sheol.saiin.koiin.chtodaiin.pdan.choty.qofoiin.dy.qopdol.doiir.ofaiin.ol.cfheol.dam,kosar sheol saiin koiin chtodaiin pdan choty qofoiin dy qopdol doiir ofaiin ol cfheol dam
RF1b-er,f89v2,"f89v2.8,+P0",dain.ykodaiir.okor.chear.otees.ckhy.s.aiin.ckhey.otaiin.okar.dain.okol.ol.chor.dar,dain ykodaiir okor chear otees ckhy s aiin ckhey otaiin okar dain okol ol chor dar
RF1b-er,f89v2,"f89v2.9,+P0",ychey.okeey.qoeol.daiin.chor.chor.cheos.qoleeeey.dal.chody.cheor.chey.qoaiin.chody,ychey okeey qoeol daiin chor chor cheos qoleeeey dal chody cheor chey qoaiin chody
RF1b-er,f89v2,"f89v2.10,+P0",dair.or.cheol.chom.qol.cheo.lch?.l.or.cheo.daiin.chkam,dair or cheol chom qol cheo l or cheo daiin chkam
RF1b-er,f89v2,"f89v2.11,@Lc",otary,otary
RF1b-er,f89v2,"f89v2.12,@Lf",otair.chody,otair chody
RF1b-er,f89v2,"f89v2.13,@Lf","dykar,an",dykar an
RF1b-er,f89v2,"f89v2.14,@Lf",opcheedey,opcheedey
RF1b-er,f89v2,"f89v2.15,@P0","sor.oairar.sheety.chody,s.kory.oeear.eair.sheotain.ytodaiin",sor oairar sheety chody s kory oeear eair sheotain ytodaiin
RF1b-er,f89v2,"f89v2.16,+P0",octhos.okaiir.okeos.dar.s.siin.ykeody.dar.okal.dal.dosal.dar.am,octhos okaiir okeos dar s siin ykeody dar okal dal dosal dar am
RF1b-er,f89v2,"f89v2.17,+P0",ysheo.qokeeol.chey.sair.dam.chey.for.opodaiin.dam.sasy.qodam.yteos.aiin,ysheo qokeeol chey sair dam chey for opodaiin dam sasy qodam yteos aiin
RF1b-er,f89v2,"f89v2.18,+P0",yokor.chor.cthy.daiin.chos.eeey.dar.aiin.choeees.okar.chcthy.darails,yokor chor cthy daiin chos eeey dar aiin choeees okar chcthy darails
RF1b-er,f89v2,"f89v2.19,+P0","toar.qokeeody.doef.shey.dair.yl,sheos.psheoepoain.daiin.qekor.ykeor.otol.sheey.daldaiin",toar qokeeody doef shey dair yl sheos psheoepoain daiin qekor ykeor otol sheey daldaiin
RF1b-er,f89v2,"f89v2.20,+P0",dol.dair.chey.okaiin.shy.daiin.odor.sheos.aiin.daikeody.qokorar.sheody.qoko.ltcheody.otal,dol dair chey okaiin shy daiin odor sheos aiin daikeody qokorar sheody qoko ltcheody otal
RF1b-er,f89v2,"f89v2.21,+P0",dar.qockhy.qokal.okeoy.chockh?.daiin.odaiin.ykeody.okols.sheey.keeody.daiin.qokos.okeom,dar qockhy qokal okeoy daiin odaiin ykeody okols sheey keeody daiin qokos okeom
RF1b-er,f89v2,"f89v2.22,+P0","ockhody.daiin.ykam.s.chty.chy.cthey.dair.air.cho,ol.loy.dair.cheo,daiin",ockhody daiin ykam s chty chy cthey dair air cho ol loy dair cheo daiin
RF1b-er,f89v2,"f89v2.23,@Lc",opaloiiry,opaloiiry
RF1b-er,f89v2,"f89v2.24,@Lf",otaram,otaram
RF1b-er,f89v2,"f89v2.25,@Lf",chtchy,chtchy
RF1b-er,f89v2,"f89v2.28,@Lf",diireky,diireky
RF1b-er,f89v1,"f89v1.1,@Lc",okaraldy,okaraldy
RF1b-er,f89v1,"f89v1.2,@Lf",otockhy,otockhy
RF1b-er,f89v1,"f89v1.3,@Lf",otchar,otchar
RF1b-er,f89v1,"f89v1.4,@Lf",darshody,darshody
RF1b-er,f89v1,"f89v1.5,@P0",koldal.sfal.cfhey.ofcheol.opolsy.daiin.qopol.oldaiin.octhody,koldal sfal cfhey ofcheol opolsy daiin qopol oldaiin octhody
RF1b-er,f89v1,"f89v1.6,+P0",dor.sheey.qokol.cheol.cthody.qockhy.dain.yteey.otar.cthol,dor sheey qokol cheol cthody qockhy dain yteey otar cthol
RF1b-er,f89v1,"f89v1.7,+P0",qokeo.daiin.cheey.ctho.dy.qoor.shear.s.ol.chor.chearory,qokeo daiin cheey ctho dy qoor shear s ol chor chearory
RF1b-er,f89v1,"f89v1.8,+P0",shockhey.orarol.cheoky.qoy.chodair.choky.daiin.otarokar,shockhey orarol cheoky qoy chodair choky daiin otarokar
RF1b-er,f89v1,"f89v1.9,+P0",tochho.cthor.okol.chekaiin.os.aiin.ol.cheokchey.qokoiiin.da,tochho cthor okol chekaiin os aiin ol cheokchey qokoiiin da
RF1b-er,f89v1,"f89v1.10,+P0",tor.sheor.cheeor.cthey.qokol.daiin.chekal.dals.chear.qotam,tor sheor cheeor cthey qokol daiin chekal dals chear qotam
RF1b-er,f89v1,"f89v1.11,+P0",osheokaiin.s.ain.ol.shodain.qokar.ain.chekal.daiin.dar,osheokaiin s ain ol shodain qokar ain chekal daiin dar
RF1b-er,f89v1,"f89v1.12,+P0",qokar.odaiin,qokar odaiin
RF1b-er,f89v1,"f89v1.13,+P0","tosheo.fcheody.shekey.or.shos.oiir.cphey.qokeody.cheody.dal,dy",tosheo fcheody shekey or shos oiir cphey qokeody cheody dal dy
RF1b-er,f89v1,"f89v1.14,+P0","ykeey.ykeey.odal.shoky.okol.chody.okoaiin.dal.chdy.dal,daldy",ykeey ykeey odal shoky okol chody okoaiin dal chdy dal daldy
RF1b-er,f89v1,"f89v1.15,+P0",dcheocy.daiin.cthol.daiin.daldy.okeor.ytey.keor.cheyty.ochy,dcheocy daiin cthol daiin daldy okeor ytey keor cheyty ochy
RF1b-er,f89v1,"f89v1.16,+P0",qokaiin.ykchol.qockhy.okaldy.otal.dal.chodar.okaiin.dalg,qokaiin ykchol qockhy okaldy otal dal chodar okaiin dalg
RF1b-er,f89v1,"f89v1.17,+P0","sal.shol.ykol.dar,am.sholckhy.dolchey.dalshdy.okeol.dalchy",sal shol ykol dar am sholckhy dolchey dalshdy okeol dalchy
RF1b-er,f89v1,"f89v1.18,+P0",qokol.sheol.qokol.dal.chol.dam.qoeey.saiin.als.chokaiin,qokol sheol qokol dal chol dam qoeey saiin als chokaiin
RF1b-er,f89v1,"f89v1.19,+P0",sar.a.daiin.ckhy.qotchy.okol.ycheo.cthody.okol.olkaycthy,sar a daiin ckhy qotchy okol ycheo cthody okol olkaycthy
RF1b-er,f89v1,"f89v1.20,+P0",sol.chey.okchol.sair.daiin.okalcholdy,sol chey okchol sair daiin okalcholdy
RF1b-er,f89v1,"f89v1.21,@Lc",koeeorain,koeeorain
RF1b-er,f89v1,"f89v1.22,@Lf","otor,shos",otor shos
RF1b-er,f89v1,"f89v1.23,@Lf",opol.olaiin,opol olaiin
RF1b-er,f89v1,"f89v1.24,@Lf",opaldaiin,opaldaiin
RF1b-er,f90r1,"f90r1.1,@P0",poleeol.qokeol.qokchod.choly.cthom,poleeol qokeol qokchod choly cthom
RF1b-er,f90r1,"f90r1.2,+P0",yshol.tor.sheor.qotchor.qoky.darala,yshol tor sheor qotchor qoky darala
RF1b-er,f90r1,"f90r1.3,+P0",dair.shkeeo.s.sary.okar.ykorshy.lkaldy,dair shkeeo s sary okar ykorshy lkaldy
RF1b-er,f90r1,"f90r1.4,+P0","tol,chor.chodaiin.chocfhor.qo,kchor.chockhy<->okchod.qofchol",tol chor chodaiin chocfhor qo kchor chockhyokchod qofchol
RF1b-er,f90r1,"f90r1.5,+P0",ytor.ckhy.lpychol.sho.ol.okachey.r.sheom.kchol.dchy.dasady,ytor ckhy lpychol sho ol okachey r sheom kchol dchy dasady
RF1b-er,f90r1,"f90r1.6,+P0",tol.otchol.shorydar.qokeos.okeoschso.chol.ytod.qokeor.dolshy,tol otchol shorydar qokeos okeoschso chol ytod qokeor dolshy
RF1b-er,f90r1,"f90r1.7,+P0",dar.chos.qocthy.qokcho.shko.qokol.oteey.chofy.ykeody.qokod,dar chos qocthy qokcho shko qokol oteey chofy ykeody qokod
RF1b-er,f90r1,"f90r1.8,+P0",kor.sheol.qodar.oko.ykeey.qokeey.qodar.qokeed.s.choky,kor sheol qodar oko ykeey qokeey qodar qokeed s choky
RF1b-er,f90r1,"f90r1.9,+Pr",ykodar.qoekchy.shokol.okam,ykodar qoekchy shokol okam
RF1b-er,f90r2,"f90r2.1,@P0",toealchs.shokol.sheo.qoekeey<->soeeol.qoteody,toealchs shokol sheo qoekeeysoeeol qoteody
RF1b-er,f90r2,"f90r2.2,+P0",saiin.ckheo.saiin.qockhey.s.ykeeody<->s.cheey.chos.ckhs,saiin ckheo saiin qockhey s ykeeodys cheey chos ckhs
RF1b-er,f90r2,"f90r2.3,+P0",dsheeos.qokeod.qokeo.chol.ol.okal<->saiin.ctheo.s.ar,dsheeos qokeod qokeo chol ol okalsaiin ctheo s ar
RF1b-er,f90r2,"f90r2.4,+P0",al.s.ain.cheo.ro.sokeey.qokeeas<->al.aral.oys,al s ain cheo ro sokeey qokeeasal aral oys
RF1b-er,f90r2,"f90r2.5,+P0","y,chor.ckhor.qoeeor.okaiin.dom<->ol,cheo.ro,daiin",y chor ckhor qoeeor okaiin domol cheo ro daiin
RF1b-er,f90r2,"f90r2.6,+P0","daiin.qokor.ok,oiin.daiin",daiin qokor ok oiin daiin
RF1b-er,f90v2,"f90v2.1,@P0",cphdacfhy.qocphey.opolsaiin.ofchedol.ss<->shese.shodaiin.sheas,cphdacfhy qocphey opolsaiin ofchedol ssshese shodaiin sheas
RF1b-er,f90v2,"f90v2.2,+P0",podchey.ctheod.ckheeos.cheea.ykeey.s.ois<->qokeear.s.oin.sam,podchey ctheod ckheeos cheea ykeey s oisqokeear s oin sam
RF1b-er,f90v2,"f90v2.3,+P0","s,aiin.sheom.sheey.keeos.ol.cheeor.chy<->shy.tchody.okeeom",s aiin sheom sheey keeos ol cheeor chyshy tchody okeeom
RF1b-er,f90v2,"f90v2.4,+P0",tchos.oteey.saiin.akeeey,tchos oteey saiin akeeey
RF1b-er,f90v2,"f90v2.5,+P0",tcheody.cpheal.qoar.cheol.chos.olols<->dshcheal.sheol.qodar,tcheody cpheal qoar cheol chos ololsdshcheal sheol qodar
RF1b-er,f90v2,"f90v2.6,+P0",sal.sheol.shey.qokeey.qokeol.cheody.s<->ykeeoldar.chody.y,sal sheol shey qokeey qokeol cheody sykeeoldar chody y
RF1b-er,f90v2,"f90v2.7,+P0",shey.s.sheeal.sheol.sheody.tol.sheocty<->oteey.chodar.chog,shey s sheeal sheol sheody tol sheoctyoteey chodar chog
RF1b-er,f90v2,"f90v2.8,+P0",teeas.qkeody.qokchy.oteeol.daiin,teeas qkeody qokchy oteeol daiin
RF1b-er,f90v1,"f90v1.1,@P0","pcheos.chodar.oleees.chepy.shol<->shckheo<->otol,shey<->cheo.r.cheokeey",pcheos chodar oleees chepy sholshckheootol sheycheo r cheokeey
RF1b-er,f90v1,"f90v1.2,+P0",tshor.olsheod.qodaiin.qokeor.sy<->oraiin<->ykeeol<->octheody.cthchy,tshor olsheod qodaiin qokeor syoraiinykeeoloctheody cthchy
RF1b-er,f90v1,"f90v1.3,+P0",daiin.shody.cfheos.qockhy.chol.ol<->sals<->sol<->yteey.or.cheeytey,daiin shody cfheos qockhy chol olsalssolyteey or cheeytey
RF1b-er,f90v1,"f90v1.4,+P0",kos.sheor.chockhor.qekeody.cheody<->sy<->s<->olcheey.cthhy.qoky,kos sheor chockhor qekeody cheodysysolcheey cthhy qoky
RF1b-er,f90v1,"f90v1.5,+P0",dcheey.keey.keeey.cthey.yty<->okeeody<->sy<->olcheey.she.qokeys,dcheey keey keeey cthey ytyokeeodysyolcheey she qokeys
RF1b-er,f90v1,"f90v1.6,+P0","shctheo.r,or.sheolol.kaiin",shctheo r or sheolol kaiin
RF1b-er,f90v1,"f90v1.7,+P0",tsheodal.sheody.qocheoty<->shokol.qokeshs<->yteody.podacfhey,tsheodal sheody qocheotyshokol qokeshsyteody podacfhey
RF1b-er,f90v1,"f90v1.8,+P0",daiin.okeeey.cheo.qotecheor.cthodaim.s<->cheol.chor.okeam,daiin okeeey cheo qotecheor cthodaim scheol chor okeam
RF1b-er,f90v1,"f90v1.9,+P0","sheor.ol.qokeeoky.okeeol.okeeodaiin.ytol<->s,or.ariin.aiin",sheor ol qokeeoky okeeol okeeodaiin ytols or ariin aiin
RF1b-er,f90v1,"f90v1.10,+P0",ykeeor.cheos.ykhey.cheos.oteol.okechod<->oeey.keeos.aiiin,ykeeor cheos ykhey cheos oteol okechodoeey keeos aiiin
RF1b-er,f90v1,"f90v1.11,+P0","deeo,cthey.keeeol.sheol.stsheol.daiin",deeo cthey keeeol sheol stsheol daiin
RF1b-er,f93r,"f93r.1,@P0",kodshol.otolsheeos.octhodaly.opalefom.oepchksheey.qotodain.s.oar,kodshol otolsheeos octhodaly opalefom oepchksheey qotodain s oar
RF1b-er,f93r,"f93r.2,+P0",ycham.s.chol.chotom.cthodar.sheo.s.oteodal.s<->ofchoshy.cthoshol,ycham s chol chotom cthodar sheo s oteodal sofchoshy cthoshol
RF1b-er,f93r,"f93r.3,+P0",dsho.dal.dalody.ytchchy.dam.chody.dal.ol<->schodchy.qotchd,dsho dal dalody ytchchy dam chody dal olschodchy qotchd
RF1b-er,f93r,"f93r.4,+P0","sol.shotol.qokcho,dal.shody.chotol.s<->otol.ykchdg",sol shotol qokcho dal shody chotol sotol ykchdg
RF1b-er,f93r,"f93r.5,+P0",ol.chody.cfhol.dol.qokol.otodar<->chodain,ol chody cfhol dol qokol otodarchodain
RF1b-er,f93r,"f93r.6,+P0",tor.otor.s.cho.s.chol.sheoees,tor otor s cho s chol sheoees
RF1b-er,f93r,"f93r.7,+P0",shor.shol.ody.cheodaiin.s,shor shol ody cheodaiin s
RF1b-er,f93r,"f93r.8,+P0",lor.sheeody.chodaiin.s.odar,lor sheeody chodaiin s odar
RF1b-er,f93r,"f93r.9,+P0",shodam.okcheody.cthockhol,shodam okcheody cthockhol
RF1b-er,f93r,"f93r.10,+P0",ychos.chey.keol.cheol.ckhody,ychos chey keol cheol ckhody
RF1b-er,f93r,"f93r.11,+P0",okeol.oteol.s.odal.sheo.al.sal,okeol oteol s odal sheo al sal
RF1b-er,f93r,"f93r.12,+P0",qokor.shey.okcheor.sheodom,qokor shey okcheor sheodom
RF1b-er,f93r,"f93r.13,+P0",shodaiin.qotchy.kchol.s,shodaiin qotchy kchol s
RF1b-er,f93r,"f93r.14,+P0",ychey.ckhos.okcheod.chs,ychey ckhos okcheod chs
RF1b-er,f93r,"f93r.15,+P0",ochol.shodal.dol.cheodam,ochol shodal dol cheodam
RF1b-er,f93r,"f93r.16,+P0",choshy.qokor.chckhs,choshy qokor chckhs
RF1b-er,f93r,"f93r.17,+P0","tcheo.l.cho,lche,cthody",tcheo l cho lche cthody
RF1b-er,f93r,"f93r.18,+P0",olkees.shodaiin.shody,olkees shodaiin shody
RF1b-er,f93r,"f93r.19,+P0",tchor.shol.s.sheoky,tchor shol s sheoky
RF1b-er,f93r,"f93r.20,+P0",ychockhy.cthol.osos,ychockhy cthol osos
RF1b-er,f93r,"f93r.21,+P0",dol.shol.daiin.shcthy,dol shol daiin shcthy
RF1b-er,f93r,"f93r.22,+P0",kchor.cthy.chatal.daiin,kchor cthy chatal daiin
RF1b-er,f93r,"f93r.23,+P0",oain.okor.shody.teols,oain okor shody teols
RF1b-er,f93r,"f93r.24,+P0",ychocthy.chotey.teeys,ychocthy chotey teeys
RF1b-er,f93r,"f93r.25,+P0",ysaiin.chotar.shody,ysaiin chotar shody
RF1b-er,f93r,"f93r.26,+P0",ocheodaiin.tchos.sos,ocheodaiin tchos sos
RF1b-er,f93r,"f93r.27,+P0",qokor.cheo.los.ckheody,qokor cheo los ckheody
RF1b-er,f93r,"f93r.28,+P0",ychor.odol.chodaiin.s,ychor odol chodaiin s
RF1b-er,f93r,"f93r.29,+P0","dain.ckcho.ctho.cthos,g",dain ckcho ctho cthos g
RF1b-er,f93r,"f93r.30,+P0",shodaiin.qokcho.cthol,shodaiin qokcho cthol
RF1b-er,f93r,"f93r.31,+P0",ol.chol.cthol.olchod,ol chol cthol olchod
RF1b-er,f93r,"f93r.32,+P0",dol.chokal.schos,dol chokal schos
RF1b-er,f93v,"f93v.1,@P0",possheody.qoteeo.qoshocphy.opchody.opor<->opchy<->otchdal.or.shodaiin,possheody qoteeo qoshocphy opchody oporopchyotchdal or shodaiin
RF1b-er,f93v,"f93v.2,+P0",yteeody.qotody.qotchol.qocthody.ytey<->oky<->daiin<->dar.cthog,yteeody qotody qotchol qocthody yteyokydaiindar cthog
RF1b-er,f93v,"f93v.3,+P0",dchos.chody.qockhol.oky.cheodaiin.oty<->daiin<->otal<->dair.okol,dchos chody qockhol oky cheodaiin otydaiinotaldair okol
RF1b-er,f93v,"f93v.4,+P0",sol.shol.shdchy.qokchol.qokchody.chol<->chol<->cty<->ykchy.dar,sol shol shdchy qokchol qokchody cholcholctyykchy dar
RF1b-er,f93v,"f93v.5,+P0","tshoky.cthody.qotchol.ckhol.dchog.s<->olo.oteoc.chodaiin,dy",tshoky cthody qotchol ckhol dchog solo oteoc chodaiin dy
RF1b-er,f93v,"f93v.6,+P0",ytchol.ckhol.qochocthy.ctha.chkeey.cthody.s<->dar.sheyokam,ytchol ckhol qochocthy ctha chkeey cthody sdar sheyokam
RF1b-er,f93v,"f93v.7,+P0",oees.ckheody.qkcheey.koldy.tchodaiin.ctheos<->shodain.qokeeam,oees ckheody qkcheey koldy tchodaiin ctheosshodain qokeeam
RF1b-er,f93v,"f93v.8,+P0",dcho.chody.teol.sheol.cheeoldair.okchey.cthey<->dsheog.okeey.damo,dcho chody teol sheol cheeoldair okchey ctheydsheog okeey damo
RF1b-er,f93v,"f93v.9,+P0",odeeeodl.cheodar.oksho.chody.okchey.cthol.oly<->ytchol<->sar<->dar,odeeeodl cheodar oksho chody okchey cthol olyytcholsardar
RF1b-er,f93v,"f93v.10,+P0",ychol.chs.ckhy.s.cheeol,ychol chs ckhy s cheeol
RF1b-er,f94r,"f94r.1,@P0",tchedy.opaiir.chedaiin.dsheedy.qopchedal.keodaiin.otalaiin.oar,tchedy opaiir chedaiin dsheedy qopchedal keodaiin otalaiin oar
RF1b-er,f94r,"f94r.2,+P0",dor.cheody.okaiin.odar.okal.okair.oky.daiir.qotar.okar.olaiin,dor cheody okaiin odar okal okair oky daiir qotar okar olaiin
RF1b-er,f94r,"f94r.3,+P0",todal.cholky.qokal.shdy.qoky.otody.qokolchey.qokair.opary,todal cholky qokal shdy qoky otody qokolchey qokair opary
RF1b-er,f94r,"f94r.4,+P0","shor.olkeedy.ol.kchdy.cheedy.kalchdy.ched,aiin.or.chol.kar.am",shor olkeedy ol kchdy cheedy kalchdy ched aiin or chol kar am
RF1b-er,f94r,"f94r.5,+P0",daiin.chekar.olkaiin.olkeody.ykaiin.otain.dar.okeedy.ykaro,daiin chekar olkaiin olkeody ykaiin otain dar okeedy ykaro
RF1b-er,f94r,"f94r.6,+P0",saiin.chaky.qotchdy.otaly.chedy.dal.dy.chckhaiin.chk.qof,saiin chaky qotchdy otaly chedy dal dy chckhaiin chk qof
RF1b-er,f94r,"f94r.7,+P0","pchedar.or,aiin.cheor.kas.or.als<->a.xockhhy.olkain.am",pchedar or aiin cheor kas or alsa xockhhy olkain am
RF1b-er,f94r,"f94r.8,+P0","yty.qokaiin.ykal.chdy.qoky<->osain.chy,kaidy.dam",yty qokaiin ykal chdy qokyosain chy kaidy dam
RF1b-er,f94r,"f94r.9,+Pc",otar.chdy.dytchdy,otar chdy dytchdy
RF1b-er,f94v,"f94v.1,@P0",tshedy.chedar.char.qokchedy.okal.dar<->opchackhy.oteedan,tshedy chedar char qokchedy okal daropchackhy oteedan
RF1b-er,f94v,"f94v.2,+P0","ol.teedy.oteey.qekeey.oteey.teedal<->ykeedy.qotar,ain",ol teedy oteey qekeey oteey teedalykeedy qotar ain
RF1b-er,f94v,"f94v.3,+P0","yshedy.chd,aiin.otedy.sdaltam,dy<->chdy.qokchy.tam",yshedy chd aiin otedy sdaltam dychdy qokchy tam
RF1b-er,f94v,"f94v.4,+P0",dchdy.otar.otchy.kedy.qokchdy.ol<->okchy,dchdy otar otchy kedy qokchdy olokchy
RF1b-er,f94v,"f94v.5,+P0",tedain.chedy.qokshd.okchdy.qokeal<->chorchor.tchor.am,tedain chedy qokshd okchdy qokealchorchor tchor am
RF1b-er,f94v,"f94v.6,+P0",ycheeo.lkeol.otar.opchdy.qotar.aral<->otor.otchy.tady.oty,ycheeo lkeol otar opchdy qotar aralotor otchy tady oty
RF1b-er,f94v,"f94v.7,+P0",taky.shey.qokaiin,taky shey qokaiin
RF1b-er,f94v,"f94v.8,+P0",pchedaiin.sheocthy.daiin.cphedy.fchd<->otchy.qotchy.par.ar,pchedaiin sheocthy daiin cphedy fchdotchy qotchy par ar
RF1b-er,f94v,"f94v.9,+P0",ytar.okedy.okeedy.qokshey.otaiin.y<->ypchdair.ol.s.aiin.oly,ytar okedy okeedy qokshey otaiin yypchdair ol s aiin oly
RF1b-er,f94v,"f94v.10,+P0",ol.air.cheey.okchaiin.sha.tararain<->otody.qodar.oteey.dar,ol air cheey okchaiin sha tararainotody qodar oteey dar
RF1b-er,f94v,"f94v.11,+P0",todaiin.shcthhy.qokar.chetaiin.chdy<->ykol.qoky.or.eedy.oky,todaiin shcthhy qokar chetaiin chdyykol qoky or eedy oky
RF1b-er,f94v,"f94v.12,+P0",daiin.chcthy.chdy.chckhy.okaiin,daiin chcthy chdy chckhy okaiin
RF1b-er,f95r1,"f95r1.1,@P0",kshdor.chepchdy.ofaiin.ol.oldaiin.opshol.qokaiin.oty.odain,kshdor chepchdy ofaiin ol oldaiin opshol qokaiin oty odain
RF1b-er,f95r1,"f95r1.2,+P0",ol.chdy.chdy.qokaiin.shdy.qokaiin.chdy.kol.chdy.qoty.oky.dan,ol chdy chdy qokaiin shdy qokaiin chdy kol chdy qoty oky dan
RF1b-er,f95r1,"f95r1.3,+P0",teodaiin.oekeey.qokees.ody.chekaiin.chekaiin.chky.chaiin,teodaiin oekeey qokees ody chekaiin chekaiin chky chaiin
RF1b-er,f95r1,"f95r1.4,+P0",ycheey.ky.olkain.chey.kain.cholky.chedy.qokaiin.chy.kaiin.ly,ycheey ky olkain chey kain cholky chedy qokaiin chy kaiin ly
RF1b-er,f95r1,"f95r1.5,+P0",ytar.chedy.todaiin.qoky.shdaly,ytar chedy todaiin qoky shdaly
RF1b-er,f95r1,"f95r1.6,+P0",tchdor.or.chekchdy.qokas.chcthy.qotchdy.lshedy.qoky.qofain.dy,tchdor or chekchdy qokas chcthy qotchdy lshedy qoky qofain dy
RF1b-er,f95r1,"f95r1.7,+P0",ykchedy.sheky.chekar.chdain.chdaiin.okar.chetchdy.chdy.chkam,ykchedy sheky chekar chdain chdaiin okar chetchdy chdy chkam
RF1b-er,f95r1,"f95r1.8,+P0","olkor.chdaiin.chal,kaiin.qokeedy.qoky.chedy.lchedy.chedy.alod",olkor chdaiin chal kaiin qokeedy qoky chedy lchedy chedy alod
RF1b-er,f95r1,"f95r1.9,+P0",tchdy.tchor.chol.tar.chdy.okol.ykoldy.olkeedy.qotaiin.or,tchdy tchor chol tar chdy okol ykoldy olkeedy qotaiin or
RF1b-er,f95r1,"f95r1.10,+P0",daiin.chckhy.okaiin.chckhy.daiin.ykedy.epeiiin.okaraiin.ls,daiin chckhy okaiin chckhy daiin ykedy epeiiin okaraiin ls
RF1b-er,f95r1,"f95r1.11,+P0",ykaiin.or.chdy.chekain.ol.dar.ykar.olkeey.ldar.chekal,ykaiin or chdy chekain ol dar ykar olkeey ldar chekal
RF1b-er,f95r2,"f95r2.1,@P0","kshedy.or.chdy.dalfchy.qo,daiin.chckhyfchy.daraiin.dalal",kshedy or chdy dalfchy qo daiin chckhyfchy daraiin dalal
RF1b-er,f95r2,"f95r2.2,+P0",daiin.shody.chkain.chol.chckhy.otain.oty.oteedy.kar.okam,daiin shody chkain chol chckhy otain oty oteedy kar okam
RF1b-er,f95r2,"f95r2.3,+P0",todaiin.chor.chckhy.qokol.chkar.ol.otaiin.ofar.okain.aram,todaiin chor chckhy qokol chkar ol otaiin ofar okain aram
RF1b-er,f95r2,"f95r2.4,+P0",daiin.shody.tor.or.okain.chckhey,daiin shody tor or okain chckhey
RF1b-er,f95r2,"f95r2.5,+P0",tshod.qokal.ody.chcfhol.okal.chedy.dalshdy.qopchdy.kary,tshod qokal ody chcfhol okal chedy dalshdy qopchdy kary
RF1b-er,f95r2,"f95r2.6,+P0",y.olkor.ol.shol.qotar.chdy.chdy.qokar.okar.qokar.odaly,y olkor ol shol qotar chdy chdy qokar okar qokar odaly
RF1b-er,f95r2,"f95r2.7,+P0","dshedy.otol.qokal.dol.or.eeedy.okeedy.okedy,ted.otam",dshedy otol qokal dol or eeedy okeedy okedy ted otam
RF1b-er,f95r2,"f95r2.8,+P0",tedykaiin.y.cheol.okal.chedy.shdy.qokchdy.otar.chcthag,tedykaiin y cheol okal chedy shdy qokchdy otar chcthag
RF1b-er,f95r2,"f95r2.9,+P0",poiin.okar.qokal.shsdy.okar.chdaiin.olky,poiin okar qokal shsdy okar chdaiin olky
RF1b-er,f95v2,"f95v2.1,@P0",tchodypodar.shody.qofaiin.ofchdy.otedy.qotedaiin.shor.olsain,tchodypodar shody qofaiin ofchdy otedy qotedaiin shor olsain
RF1b-er,f95v2,"f95v2.2,+P0",sol.shedy.qotchey.alor.chdyty.olor.okody.chody.qotaiin.y.kaipy,sol shedy qotchey alor chdyty olor okody chody qotaiin y kaipy
RF1b-er,f95v2,"f95v2.3,+P0",archytaiin.shekiiin.okar.or.aiin.chckhy.okal.otain.okalody,archytaiin shekiiin okar or aiin chckhy okal otain okalody
RF1b-er,f95v2,"f95v2.4,+P0","daiin.olkain.qokan.shar.shekydy.dain.alkain<->okal,aiin.s",daiin olkain qokan shar shekydy dain alkainokal aiin s
RF1b-er,f95v2,"f95v2.5,+P0",tar.fcheey.shos.aiin.okar.olkaiin.otalain<->okaiin.ar,tar fcheey shos aiin okar olkaiin otalainokaiin ar
RF1b-er,f95v2,"f95v2.6,+P0",dain.ykaly.chals<->shedain.olaiin.y<->okain.ldy,dain ykaly chalsshedain olaiin yokain ldy
RF1b-er,f95v2,"f95v2.7,+P0",qokeey.dar.chdykain<->ytasal.otain,qokeey dar chdykainytasal otain
RF1b-er,f95v1,"f95v1.1,@P0",cpholteedycfhoepaiin.oekshy.qofchdaiin.shoyfar.okshy.okain.ar.alfshed,cpholteedycfhoepaiin oekshy qofchdaiin shoyfar okshy okain ar alfshed
RF1b-er,f95v1,"f95v1.2,+P0",okshy.tshor.qoksh.qokain.otar.oty.qokedy.otal.ytchdy.qokar.am,okshy tshor qoksh qokain otar oty qokedy otal ytchdy qokar am
RF1b-er,f95v1,"f95v1.3,+P0",tchody.qokaiin.y.char.okain.sheody.chedy.chcthykedy.ety.dain.al,tchody qokaiin y char okain sheody chedy chcthykedy ety dain al
RF1b-er,f95v1,"f95v1.4,+P0",tchedy.qokal.oty.shekshey.otaldy.okshey.ytshedy.okarar.yty.chdy,tchedy qokal oty shekshey otaldy okshey ytshedy okarar yty chdy
RF1b-er,f95v1,"f95v1.5,+P0",otal.shedy.odaiin.chey,otal shedy odaiin chey
RF1b-er,f95v1,"f95v1.6,+P0",tshdal.qokshy.dchdy.shedy.jkshey.chefar.otchdy.ol.shedar.chdam,tshdal qokshy dchdy shedy jkshey chefar otchdy ol shedar chdam
RF1b-er,f95v1,"f95v1.7,+P0",dsheykain.qokar.oltar.chy.tar.otar.chdy.kchdy.dolkeiin.otardy,dsheykain qokar oltar chy tar otar chdy kchdy dolkeiin otardy
RF1b-er,f95v1,"f95v1.8,+P0",dchody.sheos.qodaiin.fchodaiin.chtal.dar.okedy.okchedy,dchody sheos qodaiin fchodaiin chtal dar okedy okchedy
RF1b-er,f95v1,"f95v1.9,+P0","tshey.taiin.ol.k.shol.kshed.qokeeod.r,aiin.qokeey.qoko.skchdy",tshey taiin ol k shol kshed qokeeod r aiin qokeey qoko skchdy
RF1b-er,f95v1,"f95v1.10,+P0",sain.sheyk.chody.k.chedain.chedeiiin.otain.daiin,sain sheyk chody k chedain chedeiiin otain daiin
RF1b-er,f95v1,"f95v1.11,+P0",pshedar.shedy.kshedy.qotches.or.aiin.shekaiin.oteiin.kshes.qokain,pshedar shedy kshedy qotches or aiin shekaiin oteiin kshes qokain
RF1b-er,f95v1,"f95v1.12,+P0",shotshey.s.aiin.ody.olkchdy.qotaiin.shcthy.dolkchy.tchdaiin.dal,shotshey s aiin ody olkchdy qotaiin shcthy dolkchy tchdaiin dal
RF1b-er,f95v1,"f95v1.13,+P0",lshee.qodain.okaiin.otody.chcthy,lshee qodain okaiin otody chcthy
RF1b-er,f96r,"f96r.1,@P0",tor.cheeor.ckheos.olsheeosol.cpheol.cpheor.chodar,tor cheeor ckheos olsheeosol cpheol cpheor chodar
RF1b-er,f96r,"f96r.2,+P0",ytol.oteeor.sheol.oteey.qokeody.qokeeody.cthey,ytol oteeor sheol oteey qokeody qokeeody cthey
RF1b-er,f96r,"f96r.3,+P0",toaiin.cthhodal.chos.ckheody.keoda.chodol.oty,toaiin cthhodal chos ckheody keoda chodol oty
RF1b-er,f96r,"f96r.4,+P0",or.chor.chkchol.chokchor.s.or.sheockhy.choly,or chor chkchol chokchor s or sheockhy choly
RF1b-er,f96r,"f96r.5,+P0",daiin.chodaiin.cthey.tol.sheor.qokeol.okol,daiin chodaiin cthey tol sheor qokeol okol
RF1b-er,f96r,"f96r.6,+P0","lor.ckheey.chol.cholody.cheol.ctheor.s,or",lor ckheey chol cholody cheol ctheor s or
RF1b-er,f96r,"f96r.7,+P0",oiir.or.ckhor.chkey.ckhocthy.or.chockhy,oiir or ckhor chkey ckhocthy or chockhy
RF1b-er,f96r,"f96r.8,+P0",ykeor.secheeol.sheol.qokeeey.chol.daiin,ykeor secheeol sheol qokeeey chol daiin
RF1b-er,f96r,"f96r.9,+P0",todar.sheo.cthody.shokocfhy.chopcho.dory,todar sheo cthody shokocfhy chopcho dory
RF1b-er,f96r,"f96r.10,+P0",otchodol.shocthody.shockhy.otchodor.chocty,otchodol shocthody shockhy otchodor chocty
RF1b-er,f96r,"f96r.11,+P0",teol.cheody.shodol.qokchod<->s<->aiin.chokey,teol cheody shodol qokchodsaiin chokey
RF1b-er,f96r,"f96r.12,+P0",dcheor.cheol.cheodaiin.ol<->dy<->d<->chs<->archeody,dcheor cheol cheodaiin oldydchsarcheody
RF1b-er,f96r,"f96r.13,+P0",oteodsho.qotchos,oteodsho qotchos
RF1b-er,f96v,"f96v.1,@P0","pshees,sheeor.qoepsheody.odar.ocpheeo<->opar.ysar,osoj",pshees sheeor qoepsheody odar ocpheeoopar ysar osoj
RF1b-er,f96v,"f96v.2,+P0",ytear.yteor.olcheey.dteodoiin<->saro<->qoches.y.cheom,ytear yteor olcheey dteodoiinsaroqoches y cheom
RF1b-er,f96v,"f96v.3,+P0",dcheoteos.cpheos.sor.chcthosy<->cth<->ytchey.daiin,dcheoteos cpheos sor chcthosycthytchey daiin
RF1b-er,f96v,"f96v.4,+P0",dsheos.sheey.teocthey.cteeodody,dsheos sheey teocthey cteeodody
RF1b-er,f96v,"f96v.5,+P0",tockhy.cthey.ckheeody.ar.eeeykey,tockhy cthey ckheeody ar eeeykey
RF1b-er,f96v,"f96v.6,+P0",yteeody.teodar.olchey.sy,yteeody teodar olchey sy
RF1b-er,f96v,"f96v.7,+P0","sheodal.chorory,ctol",sheodal chorory ctol
RF1b-er,f96v,"f96v.8,+P0",ycheey.ckheal.daiins,ycheey ckheal daiins
RF1b-er,f96v,"f96v.9,+P0",aeol.ckheor.cheoraiin,aeol ckheor cheoraiin
RF1b-er,f96v,"f96v.10,+P0",ctheor.oral.char.ckhey,ctheor oral char ckhey
RF1b-er,f96v,"f96v.11,+P0",sar.os.checkhey.socthh,sar os checkhey socthh
RF1b-er,f96v,"f96v.12,+P0",sosar.cheekeo.dain,sosar cheekeo dain
RF1b-er,f96v,"f96v.13,+P0",soysar.cheor,soysar cheor
RF1b-er,f99r,"f99r.1,@Lc",okaradog,okaradog
RF1b-er,f99r,"f99r.2,@Lf",okary,okary
RF1b-er,f99r,"f99r.3,@Lf",darar,darar
RF1b-er,f99r,"f99r.4,@Lf",oky,oky
RF1b-er,f99r,"f99r.5,@Lf",salo,salo
RF1b-er,f99r,"f99r.6,@Lf",oro,oro
RF1b-er,f99r,"f99r.7,+Lf",ain,ain
RF1b-er,f99r,"f99r.8,@Lf",okar,okar
RF1b-er,f99r,"f99r.9,@Lf",salol,salol
RF1b-er,f99r,"f99r.10,@Lf",skeeal,skeeal
RF1b-er,f99r,"f99r.11,@Lf",okary,okary
RF1b-er,f99r,"f99r.12,@Lf",okalo,okalo
RF1b-er,f99r,"f99r.13,@Lf",otalam,otalam
RF1b-er,f99r,"f99r.14,@Lf",otaldy,otaldy
RF1b-er,f99r,"f99r.15,@P0",pcheody.oteody.daiin.cpheey.tshol.dal.cfheol.olaiin.sar,pcheody oteody daiin cpheey tshol dal cfheol olaiin sar
RF1b-er,f99r,"f99r.16,+P0","saroshy.shor.s.shor.sheol.kolsheol.qoeol.shol,kol.ckhol.ckhory",saroshy shor s shor sheol kolsheol qoeol shol kol ckhol ckhory
RF1b-er,f99r,"f99r.17,+P0",dcheor.chs.al.yckhy.okeol.ckhor.oraiin.chor.qokeeor.chory,dcheor chs al yckhy okeol ckhor oraiin chor qokeeor chory
RF1b-er,f99r,"f99r.18,+P0",qokeor.chol.ykol.cheey.chody.ckhol.daiin.okeoly.daiin.ckhy,qokeor chol ykol cheey chody ckhol daiin okeoly daiin ckhy
RF1b-er,f99r,"f99r.19,@Lc",oparal,oparal
RF1b-er,f99r,"f99r.20,@Lf",oaro,oaro
RF1b-er,f99r,"f99r.21,@Lf",aloly,aloly
RF1b-er,f99r,"f99r.22,@Lf",aarar,aarar
RF1b-er,f99r,"f99r.23,@Lf",choky,choky
RF1b-er,f99r,"f99r.24,@Lf",oky,oky
RF1b-er,f99r,"f99r.25,@Lf",okeoly,okeoly
RF1b-er,f99r,"f99r.26,@Lf",yteold,yteold
RF1b-er,f99r,"f99r.27,@Lf",cheotchy,cheotchy
RF1b-er,f99r,"f99r.28,@P0",kodaiin.opchey.qoky.dar.otchor.opsho.okeol.sheol.oteoefol,kodaiin opchey qoky dar otchor opsho okeol sheol oteoefol
RF1b-er,f99r,"f99r.29,+P0",dsheol.ckhey.ckheol.okeal.ctheol.qokey.ckhal.okeol.okeey.dald,dsheol ckhey ckheol okeal ctheol qokey ckhal okeol okeey dald
RF1b-er,f99r,"f99r.30,+P0",tol.cheody.qokol.okoly.okoldy.qokoly.qokal.okchol.qokold,tol cheody qokol okoly okoldy qokoly qokal okchol qokold
RF1b-er,f99r,"f99r.31,+P0",chees.okeey.qotol.sheol.daiin.qotol.okeol,chees okeey qotol sheol daiin qotol okeol
RF1b-er,f99r,"f99r.32,@Lc",tsholdy,tsholdy
RF1b-er,f99r,"f99r.33,@Lf",okos,okos
RF1b-er,f99r,"f99r.34,@Lf",oekey,oekey
RF1b-er,f99r,"f99r.35,@Lf",dar,dar
RF1b-er,f99r,"f99r.36,@Lf",chockhhy,chockhhy
RF1b-er,f99r,"f99r.37,@Lf",scheyet,scheyet
RF1b-er,f99r,"f99r.38,@Lf",saiiny,saiiny
RF1b-er,f99r,"f99r.39,@Lf",sary,sary
RF1b-er,f99r,"f99r.40,@Lf",dam,dam
RF1b-er,f99r,"f99r.41,@P0",tsheeor.cpheol.ckey.pchol.ckhey.ypchol.chor.choly.qotocthey.qkory,tsheeor cpheol ckey pchol ckhey ypchol chor choly qotocthey qkory
RF1b-er,f99r,"f99r.42,+P0",sol.sheol.keshey.qokeeey.chs.chey.dolchey.ctheey.daiin.cheom,sol sheol keshey qokeeey chs chey dolchey ctheey daiin cheom
RF1b-er,f99r,"f99r.43,+P0",daiin.cheeokeey.checkhey.dor.oldy.sheey.keody.okeeey.s.aiin.als,daiin cheeokeey checkhey dor oldy sheey keody okeeey s aiin als
RF1b-er,f99r,"f99r.44,+P0","qokey.chkeey.chey.ckhey.ckhey.ykeey.oiin.air.chody.o,eksy",qokey chkeey chey ckhey ckhey ykeey oiin air chody o eksy
RF1b-er,f99r,"f99r.45,@Lc",yteoldy,yteoldy
RF1b-er,f99r,"f99r.46,@Lf",tolsasy,tolsasy
RF1b-er,f99r,"f99r.47,@P0",tolkeey.ctheey,tolkeey ctheey
RF1b-er,f99r,"f99r.48,+P0","ykeol.okeol.o,ckhey.chol.cheodal.akeo.r.alcheeg.orar",ykeol okeol o ckhey chol cheodal akeo r alcheeg orar
RF1b-er,f99r,"f99r.49,+P0","okeeey.keey.keeo,r.okeey.daiin.okeol.s.aiin.olaiir.oolsal",okeeey keey keeo r okeey daiin okeol s aiin olaiir oolsal
RF1b-er,f99r,"f99r.50,+P0",qokeeo.okeey.qokeey.okesy.qokeeo.sar.sheseky.or.al,qokeeo okeey qokeey okesy qokeeo sar sheseky or al
RF1b-er,f99r,"f99r.51,+P0",yshaiin.ykhey.acthey.dy.daiin.okor.okeey.shctysh,yshaiin ykhey acthey dy daiin okor okeey shctysh
RF1b-er,f99r,"f99r.52,+P0",ychor.ols.ar.agairam,ychor ols ar agairam
RF1b-er,f99v,"f99v.1,@Lc",akaramy,akaramy
RF1b-er,f99v,"f99v.2,@Lf",otoldy,otoldy
RF1b-er,f99v,"f99v.3,@Lf",otar<->chy,otarchy
RF1b-er,f99v,"f99v.4,@Lf",oldy,oldy
RF1b-er,f99v,"f99v.5,@Lf",das<->ary,dasary
RF1b-er,f99v,"f99v.6,@Lf",otaly,otaly
RF1b-er,f99v,"f99v.7,@Lf",olsy,olsy
RF1b-er,f99v,"f99v.8,@Lf",arol,arol
RF1b-er,f99v,"f99v.9,@Lf",otoky,otoky
RF1b-er,f99v,"f99v.10,@P0","sol.cheols.ockhey.qockhhy.qkoldy.s<->ok.ol,eees.oteey.dain",sol cheols ockhey qockhhy qkoldy sok ol eees oteey dain
RF1b-er,f99v,"f99v.11,+P0",okoiin.choty.qokchol.qokeol.okoldy<->qkhaldy.taly.daiin,okoiin choty qokchol qokeol okoldyqkhaldy taly daiin
RF1b-er,f99v,"f99v.12,+P0",qokeo.qokeol.chockhy.otol.daiin.oty<->otockey.da.chosaiin,qokeo qokeol chockhy otol daiin otyotockey da chosaiin
RF1b-er,f99v,"f99v.13,+P0",okaraiin.okol.shocthy<->qokor.oloiram,okaraiin okol shocthyqokor oloiram
RF1b-er,f99v,"f99v.14,@Lc",akaldody,akaldody
RF1b-er,f99v,"f99v.15,@Lf",oeeesary,oeeesary
RF1b-er,f99v,"f99v.16,@Lf",daiiine,daiiine
RF1b-er,f99v,"f99v.17,@Lf",sary,sary
RF1b-er,f99v,"f99v.18,@Lf",saiiro,saiiro
RF1b-er,f99v,"f99v.19,@Lf",otolsar,otolsar
RF1b-er,f99v,"f99v.20,@Lf",osary,osary
RF1b-er,f99v,"f99v.21,@P0",doror.okeeody.opar.okor.eosaiin.otoraiin.shey.ols.aiiin.qoetal,doror okeeody opar okor eosaiin otoraiin shey ols aiiin qoetal
RF1b-er,f99v,"f99v.22,+P0",daiin.otey.o.keeol.s.aiin.okeol.qokeol.ctheol.qokeol.dy.qokaiin,daiin otey o keeol s aiin okeol qokeol ctheol qokeol dy qokaiin
RF1b-er,f99v,"f99v.23,+P0",qokeey.chol.okeoldy.qokol.qokeolo.lchol.okeol.sheodol.qokeechom,qokeey chol okeoldy qokol qokeolo lchol okeol sheodol qokeechom
RF1b-er,f99v,"f99v.24,+P0","sho,keeey.cholshey.okol.qokey.okeodal.oldy",sho keeey cholshey okol qokey okeodal oldy
RF1b-er,f99v,"f99v.25,@Lc",darolaly,darolaly
RF1b-er,f99v,"f99v.26,@Lf",okechy,okechy
RF1b-er,f99v,"f99v.27,@Lf",otal,otal
RF1b-er,f99v,"f99v.28,@Lf",chor.olekor,chor olekor
RF1b-er,f99v,"f99v.29,@Lf",okeodor,okeodor
RF1b-er,f99v,"f99v.30,@Lf",olky,olky
RF1b-er,f99v,"f99v.31,@Lf",doldam,doldam
RF1b-er,f99v,"f99v.32,@P0",qoteeoy.chokol.qokeeo.dy.qokeeol.olpchey.daiir.okeedy<->okolol,qoteeoy chokol qokeeo dy qokeeol olpchey daiir okeedyokolol
RF1b-er,f99v,"f99v.33,+P0",dol.okeeol.okeor.okol.okaiin.ckheol.okalaiin.okolaiin.cheoldy,dol okeeol okeor okol okaiin ckheol okalaiin okolaiin cheoldy
RF1b-er,f99v,"f99v.34,+P0",yaiin.ol.ol.olaiin.qockhey.qokol.olshy.qokeeor.or.aiin.doldam,yaiin ol ol olaiin qockhey qokol olshy qokeeor or aiin doldam
RF1b-er,f99v,"f99v.35,+P0",ol.okeeey.oqoeeol.cheol.chody.okaiin,ol okeeey oqoeeol cheol chody okaiin
RF1b-er,f99v,"f99v.36,@Lc",oralas,oralas
RF1b-er,f99v,"f99v.37,@P0",cpeol.socfhey.qokol.olkeol.daiin<->okaly,cpeol socfhey qokol olkeol daiinokaly
RF1b-er,f99v,"f99v.38,+P0",ol.cheey.qokeol.okeol.okeol.shokol<->ykey,ol cheey qokeol okeol okeol shokolykey
RF1b-er,f99v,"f99v.39,+P0","dar.shol.akchey.ckhey.qokol,olal<->okeol",dar shol akchey ckhey qokol olalokeol
RF1b-er,f99v,"f99v.40,+P0",or.aiin.okeody.okol.odaiin.qoky<->olaldy,or aiin okeody okol odaiin qokyolaldy
RF1b-er,f99v,"f99v.41,+P0",qockhol.aiin.shody.qokol.aiidal<->aiidaiim,qockhol aiin shody qokol aiidalaiidaiim
RF1b-er,f99v,"f99v.42,+P0",ol.sheol.olkeol.okol.or.oraloly<->ykeol.okal.okoldaly,ol sheol olkeol okol or oralolyykeol okal okoldaly
RF1b-er,f99v,"f99v.43,+P0",ychol.olkeeoldy,ychol olkeeoldy
RF1b-er,f99v,"f99v.44,@Lf",koleearol,koleearol
RF1b-er,f100r,"f100r.1,@Lf",chosaroshol,chosaroshol
RF1b-er,f100r,"f100r.2,@Lf",sochorcfhy,sochorcfhy
RF1b-er,f100r,"f100r.3,@Lf",otear,otear
RF1b-er,f100r,"f100r.4,@Lf",chofary,chofary
RF1b-er,f100r,"f100r.5,@Lf",sarchar<->daiindy,sarchardaiindy
RF1b-er,f100r,"f100r.6,@Lf",oraro,oraro
RF1b-er,f100r,"f100r.7,@Lf",eealsain,eealsain
RF1b-er,f100r,"f100r.8,@Lf",soity,soity
RF1b-er,f100r,"f100r.9,@Lf",sosam,sosam
RF1b-er,f100r,"f100r.10,@Lf",dakocth,dakocth
RF1b-er,f100r,"f100r.11,@Lf",sofag,sofag
RF1b-er,f100r,"f100r.12,@P0",pcheol.sheod.qocpheeckhy.shodol.cphdafoto.chqeos.sheey.chcthso.s,pcheol sheod qocpheeckhy shodol cphdafoto chqeos sheey chcthso s
RF1b-er,f100r,"f100r.13,+P0",dsheor.cthey.qokeey.oteey.ykeeodain.sararydaiin.daiin.deeamchol,dsheor cthey qokeey oteey ykeeodain sararydaiin daiin deeamchol
RF1b-er,f100r,"f100r.14,+P0","shor.chkeey.qoteey.qokeody.qoteol,d.qokeol.so.raiin.otal.ykeeeo",shor chkeey qoteey qokeody qoteol d qokeol so raiin otal ykeeeo
RF1b-er,f100r,"f100r.15,+P0",dcheor.shol.qokeeol.chor.chol.qokeeody.darea,dcheor shol qokeeol chor chol qokeeody darea
RF1b-er,f100r,"f100r.16,@Lf",okeeos,okeeos
RF1b-er,f100r,"f100r.17,@Lf",shockhey,shockhey
RF1b-er,f100r,"f100r.18,@Lf",orol,orol
RF1b-er,f100r,"f100r.19,@Lf",olcheom,olcheom
RF1b-er,f100r,"f100r.20,@Lf",oteol,oteol
RF1b-er,f100r,"f100r.21,@Lf",otols,otols
RF1b-er,f100r,"f100r.22,@P0","folsho,dy.choldaiin.fchodycheol.cphol.qotees.shey.aseso.alcfhy",folsho dy choldaiin fchodycheol cphol qotees shey aseso alcfhy
RF1b-er,f100r,"f100r.23,+P0",soiin.chol.cphol.shol.shol.qockhol.chor.chol.sho.keey.cckhhy.ykeeam,soiin chol cphol shol shol qockhol chor chol sho keey cckhhy ykeeam
RF1b-er,f100r,"f100r.24,+P0",saiichor.sheor.qockhody.odeor.yksheey.cholsheody.sai.cheol.saiin,saiichor sheor qockhody odeor yksheey cholsheody sai cheol saiin
RF1b-er,f100r,"f100r.25,+P0",sheor.qkeeody.chol.daiin.ctheol.olcheol.cheky.cheol.cheockhy.okeol,sheor qkeeody chol daiin ctheol olcheol cheky cheol cheockhy okeol
RF1b-er,f100r,"f100r.26,+P0","y,aiin.chekeey.chol.cholody.chos.olchor.qoteol.okeeol.cheols.al",y aiin chekeey chol cholody chos olchor qoteol okeeol cheols al
RF1b-er,f100r,"f100r.27,+P0",chol.cheol.cho.chckheody.otolchey,chol cheol cho chckheody otolchey
RF1b-er,f100v,"f100v.1,@Lf",tolchd,tolchd
RF1b-er,f100v,"f100v.2,@Lf",chols,chols
RF1b-er,f100v,"f100v.3,@Lf",opchor,opchor
RF1b-er,f100v,"f100v.4,@Lf",solsy,solsy
RF1b-er,f100v,"f100v.5,@Lf",soleesos,soleesos
RF1b-er,f100v,"f100v.6,@Lf",ykchochdy,ykchochdy
RF1b-er,f100v,"f100v.7,@Lf",ykchdy,ykchdy
RF1b-er,f100v,"f100v.8,@Lf",dchdy,dchdy
RF1b-er,f100v,"f100v.9,@Lf",dalsy,dalsy
RF1b-er,f100v,"f100v.10,@Lf",okcheor,okcheor
RF1b-er,f100v,"f100v.11,@Lf",ytchol,ytchol
RF1b-er,f100v,"f100v.12,@Lf",dykchal,dykchal
RF1b-er,f100v,"f100v.13,@Lf",chos.ctharal,chos ctharal
RF1b-er,f100v,"f100v.14,@P0",cphdeecfhy.sheocphy.qoteody.ckhoor.ar.chor.oteey.daiin.qokomo,cphdeecfhy sheocphy qoteody ckhoor ar chor oteey daiin qokomo
RF1b-er,f100v,"f100v.15,+P0",sor.cheey.dair.al.cheol.qoolkeey.chol.cheey.qokeol.chotols,sor cheey dair al cheol qoolkeey chol cheey qokeol chotols
RF1b-er,f100v,"f100v.16,+P0",ykeeol.chol.chey.eeoseeos.sheeo.okeol.ches.okeor.okeol.dy,ykeeol chol chey eeoseeos sheeo okeol ches okeor okeol dy
RF1b-er,f100v,"f100v.17,+P0",chocthey.sholkcheol.qokeol.okol.chol.chotor.chso.solcthy,chocthey sholkcheol qokeol okol chol chotor chso solcthy
RF1b-er,f100v,"f100v.18,+P0",tochso.s.ol.cheo.cheeor.odaidy.ckhod.sh.chod.qokeol.sal,tochso s ol cheo cheeor odaidy ckhod sh chod qokeol sal
RF1b-er,f100v,"f100v.19,+P0",sain.cheokeos.chockhy.chocthey.keody.chockhhor.chckhey.du,sain cheokeos chockhy chocthey keody chockhhor chckhey du
RF1b-er,f100v,"f100v.20,+P0",ycheoky.shokeesy.qokeey.chokeol.saraloaly.cheor.ol.chockhar,ycheoky shokeesy qokeey chokeol saraloaly cheor ol chockhar
RF1b-er,f100v,"f100v.21,+P0",soral.okor.ol.choy.ly.araroy.okar.cheeeal.cheokeol.orey,soral okor ol choy ly araroy okar cheeeal cheokeol orey
RF1b-er,f100v,"f100v.22,+P0",daiin.cheky.chory,daiin cheky chory
RF1b-er,f101r,"f101r.1,@P0","pcheol.sheol.ol.shey.qockhol.shor.yteol.sheockhey.qpol.chear.s.aiin.aly,eeey.qkeey.chopcheey.checkhey.cpheocthy.ykchy.cheea.chekeey.dal.chey",pcheol sheol ol shey qockhol shor yteol sheockhey qpol chear s aiin aly eeey qkeey chopcheey checkhey cpheocthy ykchy cheea chekeey dal chey
RF1b-er,f101r,"f101r.2,+P0","dol.chokeey.chkey.cthey.okal,chol.kol.o.keey.r.or.ol.okol.ol.olchey.qokchal.okey.qokeol.kor.shey.teol.or.aiiin.choldaiin",dol chokeey chkey cthey okal chol kol o keey r or ol okol ol olchey qokchal okey qokeol kor shey teol or aiiin choldaiin
RF1b-er,f101r,"f101r.3,+P0","cpolcfheol.akeor.r.sheol.qotol.shey.dol.shey.okeey.ctheey.yteeoldy.kchol,ol.sheody.or.ol.sheor.qotaiir.otol.sheey.s.sheo.tchey.ol.dar.am",cpolcfheol akeor r sheol qotol shey dol shey okeey ctheey yteeoldy kchol ol sheody or ol sheor qotaiir otol sheey s sheo tchey ol dar am
RF1b-er,f101r,"f101r.4,+P0",ycheeo.or.sheeol.daiin.sheeol.okeol.ctheol.sykeeo.qockheol.daiin.shey.chol.okeeor.ctody.chkchol.dateody.okeol.dairin.okeey.okeey.dairin,ycheeo or sheeol daiin sheeol okeol ctheol sykeeo qockheol daiin shey chol okeeor ctody chkchol dateody okeol dairin okeey okeey dairin
RF1b-er,f101r,"f101r.5,+P0",daiin.ctheol.cheol.okor.or.aiin.cheol.cho.keeodchey.okol.okeol.dor.chol.chy.r.aiin.oteol.or.aiin.ol.chey.oteeod.sheol.okeol.chosaiin.sheom,daiin ctheol cheol okor or aiin cheol cho keeodchey okol okeol dor chol chy r aiin oteol or aiin ol chey oteeod sheol okeol chosaiin sheom
RF1b-er,f101r,"f101r.6,+P0",okeeol.sho.shody.sho.shol.okeeeol.cheas.sheokeey.sheeor.chchy.chodaiin.cheeckhey.teeol.s.cheol.sar.oeeor,okeeol sho shody sho shol okeeeol cheas sheokeey sheeor chchy chodaiin cheeckhey teeol s cheol sar oeeor
RF1b-er,f101r,"f101r.7,+P0",cphoar.oaiin.ypcholy.daiin.otaiin.otaiin.yfolaiin.fcheolain.ypchey.yphady.shotey.odariin.sheoar.sheor.ctheey.ykhey.qokchey.cholp.cheol.dy,cphoar oaiin ypcholy daiin otaiin otaiin yfolaiin fcheolain ypchey yphady shotey odariin sheoar sheor ctheey ykhey qokchey cholp cheol dy
RF1b-er,f101r,"f101r.8,+P0","ol,aiin.oteol.chor.oteey.chokchey.kor.daiin.shok.chol.chol.qoky.daiin.ol.s.al.ydar.daiin.or.ory.okeey.daiin.shey.daiin.okol.cheor",ol aiin oteol chor oteey chokchey kor daiin shok chol chol qoky daiin ol s al ydar daiin or ory okeey daiin shey daiin okol cheor
RF1b-er,f101r,"f101r.9,+P0","daiin.okeal.qokcheol.ykeor.dar.ol.otechy.ykeor.dor.aiin.chl.s.cheol.okeal.shey.qodar.soiin.choky.qokeol.daiin.y.dar.okchol.cheor,chety",daiin okeal qokcheol ykeor dar ol otechy ykeor dor aiin chl s cheol okeal shey qodar soiin choky qokeol daiin y dar okchol cheor chety
RF1b-er,f101r,"f101r.10,+P0","ysho.qykeeol.chol.sho.odor.dor.chees.ykeol.chol.dol.kor.acthy.al.chso.sha.ol,cheeol.kolshey.okeoly.oiin.aiioly",ysho qykeeol chol sho odor dor chees ykeol chol dol kor acthy al chso sha ol cheeol kolshey okeoly oiin aiioly
RF1b-er,f101v,"f101v.1,@Lf",sairaly,sairaly
RF1b-er,f101v,"f101v.2,@Lf",otaldy,otaldy
RF1b-er,f101v,"f101v.3,@Lf",otal,otal
RF1b-er,f101v,"f101v.4,@Lf",ytal,ytal
RF1b-er,f101v,"f101v.5,@Lf",dokor,dokor
RF1b-er,f101v,"f101v.6,@Lf",orar,orar
RF1b-er,f101v,"f101v.7,@Lf",otarar,otarar
RF1b-er,f101v,"f101v.8,@Lf",otoly,otoly
RF1b-er,f101v,"f101v.9,@Lf",soraly,soraly
RF1b-er,f101v,"f101v.10,@Lf",okol,okol
RF1b-er,f101v,"f101v.11,@Lf",arom,arom
RF1b-er,f101v,"f101v.12,@Lf",oraram,oraram
RF1b-er,f101v,"f101v.13,@Lf","ora,cphy",ora cphy
RF1b-er,f101v,"f101v.14,@Lf",dytolg,dytolg
RF1b-er,f101v,"f101v.15,@Lf",olkor,olkor
RF1b-er,f101v,"f101v.16,@Lf",dolary,dolary
RF1b-er,f101v,"f101v.17,@Lf",odor,odor
RF1b-er,f101v,"f101v.18,@Lf",olaran,olaran
RF1b-er,f101v,"f101v.19,@P0","tolchor.cheop,or.or.ody.cphea.r.shee.fols.oiin.otsheey.otch???,y.kcho.pcholy.chor.or.choror.sy<->dorar<->okoraiin.orolojain",tolchor cheop or or ody cphea r shee fols oiin otsheey y kcho pcholy chor or choror sydorarokoraiin orolojain
RF1b-er,f101v,"f101v.20,+P0","or.aiin.or.o.or.ojam.char.s.aiin.okor.cheeor.sheeol.qokol.et??,eol.qoor.cheey.qokeod.oeeo.r.choy.s<->okeeody<->chodaiin.cthy.okody.dar",or aiin or o or ojam char s aiin okor cheeor sheeol qokol eol qoor cheey qokeod oeeo r choy sokeeodychodaiin cthy okody dar
RF1b-er,f101v,"f101v.21,+P0","ycheor.oeo.dain.cheokal.ykhody.cheeods.or,aiin.qoeey.cthey.???eo,cthy.dain.cheody.dydy",ycheor oeo dain cheokal ykhody cheeods or aiin qoeey cthey cthy dain cheody dydy
RF1b-er,f101v,"f101v.22,+P0","kseor.l,ol.keeol.otal.or.ol.aiin.okeod.ykhey.dain.ol,cheo,l,???,opcheol.cthey.qekeoldy.qocthos.sheody.qockhhey.odaiin.shoyt,olaiin.osodaiin.dy",kseor l ol keeol otal or ol aiin okeod ykhey dain ol cheo l opcheol cthey qekeoldy qocthos sheody qockhhey odaiin shoyt olaiin osodaiin dy
RF1b-er,f101v,"f101v.23,+P0","yaiin.ol.olor.daiin.okeey.qok.ykeol.daiin.qockhy.daiin.olch??,odar.qokeol.dol.or,aiin.oldaiin.keeold.she.qokeeeor.s.ydy.cheor.okeey.choldy.dar",yaiin ol olor daiin okeey qok ykeol daiin qockhy daiin odar qokeol dol or aiin oldaiin keeold she qokeeeor s ydy cheor okeey choldy dar
RF1b-er,f101v,"f101v.24,+P0","teeeal.sheol.qokeor.ykhol.ol,cho.r.chokey.chor.ctheey.daiin???,daiin.cheeedy.cheey.keo.cheol.daiiin.deeor.cheedy",teeeal sheol qokeor ykhol ol cho r chokey chor ctheey daiin cheeedy cheey keo cheol daiiin deeor cheedy
RF1b-er,f101v,"f101v.25,+P0","daiin.dair.yteol.chor.qockhol.daiin.ckheey.chey.kcheo.do???,aiin.okeey.ckheo.l.cheody.kcheol.daiin.eteeas.ctheody.ctheo,ckhoshe.olchor",daiin dair yteol chor qockhol daiin ckheey chey kcheo aiin okeey ckheo l cheody kcheol daiin eteeas ctheody ctheo ckhoshe olchor
RF1b-er,f101v,"f101v.26,+P0","olaiin.okeol.cheo.kol.ches.sheey.qoor.qokeody.cheor.okeo.???,oiin.cheey.cthey.ory.ctheey.qokeey.shol.ody.cheol.or,alar.shey.qokar.ary",olaiin okeol cheo kol ches sheey qoor qokeody cheor okeo oiin cheey cthey ory ctheey qokeey shol ody cheol or alar shey qokar ary
RF1b-er,f101v,"f101v.27,+P0",sal.chol.choly.okeey.dal.qol.shckheol.chol.cthear.keeol.???cheeo.ol.chs.oraiin.qokeeey.saiir.qodaiin.cheol.qokeey.daiin.cheodag,sal chol choly okeey dal qol shckheol chol cthear keeol ol chs oraiin qokeeey saiir qodaiin cheol qokeey daiin cheodag
RF1b-er,f101v,"f101v.28,+Pc",teol.cheol.etchey.???cheo.r.cheol.cthol.cholaiin.chol.qkar,teol cheol etchey r cheol cthol cholaiin chol qkar
RF1b-er,f102r1,"f102r1.1,@Lc",daarod,daarod
RF1b-er,f102r1,"f102r1.2,@Lf",otodeeodor,otodeeodor
RF1b-er,f102r1,"f102r1.3,@P0",polaiin.shocthy.qoteol.loiiin.oteeor.cpheodar.sholdaiin,polaiin shocthy qoteol loiiin oteeor cpheodar sholdaiin
RF1b-er,f102r1,"f102r1.4,+P0",dsheody.okeeoy.kody.chkeeody.daraiiin.ctheoly.qokcheololain,dsheody okeeoy kody chkeeody daraiiin ctheoly qokcheololain
RF1b-er,f102r1,"f102r1.5,+P0",ytol.sheol.she.olaiin.orain.oraroekeol.chol.ekey.qokol.dain,ytol sheol she olaiin orain oraroekeol chol ekey qokol dain
RF1b-er,f102r1,"f102r1.6,+P0",daiin.ykeeol.oldy.okodaiin,daiin ykeeol oldy okodaiin
RF1b-er,f102r1,"f102r1.7,@Lc",okolaly,okolaly
RF1b-er,f102r1,"f102r1.8,@P0",pshodaiin.qoorar.chopy<->chofol.daiin.oteol.qoteol.doly,pshodaiin qoorar chopychofol daiin oteol qoteol doly
RF1b-er,f102r1,"f102r1.9,+P0",daiin.orsheoldy.qokeol<->oteeody.lshodykeodal.qokshdy.sy,daiin orsheoldy qokeoloteeody lshodykeodal qokshdy sy
RF1b-er,f102r1,"f102r1.10,+P0",ycheol.sholdy.chol.chol.ykeeol.dol.doleadaiin.dal.cthedy,ycheol sholdy chol chol ykeeol dol doleadaiin dal cthedy
RF1b-er,f102r1,"f102r1.11,+P0",dcheo.qockhy.sol.sheey.okeody.qokeodol.shockhey.oleeol,dcheo qockhy sol sheey okeody qokeodol shockhey oleeol
RF1b-er,f102r1,"f102r1.12,@Lc",ddasdsh,ddasdsh
RF1b-er,f102r1,"f102r1.13,@P0",teesody.qoeol.olcheor.qokey.okshey.qokeal.sheofolckhhy,teesody qoeol olcheor qokey okshey qokeal sheofolckhhy
RF1b-er,f102r1,"f102r1.14,+P0",doeey.keeol.qokeo.daor.shey.qoteol.okol.chos.s.or.oeeaiin,doeey keeol qokeo daor shey qoteol okol chos s or oeeaiin
RF1b-er,f102r1,"f102r1.15,+P0",or.chol.daiin.dykeos.sheey.qokeody.dor.as.ykeeykam,or chol daiin dykeos sheey qokeody dor as ykeeykam
RF1b-er,f102r1,"f102r1.16,+P0",ddor.chordam<->soraiin.ykheydy.okeol.doeoear<->s.aral.dor,ddor chordamsoraiin ykheydy okeol doeoears aral dor
RF1b-er,f102r1,"f102r1.17,+P0",ydar.arody<->oldaiin.sody.chockhy.oly,ydar arodyoldaiin sody chockhy oly
RF1b-er,f102r2,"f102r2.1,@Lc",kodaiig,kodaiig
RF1b-er,f102r2,"f102r2.2,@P0",lsais.amg.cheey.cfhey.por.aiin.chefoly,lsais amg cheey cfhey por aiin chefoly
RF1b-er,f102r2,"f102r2.3,+P0","ycheor.ol,aiin.ol,sho.qokal.olaiin.oldam",ycheor ol aiin ol sho qokal olaiin oldam
RF1b-er,f102r2,"f102r2.4,+P0","daiin.ckheeol.ol,dor.okol.cheodor.sor.airam",daiin ckheeol ol dor okol cheodor sor airam
RF1b-er,f102r2,"f102r2.5,+P0","tor.sheo.or.chey.qo,or.yteor.chol.choky",tor sheo or chey qo or yteor chol choky
RF1b-er,f102r2,"f102r2.6,+P0",daiin.okody.qokeody.okeol.dor.chckhy.oteod.s.ossy,daiin okody qokeody okeol dor chckhy oteod s ossy
RF1b-er,f102r2,"f102r2.8,@P0",kolor.olaiin.opor.shey.opolkod.odain.sheo.qoeol.?shey,kolor olaiin opor shey opolkod odain sheo qoeol
RF1b-er,f102r2,"f102r2.9,+P0","dor.oiin.okeody.qokeol.sheoy.qoochey.ckheal.sheey.s,keekyd",dor oiin okeody qokeol sheoy qoochey ckheal sheey s keekyd
RF1b-er,f102r2,"f102r2.10,+P0","shockhy.qockhey.sol.eeey.dol.cheol.do,aiin.qkeeey.?cthey",shockhy qockhey sol eeey dol cheol do aiin qkeeey
RF1b-er,f102r2,"f102r2.11,+P0",kockhas.okor.ykeey.okeey.qokeey.dol.ol.sheody.okey.do.l.?cthhy,kockhas okor ykeey okeey qokeey dol ol sheody okey do l
RF1b-er,f102r2,"f102r2.12,+P0","y,tchy.olockhy.okeey.cheody.s,oiin.dol.ockhy.okeody",y tchy olockhy okeey cheody s oiin dol ockhy okeody
RF1b-er,f102r2,"f102r2.13,@Lc",doeekesag,doeekesag
RF1b-er,f102r2,"f102r2.16,@P0","cphol.dcfhody.ctholsoeees.ykeody.qokeey.qotchy.soef,chocphy",cphol dcfhody ctholsoeees ykeody qokeey qotchy soef chocphy
RF1b-er,f102r2,"f102r2.17,+P0","ykeockhey.okey.qokeeo.ckhey.qokey.desey.qy,oeey.dol.chkey.choky",ykeockhey okey qokeeo ckhey qokey desey qy oeey dol chkey choky
RF1b-er,f102r2,"f102r2.18,+P0",okol.shey.qockhey.dol.shey.dol.sheey.qokol.daiin.oky.oky,okol shey qockhey dol shey dol sheey qokol daiin oky oky
RF1b-er,f102r2,"f102r2.19,+P0",qokeod.okeal.okeol.ycheo.ckhey.ykhody.qakey.ody.keeody.chody,qokeod okeal okeol ycheo ckhey ykhody qakey ody keeody chody
RF1b-er,f102r2,"f102r2.20,+P0",ykeey.keeol.cheos.ydeeal.cheody.ykeeod.olchey,ykeey keeol cheos ydeeal cheody ykeeod olchey
RF1b-er,f102r2,"f102r2.21,@Lf",koldarod,koldarod
RF1b-er,f102r2,"f102r2.22,@Lf",odalydyry,odalydyry
RF1b-er,f102v2,"f102v2.1,@Lc",porshols,porshols
RF1b-er,f102v2,"f102v2.2,+Lc",soaijy,soaijy
RF1b-er,f102v2,"f102v2.3,@Lf",oror,oror
RF1b-er,f102v2,"f102v2.4,@Lf",chor,chor
RF1b-er,f102v2,"f102v2.5,@Lf",sachy,sachy
RF1b-er,f102v2,"f102v2.6,@Lf",oteos,oteos
RF1b-er,f102v2,"f102v2.7,@Lf",otol,otol
RF1b-er,f102v2,"f102v2.8,@Lf",otory,otory
RF1b-er,f102v2,"f102v2.10,@Lf",okody,okody
RF1b-er,f102v2,"f102v2.11,@Lf",cheor,cheor
RF1b-er,f102v2,"f102v2.12,@Lf",okoroeey,okoroeey
RF1b-er,f102v2,"f102v2.13,@Lf",opchy,opchy
RF1b-er,f102v2,"f102v2.14,@Lf",sarol,sarol
RF1b-er,f102v2,"f102v2.15,@Lf",olrodar,olrodar
RF1b-er,f102v2,"f102v2.17,@P0",podeesheo.oteeos.sheos.qoteeo.chckhhy.shkeey.chekeod,podeesheo oteeos sheos qoteeo chckhhy shkeey chekeod
RF1b-er,f102v2,"f102v2.18,+P0","ocheo,s.chy,okeor.okeol.okeol.shy.a",ocheo s chy okeor okeol okeol shy a
RF1b-er,f102v2,"f102v2.19,+P0",deeeo.qoeea?s.o.eockhy.cheos.o.l.or.ol.okeeos.ain,deeeo o eockhy cheos o l or ol okeeos ain
RF1b-er,f102v2,"f102v2.20,+P0","qokeor.cho,keeol.okeeey.qokeody.chockhey.qokeey.dol.ol.sheeoy.tody.cheoc?",qokeor cho keeol okeeey qokeody chockhey qokeey dol ol sheeoy tody
RF1b-er,f102v2,"f102v2.21,+P0","ycheey.s.odeey.okeeor.cheol.os.oiin.oeees.okear.chey.keey.s,aiin.oteo?",ycheey s odeey okeeor cheol os oiin oeees okear chey keey s aiin
RF1b-er,f102v2,"f102v2.22,+P0",dain.or.aiin.cheol.s.oiir.chol.sheey.qockhy.ol.keor.okeody.okeor.cho?,dain or aiin cheol s oiir chol sheey qockhy ol keor okeody okeor
RF1b-er,f102v2,"f102v2.23,+P0",otea.okeo.shey.okey.oiees.or.eey,otea okeo shey okey oiees or eey
RF1b-er,f102v2,"f102v2.24,@Lc",okolky,okolky
RF1b-er,f102v2,"f102v2.25,@Lf",osain,osain
RF1b-er,f102v2,"f102v2.26,@Lf",aiky,aiky
RF1b-er,f102v2,"f102v2.27,@Lf",okeeoraiin,okeeoraiin
RF1b-er,f102v2,"f102v2.28,@Lf",okockhy,okockhy
RF1b-er,f102v2,"f102v2.29,@Lf",os,os
RF1b-er,f102v2,"f102v2.30,@P0",pydchey.odiy.pcheady.qoekeey.oteey.qokeodsheey.opaiin.deear,pydchey odiy pcheady qoekeey oteey qokeodsheey opaiin deear
RF1b-er,f102v2,"f102v2.31,+P0",oldeey.ckhy.sheeody.eeos.sheshe.oeear.ykeear.chekeey.ykory,oldeey ckhy sheeody eeos sheshe oeear ykeear chekeey ykory
RF1b-er,f102v2,"f102v2.32,+P0",dor.cheos.shoar.okeol.shoy.s.ar.oky.cheeor.ol.daiin.sy,dor cheos shoar okeol shoy s ar oky cheeor ol daiin sy
RF1b-er,f102v2,"f102v2.33,+P0","qokeor.sho.?keeeos.cheor.o.s.al.chos.aiiin.oky.okar,aiin",qokeor sho cheor o s al chos aiiin oky okar aiin
RF1b-er,f102v2,"f102v2.34,+P0","sos,shey.okeeor.sheockhey.qokeos.okeeol.ctheos.okey.sal",sos shey okeeor sheockhey qokeos okeeol ctheos okey sal
RF1b-er,f102v2,"f102v2.35,+P0",ychor.sheol.por.sheeor.shekeey.qoky.cheateody.qokeol.daiin,ychor sheol por sheeor shekeey qoky cheateody qokeol daiin
RF1b-er,f102v2,"f102v2.36,+P0",okeeor.cheey.okeey.sar.eeey.okey.okey.okeey.qokeor,okeeor cheey okeey sar eeey okey okey okeey qokeor
RF1b-er,f102v2,"f102v2.37,+P0",tchor.ar.chey.kor.or.cthey.qoeeey.qokeey.okeoroly.sar,tchor ar chey kor or cthey qoeeey qokeey okeoroly sar
RF1b-er,f102v2,"f102v2.38,+P0",dor.cheey.ckheey.qokeor.okey.chos.sho.ykeey.okeeo.rain,dor cheey ckheey qokeor okey chos sho ykeey okeeo rain
RF1b-er,f102v2,"f102v2.39,+P0",yotaiin.cheor.cheekey.orain,yotaiin cheor cheekey orain
RF1b-er,f102v1,"f102v1.1,@Lc",keoraiiin,keoraiiin
RF1b-er,f102v1,"f102v1.2,@Lf",okeody,okeody
RF1b-er,f102v1,"f102v1.3,@Lf",okeody,okeody
RF1b-er,f102v1,"f102v1.4,@Lf",daiisaly,daiisaly
RF1b-er,f102v1,"f102v1.5,@Lf",ypary,ypary
RF1b-er,f102v1,"f102v1.6,@Lf",opchytcy,opchytcy
RF1b-er,f102v1,"f102v1.7,@P0",paaiin.ockhey.pchol.doiin.shey.shockhsy.sheocthy.qokeody,paaiin ockhey pchol doiin shey shockhsy sheocthy qokeody
RF1b-er,f102v1,"f102v1.8,+P0","dairn.ol.chey.ctheol.qokeor.os.aiin.cheo,r.qokey.choky",dairn ol chey ctheol qokeor os aiin cheo r qokey choky
RF1b-er,f102v1,"f102v1.9,+P0","teody.ckheey.qokeol.sheky.qockheor.or.cheo.r,chol.qoteor.dar",teody ckheey qokeol sheky qockheor or cheo r chol qoteor dar
RF1b-er,f102v1,"f102v1.10,+P0",kochor.ol.ydaiin.choraiin.sheey.ykeey.korshey.qokey.dy,kochor ol ydaiin choraiin sheey ykeey korshey qokey dy
RF1b-er,f102v1,"f102v1.11,+P0","s,ol.chol.qooiin.qokol.cheol.chey.kalcheey.daiin.cheody.dy",s ol chol qooiin qokol cheol chey kalcheey daiin cheody dy
RF1b-er,f102v1,"f102v1.12,+P0",y.cheol.cheol.doiir.shekcheor.s.ar.cheor.ckhey.pchodaiin,y cheol cheol doiir shekcheor s ar cheor ckhey pchodaiin
RF1b-er,f102v1,"f102v1.13,+P0",toiin.ol.daiin.qkol.cheol.daiin.qokar.oaiin.cheey.saiim,toiin ol daiin qkol cheol daiin qokar oaiin cheey saiim
RF1b-er,f102v1,"f102v1.14,+P0",chor.cheor.ckhey.oteol.ackheky,chor cheor ckhey oteol ackheky
RF1b-er,f102v1,"f102v1.16,@Lf",ypcholdy,ypcholdy
RF1b-er,f102v1,"f102v1.17,@Lf",losalody,losalody
RF1b-er,f102v1,"f102v1.18,@Lf",opchdard,opchdard
RF1b-er,f102v1,"f102v1.19,@P0",faidaiin.dair.or.sheol.okeeol.qoteol<->orockhey.olkey,faidaiin dair or sheol okeeol qoteolorockhey olkey
RF1b-er,f102v1,"f102v1.20,+P0",soiin.shey.qokeey.qoeeol.qokeody.sheody.qoeteey.okeey.dam,soiin shey qokeey qoeeol qokeody sheody qoeteey okeey dam
RF1b-er,f102v1,"f102v1.21,+P0","qoeeody.ychey.okeody.deody.okody.cheo,daiin.cheody.sam",qoeeody ychey okeody deody okody cheo daiin cheody sam
RF1b-er,f102v1,"f102v1.22,+P0",ykeeody.chodaiin.qokeos.cheol.qool.chsey.oteody.okchy,ykeeody chodaiin qokeos cheol qool chsey oteody okchy
RF1b-er,f102v1,"f102v1.23,+P0","ksheody.sho.qokey.sheody.qockhey.ol,cheor.odain.okchody",ksheody sho qokey sheody qockhey ol cheor odain okchody
RF1b-er,f102v1,"f102v1.24,+P0",ysaiin.ckhey.qoor.cheol,ysaiin ckhey qoor cheol
RF1b-er,f103r,"f103r.1,@P0","pchedal.shdy.ytechypchy.otey.alshey.qoteey.qotal.shedy.yshdal.dain.okal.dal,dy",pchedal shdy ytechypchy otey alshey qoteey qotal shedy yshdal dain okal dal dy
RF1b-er,f103r,"f103r.2,+P0",dain.shek.chcphhdy.daloky.opchedy.pcheol.chep.ar.otchy.sal.lkeey.sar.ain.okad.chedy,dain shek chcphhdy daloky opchedy pcheol chep ar otchy sal lkeey sar ain okad chedy
RF1b-er,f103r,"f103r.3,+P0",yshdain.sheek.cheoty.chokal.chedy.chckhy.or.arol.okaiin.chal.ot.shkar.otar.chal,yshdain sheek cheoty chokal chedy chckhy or arol okaiin chal ot shkar otar chal
RF1b-er,f103r,"f103r.4,+P0","ychedy.qokedy.okedy.qokeey.okey.chdar.ol.loty.chedar,aly",ychedy qokedy okedy qokeey okey chdar ol loty chedar aly
RF1b-er,f103r,"f103r.5,+P0",pocharal.okedar.shedy.oteey.qokey.lkar.sheeky.okalor.shedy.yk???.rkar.otae.okdy,pocharal okedar shedy oteey qokey lkar sheeky okalor shedy rkar otae okdy
RF1b-er,f103r,"f103r.6,+P0",ocheey.dain.shek.okeedy.okey.shedy.qokealdy.shcthy.qotedy.qoto???.ota.???.sein.am,ocheey dain shek okeedy okey shedy qokealdy shcthy qotedy ota sein am
RF1b-er,f103r,"f103r.7,+P0",saiin.chey.shs.olshedy.qokeey.okeeody.qaedy.ol.shedy,saiin chey shs olshedy qokeey okeeody qaedy ol shedy
RF1b-er,f103r,"f103r.8,+P0",daroal.okey.chedy.okey.rain.okeeey.qoisal.qotar.adchey.ofcho.lt??dy.talkechdy.lo,daroal okey chedy okey rain okeeey qoisal qotar adchey ofcho talkechdy lo
RF1b-er,f103r,"f103r.9,+P0",oteeos.ar.cheal.okeey.shey.lkaiin.shey.lkear.otaiin.shedy.otey.l.eedy.okeedaram,oteeos ar cheal okeey shey lkaiin shey lkear otaiin shedy otey l eedy okeedaram
RF1b-er,f103r,"f103r.10,+P0","daiin.al.oain.okeol.chal.okam.chety.shedy.otaiin.shedy.teolshy.oteedy.s,ar.ain",daiin al oain okeol chal okam chety shedy otaiin shedy teolshy oteedy s ar ain
RF1b-er,f103r,"f103r.11,+P0",dar.ateey.otain.lolshedy.okain.chey.qoreiin.shey.otoy.qokeol.key.dackhyky,dar ateey otain lolshedy okain chey qoreiin shey otoy qokeol key dackhyky
RF1b-er,f103r,"f103r.12,+P0",oain.shey.shckhy.oteey.qokeol.keedy.shar.aiin.otedy,oain shey shckhy oteey qokeol keedy shar aiin otedy
RF1b-er,f103r,"f103r.13,+P0",pojar.sheor.qotedy.okeey.qokar.checkhy.qokain.chedy.pchdy.tshdy.dalkarol,pojar sheor qotedy okeey qokar checkhy qokain chedy pchdy tshdy dalkarol
RF1b-er,f103r,"f103r.14,+P0",okain.shekain.chedy.qokeechy.qoky.shey.lol.s.aiin.chey.chkain.chcthy.qoky,okain shekain chedy qokeechy qoky shey lol s aiin chey chkain chcthy qoky
RF1b-er,f103r,"f103r.15,+P0",qotedy.qokeey.shal.qotey.shkaiin,qotedy qokeey shal qotey shkaiin
RF1b-er,f103r,"f103r.16,+P0",dshol.sholkar.shdaiin.cheey.rar.okeey.shcfhedy.opcheol.oteedy.tchey.shky,dshol sholkar shdaiin cheey rar okeey shcfhedy opcheol oteedy tchey shky
RF1b-er,f103r,"f103r.17,+P0",sar.shey.qokeykeedy.qokeey.chckhy.qokal.oty.ar.aiin,sar shey qokeykeedy qokeey chckhy qokal oty ar aiin
RF1b-er,f103r,"f103r.18,+P0",polchedy.qokeol.okain.checthy.oteeylshedy.okain.qokain.qotalshedy.oteys,polchedy qokeol okain checthy oteeylshedy okain qokain qotalshedy oteys
RF1b-er,f103r,"f103r.19,+P0",okaiin.chey.qoy.shey.qokaiin.chedy.qokain.oteal.lkar.otaral.lkldy.lr,okaiin chey qoy shey qokaiin chedy qokain oteal lkar otaral lkldy lr
RF1b-er,f103r,"f103r.20,+P0",ychain.shckhy.qokaiin.shey.qokaiin.shedy.olor,ychain shckhy qokaiin shey qokaiin shedy olor
RF1b-er,f103r,"f103r.21,+P0",pcheam.sokedy.dalkar.otal.qokal.chepy.okedy.qoky.pchedy.okaly.qokeedy.lor,pcheam sokedy dalkar otal qokal chepy okedy qoky pchedy okaly qokeedy lor
RF1b-er,f103r,"f103r.22,+P0",dalshy.okain.shckhody.shdal.qokeedy.shedy.qotar.chcthy.chep.ar.otar.opchy,dalshy okain shckhody shdal qokeedy shedy qotar chcthy chep ar otar opchy
RF1b-er,f103r,"f103r.23,+P0",daiin.sheckhy.lchedy.chckhy.shol,daiin sheckhy lchedy chckhy shol
RF1b-er,f103r,"f103r.24,+P0",tchoky.okeal.shedy.qokal.oty.opchedy.qotain.shcthy.otey.dain.oteey.oky,tchoky okeal shedy qokal oty opchedy qotain shcthy otey dain oteey oky
RF1b-er,f103r,"f103r.25,+P0",dar.shey.qokain.chckhey.cheykain.chedal.okeeey.qoodain.okain.oteey.ol,dar shey qokain chckhey cheykain chedal okeeey qoodain okain oteey ol
RF1b-er,f103r,"f103r.26,+P0","oteedy.okeey.qoteey.shey.olcheedar.shey.l,otos",oteedy okeey qoteey shey olcheedar shey l otos
RF1b-er,f103r,"f103r.27,+P0","qokechy.okeey.qokeey.lkeeo,dy.sheey.qokeey.l,keol.tchey.qokeey.akeey.qokaly",qokechy okeey qokeey lkeeo dy sheey qokeey l keol tchey qokeey akeey qokaly
RF1b-er,f103r,"f103r.28,+P0",deshedy.qokeeey.dalkain.okaiin.chedy.qokeey.otain.ain.ol.cheey.lkeedy,deshedy qokeeey dalkain okaiin chedy qokeey otain ain ol cheey lkeedy
RF1b-er,f103r,"f103r.29,+P0",qokeeechy.shokeey.qochey.qokeey.chal.chedy,qokeeechy shokeey qochey qokeey chal chedy
RF1b-er,f103r,"f103r.30,+P0",pcholkchdy.sheckhy.qokey.okaiin.shedy.chpchy.opchedy.oteeykshy.chdaly,pcholkchdy sheckhy qokey okaiin shedy chpchy opchedy oteeykshy chdaly
RF1b-er,f103r,"f103r.31,+P0",saiin.chol.kaiin.chal.okaiin.shckhy.qokal.shdar.shchdy.okaiin.chty,saiin chol kaiin chal okaiin shckhy qokal shdar shchdy okaiin chty
RF1b-er,f103r,"f103r.32,+P0",okeey.shedy.qokedy.qokal.shety.otedy.shcthy.oraiin,okeey shedy qokedy qokal shety otedy shcthy oraiin
RF1b-er,f103r,"f103r.33,+P0",qokeey.chechy.qokey.shckhy.choldy.qokal.y.shedy.yteedy.qotail.shedy,qokeey chechy qokey shckhy choldy qokal y shedy yteedy qotail shedy
RF1b-er,f103r,"f103r.34,+P0","sheo,d.oshey.cheedalaiin",sheo d oshey cheedalaiin
RF1b-er,f103r,"f103r.35,+P0",qokeear.chain.olain.chey.kain.sheol.shedain.qokeedy.ykeedy.lcheg,qokeear chain olain chey kain sheol shedain qokeedy ykeedy lcheg
RF1b-er,f103r,"f103r.36,+P0",okool.chedy.okeedy.qokeedy.qokeey.shdy.otey.qokeey,okool chedy okeedy qokeedy qokeey shdy otey qokeey
RF1b-er,f103r,"f103r.37,+P0",pchedy.qokeey.qokeodair.qokshy.qokeedy.qokeedy.chsty.shey.shalky,pchedy qokeey qokeodair qokshy qokeedy qokeedy chsty shey shalky
RF1b-er,f103r,"f103r.38,+P0","otechedy.qokain.shcthy.chckhy.l,okeedy.checkhy.lokain.shedy.okeey",otechedy qokain shcthy chckhy l okeedy checkhy lokain shedy okeey
RF1b-er,f103r,"f103r.39,+P0",ykeedy.qokeey.lsheey.qotal.shedy.oteey,ykeedy qokeey lsheey qotal shedy oteey
RF1b-er,f103r,"f103r.40,+P0","qokeey.sheeal.shckhy.sheol.shody,ol.aiin.otedy.qoteey.loteir.otam",qokeey sheeal shckhy sheol shody ol aiin otedy qoteey loteir otam
RF1b-er,f103r,"f103r.41,+P0",cheol.sheeey.qotey.oteeal.oteedy.shetsho.keeosshey.qokeedy.qokal.dal,cheol sheeey qotey oteeal oteedy shetsho keeosshey qokeedy qokal dal
RF1b-er,f103r,"f103r.42,+P0",tshey.sheol.cheolshy.chalal,tshey sheol cheolshy chalal
RF1b-er,f103r,"f103r.43,+P0",tar.cheal.ol.sheey.qotal.sheal.qokal.sheedy.okeshedy.shokey.qokaiin,tar cheal ol sheey qotal sheal qokal sheedy okeshedy shokey qokaiin
RF1b-er,f103r,"f103r.44,+P0",odeeey.qokeey.shey.sheal.otshedy,odeeey qokeey shey sheal otshedy
RF1b-er,f103r,"f103r.45,+P0",qokeedy.qokeedy.shol.shedar.chedy.qoteedy.oteedy.olkeol.ltary,qokeedy qokeedy shol shedar chedy qoteedy oteedy olkeol ltary
RF1b-er,f103r,"f103r.46,+P0",cholkeey.qokeey.cheol.chorol.shedy.qokeey.qokeey.ol.laiin.chedan,cholkeey qokeey cheol chorol shedy qokeey qokeey ol laiin chedan
RF1b-er,f103r,"f103r.47,+P0",ssheey.okeeo.l.lchey.qokaly.lcheedy.oloraiin,ssheey okeeo l lchey qokaly lcheedy oloraiin
RF1b-er,f103r,"f103r.48,+P0",polarar.lshedy.qotolaiin.qokeey.qokchy.shkchy.opchealal.keey.sam,polarar lshedy qotolaiin qokeey qokchy shkchy opchealal keey sam
RF1b-er,f103r,"f103r.49,+P0","okeey.lr.ain.l.olsheed.qokeey.sheal.qokeedy.shedy.qoky.leees,ain.am",okeey lr ain l olsheed qokeey sheal qokeedy shedy qoky leees ain am
RF1b-er,f103r,"f103r.50,+P0",ssheey.l.shey.qol.cheey.chey.qokeey.okeey.qokain.cheey.qotain,ssheey l shey qol cheey chey qokeey okeey qokain cheey qotain
RF1b-er,f103r,"f103r.51,+P0",saiin.cheteey.shey.cheosaiin,saiin cheteey shey cheosaiin
RF1b-er,f103r,"f103r.52,+P0",pchedal.oteey.qolkeedy.qokeey.qoty.chepchy.qopchey.lkaiin.otalsy,pchedal oteey qolkeedy qokeey qoty chepchy qopchey lkaiin otalsy
RF1b-er,f103r,"f103r.53,+P0",sshey.qokedy.qokaiin.shdy.qokeey.chedy.qokeey.qokeey.lchedy.loty,sshey qokedy qokaiin shdy qokeey chedy qokeey qokeey lchedy loty
RF1b-er,f103r,"f103r.54,+P0",dsheey.qoteeey.darchedy.qokey.qoty,dsheey qoteeey darchedy qokey qoty
RF1b-er,f103v,"f103v.1,@P0",poldar.olfchey.qoky.dy.qokeey.qokeey.daiin.okeedaky.qoteiir.shedy.dal,poldar olfchey qoky dy qokeey qokeey daiin okeedaky qoteiir shedy dal
RF1b-er,f103v,"f103v.2,+P0",daiin.shey.qokal.shedy.qokeedy.qoteor.shey.qoty.chckhy.qotain.chalr,daiin shey qokal shedy qokeedy qoteor shey qoty chckhy qotain chalr
RF1b-er,f103v,"f103v.3,+P0",qok.or.chedy.qokey.dar.checthy.char.qoty.shdy.okeedy.qokeey.qokain,qok or chedy qokey dar checthy char qoty shdy okeedy qokeey qokain
RF1b-er,f103v,"f103v.4,+P0",ycheey.qokeey.okeey.lkees.ol.qoteedy.ykeedy,ycheey qokeey okeey lkees ol qoteedy ykeedy
RF1b-er,f103v,"f103v.5,+P0",pcheor.olkeey.cheky.qokshdy.qokaiin.okechdy.qopchdy.qotedy.qokaiin.oly,pcheor olkeey cheky qokshdy qokaiin okechdy qopchdy qotedy qokaiin oly
RF1b-er,f103v,"f103v.6,+P0",dain.shey.qokeedy.cheol.qoeeor.lshor.qoky.shedy.qokaiin.chedy.qokam,dain shey qokeedy cheol qoeeor lshor qoky shedy qokaiin chedy qokam
RF1b-er,f103v,"f103v.7,+P0",daiin.shey.chol.chey.oteey.lkeeor.okaiin.shedy.shedy.qokaiin.ol.chedydy,daiin shey chol chey oteey lkeeor okaiin shedy shedy qokaiin ol chedydy
RF1b-er,f103v,"f103v.8,+P0",sain.shey.olsheey.dair.chekaal.okeey,sain shey olsheey dair chekaal okeey
RF1b-er,f103v,"f103v.9,+P0",pchalshal.shorchdy.okear.okaiin.shedy.pchedy.qotchedy.qotar.ol.lkar,pchalshal shorchdy okear okaiin shedy pchedy qotchedy qotar ol lkar
RF1b-er,f103v,"f103v.10,+P0",or.cheey.qokeeshy.okeey.laiin.octhy.otedy.lor.aiin.shear.qotain.olldy,or cheey qokeeshy okeey laiin octhy otedy lor aiin shear qotain olldy
RF1b-er,f103v,"f103v.11,+P0",qokeedy.olkeeshy.qoky.qokalshed,qokeedy olkeeshy qoky qokalshed
RF1b-er,f103v,"f103v.12,+P0",sal.sheal.shedy.okeedy.qokeey.lol.shedy.pchor.pchedy.pol.sheedy.opalam,sal sheal shedy okeedy qokeey lol shedy pchor pchedy pol sheedy opalam
RF1b-er,f103v,"f103v.13,+P0",dain.sheey.olshy.otey.olshedy.qotshdy.okeey.lr.ain.okan.olshey,dain sheey olshy otey olshedy qotshdy okeey lr ain okan olshey
RF1b-er,f103v,"f103v.14,+P0",teeol.sheol.sho.qokeedy.shedy.qokey.oshedy.oteedy.qokain.otar.aiin.otam,teeol sheol sho qokeedy shedy qokey oshedy oteedy qokain otar aiin otam
RF1b-er,f103v,"f103v.15,+P0",tchedal.shey.lcheey.lchdy.ch.ar.olchey.lcheody.tedy.otain.otain.otaly,tchedal shey lcheey lchdy ch ar olchey lcheody tedy otain otain otaly
RF1b-er,f103v,"f103v.16,+P0",daiin.sheekchy.okeeshy.qol.shedy.otain.olkedy,daiin sheekchy okeeshy qol shedy otain olkedy
RF1b-er,f103v,"f103v.17,+P0",qokeedy.chedy.qoteey.oteedy.lkedy.shedy.qokal.ol.char.otal.opchedy,qokeedy chedy qoteey oteedy lkedy shedy qokal ol char otal opchedy
RF1b-er,f103v,"f103v.18,+P0",yshear.al.oqoiin.chckhey.lchedy.chedy.olaiin.oteedy.qokeedal.larorol,yshear al oqoiin chckhey lchedy chedy olaiin oteedy qokeedal larorol
RF1b-er,f103v,"f103v.19,+P0","daiin.chey.lkeey.chalkar.cheeey.l.chealain,or",daiin chey lkeey chalkar cheeey l chealain or
RF1b-er,f103v,"f103v.20,+P0",pol.char.otar.okaiin.shackhy.oteal.okain.qotal.shedy.qokeey.lolain,pol char otar okaiin shackhy oteal okain qotal shedy qokeey lolain
RF1b-er,f103v,"f103v.21,+P0",tokain.shal.qokeed.ateedy.sheoky.shackhhy.tar.teor.otam.oll,tokain shal qokeed ateedy sheoky shackhhy tar teor otam oll
RF1b-er,f103v,"f103v.22,+P0","olshey.qokshy.qotal,sheey.oloiin.oleeedy.qokain.shedy.qokey",olshey qokshy qotal sheey oloiin oleeedy qokain shedy qokey
RF1b-er,f103v,"f103v.23,+P0",ycheody.l.ar.cheey.or.aiiin.oteey.otal.otear.ar.ar.keey.qoty,ycheody l ar cheey or aiiin oteey otal otear ar ar keey qoty
RF1b-er,f103v,"f103v.24,+P0",ykeey.lchey.qokeey.ror.aiin.olan.otan.otain.otain.ar.y.kain,ykeey lchey qokeey ror aiin olan otan otain otain ar y kain
RF1b-er,f103v,"f103v.25,+P0",sain.olkeeey.qokan.oteedy.qotain.otal.oty.opar.aram.oteeam,sain olkeeey qokan oteedy qotain otal oty opar aram oteeam
RF1b-er,f103v,"f103v.26,+P0",yteey.qokeey.sheety.oteey.lshedy.oteaiin,yteey qokeey sheety oteey lshedy oteaiin
RF1b-er,f103v,"f103v.27,+P0","pcheody.arar.akeey.okeey.lchedy.oteal.lpar.otedy.qoteir.otar,yly",pcheody arar akeey okeey lchedy oteal lpar otedy qoteir otar yly
RF1b-er,f103v,"f103v.28,+P0",daiin.checkhy.ykeey.shckhy.otealshey.okain.chey.okeedy.poraiiny,daiin checkhy ykeey shckhy otealshey okain chey okeedy poraiiny
RF1b-er,f103v,"f103v.29,+P0",olcheeey.chey.lkeedy.sho.chcthy.sal.araiin.qokeey,olcheeey chey lkeedy sho chcthy sal araiin qokeey
RF1b-er,f103v,"f103v.30,+P0",pchear.okain.opchedy.pchol.fchedy.otedy.poly.lchedy.fchedey.rar,pchear okain opchedy pchol fchedy otedy poly lchedy fchedey rar
RF1b-er,f103v,"f103v.31,+P0",okeey.l.chey.qokeey.oqokeey.chedy.qekchy.daiin.chckhy.sar.olainy,okeey l chey qokeey oqokeey chedy qekchy daiin chckhy sar olainy
RF1b-er,f103v,"f103v.32,+P0",qokeeey.chey.qotey.chokaiin.shal.chedy.olkam,qokeeey chey qotey chokaiin shal chedy olkam
RF1b-er,f103v,"f103v.33,+P0",yshey.lkeey.qokain.okey.okaiin.cheody.otey.shdpchy.opchey.oly,yshey lkeey qokain okey okaiin cheody otey shdpchy opchey oly
RF1b-er,f103v,"f103v.34,+P0",daiin.sheey.ol.chey.qokshey.qokaiin.checkhy.otedy.lshey.lchdy,daiin sheey ol chey qokshey qokaiin checkhy otedy lshey lchdy
RF1b-er,f103v,"f103v.35,+P0",qol.shey.ykeey.akeey.lshey.sheckhy.chtain.oty.okedy.otaly,qol shey ykeey akeey lshey sheckhy chtain oty okedy otaly
RF1b-er,f103v,"f103v.36,+P0",saiin.shey.qokeey.oshey.olshedy,saiin shey qokeey oshey olshedy
RF1b-er,f103v,"f103v.37,+P0","olshey.qokain.ol.shey.qokeshe.lsheok.shdy.qcphey.chety,dar",olshey qokain ol shey qokeshe lsheok shdy qcphey chety dar
RF1b-er,f103v,"f103v.38,+P0",oteey.l.chees.ol.chey.chey.cholkeechy,oteey l chees ol chey chey cholkeechy
RF1b-er,f103v,"f103v.39,+P0",polshor.keeolshey.okey.lcharar.shol.okeedar.sher.aiin.oty.lchdy,polshor keeolshey okey lcharar shol okeedar sher aiin oty lchdy
RF1b-er,f103v,"f103v.40,+P0",yteey.sheal.shey.qoain.ol.keey.qokaiin.shckhy.lchedy.rain,yteey sheal shey qoain ol keey qokaiin shckhy lchedy rain
RF1b-er,f103v,"f103v.41,+P0",daiin.shey.l.shey.lshey.qoar.shas.al.otar.shedy.cthy.lchdy.rar,daiin shey l shey lshey qoar shas al otar shedy cthy lchdy rar
RF1b-er,f103v,"f103v.42,+P0",yshey.sheykain.chey.rar.arol.chsaly,yshey sheykain chey rar arol chsaly
RF1b-er,f103v,"f103v.43,+P0",orain.chckhey.qokaiin.shckhy.shtal.opchy.lkeedy.chdylchedy,orain chckhey qokaiin shckhy shtal opchy lkeedy chdylchedy
RF1b-er,f103v,"f103v.44,+P0","qkain.shey.ar.ar.oky.r,ain.chckhy.shedy.qokeory.lteedy.ro",qkain shey ar ar oky r ain chckhy shedy qokeory lteedy ro
RF1b-er,f103v,"f103v.45,+P0",okey.ol.cheey.lcheey.lkain.shckhy.sheckhyorain.otar.oly,okey ol cheey lcheey lkain shckhy sheckhyorain otar oly
RF1b-er,f103v,"f103v.46,+P0",tain.shol.qokain.chckhy.rorol.chdy.raly.oraiin.chary,tain shol qokain chckhy rorol chdy raly oraiin chary
RF1b-er,f104r,"f104r.1,@P0",pchdar.chedy.char.qopchedy.ocphedy.qopchedy.shedaiin.oteeochey.qopchedy.sain,pchdar chedy char qopchedy ocphedy qopchedy shedaiin oteeochey qopchedy sain
RF1b-er,f104r,"f104r.2,+P0",oar.aiin.yteeody.cheedaiin.cheodar.s.aiin.chey.tair.os.aiin.chcthedy.teedaram,oar aiin yteeody cheedaiin cheodar s aiin chey tair os aiin chcthedy teedaram
RF1b-er,f104r,"f104r.3,+P0",daiir.o.cthedy.oteee.ykar.otedy.otody.qoteeos.yteeody.oteedy.oky.okal.daram,daiir o cthedy oteee ykar otedy otody qoteeos yteeody oteedy oky okal daram
RF1b-er,f104r,"f104r.4,+P0",ol.sheedy.qokeedy.chedal.qodaiin.qodeiiiin.chry,ol sheedy qokeedy chedal qodaiin qodeiiiin chry
RF1b-er,f104r,"f104r.5,+P0",kchdal.qotaiin.qoshedy.ol.chl.ol.chedacphy.al.lod.pchdair.opchdy.qod,kchdal qotaiin qoshedy ol chl ol chedacphy al lod pchdair opchdy qod
RF1b-er,f104r,"f104r.6,+P0",ycheeody.aiin.lkar.cheeo.dain.ockhedy.qokeedy.qotain.otchdy.otain.chedam,ycheeody aiin lkar cheeo dain ockhedy qokeedy qotain otchdy otain chedam
RF1b-er,f104r,"f104r.7,+P0",dchodees.sheos.odaiin.otchedy.qodain.shedy.chedy.qodain.okar.ar.okaim,dchodees sheos odaiin otchedy qodain shedy chedy qodain okar ar okaim
RF1b-er,f104r,"f104r.8,+P0",olsheedy.lkeedy.lkeody.qokaiin.chedal.qokar.odar.qokal.okar.otar.odr,olsheedy lkeedy lkeody qokaiin chedal qokar odar qokal okar otar odr
RF1b-er,f104r,"f104r.9,+P0",ycheeoy.qokecho.qokol.cheeodam,ycheeoy qokecho qokol cheeodam
RF1b-er,f104r,"f104r.10,+P0",tol.chedal.cheockay.otyd.os.l.air.shdy.qokchd.octheody.cholfor.otalr,tol chedal cheockay otyd os l air shdy qokchd octheody cholfor otalr
RF1b-er,f104r,"f104r.11,+P0",otodchy.lkeody.qokair.otoly.shodar.cheey.okar.olkeedy,otodchy lkeody qokair otoly shodar cheey okar olkeedy
RF1b-er,f104r,"f104r.12,+P0",tshdol.qotchedy.qokoeey.qoteode.lo.sar.al.octhy.qotar.opchey.qotam,tshdol qotchedy qokoeey qoteode lo sar al octhy qotar opchey qotam
RF1b-er,f104r,"f104r.13,+P0","ol,cheol.qodain.chokar.okcho.lkain.okar.cheody.okeeody.qodam.chdy",ol cheol qodain chokar okcho lkain okar cheody okeeody qodam chdy
RF1b-er,f104r,"f104r.14,+P0","daiin.choaiin.qokechy.qotal.cheo,lor.saiin.olkeechey.otal.ol.oeeal",daiin choaiin qokechy qotal cheo lor saiin olkeechey otal ol oeeal
RF1b-er,f104r,"f104r.15,+P0","sar.chodaiin.chody.okar.otolkeechdy.okal.kaiin.cheo,daiin",sar chodaiin chody okar otolkeechdy okal kaiin cheo daiin
RF1b-er,f104r,"f104r.16,+P0","ocheocthey.qoctheody.ykeeo,dey.qoepchy.opchey.qoty.sh.tey.yteedy.shody",ocheocthey qoctheody ykeeo dey qoepchy opchey qoty sh tey yteedy shody
RF1b-er,f104r,"f104r.17,+P0",ykeeshedy.olkeeody.qotey.qokar.chedy.qokedy.oteechy.chyteody.okar.ody,ykeeshedy olkeeody qotey qokar chedy qokedy oteechy chyteody okar ody
RF1b-er,f104r,"f104r.18,+P0",dcheeokeody.qokain.qolar.or.chockhar.otalkshedy,dcheeokeody qokain qolar or chockhar otalkshedy
RF1b-er,f104r,"f104r.19,+P0",toaiin.chdar.otar.shd.qotar.olkchedy.cheokeey.kary.opair.otar.airod.lshd,toaiin chdar otar shd qotar olkchedy cheokeey kary opair otar airod lshd
RF1b-er,f104r,"f104r.20,+P0",dsheoy.qocthey.qokchdy.qokaiin.chol.rar.cheody.cheeekan.ar.ain.ar.alam,dsheoy qocthey qokchdy qokaiin chol rar cheody cheeekan ar ain ar alam
RF1b-er,f104r,"f104r.21,+P0",dsheedy.qokaiin.chear.olkchedy.charaiin,dsheedy qokaiin chear olkchedy charaiin
RF1b-er,f104r,"f104r.22,+P0",tshedar.chllo.rl.shed.kchedy.chokor.cheedy.opchar.cheor.chckhey.taiin.dam,tshedar chllo rl shed kchedy chokor cheedy opchar cheor chckhey taiin dam
RF1b-er,f104r,"f104r.23,+P0",ol.sheockhey.chol.kechdy.okeedal.lkain.cholkeeody.otchor.aiir.chol.kar.alol,ol sheockhey chol kechdy okeedal lkain cholkeeody otchor aiir chol kar alol
RF1b-er,f104r,"f104r.24,+P0","daiin.char.qotal.okechol.olkeeor.ol,keeodal.lkaiin.chal.keeedy.qokam",daiin char qotal okechol olkeeor ol keeodal lkaiin chal keeedy qokam
RF1b-er,f104r,"f104r.25,+P0",sar.okair.chckhey.qodaiin.chckhy.checkhd.l.raiin.otain.ar.airam,sar okair chckhey qodaiin chckhy checkhd l raiin otain ar airam
RF1b-er,f104r,"f104r.26,+P0",shar.sheey.kar.sheody,shar sheey kar sheody
RF1b-er,f104r,"f104r.27,+P0",pchedar.qokaiin.qotaiin.dl.ral.cheodl.cphaiin.daiin.ar.qekeeey.qoparaiin,pchedar qokaiin qotaiin dl ral cheodl cphaiin daiin ar qekeeey qoparaiin
RF1b-er,f104r,"f104r.28,+P0",olcheear.chedar.or.aror.sheey.olkeechy.or.char.cheeol.s.or.or.aiin.atam,olcheear chedar or aror sheey olkeechy or char cheeol s or or aiin atam
RF1b-er,f104r,"f104r.29,+P0",ysheodaiin.shody.yteedy.cheedar.or.air.cheoltar.arodly,ysheodaiin shody yteedy cheedar or air cheoltar arodly
RF1b-er,f104r,"f104r.30,+P0",okeeolkeeo.dain.lkeodaiin.qokeeo.lkeeeey.okeody.otechdy.opcheoef.qopaiin,okeeolkeeo dain lkeodaiin qokeeo lkeeeey okeody otechdy opcheoef qopaiin
RF1b-er,f104r,"f104r.31,+P0","qokeeo.aiin.oksheey.ok,ol,chey.lcheeey.oteey.lkechedy.qokaiin.chedar.cholcham",qokeeo aiin oksheey ok ol chey lcheeey oteey lkechedy qokaiin chedar cholcham
RF1b-er,f104r,"f104r.32,+P0",ysheeody.qocth.okshey.otechshy.cheol.taiin.shoda.lkaiin.cheodain.qokar.alchd,ysheeody qocth okshey otechshy cheol taiin shoda lkaiin cheodain qokar alchd
RF1b-er,f104r,"f104r.33,+P0",okchechy.qokcheedy.otchdal.qokal.char.olkeeey.olcheo.lkaiin.chey.roly,okchechy qokcheedy otchdal qokal char olkeeey olcheo lkaiin chey roly
RF1b-er,f104r,"f104r.34,+P0",pchol.ksheody.qokeshedy.qotal.chedy.qokaiin.otaiin.cheody.qokal.taiin.cholxy,pchol ksheody qokeshedy qotal chedy qokaiin otaiin cheody qokal taiin cholxy
RF1b-er,f104r,"f104r.35,+P0",yshoiin.qocheol.chedaiin.qodal.chey.chol.cheol.olaly,yshoiin qocheol chedaiin qodal chey chol cheol olaly
RF1b-er,f104r,"f104r.36,+P0",psheody.qotar.chopar.qotaly.qotshead.qotechy.kaiin.okar.qopchar.opam,psheody qotar chopar qotaly qotshead qotechy kaiin okar qopchar opam
RF1b-er,f104r,"f104r.37,+P0",okaiin.cheodal.qoaiin.okar.oraiin.okar.oteody.qokaiin.okal.qotir,okaiin cheodal qoaiin okar oraiin okar oteody qokaiin okal qotir
RF1b-er,f104r,"f104r.38,+P0",akaiin.archeol.qokchol.kcheody.qotchdy,akaiin archeol qokchol kcheody qotchdy
RF1b-er,f104r,"f104r.39,+P0",pcholor.ar.aiin.alkchdy.qotal.chol.qoar.aiin.qopcheedy.qotair.ofaiino,pcholor ar aiin alkchdy qotal chol qoar aiin qopcheedy qotair ofaiino
RF1b-er,f104r,"f104r.40,+P0",olkeeos.olkaiin.oair.qcthy.oiinolal.ly.oeear.chcthy.olched.qotaiiin,olkeeos olkaiin oair qcthy oiinolal ly oeear chcthy olched qotaiiin
RF1b-er,f104r,"f104r.41,+P0",qoteey.qokeor.saiir.qoty.qokl.lkaiin.yteedy.qokain.oqockhy.dar,qoteey qokeor saiir qoty qokl lkaiin yteedy qokain oqockhy dar
RF1b-er,f104r,"f104r.42,+P0",y.lshedy.cholkar,y lshedy cholkar
RF1b-er,f104r,"f104r.43,+P0",tsheodl.qotaiin.qokchedy.ykchdy.pchedy.qokeedy.oteey.qokain.oteo.l.dal,tsheodl qotaiin qokchedy ykchdy pchedy qokeedy oteey qokain oteo l dal
RF1b-er,f104r,"f104r.44,+P0",okcheochy.cheey.qoeedaiin.qokeey.ar.cheol.olkair.qokaiin.otaiin.okam,okcheochy cheey qoeedaiin qokeey ar cheol olkair qokaiin otaiin okam
RF1b-er,f104r,"f104r.45,+P0",daiin.olcheeo.l.s.aiin.otain.ar.chedy.qokaiin.otaiin.otaiin,daiin olcheeo l s aiin otain ar chedy qokaiin otaiin otaiin
RF1b-er,f104v,"f104v.1,@P0","pchdaiin.opcheedy.or,ar.oltcheey.opchedy.ol.ear.aiir.aly.cheodaiin.cheekain.dom",pchdaiin opcheedy or ar oltcheey opchedy ol ear aiir aly cheodaiin cheekain dom
RF1b-er,f104v,"f104v.2,+P0","ychedaiin.qoteed.chockhy.otaiin.ydaiin.qokamdy.otar,ar.al,ched.otair.oram",ychedaiin qoteed chockhy otaiin ydaiin qokamdy otar ar al ched otair oram
RF1b-er,f104v,"f104v.3,+P0",shod.chedy.qotaiin.odaiin.okeol.ockhhy.chol.qokeedy.qotair.oeedaiin.ol.dl,shod chedy qotaiin odaiin okeol ockhhy chol qokeedy qotair oeedaiin ol dl
RF1b-er,f104v,"f104v.4,+P0",qoteedy.chedaiin.chokar.qotol.qotched.chol.chey.qol.chedy.qoeeey.qokeedy,qoteedy chedaiin chokar qotol qotched chol chey qol chedy qoeeey qokeedy
RF1b-er,f104v,"f104v.5,+P0",dcheol.chdeey.oeeodain.s.airol.chedal,dcheol chdeey oeeodain s airol chedal
RF1b-er,f104v,"f104v.6,+P0",solchd.shol.sheol.qokchy.qoko.l.chedy.shedy.qokain.cheedy.cpheo.opchedy.qotady,solchd shol sheol qokchy qoko l chedy shedy qokain cheedy cpheo opchedy qotady
RF1b-er,f104v,"f104v.7,+P0",o.scheo.lchody.cheey.qocky.cheo.ain.o.chedy.cheedy.chedy.sol.cheodalol,o scheo lchody cheey qocky cheo ain o chedy cheedy chedy sol cheodalol
RF1b-er,f104v,"f104v.8,+P0","tchodls.cheeody.cheeool.ls.air.ykeedy.chotedy.qotched,y.chedy.qoeky.qoteeo.lo",tchodls cheeody cheeool ls air ykeedy chotedy qotched y chedy qoeky qoteeo lo
RF1b-er,f104v,"f104v.9,+P0",ycheo.lcheod.otaiin.qokeedy.qokaiin.chear.ol.chedaiin.qotar.chedy.qoty.dal,ycheo lcheod otaiin qokeedy qokaiin chear ol chedaiin qotar chedy qoty dal
RF1b-er,f104v,"f104v.10,+P0",shol.cheedy.qokaiin.qoteedy.otaiin.oteedy.qotedor.okain.cheos.cheeo.lchey,shol cheedy qokaiin qoteedy otaiin oteedy qotedor okain cheos cheeo lchey
RF1b-er,f104v,"f104v.11,+P0",ycheedy.qocthhy.ykchedor.cheeky.qokchd.qotol.qokol.qokol.daiin,ycheedy qocthhy ykchedor cheeky qokchd qotol qokol qokol daiin
RF1b-er,f104v,"f104v.12,+P0",polchechy.oteoy.chotchs.cheeta.oteeey.oteedy.qoty.ched.l.cheol.par.oltedy.chedam,polchechy oteoy chotchs cheeta oteeey oteedy qoty ched l cheol par oltedy chedam
RF1b-er,f104v,"f104v.13,+P0",ycheol.cheody.qoeechdy.qokeol.qotaiin.chedar.cheo.lkaiin.cheetar.aiin.cheetaiin,ycheol cheody qoeechdy qokeol qotaiin chedar cheo lkaiin cheetar aiin cheetaiin
RF1b-er,f104v,"f104v.14,+P0",ytchedy.qokeeo.lcheolshedy.s.aiin.cheky.daindl,ytchedy qokeeo lcheolshedy s aiin cheky daindl
RF1b-er,f104v,"f104v.15,+P0",talkshey.chocthy.qokeochy.qokchy.qotcheo.qotcheo.dlchd.chedy.tchdy.qotchdy.ram,talkshey chocthy qokeochy qokchy qotcheo qotcheo dlchd chedy tchdy qotchdy ram
RF1b-er,f104v,"f104v.16,+P0",dcheedy.qockheey.chdor.ar.aiin.chcthhy.dchdar.chdy.qokchedy.olkchy.qokain.dadam,dcheedy qockheey chdor ar aiin chcthhy dchdar chdy qokchedy olkchy qokain dadam
RF1b-er,f104v,"f104v.17,+P0",ycheechy.cheey.cheos.ais.otkchedy.cholkchy.qotchdy.qotol.sheedy.or.ain.cheol,ycheechy cheey cheos ais otkchedy cholkchy qotchdy qotol sheedy or ain cheol
RF1b-er,f104v,"f104v.18,+P0","dcheeoy.qokaiiin.qokaiin.lkar.ytaiin.otcheo,chy.sarain",dcheeoy qokaiiin qokaiin lkar ytaiin otcheo chy sarain
RF1b-er,f104v,"f104v.19,+P0",pcheor.chol.chpcheor.cholkshedy.qotol.sheedy.qokchy.qotched.sho.fchor.ols.aiin.chekal,pcheor chol chpcheor cholkshedy qotol sheedy qokchy qotched sho fchor ols aiin chekal
RF1b-er,f104v,"f104v.20,+P0",or.sheeo.lcheedy.qokeey.qochey.qotcheedy.qotchedy.qokol.chor.chorol.chdar.otam,or sheeo lcheedy qokeey qochey qotcheedy qotchedy qokol chor chorol chdar otam
RF1b-er,f104v,"f104v.21,+P0",yshor.sheedy.qokaiin.shokchey.qokeey.chodain,yshor sheedy qokaiin shokchey qokeey chodain
RF1b-er,f104v,"f104v.22,+P0",ytchedy.qokchedy.qotchy.qokchedy.qokchd.lsaiin.qchor.sheos.ytaiin.chey.tal,ytchedy qokchedy qotchy qokchedy qokchd lsaiin qchor sheos ytaiin chey tal
RF1b-er,f104v,"f104v.23,+P0","tchey.qokchey.qochey.qodeey.qodaiin.chodaiin.chckhdy.dairar.otar.qotai,n,?l",tchey qokchey qochey qodeey qodaiin chodaiin chckhdy dairar otar qotai n
RF1b-er,f104v,"f104v.24,+P0","ykaiin.chear.cheeey.d,aiiin.cheo.dal,aiin.chockhedy.chedaiin.otor.qokar.ary",ykaiin chear cheeey d aiiin cheo dal aiin chockhedy chedaiin otor qokar ary
RF1b-er,f104v,"f104v.25,+P0","dsheey.qoykeey.lchedy.qokedaiin.archcthy.daiin.cheey.s,air.ol.aiin.chedy",dsheey qoykeey lchedy qokedaiin archcthy daiin cheey s air ol aiin chedy
RF1b-er,f104v,"f104v.26,+P0",ysheor.sheey.qodaiin.chodar.chochs,ysheor sheey qodaiin chodar chochs
RF1b-er,f104v,"f104v.27,+P0",pchoror.shor.sheol.sheol.sheol.qokchedy.chdor.sho.r.aiin.chpchs.aiin.al,pchoror shor sheol sheol sheol qokchedy chdor sho r aiin chpchs aiin al
RF1b-er,f104v,"f104v.28,+P0","olsho.ls,air.olcheey.qokeechy.qokchy.daiin.chody.qodaiin.cheody",olsho ls air olcheey qokeechy qokchy daiin chody qodaiin cheody
RF1b-er,f104v,"f104v.29,+P0",kche.shodaiin.qokeey.cheokcheo.lol.kaiin.qotchdy.lcheo.l.chedy.l.cheed.chaim,kche shodaiin qokeey cheokcheo lol kaiin qotchdy lcheo l chedy l cheed chaim
RF1b-er,f104v,"f104v.30,+P0","ycheol.kaiin.cheo,dy.shaiin.qoeeol.otairor.cheeody.okcheey.lkair.ar.ar.adam",ycheol kaiin cheo dy shaiin qoeeol otairor cheeody okcheey lkair ar ar adam
RF1b-er,f104v,"f104v.31,+P0","y.cheoraiin.cthey.chol.sheo,dy.qokair.qoeey.cheey.lkeedy",y cheoraiin cthey chol sheo dy qokair qoeey cheey lkeedy
RF1b-er,f104v,"f104v.32,+P0","fchedykchedy.cheocphey.or.ain.cheeos.aiiiro.l,cheedy.l,cheedy.qosaiin.cfheo.ar.als.am",fchedykchedy cheocphey or ain cheeos aiiiro l cheedy l cheedy qosaiin cfheo ar als am
RF1b-er,f104v,"f104v.33,+P0",yteeey.cheeod.ykeey.kaiin.qokaiin.cheey.or.ol.ar.odar.chedain.etar.ar.air.ary,yteeey cheeod ykeey kaiin qokaiin cheey or ol ar odar chedain etar ar air ary
RF1b-er,f104v,"f104v.34,+P0",ycheo.lkeed.qotain.okaiin.chokain.okain.cheol.olcho,ycheo lkeed qotain okaiin chokain okain cheol olcho
RF1b-er,f104v,"f104v.35,+P0",psheodar.sheedy.qotchedar.oteedy.qotaiin.okacfhhy.sheody.qokedy.topaiin.am,psheodar sheedy qotchedar oteedy qotaiin okacfhhy sheody qokedy topaiin am
RF1b-er,f104v,"f104v.36,+P0",sar.aiir.sheos.qoiiin.okeedy.qokcheodaiin,sar aiir sheos qoiiin okeedy qokcheodaiin
RF1b-er,f104v,"f104v.37,+P0",posairy.ytedar.chedy.shoefcheeykechy.sar.odl.air.shey.qopcheey.sol.ain.orodam,posairy ytedar chedy shoefcheeykechy sar odl air shey qopcheey sol ain orodam
RF1b-er,f104v,"f104v.38,+P0",okechey.chedy.chchy.qotain.qokain.chey.or.aiin.cheo.ar.aiin.chedain.okag,okechey chedy chchy qotain qokain chey or aiin cheo ar aiin chedain okag
RF1b-er,f104v,"f104v.39,+P0","yshey.r,ar.a.kain.char.lkeey.roiir.shey.cheey.kar.ar.lkchs.ary.r.air.alod",yshey r ar a kain char lkeey roiir shey cheey kar ar lkchs ary r air alod
RF1b-er,f104v,"f104v.40,+P0",qokeeey.okchedy.qokeey.aiin.odain.orchedy.qoky,qokeeey okchedy qokeey aiin odain orchedy qoky
RF1b-er,f104v,"f104v.41,+P0",tchedy.qotechy.otcheeolkeeda.qoty.raiin.cheedy.qotaiin.oteedy.qotain,tchedy qotechy otcheeolkeeda qoty raiin cheedy qotaiin oteedy qotain
RF1b-er,f104v,"f104v.42,+P0",oteedchey.qoeeda.lchal.cheedy.qoteey.sheey.teeeo.dar.cheed.qotain.chedy,oteedchey qoeeda lchal cheedy qoteey sheey teeeo dar cheed qotain chedy
RF1b-er,f104v,"f104v.43,+P0",chey.keeey.qockheey.lkeey.okeeedy.qokeey.okeeey.qotoodaiin.okain.orom,chey keeey qockheey lkeey okeeedy qokeey okeeey qotoodaiin okain orom
RF1b-er,f104v,"f104v.44,+P0",daiin.y.cheeo.chey.okeeey.qokeeey.okeey.okeey,daiin y cheeo chey okeeey qokeeey okeey okeey
RF1b-er,f105r,"f105r.1,@P0",paiindar.chcphy.qokeey.qopaiin.ypcheeey.saraisl.aiin.cheedy.kaiin.arody,paiindar chcphy qokeey qopaiin ypcheeey saraisl aiin cheedy kaiin arody
RF1b-er,f105r,"f105r.2,+P0",dshees.yey.cheey.raiin.otchdy.qodor.ches.or.cheey.okees.odar.cheody.qody,dshees yey cheey raiin otchdy qodor ches or cheey okees odar cheody qody
RF1b-er,f105r,"f105r.3,+P0",alshey.qoden.odeey.kcheody.cheeo.ar.yteey.ytchy.otedy.qokeedy.qokeey.rol,alshey qoden odeey kcheody cheeo ar yteey ytchy otedy qokeedy qokeey rol
RF1b-er,f105r,"f105r.4,+P0","ykaiin.olkeedy.odaiin.ok,ar.eeeodaiin.yteey.ochedy.qokeeey.oy.teedy.qotam",ykaiin olkeedy odaiin ok ar eeeodaiin yteey ochedy qokeeey oy teedy qotam
RF1b-er,f105r,"f105r.5,+P0",daiin.yteedy.yteeeody.yl.cheod.or.aiiroekey.otchdy.otey,daiin yteedy yteeeody yl cheod or aiiroekey otchdy otey
RF1b-er,f105r,"f105r.6,+P0",par.arody.shedeeey.qopchedy.qody.qoteody.aiin.yteody.qokor.olpshedy,par arody shedeeey qopchedy qody qoteody aiin yteody qokor olpshedy
RF1b-er,f105r,"f105r.7,+P0",ysheeody.ykeeos.or.aiiin.shey.qodaiiin.qokeed.qokeey.saiin.aiirody,ysheeody ykeeos or aiiin shey qodaiiin qokeed qokeey saiin aiirody
RF1b-er,f105r,"f105r.8,+P0",sheey.oleeey.or.air.qokaiin.chey.qokeedy.qokedy.oteedy.lchedy.oesal,sheey oleeey or air qokaiin chey qokeedy qokedy oteedy lchedy oesal
RF1b-er,f105r,"f105r.9,+P0",oeeoleey.okeeady.okeey.okchey,oeeoleey okeeady okeey okchey
RF1b-er,f105r,"f105r.10,+Pr",sairy.ore.daiindy.ytam,sairy ore daiindy ytam
RF1b-er,f105r,"f105r.11,*P0",pdaroshedy.otcheos.oiiinal.tchedarchy.fchosaiin.polaiin.polkeeey.dyaiin,pdaroshedy otcheos oiiinal tchedarchy fchosaiin polaiin polkeeey dyaiin
RF1b-er,f105r,"f105r.12,+P0",yaiir.yteeody.qoeeody.qoeedy.kchedy.qotchdy.otcheey.chey.teeor.ykedy.ry,yaiir yteeody qoeeody qoeedy kchedy qotchdy otcheey chey teeor ykedy ry
RF1b-er,f105r,"f105r.13,+P0",dyteey.qokdy.chedy.chedy.dal.qoked.shedy.qoteody.cheedy.ot,dyteey qokdy chedy chedy dal qoked shedy qoteody cheedy ot
RF1b-er,f105r,"f105r.14,+P0",kesoar.qoeeedy.keeody.dlls.air.shckhy.oekeody.cheody.oeey.qokeeody.sheolkeey,kesoar qoeeedy keeody dlls air shckhy oekeody cheody oeey qokeeody sheolkeey
RF1b-er,f105r,"f105r.15,+P0",lksheey.ol.r.aiin.okeedy.olkeeody.lkaiin.okeeol.oteeol.shod.daiin.aral,lksheey ol r aiin okeedy olkeeody lkaiin okeeol oteeol shod daiin aral
RF1b-er,f105r,"f105r.16,+P0",yteody.oteeeos.aiin.odal.oiir.oteedy.oral,yteody oteeeos aiin odal oiir oteedy oral
RF1b-er,f105r,"f105r.17,+P0",lteedy.okeeddl.sheokedy.qokedy.shol.kol.aiirol.qokchedy.daiin.okedy.qeky,lteedy okeeddl sheokedy qokedy shol kol aiirol qokchedy daiin okedy qeky
RF1b-er,f105r,"f105r.18,+P0",sheoy.oleedy.daiin.al.chedy.okeeey.chdaiin.otedy.cheoty.oteedy.oteey.chdy,sheoy oleedy daiin al chedy okeeey chdaiin otedy cheoty oteedy oteey chdy
RF1b-er,f105r,"f105r.19,+P0",dsechey.oteol.daiindy.raiin.chedy.laiin.okeeody.okeeyteedy.odaiin.aiir.al,dsechey oteol daiindy raiin chedy laiin okeeody okeeyteedy odaiin aiir al
RF1b-er,f105r,"f105r.20,+P0",s.aiin.chey.teol.ykair.paiir.olkaiin.olfaiin.odar.al.airody.al.teedar.dam,s aiin chey teol ykair paiir olkaiin olfaiin odar al airody al teedar dam
RF1b-er,f105r,"f105r.21,+P0",ycheo.lkedy.qoeey.qokedy.qokedal.saiin.otol.shody.chedy.okaiin.chekaim,ycheo lkedy qoeey qokedy qokedal saiin otol shody chedy okaiin chekaim
RF1b-er,f105r,"f105r.22,+P0",olkchokeedy.ypair.oepaiin.opail.oteodl.eeol.keey.r.aiin.ylkaiin.am.ols,olkchokeedy ypair oepaiin opail oteodl eeol keey r aiin ylkaiin am ols
RF1b-er,f105r,"f105r.23,+P0",dchees.opchey.oeeodeey.chefchedy,dchees opchey oeeodeey chefchedy
RF1b-er,f105r,"f105r.24,+P0",pcheor.ain.ckheey.okeeey.paiin.ar.aiiin.chpaiikey.sheo.pcheey.dal.daiin.dam,pcheor ain ckheey okeeey paiin ar aiiin chpaiikey sheo pcheey dal daiin dam
RF1b-er,f105r,"f105r.25,+P0",deeedy.cheodkedy.chedy.decthdy.daiiils.airols,deeedy cheodkedy chedy decthdy daiiils airols
RF1b-er,f105r,"f105r.26,+P0","pdal.sheey.yqopchy.airal.sheey.fchdy.qopchdy.r,aiir.oky.chdedy.qodeedy.qotedy",pdal sheey yqopchy airal sheey fchdy qopchdy r aiir oky chdedy qodeedy qotedy
RF1b-er,f105r,"f105r.27,+P0",dair.cho.al.r.lal.cheesy.cphedy,dair cho al r lal cheesy cphedy
RF1b-er,f105r,"f105r.28,+P0",pchsed.sheefy.opchey.qoteedy.qoeey.qokeedy.laiiin.odaiin.aiir.opair.kechedy,pchsed sheefy opchey qoteedy qoeey qokeedy laiiin odaiin aiir opair kechedy
RF1b-er,f105r,"f105r.29,+P0","o,ees.olkeedy.qockhy.raiin.chol.okair.oteedy.qopchedy.odaiin.ypchedy.ykam",o ees olkeedy qockhy raiin chol okair oteedy qopchedy odaiin ypchedy ykam
RF1b-er,f105r,"f105r.30,+P0","ol,eed,ar.aiildy.dar.oiin.y.teey.tair.cheody.qokolky.cheolkary",ol eed ar aiildy dar oiin y teey tair cheody qokolky cheolkary
RF1b-er,f105r,"f105r.31,+P0",todeey.lchl.shx.ar.aiijy.cpheesy.okal.lkedy.lkar.chedy.qokaiin.or.fchoky,todeey lchl shx ar aiijy cpheesy okal lkedy lkar chedy qokaiin or fchoky
RF1b-er,f105r,"f105r.32,+P0",ycheochy.lkeol.daiin.qkair.olkchey.dar.qopchdy.dair.otar.ar.ajam,ycheochy lkeol daiin qkair olkchey dar qopchdy dair otar ar ajam
RF1b-er,f105r,"f105r.33,+P0",okeeodair.oteey.lkeey.teeolteedy.ot.okal.or.aiiin.qokaiin.ar.airod,okeeodair oteey lkeey teeolteedy ot okal or aiiin qokaiin ar airod
RF1b-er,f105r,"f105r.34,+P0",dor.ail.cheky.kar.odaiin.ykl.al.oees.al.ar.alkam,dor ail cheky kar odaiin ykl al oees al ar alkam
RF1b-er,f105r,"f105r.35,+P0",ypchedy.okaiir.opcheedy.qokair.dar.kal.otar.al.qokal.kor.orolpchey.ofory,ypchedy okaiir opcheedy qokair dar kal otar al qokal kor orolpchey ofory
RF1b-er,f105r,"f105r.36,+P0",dyteey.otedaiin.otar.ol.chedy.ted.qotar.oteodar.otam.ytedy.otaiin,dyteey otedaiin otar ol chedy ted qotar oteodar otam ytedy otaiin
RF1b-er,f105r,"f105r.37,+Pc",otoiir.chedaiin.otair.otaly,otoiir chedaiin otair otaly
RF1b-er,f105v,"f105v.1,@P0",polairy.oair.olpcheey.ykaiin.olpchedy.opchedaiin.dairody.ypcheddy.sairy,polairy oair olpcheey ykaiin olpchedy opchedaiin dairody ypcheddy sairy
RF1b-er,f105v,"f105v.2,+P0",ysheod.ykeeedy.keshed.qodaiin.oteodair.or.chkar.otaiin.chpor.or.otchy.otor,ysheod ykeeedy keshed qodaiin oteodair or chkar otaiin chpor or otchy otor
RF1b-er,f105v,"f105v.3,+P0",dshedy.qoedaiin.ytaiin.okair.qotal.dol.okoldy.qokedy.opched.oteedy.qotaiin,dshedy qoedaiin ytaiin okair qotal dol okoldy qokedy opched oteedy qotaiin
RF1b-er,f105v,"f105v.4,+P0",olkeeol.orchsey.qokeedy.chdor.olar.ol.keeol.chedaiin,olkeeol orchsey qokeedy chdor olar ol keeol chedaiin
RF1b-er,f105v,"f105v.5,+P0",pchedal.qopchdy.daiin.chedy.daiin.okaildy.opchedaiin.apcheo.olkeedy.sairom,pchedal qopchdy daiin chedy daiin okaildy opchedaiin apcheo olkeedy sairom
RF1b-er,f105v,"f105v.6,+P0",dcheo.fcheeojy.ckheey.dar.aiin.al.dar.ar.daiiidy.otedy.oteody.ytaiin.g,dcheo fcheeojy ckheey dar aiin al dar ar daiiidy otedy oteody ytaiin g
RF1b-er,f105v,"f105v.7,+P0",ycheeo.lkaiin.otair.ol.olkaiin.okairody.lchedr,ycheeo lkaiin otair ol olkaiin okairody lchedr
RF1b-er,f105v,"f105v.8,+P0","fadal.kedar.olpchesd.ar,aiin.ksheeol.opchedy.pchedy.opcheddl.pchdar.air.odar",fadal kedar olpchesd ar aiin ksheeol opchedy pchedy opcheddl pchdar air odar
RF1b-er,f105v,"f105v.9,+P0",lcheey.qoeees.y.daiin.okairy.otchedy.ockhedy.otchey.daiin.or.r.ail.l.okam,lcheey qoeees y daiin okairy otchedy ockhedy otchey daiin or r ail l okam
RF1b-er,f105v,"f105v.10,+P0",ykeey.ky.che.oiiin.dal.kaiin.otairo.l.kair.chedy.s.odar.air.al.oral.odaj,ykeey ky che oiiin dal kaiin otairo l kair chedy s odar air al oral odaj
RF1b-er,f105v,"f105v.11,+P0",roees.aiiin.ol.okaiin.os.aiin.chckhodu.qoteedy.ckhddl.aiir.apar.kaiishdy,roees aiiin ol okaiin os aiin chckhodu qoteedy ckhddl aiir apar kaiishdy
RF1b-er,f105v,"f105v.12,+P0",ysheedy.aiin.okeol.ykedor.ar.ar.alkair.otor.otaiin.otal.kair.am,ysheedy aiin okeol ykedor ar ar alkair otor otaiin otal kair am
RF1b-er,f105v,"f105v.13,+P0",saiin.opchedy.qokchdy.otar.al.kair.okees.lkeedal,saiin opchedy qokchdy otar al kair okees lkeedal
RF1b-er,f105v,"f105v.14,+P0",pchedaiin.chckhdy.qokaiir.olpchedy.olord.aiiin.tail.odar.kard.chtchy,pchedaiin chckhdy qokaiir olpchedy olord aiiin tail odar kard chtchy
RF1b-er,f105v,"f105v.15,+P0",ycheey.kar.ykeey.otaiin.otal.dar.chdos.kalchedy.opchdy.daiin.oraiin.r,ycheey kar ykeey otaiin otal dar chdos kalchedy opchdy daiin oraiin r
RF1b-er,f105v,"f105v.16,+P0",daiin.cheey.dal.chl.okair.aiin.cpheor.aiin.okal.chodaiin.otaiin.opaiim,daiin cheey dal chl okair aiin cpheor aiin okal chodaiin otaiin opaiim
RF1b-er,f105v,"f105v.17,+P0",alr.aiin.chey.lraiin.lkl.dl.lklor.diiinolkaiin,alr aiin chey lraiin lkl dl lklor diiinolkaiin
RF1b-er,f105v,"f105v.18,+P0",pchor.chedaiin.okaiin.cholkal.qolkaiin.oltchdy.qopchsd.opair.orair.karaim,pchor chedaiin okaiin cholkal qolkaiin oltchdy qopchsd opair orair karaim
RF1b-er,f105v,"f105v.19,+P0","ycheey.aiin.otleey.lkaiir.cheeo.taiin.ok,eed.ail.kchey.rokaix.am",ycheey aiin otleey lkaiir cheeo taiin ok eed ail kchey rokaix am
RF1b-er,f105v,"f105v.20,+P0","porair.chopchdy.chedain.otair.otchod.aiin.alol.cheo.ypchedy.kair,odl.lpaim",porair chopchdy chedain otair otchod aiin alol cheo ypchedy kair odl lpaim
RF1b-er,f105v,"f105v.21,+P0",ykeeo.daiim.sheey.qokaiin.cheot.daiin.qoek.eeykeody.qopaiin.or.aiikam,ykeeo daiim sheey qokaiin cheot daiin qoek eeykeody qopaiin or aiikam
RF1b-er,f105v,"f105v.22,+P0",daiin.cheodaiin.chedal.air.okaiin.cheey,daiin cheodaiin chedal air okaiin cheey
RF1b-er,f105v,"f105v.23,+P0",tcholtaiin.odal.kl.chees.aiiin.shees.qopdaiin.chods.alkeey.paradam,tcholtaiin odal kl chees aiiin shees qopdaiin chods alkeey paradam
RF1b-er,f105v,"f105v.24,+P0",alcheey.okaiin.otar.oto.daiin.ckheol.lkol.pchedypaiin,alcheey okaiin otar oto daiin ckheol lkol pchedypaiin
RF1b-er,f105v,"f105v.25,+P0",kchdaldy.alfo.lfcheedy.ofaiir.opchey.fchedy.qotor.oeeeodr.qopar.acfhhy.dl,kchdaldy alfo lfcheedy ofaiir opchey fchedy qotor oeeeodr qopar acfhhy dl
RF1b-er,f105v,"f105v.26,+P0",lkl.sheeodees.otaiin.otar.otal.or.aiin.chedor.alkaiin.chs.alkaiin.ry,lkl sheeodees otaiin otar otal or aiin chedor alkaiin chs alkaiin ry
RF1b-er,f105v,"f105v.27,+P0",sheoe.arxor.eesy.qopchea.ain.orkchdy.daiin.oteedy.kolkair.otaiilody,sheoe arxor eesy qopchea ain orkchdy daiin oteedy kolkair otaiilody
RF1b-er,f105v,"f105v.28,+P0",oeoar.ar.al.odor.aiil.otaiin,oeoar ar al odor aiil otaiin
RF1b-er,f105v,"f105v.29,+P0",tdol.toroaldar.aiir.okokeedy.karodyqoeedy.sho.qopchedy.daiin.opairam,tdol toroaldar aiir okokeedy karodyqoeedy sho qopchedy daiin opairam
RF1b-er,f105v,"f105v.30,+P0",dchedy.cheey.qokor.otaiin.otair.otair.okeedy.taiin.aiin.s.aiin.sy,dchedy cheey qokor otaiin otair otair okeedy taiin aiin s aiin sy
RF1b-er,f105v,"f105v.31,+P0",ychtaiir.aiichy.dol.aiin.otaiin.aiidy.okchd.otar.daiin,ychtaiir aiichy dol aiin otaiin aiidy okchd otar daiin
RF1b-er,f105v,"f105v.32,+P0","poar.keeodaiin.qoair.ar.acfhhey.qoeedeody.qokaiin.qotedair.apo.rair,apy",poar keeodaiin qoair ar acfhhey qoeedeody qokaiin qotedair apo rair apy
RF1b-er,f105v,"f105v.33,+P0",lsheody.tair.oteey.oteeo.o.l.otaiin.okeey.qokaiin.or.aiir.al.dar,lsheody tair oteey oteeo o l otaiin okeey qokaiin or aiir al dar
RF1b-er,f105v,"f105v.34,+P0","sheeo.daiin.chsd.qokeeey.dair.okaiin.otaiin.chedaiin.olkal.lkl,dain",sheeo daiin chsd qokeeey dair okaiin otaiin chedaiin olkal lkl dain
RF1b-er,f105v,"f105v.35,+P0",doee.otcheeo.l.taiin.atcheedy.chor.aiin.odaiin.chedy.otaiin.al.kaishd,doee otcheeo l taiin atcheedy chor aiin odaiin chedy otaiin al kaishd
RF1b-er,f105v,"f105v.36,+P0",laiin.sheod.okeeody.qoaiin.ytaiin.otair.chdal.dydaim.chdaiin.ockhhy,laiin sheod okeeody qoaiin ytaiin otair chdal dydaim chdaiin ockhhy
RF1b-er,f105v,"f105v.37,+P0",yshey.ckhy.sheo.qoeeo.lkaiin.chs.okol.tchdy.sheeey.okaiin.ar.aildy,yshey ckhy sheo qoeeo lkaiin chs okol tchdy sheeey okaiin ar aildy
RF1b-er,f105v,"f105v.38,+P0",cheody.oaiir.ain.okshey,cheody oaiir ain okshey
RF1b-er,f106r,"f106r.1,@P0",pshdar.shoefy.yteedy.shal.korchy.sheky.otchedy.okshed.qotedy.qoted.ykeeody,pshdar shoefy yteedy shal korchy sheky otchedy okshed qotedy qoted ykeeody
RF1b-er,f106r,"f106r.2,+P0",shedchy.ytchedy.chees.otshes.okcho.chdy.qoteedy.ched.chedy.chedy.qotar.rod,shedchy ytchedy chees otshes okcho chdy qoteedy ched chedy chedy qotar rod
RF1b-er,f106r,"f106r.3,+P0",dshes.lchedy.lkchedy.ytchdy.or.cheos,dshes lchedy lkchedy ytchdy or cheos
RF1b-er,f106r,"f106r.4,+P0",pcheodair.okchedy.olkeeedy.or.arojy.qopchdy.sholfchdy.cheeky.lchedy.qokag,pcheodair okchedy olkeeedy or arojy qopchdy sholfchdy cheeky lchedy qokag
RF1b-er,f106r,"f106r.5,+P0","ysheor.aiin.char.okaiin.qokeechy.checkhy.qok,eod.ar.qokeo.lkeo.lcho,ram",ysheor aiin char okaiin qokeechy checkhy qok eod ar qokeo lkeo lcho ram
RF1b-er,f106r,"f106r.6,+P0","shor.sheor.orkchsd.otair.or.qokeeo.raiin.qokeeo,lchedy.ol,chedy.qokeol.qoky",shor sheor orkchsd otair or qokeeo raiin qokeeo lchedy ol chedy qokeol qoky
RF1b-er,f106r,"f106r.7,+P0",olched.qoiin.ychedy.qokam.sheol.qokar.cheees,olched qoiin ychedy qokam sheol qokar cheees
RF1b-er,f106r,"f106r.8,+P0",porarchy.arar.ol.kaiin.shedy.oteedy.qotor.qoteedo.qoteedy.dair.okeedaim,porarchy arar ol kaiin shedy oteedy qotor qoteedo qoteedy dair okeedaim
RF1b-er,f106r,"f106r.9,+P0",ychor.chol.qokain.chocphol.lchedy.qocheo.qokar,ychor chol qokain chocphol lchedy qocheo qokar
RF1b-er,f106r,"f106r.10,+P0",pshoair.lkeeshedy.qokain.cheoly.qokedy.lchedy.qokedy.otedy.qotoky,pshoair lkeeshedy qokain cheoly qokedy lchedy qokedy otedy qotoky
RF1b-er,f106r,"f106r.11,+P0",sar.aiin.cheol.aiin.cheokey.raiin.chokar.cholky.okeees.aiin.okeey.lchg,sar aiin cheol aiin cheokey raiin chokar cholky okeees aiin okeey lchg
RF1b-er,f106r,"f106r.12,+P0","okeey.lcheedy.olkeey.qokeeb.d,chedy",okeey lcheedy olkeey qokeeb d chedy
RF1b-er,f106r,"f106r.13,+P0",pcheol.sheokaiin.otey.qokeeor.sheoaiin.otchey.pcheo.ror.aiin.daiinopal,pcheol sheokaiin otey qokeeor sheoaiin otchey pcheo ror aiin daiinopal
RF1b-er,f106r,"f106r.14,+P0",ychol.akaiin.olcheey.dolchedy.otair.otal.chedy.okeor,ychol akaiin olcheey dolchedy otair otal chedy okeor
RF1b-er,f106r,"f106r.15,+P0",podaroar.oteeolchor.shol.tchedy.chotar.opchedy.opches.aiin.okchdam,podaroar oteeolchor shol tchedy chotar opchedy opches aiin okchdam
RF1b-er,f106r,"f106r.16,+P0",sain.oin.okain.aiin.arol.ocheedy.lkeeeady.daiin.chedar.okol.otar.chdam,sain oin okain aiin arol ocheedy lkeeeady daiin chedar okol otar chdam
RF1b-er,f106r,"f106r.17,+P0","yochor.lshedy.qockhey.qokedain.or.aiin,chodar",yochor lshedy qockhey qokedain or aiin chodar
RF1b-er,f106r,"f106r.18,+P0",kshed.dsheol.qokeedy.otol.okeedy.lkeedar.sheopchy.qopchy.qotolchy.qoty.chdy,kshed dsheol qokeedy otol okeedy lkeedar sheopchy qopchy qotolchy qoty chdy
RF1b-er,f106r,"f106r.19,+P0",otchedy.qokeey.shosaiin.qokaiin.otain.cholkeeey.ltal.olcheey.qotchoraiin.y,otchedy qokeey shosaiin qokaiin otain cholkeeey ltal olcheey qotchoraiin y
RF1b-er,f106r,"f106r.20,+P0",ytaiin.cheey.qokaiin.shaiin.qokeedy.sail.chedy.cheodal.qochedy.qokaiin,ytaiin cheey qokaiin shaiin qokeedy sail chedy cheodal qochedy qokaiin
RF1b-er,f106r,"f106r.21,+P0",olkeedy.qokchedy.cheo.lkeedy.chearaiin.akain,olkeedy qokchedy cheo lkeedy chearaiin akain
RF1b-er,f106r,"f106r.22,+P0",tshodair.olkeees.odain.qokeedy.opchor.aror.pcheeody.daiir.opchedy.apchody,tshodair olkeees odain qokeedy opchor aror pcheeody daiir opchedy apchody
RF1b-er,f106r,"f106r.23,+P0",ychedy.qckhedy.dair.al.qokedy.shecphy.qokchy.otedy.dar.aror,ychedy qckhedy dair al qokedy shecphy qokchy otedy dar aror
RF1b-er,f106r,"f106r.24,+P0","podshedy.qokchedy.lkechor.otchod,ar.cho.lky.chedar.otaiin.chkchedaram",podshedy qokchedy lkechor otchod ar cho lky chedar otaiin chkchedaram
RF1b-er,f106r,"f106r.25,+P0","soraiin.cheeo.lo.lchey.qokaiin.shedy.okain.shear.qokain.chees.ykar,ain",soraiin cheeo lo lchey qokaiin shedy okain shear qokain chees ykar ain
RF1b-er,f106r,"f106r.26,+P0",ycheeo.lkeey,ycheeo lkeey
RF1b-er,f106r,"f106r.27,+P0",tcheoka.lkshedy.qokaiin.lky.raiin.chy.rody.chlar.cheeorfor.cheoly,tcheoka lkshedy qokaiin lky raiin chy rody chlar cheeorfor cheoly
RF1b-er,f106r,"f106r.28,+P0",okaiin.ol.lcho.rchea.raiin.qokaiin.chey.chokaiin.chear.ar.al.raralchl,okaiin ol lcho rchea raiin qokaiin chey chokaiin chear ar al raralchl
RF1b-er,f106r,"f106r.29,+P0",saiin.chal.chlal.okal.ykalaiin.okain.qokain.ar.okaiin.chor.aiiny,saiin chal chlal okal ykalaiin okain qokain ar okaiin chor aiiny
RF1b-er,f106r,"f106r.30,+P0",ycheeo.lkaiin.cho.rar.sheolkain.shor.sar.aiiry.sheoal.kairam,ycheeo lkaiin cho rar sheolkain shor sar aiiry sheoal kairam
RF1b-er,f106r,"f106r.31,+P0",yshar.chkar.aiiiky.ral.cheol.oraiin,yshar chkar aiiiky ral cheol oraiin
RF1b-er,f106r,"f106r.32,+P0",paral.shokeeody.qokain.chckhy.olteeedy.qopches.al.karchy.qotedary,paral shokeeody qokain chckhy olteeedy qopches al karchy qotedary
RF1b-er,f106r,"f106r.33,+P0",ycheol.chokaiin.sheody.chody.qokaiin.ar.akair.aiir.okaly,ycheol chokaiin sheody chody qokaiin ar akair aiir okaly
RF1b-er,f106r,"f106r.34,+P0","tcheorsho.lkshey.lpcheo.ro.lpchey.opor,aiin.chpchy.qopcheody.qotar,ain",tcheorsho lkshey lpcheo ro lpchey opor aiin chpchy qopcheody qotar ain
RF1b-er,f106r,"f106r.35,+P0",okaiin.choky.lkar.chdy.lchedy,okaiin choky lkar chdy lchedy
RF1b-er,f106r,"f106r.36,+P0",psheodalo.dar.sheodal.qotedy.qotes.aiin.okalal.shdy.otaiin.shedy,psheodalo dar sheodal qotedy qotes aiin okalal shdy otaiin shedy
RF1b-er,f106r,"f106r.37,+P0",tchodaiin.tcheo.dlchy,tchodaiin tcheo dlchy
RF1b-er,f106r,"f106r.38,+P0",pshodaiin.opchy.shoteeody.shotchey.yteey.sholfaiin.opchdy.lchdy.dol,pshodaiin opchy shoteeody shotchey yteey sholfaiin opchdy lchdy dol
RF1b-er,f106r,"f106r.39,+P0",ycheool.cheeey.ol.aiin.cheody.laiiin.chekal.cheey.okchar.aiin.aloal,ycheool cheeey ol aiin cheody laiiin chekal cheey okchar aiin aloal
RF1b-er,f106r,"f106r.40,+P0",shaiin.ar.aiin.sheey.lkaiin.sheedy.shedy.qokal.chey.okaiin.chdaldy,shaiin ar aiin sheey lkaiin sheedy shedy qokal chey okaiin chdaldy
RF1b-er,f106r,"f106r.41,+P0",dairalsheod.shedy.cholchedy.cheal.shory,dairalsheod shedy cholchedy cheal shory
RF1b-er,f106r,"f106r.42,+P0",pcheodar.shol.kain.okeechedy.qoteey.shotchy.qotylpaiin.shedy.lar,pcheodar shol kain okeechedy qoteey shotchy qotylpaiin shedy lar
RF1b-er,f106r,"f106r.43,+P0",daiiral.sheal.daiin.otedy.qokain.akar.cheor.al.taiin.chekal.otarar,daiiral sheal daiin otedy qokain akar cheor al taiin chekal otarar
RF1b-er,f106r,"f106r.44,+P0",dshedy.qoteey.otaiin.chy.chealol.chlchd.aiin.oty.otair.otaiikam,dshedy qoteey otaiin chy chealol chlchd aiin oty otair otaiikam
RF1b-er,f106r,"f106r.45,+P0",ysheedal.okain.akain.otar.kaiin.chdalkair.olkair.alkeedy.okal,ysheedal okain akain otar kaiin chdalkair olkair alkeedy okal
RF1b-er,f106r,"f106r.46,+P0",sotchdaiin.shadaiin.otedy.qokeedy.qokaiin.ykar.qokain.cheedy.lol,sotchdaiin shadaiin otedy qokeedy qokaiin ykar qokain cheedy lol
RF1b-er,f106r,"f106r.47,+P0","ycheo,ar.okain.qokain.char.oky.cheokam",ycheo ar okain qokain char oky cheokam
RF1b-er,f106v,"f106v.1,@P0",fsheda.loain.opaiiral.oteodaiin.chopchy.otair.kar.alalor.aiin.aly.kar,fsheda loain opaiiral oteodaiin chopchy otair kar alalor aiin aly kar
RF1b-er,f106v,"f106v.2,+P0",daiin.al.sheeodar.y.chtain.char.otar.qokar.okar.shed.sheo.keorain.amchy,daiin al sheeodar y chtain char otar qokar okar shed sheo keorain amchy
RF1b-er,f106v,"f106v.3,+P0",yshedaiin.shckhy.cheokchy.sar.al.cholchedy.ytain.oteir.al.chdy.daly.lody,yshedaiin shckhy cheokchy sar al cholchedy ytain oteir al chdy daly lody
RF1b-er,f106v,"f106v.4,+P0",ycheoto.lsheo.aiin.chcthy.okain.chdal.chdam.charam,ycheoto lsheo aiin chcthy okain chdal chdam charam
RF1b-er,f106v,"f106v.5,+P0",tshoar.oeey.qokain.shypchedy.opched.qopchedy.otaiin.chepar.aiin.octhy.dair.ry,tshoar oeey qokain shypchedy opched qopchedy otaiin chepar aiin octhy dair ry
RF1b-er,f106v,"f106v.6,+P0",daiin.shody.kchedy.sheody.olkaiin.shtar.chody.talshdy.qokain.kararo,daiin shody kchedy sheody olkaiin shtar chody talshdy qokain kararo
RF1b-er,f106v,"f106v.7,+P0",soy.shealsho.dy.chain.shol.kain.shokaiin.qotaiin.chodar.ail.dal.dar.loror,soy shealsho dy chain shol kain shokaiin qotaiin chodar ail dal dar loror
RF1b-er,f106v,"f106v.8,+P0",oraiin.cheo.rol.aiin.otaiin,oraiin cheo rol aiin otaiin
RF1b-er,f106v,"f106v.9,+P0",tshodaiin.sholkair.orainkar.aiin.shtchy.qopchdy.qopchy.lolkair.shear.am,tshodaiin sholkair orainkar aiin shtchy qopchdy qopchy lolkair shear am
RF1b-er,f106v,"f106v.10,+P0",ysheody.cheol.oteey.qodaiin.ytain.ychdy.oltydy,ysheody cheol oteey qodaiin ytain ychdy oltydy
RF1b-er,f106v,"f106v.11,+P0","tchdys.ar,shedy.oteeody.kshedy.qotchdy.qotar.shedy.qotedy.opchy.kaiin.sham",tchdys ar shedy oteeody kshedy qotchdy qotar shedy qotedy opchy kaiin sham
RF1b-er,f106v,"f106v.12,+P0","ycheey.qoeedy.chodain.otal,chdy.qokaiin.chokaiin.chody.qokal.otal.otam",ycheey qoeedy chodain otal chdy qokaiin chokaiin chody qokal otal otam
RF1b-er,f106v,"f106v.13,+P0",olkeealkchedy.qoeeey.ral.ches.al.ytar.shsy.lchey.ykaiin.shy.lkam,olkeealkchedy qoeeey ral ches al ytar shsy lchey ykaiin shy lkam
RF1b-er,f106v,"f106v.14,+P0","schedy.raiin.char.ar,shey.chedy.aiiin.alkam",schedy raiin char ar shey chedy aiiin alkam
RF1b-er,f106v,"f106v.15,+P0",tcheoykar.shedy.qofchdy.otshedy.qokchdy.qotshdy.qokchdy.kair.alody,tcheoykar shedy qofchdy otshedy qokchdy qotshdy qokchdy kair alody
RF1b-er,f106v,"f106v.16,+P0",sarar.okear.aiin.chotal.shody.qotchdy.qotar.shedy.chodal.chedy.qotam,sarar okear aiin chotal shody qotchdy qotar shedy chodal chedy qotam
RF1b-er,f106v,"f106v.17,+P0",salar.sheadar.okain.qodaiin.chodal,salar sheadar okain qodaiin chodal
RF1b-er,f106v,"f106v.18,+P0",pshodalos.qokshdy.qokshy.opchdy.qokshd.ar.shdar.oeedy.qotaly.dairy,pshodalos qokshdy qokshy opchdy qokshd ar shdar oeedy qotaly dairy
RF1b-er,f106v,"f106v.19,+P0","dar,shy.otaiin.otal.chedy.r.ain.olaiin.otaiin.sain",dar shy otaiin otal chedy r ain olaiin otaiin sain
RF1b-er,f106v,"f106v.20,+P0",polchs.lkaiir.shokar.choefy.shar.qokor.sheeo.kolshes.okcharain,polchs lkaiir shokar choefy shar qokor sheeo kolshes okcharain
RF1b-er,f106v,"f106v.21,+P0",ycheolkaiin.cheo.lchdaiin.osaiin.okal.sheedy.qokchedy,ycheolkaiin cheo lchdaiin osaiin okal sheedy qokchedy
RF1b-er,f106v,"f106v.22,+P0",tshod.qokchy.qokaiin.okshy.qokar.shedy.shey.qopshedy.shdykairylam,tshod qokchy qokaiin okshy qokar shedy shey qopshedy shdykairylam
RF1b-er,f106v,"f106v.23,+P0",ol.kalol.shar.chor.okal.chdy.chol.chedy.qotaiin.or.aiin.okeedy.qokain,ol kalol shar chor okal chdy chol chedy qotaiin or aiin okeedy qokain
RF1b-er,f106v,"f106v.24,+P0",saraiin.salshedy.qokchdy.qokol.chdaiin.chdal.air.odl.charain.otacfhy,saraiin salshedy qokchdy qokol chdaiin chdal air odl charain otacfhy
RF1b-er,f106v,"f106v.25,+P0",sar.sheol.chol.shar.chol.okarol,sar sheol chol shar chol okarol
RF1b-er,f106v,"f106v.26,+P0","tar.air.kshdain.okal.chdy.l,chedy.kshar.chopchy.otches.ar,al.opchdy",tar air kshdain okal chdy l chedy kshar chopchy otches ar al opchdy
RF1b-er,f106v,"f106v.27,+P0",olcheo.odaiin.sheotal.shoar.qokeey.oarar,olcheo odaiin sheotal shoar qokeey oarar
RF1b-er,f106v,"f106v.28,+P0",psheody.olkeedy.qokor.sheos.choty.qotaiin.oteody.otaiin.qokar.otydy,psheody olkeedy qokor sheos choty qotaiin oteody otaiin qokar otydy
RF1b-er,f106v,"f106v.29,+P0",ycheey.olchey.chedy.qotaiin.cheos.otaiin.otain.chotar.olos.aiin.cheog,ycheey olchey chedy qotaiin cheos otaiin otain chotar olos aiin cheog
RF1b-er,f106v,"f106v.30,+P0","otaiin.okochey.qody.oeesysarx.akeey.oteedy.ksheody.qokeedy.qoto,kody",otaiin okochey qody oeesysarx akeey oteedy ksheody qokeedy qoto kody
RF1b-er,f106v,"f106v.31,+P0",sheeyko.shody.chosaiin.olcham,sheeyko shody chosaiin olcham
RF1b-er,f106v,"f106v.32,+P0",polos.shdair.sheky.keedy.qoeedy.qofchedy.sair.al.pchedy.ypodaiin.sarag,polos shdair sheky keedy qoeedy qofchedy sair al pchedy ypodaiin sarag
RF1b-er,f106v,"f106v.33,+P0",choaiin.ody.qotar.chey.ol.aiin.chea.dychy,choaiin ody qotar chey ol aiin chea dychy
RF1b-er,f106v,"f106v.34,+P0",pchodaiin.kcheeor.al.ky.shcthy.otos.ar.odal.pcheody.qotaiin.otor.alodam,pchodaiin kcheeor al ky shcthy otos ar odal pcheody qotaiin otor alodam
RF1b-er,f106v,"f106v.35,+P0",shody.shockhy.qokeey.qokchol.kchedy.shdy.kchedy.chedy.qockhey.okaiin.al,shody shockhy qokeey qokchol kchedy shdy kchedy chedy qockhey okaiin al
RF1b-er,f106v,"f106v.36,+P0",sol.sheedy.qokaiin.cholkaiin,sol sheedy qokaiin cholkaiin
RF1b-er,f106v,"f106v.37,+P0",pyoaly.cheoaiir.al.kcheodar.qodaiin.shcphoor.shedy.otedar.opol.fchedy.odr,pyoaly cheoaiir al kcheodar qodaiin shcphoor shedy otedar opol fchedy odr
RF1b-er,f106v,"f106v.38,+P0","okcheo,dy.qokeey.otchey.qokeey.qokeedal.qotchkeey.qol.rody.raiin.oty",okcheo dy qokeey otchey qokeey qokeedal qotchkeey qol rody raiin oty
RF1b-er,f106v,"f106v.39,+P0",qokaiin.cheykar.oteol,qokaiin cheykar oteol
RF1b-er,f106v,"f106v.40,+P0","ko.sheo,dy.qody.ches.aiin.dair.air.opchedy.pchdy.kolchedy.tcheodar.podkos",ko sheo dy qody ches aiin dair air opchedy pchdy kolchedy tcheodar podkos
RF1b-er,f106v,"f106v.41,+P0","otedy.qoar.cheey.kaiin.qoteeo,dy.okaiin.oteey.qoteedy.choty",otedy qoar cheey kaiin qoteeo dy okaiin oteey qoteedy choty
RF1b-er,f106v,"f106v.42,+P0",py.chal.shedy.qoteedy.cheyky.okedaiin.otedy.odaiin.chdy.chy.keedy.lkey,py chal shedy qoteedy cheyky okedaiin otedy odaiin chdy chy keedy lkey
RF1b-er,f106v,"f106v.43,+P0",chedy.okeey.qokeedy.okeey.sheey.qokaiin.al.al.kalos.chedy.dkaiin.chcthy,chedy okeey qokeedy okeey sheey qokaiin al al kalos chedy dkaiin chcthy
RF1b-er,f106v,"f106v.44,+P0",cthey.chey.okal.chey.keeyrain.okeeo.otaiin.chedar.oteedy.otol.oty,cthey chey okal chey keeyrain okeeo otaiin chedar oteedy otol oty
RF1b-er,f106v,"f106v.45,+P0",ysair.okeey.cheodain.chey.tchar.oqotaiin.oty.raral.oteey.sar.aildy,ysair okeey cheodain chey tchar oqotaiin oty raral oteey sar aildy
RF1b-er,f106v,"f106v.46,+P0",ytar.okain.cheokaiin.chedy.okeeey.chkaiin.ol.oky.raiin.cheoar.chos,ytar okain cheokaiin chedy okeeey chkaiin ol oky raiin cheoar chos
RF1b-er,f106v,"f106v.47,+P0",dcheoaiin.shky,dcheoaiin shky
RF1b-er,f107r,"f107r.1,@P0",pchdlar.shealor.ykeeol.qokchy.otor.okeesodar.tarair.ateey.otaiin.ytar,pchdlar shealor ykeeol qokchy otor okeesodar tarair ateey otaiin ytar
RF1b-er,f107r,"f107r.2,+P0",dchey.qoteos.aiin.shedy.oteed.qor.aiin.cheockhy.olkeey.qotain.chey.qeeey.lor,dchey qoteos aiin shedy oteed qor aiin cheockhy olkeey qotain chey qeeey lor
RF1b-er,f107r,"f107r.3,+P0",olcheey.cheos.qokeeey.ycheedy.qotain.ykain.okeey.raiin,olcheey cheos qokeeey ycheedy qotain ykain okeey raiin
RF1b-er,f107r,"f107r.4,+P0","teeody.chedain.qoteey.qokar.deeo,ltedy.otar.ain.chajy.otokcho.qoked.okchedy",teeody chedain qoteey qokar deeo ltedy otar ain chajy otokcho qoked okchedy
RF1b-er,f107r,"f107r.5,+P0",olkchedy.tedy.oteeey.okchedy.qokeed.qokear.chedy.chokchedy.qokain.ar,olkchedy tedy oteeey okchedy qokeed qokear chedy chokchedy qokain ar
RF1b-er,f107r,"f107r.6,+P0",okcheey.qokeedy.chotchedy.daiinar.oteey.lteey.chedaiin.okeeey.otaiin.am,okcheey qokeedy chotchedy daiinar oteey lteey chedaiin okeeey otaiin am
RF1b-er,f107r,"f107r.7,+P0",ytaiin.cheotchey.okaiin.chckhy.okeedy.otcheey,ytaiin cheotchey okaiin chckhy okeedy otcheey
RF1b-er,f107r,"f107r.8,+P0",tarshor.sheeey.oteeol.qokeey.qokedy.lkaiin.qokaiin.qokar.al.okirolcy,tarshor sheeey oteeol qokeey qokedy lkaiin qokaiin qokar al okirolcy
RF1b-er,f107r,"f107r.9,+P0",okaiin.sheey.tcheol.kain.okeey.chedy.oteedy.chdykchedy.chey.kain.an,okaiin sheey tcheol kain okeey chedy oteedy chdykchedy chey kain an
RF1b-er,f107r,"f107r.10,+P0",yteedy.qokeedy.okeol.lchedy.qokal.lor.sheal.cheedaiin.chey.sair.alom,yteedy qokeedy okeol lchedy qokal lor sheal cheedaiin chey sair alom
RF1b-er,f107r,"f107r.11,+P0","cheeo.cheea,l.qokaiin.ytain.y.keeol.l.oraiin.okaiin.okar.okaiin.otaram",cheeo cheea l qokaiin ytain y keeol l oraiin okaiin okar okaiin otaram
RF1b-er,f107r,"f107r.12,+P0",y.chol.chal.loraiir.aiinal,y chol chal loraiir aiinal
RF1b-er,f107r,"f107r.13,+P0",polchls.aiin.sheky.qokaiin.opchal.shedy.pshedaiin.otodal.shedy.otaral,polchls aiin sheky qokaiin opchal shedy pshedaiin otodal shedy otaral
RF1b-er,f107r,"f107r.14,+P0","cthedy.lshedy.cheol,chear.ar.alam.chtaiin.otar,ain.chey.qokaiin.otain",cthedy lshedy cheol chear ar alam chtaiin otar ain chey qokaiin otain
RF1b-er,f107r,"f107r.15,+P0","ychal.aiin.chey.qockhal.shal.otar,aiin.sheky.okeeey.raiin.airal",ychal aiin chey qockhal shal otar aiin sheky okeeey raiin airal
RF1b-er,f107r,"f107r.16,+P0",tolshosor.olkeedy.qotaiin.otalar.opcheol.qeeoy.shey.kair.otaiinam,tolshosor olkeedy qotaiin otalar opcheol qeeoy shey kair otaiinam
RF1b-er,f107r,"f107r.17,+P0",sair.chey.losaiin.chey,sair chey losaiin chey
RF1b-er,f107r,"f107r.18,+P0","poalosy.shey.tar.acphy.farsheey.fal.rolchy.sheey.opalkaiin.ypaiin,al",poalosy shey tar acphy farsheey fal rolchy sheey opalkaiin ypaiin al
RF1b-er,f107r,"f107r.19,+P0",oaiin.ol.rar.sheey.ylar.aiin.cholal.dy.cheeody.okeeey.cheodaiin.aldy,oaiin ol rar sheey ylar aiin cholal dy cheeody okeeey cheodaiin aldy
RF1b-er,f107r,"f107r.20,+P0",tcheol.tcheedy,tcheol tcheedy
RF1b-er,f107r,"f107r.21,+P0",taror.olal.akain.okaiin.qotal.shaiin.qokeol.lkaiin.akeeo.lkaiin.aiin,taror olal akain okaiin qotal shaiin qokeol lkaiin akeeo lkaiin aiin
RF1b-er,f107r,"f107r.22,+P0",yksheal.okaiiin.shockhy.daiin.qotalal.lshedy.qokal.r.aiiin.okair.lldy,yksheal okaiiin shockhy daiin qotalal lshedy qokal r aiiin okair lldy
RF1b-er,f107r,"f107r.23,+P0",chodaiin.shar.chodaiin,chodaiin shar chodaiin
RF1b-er,f107r,"f107r.24,+P0","pal.al,chky.okil.cheol.kair.lkain.qokeeo.kair.dar.aiin,pchod.l,kaiiin.olfy",pal al chky okil cheol kair lkain qokeeo kair dar aiin pchod l kaiiin olfy
RF1b-er,f107r,"f107r.25,+P0",ycheain.chal.kal.chedy.qokaiin.chody.qokchdy.qokal.char.chdalal.om,ycheain chal kal chedy qokaiin chody qokchdy qokal char chdalal om
RF1b-er,f107r,"f107r.26,+P0",olcheor.shey.cheey.olcheol.kaiin.otair.okal.cheody,olcheor shey cheey olcheol kaiin otair okal cheody
RF1b-er,f107r,"f107r.27,+P0","py,dar.aiiroj.qokiir.otiir.ofchedy.qofchedy.qofchol.chkaiin.chpaiin.orol",py dar aiiroj qokiir otiir ofchedy qofchedy qofchol chkaiin chpaiin orol
RF1b-er,f107r,"f107r.28,+P0",kar.aiin.chl.cholor.sheees.aiin.cheey.otchy.lkaiin.ykaiin.ykalkal,kar aiin chl cholor sheees aiin cheey otchy lkaiin ykaiin ykalkal
RF1b-er,f107r,"f107r.29,+P0","olkeeo,lkeeo.ar.shol",olkeeo lkeeo ar shol
RF1b-er,f107r,"f107r.30,+P0","pair.aiickheedy.shalkaiin.kairy.okar,al.qokaiin.opaichy.opal.rary.ky",pair aiickheedy shalkaiin kairy okar al qokaiin opaichy opal rary ky
RF1b-er,f107r,"f107r.31,+P0",daiin.sheol.chdy.okaiin.sheykal.shy.kl.al.kal.chdy.r.aiin.chain.yols,daiin sheol chdy okaiin sheykal shy kl al kal chdy r aiin chain yols
RF1b-er,f107r,"f107r.32,+P0",salxarshy.qokaiin.okal.qockhedy.okr.aiin.otar.qocthy.rolky,salxarshy qokaiin okal qockhedy okr aiin otar qocthy rolky
RF1b-er,f107r,"f107r.33,+P0",yaiin.chekain.cheo.kaiin.chey.qol.kaiiin.chky.lcheel.lkar.okal,yaiin chekain cheo kaiin chey qol kaiiin chky lcheel lkar okal
RF1b-er,f107r,"f107r.34,+P0",fairar.al.arolkeey.qotal.cheotain.dar.okaiin.otaiin.otar.opaim,fairar al arolkeey qotal cheotain dar okaiin otaiin otar opaim
RF1b-er,f107r,"f107r.35,+P0",daiin.shl.lkeeol.lchedy.qokor.lkaiin.chedy.qotaiin.al.ol.kaldaim,daiin shl lkeeol lchedy qokor lkaiin chedy qotaiin al ol kaldaim
RF1b-er,f107r,"f107r.36,+P0","dar.al,chor.kcheo.rkeey.chaiin.al.dal.qokchey.qokl.chey.lkaiin.lkar",dar al chor kcheo rkeey chaiin al dal qokchey qokl chey lkaiin lkar
RF1b-er,f107r,"f107r.37,+P0",ychklkaiin.chckhy.cho.l.alkain,ychklkaiin chckhy cho l alkain
RF1b-er,f107r,"f107r.38,+P0",poaral.orar.ofchey.qoteedy.qotaiin.opchedy.qokchey.otlchdain.aly,poaral orar ofchey qoteedy qotaiin opchedy qokchey otlchdain aly
RF1b-er,f107r,"f107r.39,+P0",tair.cheol.cheol.kchekain.cheear.al.aiin.cho.lkain.al.oeedy.chey,tair cheol cheol kchekain cheear al aiin cho lkain al oeedy chey
RF1b-er,f107r,"f107r.40,+P0",lolkaiin.chey.qokaiin.chal.aiin.otaiin.olkar.otair.akal.okal,lolkaiin chey qokaiin chal aiin otaiin olkar otair akal okal
RF1b-er,f107r,"f107r.41,+P0",qokaiin.ar.ockhey.qokal.otal.otam,qokaiin ar ockhey qokal otal otam
RF1b-er,f107r,"f107r.42,+P0","pcholky.so,keey.aiin.oteey.ykchey.paichy.okeey.tain.ar.arodl.kairam",pcholky so keey aiin oteey ykchey paichy okeey tain ar arodl kairam
RF1b-er,f107r,"f107r.43,+P0",okeear.acthy.daiin.sheody.ykchedy.chykaiin.otal.taiin.chotaiin.aram,okeear acthy daiin sheody ykchedy chykaiin otal taiin chotaiin aram
RF1b-er,f107r,"f107r.44,+P0",ycheodain.okeey.qokeeody.qokaiin,ycheodain okeey qokeeody qokaiin
RF1b-er,f107r,"f107r.45,+P0","podky.chedy.qockhy.qokeedy.qok,okil.y.chees.opal.kaiin.otaiin.otar,am",podky chedy qockhy qokeedy qok okil y chees opal kaiin otaiin otar am
RF1b-er,f107r,"f107r.46,+P0",sar.cheey.qodaiin.qokaiin.ol.cheor.aiin.otal.taiin.qokaiin.otal.alkal,sar cheey qodaiin qokaiin ol cheor aiin otal taiin qokaiin otal alkal
RF1b-er,f107r,"f107r.47,+P0",okain.cheey.lol.loeey.aiinal,okain cheey lol loeey aiinal
RF1b-er,f107r,"f107r.48,+P0","feiiral.chkal.lky.otain.ar.kal,kal.qotain.oty.lky.otaiin.ytaiin.om",feiiral chkal lky otain ar kal kal qotain oty lky otaiin ytaiin om
RF1b-er,f107r,"f107r.49,+P0","o.al,ain.ackhy.chkeiin.okair.chtl.lkaiin.okair.chtl.racthty",o al ain ackhy chkeiin okair chtl lkaiin okair chtl racthty
RF1b-er,f107r,"f107r.50,+P0",chain.al.lkeey.chol.taidy.qotaiin.ytaiin.lkl.lfchal.pchdy.pal.tar,chain al lkeey chol taidy qotaiin ytaiin lkl lfchal pchdy pal tar
RF1b-er,f107r,"f107r.51,+P0",sar.ain.chol.ol.cheey.otal.otal.ol.otchy.qoky.otaily,sar ain chol ol cheey otal otal ol otchy qoky otaily
RF1b-er,f107v,"f107v.1,@P0",kaisar.alkeeey.otalkchy.lkaiin.otody.qokair.lkal.chey.chody.otal.cheey,kaisar alkeeey otalkchy lkaiin otody qokair lkal chey chody otal cheey
RF1b-er,f107v,"f107v.2,+P0",daiin.dckhy.ol.daiin.chkal.qokedy.otal.chedy.oteos.aiin.otar.alkain.ol,daiin dckhy ol daiin chkal qokedy otal chedy oteos aiin otar alkain ol
RF1b-er,f107v,"f107v.3,+P0",sain.ain.aiiin.qotaiin.shol.kal.qokar.al.ochedy.lkaiin.otal.olkiir.alody,sain ain aiiin qotaiin shol kal qokar al ochedy lkaiin otal olkiir alody
RF1b-er,f107v,"f107v.4,+P0",dain.cheky.okechy.qokain.shocthy.otaiin.alkaiin,dain cheky okechy qokain shocthy otaiin alkaiin
RF1b-er,f107v,"f107v.5,+P0",tol.sheockhedy.qotol.chdor.otechdy.teol.tedaiin.opchedy.qopchdy.ytar.aiiim,tol sheockhedy qotol chdor otechdy teol tedaiin opchedy qopchdy ytar aiiim
RF1b-er,f107v,"f107v.6,+P0",paiin.okaiin.qokaiy.olkeedy.qokeey.qotaiin.oky.lkal.okaiin.aiin.qokaldy,paiin okaiin qokaiy olkeedy qokeey qotaiin oky lkal okaiin aiin qokaldy
RF1b-er,f107v,"f107v.7,+P0",taiin.cheockhy.chain.qokain,taiin cheockhy chain qokain
RF1b-er,f107v,"f107v.8,+P0",polcheolkain.qokair.okeol.qokol.qokaiin.opcheol.qotedy.ltedy.otedam,polcheolkain qokair okeol qokol qokaiin opcheol qotedy ltedy otedam
RF1b-er,f107v,"f107v.9,+P0",saiin.sheykedy.qokain.qokedy.qokaiin.ylkaiin.qoky.lkaltaraty,saiin sheykedy qokain qokedy qokaiin ylkaiin qoky lkaltaraty
RF1b-er,f107v,"f107v.10,+P0",shodaiin.shey.qokair.qokaiin.chokedy.teiin.shedy,shodaiin shey qokair qokaiin chokedy teiin shedy
RF1b-er,f107v,"f107v.11,+P0",tshedy.okal.shedy.qokchey.chky.qokeey.qotaiin.otol.qoteedy.qopchcfhy,tshedy okal shedy qokchey chky qokeey qotaiin otol qoteedy qopchcfhy
RF1b-er,f107v,"f107v.12,+P0",qokeey.lcheol.chol.kaiin.olkal.shedy.qokaly.odar.choty.qokaiin.otam,qokeey lcheol chol kaiin olkal shedy qokaly odar choty qokaiin otam
RF1b-er,f107v,"f107v.13,+P0",ycheey.qokain.ockheody.qokair.otal.qokaiin.otal.shocky.qokaiin.dalam,ycheey qokain ockheody qokair otal qokaiin otal shocky qokaiin dalam
RF1b-er,f107v,"f107v.14,+P0",daiin.shaiin.akaiin.qokar.qokal.qokal.cheody.qokain.okchdy.dlkal,daiin shaiin akaiin qokar qokal qokal cheody qokain okchdy dlkal
RF1b-er,f107v,"f107v.15,+P0",solain.qokal.okeey.lkaiin.okain.chkal.otain.chcthy.tarairy,solain qokal okeey lkaiin okain chkal otain chcthy tarairy
RF1b-er,f107v,"f107v.16,+P0",parair.okal.opchol.okal.opaiin.otedy.qokeody.talkal.lkar.aiiraly,parair okal opchol okal opaiin otedy qokeody talkal lkar aiiraly
RF1b-er,f107v,"f107v.17,+P0",saiin.or.ykeear.chckhy.okaiin.okal.qoklaiin.cheol.qokar.chey.lkam,saiin or ykeear chckhy okaiin okal qoklaiin cheol qokar chey lkam
RF1b-er,f107v,"f107v.18,+P0",qokain.qokchey.qekchdy.okaiin.lkl.chol.raiin.otaiin.alkaiin.dal,qokain qokchey qekchdy okaiin lkl chol raiin otaiin alkaiin dal
RF1b-er,f107v,"f107v.19,+P0","soral.ol,aiin.chor.akaiin.chkain.okaiin",soral ol aiin chor akaiin chkain okaiin
RF1b-er,f107v,"f107v.20,+P0",palar.or.air.kalkal.okaiin.chpal.cheody.qopchedy.pcholkal.opalkam,palar or air kalkal okaiin chpal cheody qopchedy pcholkal opalkam
RF1b-er,f107v,"f107v.21,+P0",taiin.ol.kaiin.chol.kchedy.qokol.ain.air.kaiin.okal.otar.otalal,taiin ol kaiin chol kchedy qokol ain air kaiin okal otar otalal
RF1b-er,f107v,"f107v.22,+P0",dar.alol.olaiin.olkal.chol.chdar,dar alol olaiin olkal chol chdar
RF1b-er,f107v,"f107v.23,+P0",palchar.ar.akaiiky.char.raikchy.ofcheiin.opalkar.otal.otar.alky,palchar ar akaiiky char raikchy ofcheiin opalkar otal otar alky
RF1b-er,f107v,"f107v.24,+P0",dain.olaiin.chol.olkain.lkaiin,dain olaiin chol olkain lkaiin
RF1b-er,f107v,"f107v.25,+P0",kaolkar.kolkar.okeol.qokeor.al.tody.opchey.oty.al.ky.pchey.rag,kaolkar kolkar okeol qokeor al tody opchey oty al ky pchey rag
RF1b-er,f107v,"f107v.26,+P0",oraiin.sheor.qokain.cheody.qokain.otal.okaiin.olkeeoraral.oldy,oraiin sheor qokain cheody qokain otal okaiin olkeeoraral oldy
RF1b-er,f107v,"f107v.27,+P0","dal.okain.okchey.qokshy.okol.lkshedy.tar,aiin.sho.qokar.cheey.qokam",dal okain okchey qokshy okol lkshedy tar aiin sho qokar cheey qokam
RF1b-er,f107v,"f107v.28,+P0","y.cheor.cheol.lcheedy.r,araiin",y cheor cheol lcheedy r araiin
RF1b-er,f107v,"f107v.29,+P0",tolkeeedy.okeol.cheody.qokeey.qokchedy.qotyshey.qcthhy.lty.ltam,tolkeeedy okeol cheody qokeey qokchedy qotyshey qcthhy lty ltam
RF1b-er,f107v,"f107v.30,+P0",okain.al.okaiin.lkeody.otaiin.chol.lkaiin.lkeeey.qokaiin.chey.qoky,okain al okaiin lkeody otaiin chol lkaiin lkeeey qokaiin chey qoky
RF1b-er,f107v,"f107v.31,+P0",sokod.chey.lkaiin.chedy.qe.okeody.qokeedy.rary,sokod chey lkaiin chedy qe okeody qokeedy rary
RF1b-er,f107v,"f107v.32,+P0",tay.oaiin.okeeody.okaiin.otaiin.otchey.qokaiin.okedy.qokam,tay oaiin okeeody okaiin otaiin otchey qokaiin okedy qokam
RF1b-er,f107v,"f107v.33,+P0",orain.chol.qodaiin.odain.aiin.okain.chkaly.raiin.y.kaiin.aldy,orain chol qodaiin odain aiin okain chkaly raiin y kaiin aldy
RF1b-er,f107v,"f107v.34,+P0",dyair.chey.lkeey.lchedy.raiin.sheey,dyair chey lkeey lchedy raiin sheey
RF1b-er,f107v,"f107v.35,+P0",polchedy.olkeey.lkey.chcthy.lkar.shedy.qokaiin.chedy.qokeedy.lol,polchedy olkeey lkey chcthy lkar shedy qokaiin chedy qokeedy lol
RF1b-er,f107v,"f107v.36,+P0",tal.chey.lcheor.sheol.qokaiin.olkeedy.okar.ar.olkain.odain,tal chey lcheor sheol qokaiin olkeedy okar ar olkain odain
RF1b-er,f107v,"f107v.37,+P0",poraiin.okal.chedy.qolkeey.lpcheedy.qokol.rolkeedy.okaiin.otary,poraiin okal chedy qolkeey lpcheedy qokol rolkeedy okaiin otary
RF1b-er,f107v,"f107v.38,+P0",dain.okchey.qokchey.qokaiin.olkeey.qokol.oteey.oteey.lkain,dain okchey qokchey qokaiin olkeey qokol oteey oteey lkain
RF1b-er,f107v,"f107v.39,+P0",okain.cheor.olkaiin.oain.cheary.raiin.okoiin.odaiin.okaiiny,okain cheor olkaiin oain cheary raiin okoiin odaiin okaiiny
RF1b-er,f107v,"f107v.40,+P0",chokeey.qokey.qokaiii.lor.aiin.aiily,chokeey qokey qokaiii lor aiin aiily
RF1b-er,f107v,"f107v.41,+P0",pokar.ar.keey.okeeo.l.cheey.qokchey.oteey.lkeeol.lkeedy.qokeey.lkain,pokar ar keey okeeo l cheey qokchey oteey lkeeol lkeedy qokeey lkain
RF1b-er,f107v,"f107v.42,+P0",or.ain.oloeeey.qokain,or ain oloeeey qokain
RF1b-er,f107v,"f107v.43,+P0",pol.keeeo.kaiiss.qokeey.chckhy.lkchaly.lkeey.opchey.rar.aiin.cheokaly,pol keeeo kaiiss qokeey chckhy lkchaly lkeey opchey rar aiin cheokaly
RF1b-er,f107v,"f107v.44,+P0",kaich.ol.air.arody.qokeey.qokeey,kaich ol air arody qokeey qokeey
RF1b-er,f107v,"f107v.45,+P0",parain.okain.okechdy.dal.keeedal.shedy.okeeolkcheey.lkar.aiin.al,parain okain okechdy dal keeedal shedy okeeolkcheey lkar aiin al
RF1b-er,f107v,"f107v.46,+P0",soain.aiin.chey.qolaiin.al.chedy.kedy.qoteey.oteey.qokeeylkain,soain aiin chey qolaiin al chedy kedy qoteey oteey qokeeylkain
RF1b-er,f107v,"f107v.47,+P0",ycheey.qokeey.okeoteey.qokey.qokey.qokeey.daiin.y.akeey.odain,ycheey qokeey okeoteey qokey qokey qokeey daiin y akeey odain
RF1b-er,f107v,"f107v.48,+P0",oteedy.qokey.qokeedy.chody.chey.qoky.oteey.otain.chey.aiinal,oteedy qokey qokeedy chody chey qoky oteey otain chey aiinal
RF1b-er,f107v,"f107v.49,+P0",ycheosaiin.oekey.chey.qokeey.ycheey.dy.qoy,ycheosaiin oekey chey qokeey ycheey dy qoy
RF1b-er,f108r,"f108r.1,@P0",teodeear.qopchety.okeeoly.okchdpchy.todashx.opar.yo.lpair.ajy.otedy.kedydy,teodeear qopchety okeeoly okchdpchy todashx opar yo lpair ajy otedy kedydy
RF1b-er,f108r,"f108r.2,+P0",qokeedy.chotedy.chockhed.qokeor.shedy.otal.otaiin.otedy.qokechy.ofchdy.qody,qokeedy chotedy chockhed qokeor shedy otal otaiin otedy qokechy ofchdy qody
RF1b-er,f108r,"f108r.3,+P0","cheodchy.qotechr.okedy.oteal.lkedal.okedy.otedy.okedal.chckhedy.choked,al",cheodchy qotechr okedy oteal lkedal okedy otedy okedal chckhedy choked al
RF1b-er,f108r,"f108r.4,+P0","ychedaiin.shky.chdy.oteeody.ched,or.sheeky",ychedaiin shky chdy oteeody ched or sheeky
RF1b-er,f108r,"f108r.5,+P0",tchokedy.chey.oteey.okeey.lkedshedy.okcheefy.pchofar.cheo.pchedy.qotedy.otol,tchokedy chey oteey okeey lkedshedy okcheefy pchofar cheo pchedy qotedy otol
RF1b-er,f108r,"f108r.6,+P0",ol.cheol.qo.qokeey.qokeey.qokeedy.sheoky.otedy.qotey.qokchey.chdar.aiin.y,ol cheol qo qokeey qokeey qokeedy sheoky otedy qotey qokchey chdar aiin y
RF1b-er,f108r,"f108r.7,+P0",okchey.okedy.qokchedy.chedy.qokedy.okar.chdy.okar.char.chkaiin.chsy,okchey okedy qokchedy chedy qokedy okar chdy okar char chkaiin chsy
RF1b-er,f108r,"f108r.8,+P0",pochedy.shy.shokeedar.al.kedal.chokchy.qokar.ch.okeey.qaiin.okeedy.qetam,pochedy shy shokeedar al kedal chokchy qokar ch okeey qaiin okeedy qetam
RF1b-er,f108r,"f108r.9,+P0",cthey.chedain.chedy.okedy.lkedy.raraiin.qotar.otal.kedy.ar.air.ockhedy,cthey chedain chedy okedy lkedy raraiin qotar otal kedy ar air ockhedy
RF1b-er,f108r,"f108r.10,+P0","taiin.shkeedy.qoteey.oteey.yteol.ykeedy.chekar.qokeeo,daiin.okeyty.ody",taiin shkeedy qoteey oteey yteol ykeedy chekar qokeeo daiin okeyty ody
RF1b-er,f108r,"f108r.11,+P0","teodeey.ar.aiin.okeey.qetchdy.oteeody.okaiin.ykeeo.dain.otal,aiin.oly",teodeey ar aiin okeey qetchdy oteeody okaiin ykeeo dain otal aiin oly
RF1b-er,f108r,"f108r.12,+P0",tshey.okchey.dain.alaiin.ocheey.qokaiin.chlam.okaiin.okal.kain.alam,tshey okchey dain alaiin ocheey qokaiin chlam okaiin okal kain alam
RF1b-er,f108r,"f108r.13,+P0",ykeey.raiin.ar.ailodaiin,ykeey raiin ar ailodaiin
RF1b-er,f108r,"f108r.14,+P0",polchal.shol.qokar.shedy.pcholy.qokal.opchdy.ofal.shor.qokaiin.otalod,polchal shol qokar shedy pcholy qokal opchdy ofal shor qokaiin otalod
RF1b-er,f108r,"f108r.15,+P0",orain.cheey.chey.qokeey.chedy.okchedy.qoeedy.qockhey.diirain.okain,orain cheey chey qokeey chedy okchedy qoeedy qockhey diirain okain
RF1b-er,f108r,"f108r.16,+P0",sacthy.olkaiin.chckhy.daiin.dal.daiin,sacthy olkaiin chckhy daiin dal daiin
RF1b-er,f108r,"f108r.17,+P0",fcheokair.okedaiin.chedy.qokeed.okain.chdy.laiin.ofar.chedy.tedam,fcheokair okedaiin chedy qokeed okain chdy laiin ofar chedy tedam
RF1b-er,f108r,"f108r.18,+P0",okeedy.lkal.daiin.ykchedy.qokol.chedy.qokedy.lkedy.okalo.l.chedly,okeedy lkal daiin ykchedy qokol chedy qokedy lkedy okalo l chedly
RF1b-er,f108r,"f108r.19,+P0",dchedy.okeedar.shchy.okol.kedy.okeedy.chalraiin.otedy.chtal.om,dchedy okeedar shchy okol kedy okeedy chalraiin otedy chtal om
RF1b-er,f108r,"f108r.20,+P0","dain.chey.qokeedy.chol,cheey.dalkar.okedy",dain chey qokeedy chol cheey dalkar okedy
RF1b-er,f108r,"f108r.21,+P0",qolshy.qoeedy.lkealshedy.shokal.keedy.qotedy.qopchedy.otal.dkedam,qolshy qoeedy lkealshedy shokal keedy qotedy qopchedy otal dkedam
RF1b-er,f108r,"f108r.22,+P0",dcheol.shol.dal.qokaiin.otal.ol.shedy.qokey.chey.lor.aiin.okeeam,dcheol shol dal qokaiin otal ol shedy qokey chey lor aiin okeeam
RF1b-er,f108r,"f108r.23,+P0",ykeol.chey.okain.charain,ykeol chey okain charain
RF1b-er,f108r,"f108r.24,+P0",folaiin.sckhy.qokal.lkedy.qotedy.qoked.qotedy.okal.chdar.al.char.aiin,folaiin sckhy qokal lkedy qotedy qoked qotedy okal chdar al char aiin
RF1b-er,f108r,"f108r.25,+P0",ycheeor.aiin.akeey.cheol.chedy.apchsd.opchedy.alkedy.al.lkeam.ol.rain.al,ycheeor aiin akeey cheol chedy apchsd opchedy alkedy al lkeam ol rain al
RF1b-er,f108r,"f108r.26,+P0",dair.okal.chedy.qokeedy.oteor.al.qokedy.qokedy.otaiin.otedar.chalkeedy,dair okal chedy qokeedy oteor al qokedy qokedy otaiin otedar chalkeedy
RF1b-er,f108r,"f108r.27,+P0","ychedain.or,cheory.qoaiin.okeey.qokeey.chdal.okedy.qokedy.okedam.chdy",ychedain or cheory qoaiin okeey qokeey chdal okedy qokedy okedam chdy
RF1b-er,f108r,"f108r.28,+P0",sain.arolkeey.qoal.olkedy.okaiin,sain arolkeey qoal olkedy okaiin
RF1b-er,f108r,"f108r.29,+P0",polchedy.okedy.qopchedy.okeolkey.teedy.qotaiin.otedy.okeedy.otedam,polchedy okedy qopchedy okeolkey teedy qotaiin otedy okeedy otedam
RF1b-er,f108r,"f108r.30,+P0",ykeol.chedal.chokedy.o.qokedy.okchedy.saiin.alkan,ykeol chedal chokedy o qokedy okchedy saiin alkan
RF1b-er,f108r,"f108r.31,+P0",keol.sheody.qokedy.qokeedy.qokoy.qoiiedy.otedy.qokedy.qokedy.qokal,keol sheody qokedy qokeedy qokoy qoiiedy otedy qokedy qokedy qokal
RF1b-er,f108r,"f108r.32,+P0",ykedar.chedy.qokey.lkeedy.otedy.akedy.otedy.otal.shol.alodar.ar.alold,ykedar chedy qokey lkeedy otedy akedy otedy otal shol alodar ar alold
RF1b-er,f108r,"f108r.33,+P0",salkedy.okchd.qokedy.okedy.okeol.chdy.okar.okedy.okedy.chlar,salkedy okchd qokedy okedy okeol chdy okar okedy okedy chlar
RF1b-er,f108r,"f108r.34,+P0",ycheol.chckhy.qokedy.okain,ycheol chckhy qokedy okain
RF1b-er,f108r,"f108r.35,+P0",pychory.opchey.lkeol.chdar.shedy.qofchdy.opalal.cheedy.qokalchdy.opchdy,pychory opchey lkeol chdar shedy qofchdy opalal cheedy qokalchdy opchdy
RF1b-er,f108r,"f108r.36,+P0",okechy.okeol.okeedy.cheedar.okedy.qotal.chdy.chedal.chedy,okechy okeol okeedy cheedar okedy qotal chdy chedal chedy
RF1b-er,f108r,"f108r.37,+P0",tchedy.qokey.okeey.lkeey.chedy.cheokeey.qokeey.chedlal.lkair.alkeedy.ram,tchedy qokey okeey lkeey chedy cheokeey qokeey chedlal lkair alkeedy ram
RF1b-er,f108r,"f108r.38,+P0",dcheeody.cheedy.qokeedy.otedy.qeeey.chey,dcheeody cheedy qokeedy otedy qeeey chey
RF1b-er,f108r,"f108r.39,+P0",paro.l.tedo.lchdain.qokor.otedy.otarar.aty.sho.qotedy.oteedy.okedy,paro l tedo lchdain qokor otedy otarar aty sho qotedy oteedy okedy
RF1b-er,f108r,"f108r.40,+P0",okor.aiin.okeedy.qokeedy.okeeom.cheykeeed.chol.qekeey.ar.aiin.chckhom,okor aiin okeedy qokeedy okeeom cheykeeed chol qekeey ar aiin chckhom
RF1b-er,f108r,"f108r.41,+P0",sheedain.qokeedy.chokeedy.qoteody.keesho.daiin.chedy.keedal.ar.keodky,sheedain qokeedy chokeedy qoteody keesho daiin chedy keedal ar keodky
RF1b-er,f108r,"f108r.42,+P0",okeey.qokeey.qokeedy.qokeey.chedal.chedy.qokeey.okeedain.otain.oalals,okeey qokeey qokeedy qokeey chedal chedy qokeey okeedain otain oalals
RF1b-er,f108r,"f108r.43,+P0","olkeey.okey.lokeey.qokedy.ol.kechy.ched,ar.olal.oedy.qckhy.cheam",olkeey okey lokeey qokedy ol kechy ched ar olal oedy qckhy cheam
RF1b-er,f108r,"f108r.44,+P0",ychey.chey.okar.charam.otam.cheody,ychey chey okar charam otam cheody
RF1b-er,f108r,"f108r.45,+P0",dain.shecthy.okeey.keey.lchedy.okeey.qokedy.chedy.dalkedy.qokedy.dal,dain shecthy okeey keey lchedy okeey qokedy chedy dalkedy qokedy dal
RF1b-er,f108r,"f108r.46,+P0",yteedy.qokeed.y.qokey.otedy.okedy.qokaiin.cheodar.cheey.qokedy.al,yteedy qokeed y qokey otedy okedy qokaiin cheodar cheey qokedy al
RF1b-er,f108r,"f108r.47,+P0",yched.chockhey.dain.sheol.okedy.lkchdy.oteedy.qokeedy.ched.al.keam,yched chockhey dain sheol okedy lkchdy oteedy qokeedy ched al keam
RF1b-er,f108r,"f108r.48,+P0",pcheedy.qokeo.l.okeol.keol.dain.ar.otedy.qokedy.qokeedy.qokeedy.lchdy,pcheedy qokeo l okeol keol dain ar otedy qokedy qokeedy qokeedy lchdy
RF1b-er,f108r,"f108r.49,+P0",oteedy.lchedy.qokeedy.qokeedy.qokeo.lchedy.qokey.qokeey.lkedy.lkedy,oteedy lchedy qokeedy qokeedy qokeo lchedy qokey qokeey lkedy lkedy
RF1b-er,f108r,"f108r.50,+P0",qokeedylchedy.lkaiin.chdy.qokey.okedy.okaram.chdar.ar.okam,qokeedylchedy lkaiin chdy qokey okedy okaram chdar ar okam
RF1b-er,f108v,"f108v.1,@P0",pchedal.qokeedar.otedy.qokeedy.lky.ltal.aiin.oteo.fcheey.otedar.am.ol,pchedal qokeedar otedy qokeedy lky ltal aiin oteo fcheey otedar am ol
RF1b-er,f108v,"f108v.2,+P0",daiin.shal.qokedy.qoeechy.okain.oteey.checkhy.lkeedy.qokeedar.araiin.okam,daiin shal qokedy qoeechy okain oteey checkhy lkeedy qokeedar araiin okam
RF1b-er,f108v,"f108v.3,+P0",ssheedal.ol.lkedy.lkeedy.chedalkedy.lkeedy.qokechedy.otedeiin.oteey.lol,ssheedal ol lkedy lkeedy chedalkedy lkeedy qokechedy otedeiin oteey lol
RF1b-er,f108v,"f108v.4,+P0","dchedy.shedy.qokeed.qoteedy.qoteedy.ar,ain.al.keedy",dchedy shedy qokeed qoteedy qoteedy ar ain al keedy
RF1b-er,f108v,"f108v.5,+P0",polaiin.okedain.okal.otchedy.qokeedy.raraiin.o.keedy.qokar.qokal.dam,polaiin okedain okal otchedy qokeedy raraiin o keedy qokar qokal dam
RF1b-er,f108v,"f108v.6,+P0",oeeedain.chey.lokeey.lchedy.loety.qokeedy.qokeey.qokar.okeedy.kedarxy,oeeedain chey lokeey lchedy loety qokeedy qokeey qokar okeedy kedarxy
RF1b-er,f108v,"f108v.7,+P0",pchedaiin.okedy.otedal.lkedeed.okedar.okeey.qoteol.lkedy.otey.raiin.am,pchedaiin okedy otedal lkedeed okedar okeey qoteol lkedy otey raiin am
RF1b-er,f108v,"f108v.8,+P0","ysheedy.okeedy.oteedy.qokeedy.okeedy.okeedy.chedal.okar.qoteed,ar.oty",ysheedy okeedy oteedy qokeedy okeedy okeedy chedal okar qoteed ar oty
RF1b-er,f108v,"f108v.9,+P0","qokeeo.dar.chedam.chlal.okal,dain.sheed.lchedy.lkeedy.ched.kel.cthdy",qokeeo dar chedam chlal okal dain sheed lchedy lkeedy ched kel cthdy
RF1b-er,f108v,"f108v.10,+P0","ol.cheey.leedaiin.shckhaiin.akeal.o,kar.aralorom.shee.kacthy.chectham",ol cheey leedaiin shckhaiin akeal o kar aralorom shee kacthy chectham
RF1b-er,f108v,"f108v.11,+P0",sain.al.keedain.olkeeed.qokedy.lkeedy.cholkeiin.oteshy.shedy.deedy,sain al keedain olkeeed qokedy lkeedy cholkeiin oteshy shedy deedy
RF1b-er,f108v,"f108v.12,+P0",tshedky.sheckhy.akey.sheey.teeody.qokedy.qokeedy.shok.ar.aiin.okeey.tedam,tshedky sheckhy akey sheey teeody qokedy qokeedy shok ar aiin okeey tedam
RF1b-er,f108v,"f108v.13,+P0",daiin.cheol.qokeey.qokeedy.qokeey.raiin.chckhy.okeey.qokeedy.okedain.aldar,daiin cheol qokeey qokeedy qokeey raiin chckhy okeey qokeedy okedain aldar
RF1b-er,f108v,"f108v.14,+P0",qokeey.lo.r.aiin.chey.keear.aral.olaiin.chedy,qokeey lo r aiin chey keear aral olaiin chedy
RF1b-er,f108v,"f108v.15,+P0",pcheor.okear.sheey.qokeey.ykeealkey.raraiin.opsholal.shedy.ofaramoty,pcheor okear sheey qokeey ykeealkey raraiin opsholal shedy ofaramoty
RF1b-er,f108v,"f108v.16,+P0",okeey.lshey.qokeeol.lkeey.okeol.okedy.qotal.sholkeedy.chedy.qokain.teedu,okeey lshey qokeeol lkeey okeol okedy qotal sholkeedy chedy qokain teedu
RF1b-er,f108v,"f108v.17,+P0",qokeey.lkeed.chedy.qokeeos.sheol.tedy.qopchdy.qokeshdy.kedar.otal.raram,qokeey lkeed chedy qokeeos sheol tedy qopchdy qokeshdy kedar otal raram
RF1b-er,f108v,"f108v.18,+P0","okeey.lkeedy.okeal.okey.cheykedy.qeeedy.lo.r,air.cheey.ol.ls.aiin.am",okeey lkeedy okeal okey cheykedy qeeedy lo r air cheey ol ls aiin am
RF1b-er,f108v,"f108v.19,+P0","qokeeol.ol,cheeey.lcheam",qokeeol ol cheeey lcheam
RF1b-er,f108v,"f108v.20,+P0",polkeedal.sheo.kchey.lotedaiin.otedy.opchedaiin.otshedy.qotey.r.aiin.ol,polkeedal sheo kchey lotedaiin otedy opchedaiin otshedy qotey r aiin ol
RF1b-er,f108v,"f108v.21,+P0",daiin.shol.olkeeey.lky.chedar.cheykechey.qotedy.otedy.oteedain.cheody.llod,daiin shol olkeeey lky chedar cheykechey qotedy otedy oteedain cheody llod
RF1b-er,f108v,"f108v.22,+P0",daiin.shey.sheey.dain.alsar.sheeolkain.shey.cheeedaiin.oloeeedy.otaiin.al,daiin shey sheey dain alsar sheeolkain shey cheeedaiin oloeeedy otaiin al
RF1b-er,f108v,"f108v.23,+P0","qokeeor.okeey.qoeey.cho,daal.daiin.checthal.cheeky.otar.aiin.chckhy.lteedy",qokeeor okeey qoeey cho daal daiin checthal cheeky otar aiin chckhy lteedy
RF1b-er,f108v,"f108v.24,+P0",daiin.chekeek.checkhy.ol.r.ain.odar.sheey.daiin.tchar.okeedaiin.oram,daiin chekeek checkhy ol r ain odar sheey daiin tchar okeedaiin oram
RF1b-er,f108v,"f108v.25,+P0",sheeol.okeey.kaiin.okaiin.ol.lchey.ctheo.r.aiin.cheey.qokeey.qokeeaiin.al,sheeol okeey kaiin okaiin ol lchey ctheo r aiin cheey qokeey qokeeaiin al
RF1b-er,f108v,"f108v.26,+P0",sair.okeaiin.cheol.shedy.qokeeey.dlaiin.ar.or.lkar.char.aiin.okal.ldar.ls,sair okeaiin cheol shedy qokeeey dlaiin ar or lkar char aiin okal ldar ls
RF1b-er,f108v,"f108v.27,+P0",sal.lcheal.lkeeey.okar.ar.ain.olcheees.ol.cheal.okaiin.ykar.al.okalam,sal lcheal lkeeey okar ar ain olcheees ol cheal okaiin ykar al okalam
RF1b-er,f108v,"f108v.28,+P0",paroraiin.shedy.qokey.qol.eees.aiin.lal.lkeeedy.otain.sheey.chol.tan.al,paroraiin shedy qokey qol eees aiin lal lkeeedy otain sheey chol tan al
RF1b-er,f108v,"f108v.29,+P0",dar.chey.o.cheol.chedeey.qokeedy.cheam,dar chey o cheol chedeey qokeedy cheam
RF1b-er,f108v,"f108v.30,+P0",polshedaiin.qokeoy.keol.chokeol.qotedy.qoteedy.dar.raiin.shedy.qotain.oteedy,polshedaiin qokeoy keol chokeol qotedy qoteedy dar raiin shedy qotain oteedy
RF1b-er,f108v,"f108v.31,+P0",ol.cheol.shed.qokedy.qokedain.checkhed.qoteedy.otedy.qokedy.okeear.lkam,ol cheol shed qokedy qokedain checkhed qoteedy otedy qokedy okeear lkam
RF1b-er,f108v,"f108v.32,+P0",dain.shedain.qokedar.olkeedy.qokeedy.shedy.chedar.chedy.oteedy.qokam,dain shedain qokedar olkeedy qokeedy shedy chedar chedy oteedy qokam
RF1b-er,f108v,"f108v.33,+P0",sain.ain.chey.lchs.shed.qokeedy.oteey.qokedy.qokeedy.cheedy.qokeedaroldy,sain ain chey lchs shed qokeedy oteey qokedy qokeedy cheedy qokeedaroldy
RF1b-er,f108v,"f108v.34,+P0",tolshey.ochey.qokeey.qotedy.choteey.qokey.cholkeedy.lkedy.lchedy.qokeey,tolshey ochey qokeey qotedy choteey qokey cholkeedy lkedy lchedy qokeey
RF1b-er,f108v,"f108v.35,+P0","daiin.chedy.l,chedy.sholkeedy.qokeedy.chey.qokeey.qokeedy.oteedy.lchedam",daiin chedy l chedy sholkeedy qokeedy chey qokeey qokeedy oteedy lchedam
RF1b-er,f108v,"f108v.36,+P0","daiin.shechy.qokedy.qokain.chor.chal.chal.chedy.dain.al,al,keedy.otal,ys",daiin shechy qokedy qokain chor chal chal chedy dain al al keedy otal ys
RF1b-er,f108v,"f108v.37,+P0",sain.sheor.sheey.sheckhey.qokey.okey.shey.lkain.shedy.qokain.dalam,sain sheor sheey sheckhey qokey okey shey lkain shedy qokain dalam
RF1b-er,f108v,"f108v.38,+P0",dsheol.qokeedy.qokeedy.chey.qokeedy.qokedy.sheckhy.lkedy.qoteedy.otam,dsheol qokeedy qokeedy chey qokeedy qokedy sheckhy lkedy qoteedy otam
RF1b-er,f108v,"f108v.39,+P0",sain.chey.lkedain.chey.rar.ain.al.chear.olor.chedaiin.oteey.chedy.rl,sain chey lkedain chey rar ain al chear olor chedaiin oteey chedy rl
RF1b-er,f108v,"f108v.40,+P0",daiin.sheeal.qokeedy.qokeedy.qokeedy.qotey.qokeey.qokeey.otedy.qotaiin,daiin sheeal qokeedy qokeedy qokeedy qotey qokeey qokeey otedy qotaiin
RF1b-er,f108v,"f108v.41,+P0",dshedytedy.checkhey.sheeky.lsheedain.shear.olkedy.chy.kar.tar.otaiin,dshedytedy checkhey sheeky lsheedain shear olkedy chy kar tar otaiin
RF1b-er,f108v,"f108v.42,+P0",ycheain.chey.lcheal.ykeey.qolcheedy.qokeedy.okeedy.qokey.qokeedy.qoteedy,ycheain chey lcheal ykeey qolcheedy qokeedy okeedy qokey qokeedy qoteedy
RF1b-er,f108v,"f108v.43,+P0",shodain.cheal.shedy.rcheetey.qokeey.cheolkeedy.cheol.chedytey.okeearam,shodain cheal shedy rcheetey qokeey cheolkeedy cheol chedytey okeearam
RF1b-er,f108v,"f108v.44,+P0",yshey.qol.leeey.shey.qokear.shey.qokeey.lsheey.oteey.sheey.qol.cheekeey.lchg,yshey qol leeey shey qokear shey qokeey lsheey oteey sheey qol cheekeey lchg
RF1b-er,f108v,"f108v.45,+P0","sheol.shedy.qokeey.chedar.sheal.qokeedy.qokeedy.qokey.sheey.qokeal.ar,al",sheol shedy qokeey chedar sheal qokeedy qokeedy qokey sheey qokeal ar al
RF1b-er,f108v,"f108v.46,+P0","saiin.sheeain.qkain.okeey.qokal,or.cheol.keol.chedy.qokeey.qokeey.ral",saiin sheeain qkain okeey qokal or cheol keol chedy qokeey qokeey ral
RF1b-er,f108v,"f108v.47,+P0",ycheey.qokeeey.shedain.qokeedy.qokeey.okeedal.okeol.lkeey.lchedy.lchedy,ycheey qokeeey shedain qokeedy qokeey okeedal okeol lkeey lchedy lchedy
RF1b-er,f108v,"f108v.48,+P0","dair.al.checthy.qol.eeedy.chckhey.olchey.sheey.qokeeey.qokeed,ar.al.keedy",dair al checthy qol eeedy chckhey olchey sheey qokeeey qokeed ar al keedy
RF1b-er,f108v,"f108v.49,+P0",saiin.okain.cheey.lkaiin.cheal.cheol.keear.qokeedy.qokeey.checkhedy.qokal.oam,saiin okain cheey lkaiin cheal cheol keear qokeedy qokeey checkhedy qokal oam
RF1b-er,f108v,"f108v.50,+P0",dsheey.oteey.cheol.teedar.okeedy.qokeedy.checkhy.oteey.aiin.okeey.chey.qokey,dsheey oteey cheol teedar okeedy qokeedy checkhy oteey aiin okeey chey qokey
RF1b-er,f108v,"f108v.51,+P0","ssheodain.qokeeo.okeey.qok,sheedy.charain.okeey.qokeeolchey.olkeey.okeey.lar",ssheodain qokeeo okeey qok sheedy charain okeey qokeeolchey olkeey okeey lar
RF1b-er,f108v,"f108v.52,+P0",saiin.cheol.qokeedy.qokeedy.chedy.qokeey.cheal.llchey.daiin.okeey.qokeey,saiin cheol qokeedy qokeedy chedy qokeey cheal llchey daiin okeey qokeey
RF1b-er,f108v,"f108v.53,+Pr",olchar.alchedy.lshy.otedy,olchar alchedy lshy otedy
RF1b-er,f111r,"f111r.1,@P0",kcholchdar.shar.aiip.chepchedy.chetalshy.sheek.shear.shey.ror.am.shey,kcholchdar shar aiip chepchedy chetalshy sheek shear shey ror am shey
RF1b-er,f111r,"f111r.2,+P0",doiin.sheeky.oteey.akeey.qaal.shedy.okeey.oteey.shedy.chcthy.lcheol.oteeaim,doiin sheeky oteey akeey qaal shedy okeey oteey shedy chcthy lcheol oteeaim
RF1b-er,f111r,"f111r.3,+P0",dsheedy.lkeedy.chckhy.lchedy.qokeey.qokear.chal.qokeear.cheokedy.sal.lokam,dsheedy lkeedy chckhy lchedy qokeey qokear chal qokeear cheokedy sal lokam
RF1b-er,f111r,"f111r.4,+P0",saiin.oteedy.qokeey.daiin.okedal.chedy.qokedy.lshedy.chcthhy.okeey.lor.ar.al,saiin oteedy qokeey daiin okedal chedy qokedy lshedy chcthhy okeey lor ar al
RF1b-er,f111r,"f111r.5,+P0",saiin.sheekshy.ol.shedy.chokchey.lkey.otain,saiin sheekshy ol shedy chokchey lkey otain
RF1b-er,f111r,"f111r.6,+P0",dain.shedy.qoky.chedy.qok.shed.olchedy.qokeedy.teedy.chdy.keedy.qotchedy.dary,dain shedy qoky chedy qok shed olchedy qokeedy teedy chdy keedy qotchedy dary
RF1b-er,f111r,"f111r.7,+P0",sshedy.qokeey.checthey.oteedy.lchedy.chol.sheeol.qokeody.raiin.otedy.otar.aiin.om,sshedy qokeey checthey oteedy lchedy chol sheeol qokeody raiin otedy otar aiin om
RF1b-er,f111r,"f111r.8,+P0",daiin.o.chedain.daiin.cheedy.qokeey.qokedy.chckhhy.otshedy.lkeeol.lkeey.qotchdy,daiin o chedain daiin cheedy qokeey qokedy chckhhy otshedy lkeeol lkeey qotchdy
RF1b-er,f111r,"f111r.9,+P0","ycheeodain.okeeo.ol,chedy.lchedy.qokeey.okeeedy.okain.chedy.chedy,teey.dal.lam",ycheeodain okeeo ol chedy lchedy qokeey okeeedy okain chedy chedy teey dal lam
RF1b-er,f111r,"f111r.10,+P0",ykeedaiin.shekain.shedy.qokear.ochey.reeey.qokeey.olaiiin.chedy.lkeeody.oraiin.oty,ykeedaiin shekain shedy qokear ochey reeey qokeey olaiiin chedy lkeeody oraiin oty
RF1b-er,f111r,"f111r.11,+P0",dshey.lkeedy.lkeedy.cheedy.oteedaiin.sheedy.ar.ackhy.shkaiin.chey.daiin.daram,dshey lkeedy lkeedy cheedy oteedaiin sheedy ar ackhy shkaiin chey daiin daram
RF1b-er,f111r,"f111r.12,+P0",dsheeo.qokeedy.otchedey.lshey.lkeedy.oteey.qokeedy.oteolair.ar.shedam.cheam,dsheeo qokeedy otchedey lshey lkeedy oteey qokeedy oteolair ar shedam cheam
RF1b-er,f111r,"f111r.13,+P0",qosheo.lchdy.lshedy.olkeeedy.lr.al.chr.or.dain.shey.arain.chey.teey.cheodaiin,qosheo lchdy lshedy olkeeedy lr al chr or dain shey arain chey teey cheodaiin
RF1b-er,f111r,"f111r.14,+P0",dchedar.oteey.lchey.ykeeeos.aiin.shear.oteedy.tedag.oteey.pchedey.chedy.lchedy,dchedar oteey lchey ykeeeos aiin shear oteedy tedag oteey pchedey chedy lchedy
RF1b-er,f111r,"f111r.15,+P0","sheeodar.aiin.sheey.shey.oteo,dy.oteedy.chey.daiin.oteol.otedar.tar.pchdal",sheeodar aiin sheey shey oteo dy oteedy chey daiin oteol otedar tar pchdal
RF1b-er,f111r,"f111r.16,+P0",dchedshey.qokeedy.okeodain.shet.sheotam.oteal.tey.lkeey.sheedy.shtar.keedy,dchedshey qokeedy okeodain shet sheotam oteal tey lkeey sheedy shtar keedy
RF1b-er,f111r,"f111r.17,+P0",otes.lchey.lshedy.qoteedy.olcheody.qokeey.chey.kal.chekeedy.oteed.keedy.otam,otes lchey lshedy qoteedy olcheody qokeey chey kal chekeedy oteed keedy otam
RF1b-er,f111r,"f111r.18,+P0",daiin.shecthey.oteody.qochey.qokeey.chey.teey.qokeedy.qokeedy.cheal.lokeedy.lched,daiin shecthey oteody qochey qokeey chey teey qokeedy qokeedy cheal lokeedy lched
RF1b-er,f111r,"f111r.19,+P0",saiin.akeeol.qoteedy.lchey.lcheoekam.ooiin.cheky.qokeeodar.checthdy.qotedl.loty,saiin akeeol qoteedy lchey lcheoekam ooiin cheky qokeeodar checthdy qotedl loty
RF1b-er,f111r,"f111r.20,+P0",qokeey.qokeey.lchedy.checthy.chedey.cheol.teedy.akeedy.qokeedy.okeey.cho.ol.lkaim,qokeey qokeey lchedy checthy chedey cheol teedy akeedy qokeedy okeey cho ol lkaim
RF1b-er,f111r,"f111r.21,+P0",daiin.okar.ain.teey.oteey.oxor.shey.cheykadeedy.cheo.deiin.sheet.ar.all.cheotydy,daiin okar ain teey oteey oxor shey cheykadeedy cheo deiin sheet ar all cheotydy
RF1b-er,f111r,"f111r.22,+P0",ssheolkeedy.dal.tched.checkhey.okey.qo.ain.qo.chedy.qokear.okeey.keo.cthedy.qokey,ssheolkeedy dal tched checkhey okey qo ain qo chedy qokear okeey keo cthedy qokey
RF1b-er,f111r,"f111r.23,+P0",dshey.sheeckhy.qokeshey.keeshody.qokeey.qokedy.okain.shekal.okechedy.qokechedy,dshey sheeckhy qokeshey keeshody qokeey qokedy okain shekal okechedy qokechedy
RF1b-er,f111r,"f111r.24,+P0","sain.chckhey.cheos.lchal.lkechey.okeey.lkechedy.oteodain.char.lky.lchr.ain,aim",sain chckhey cheos lchal lkechey okeey lkechedy oteodain char lky lchr ain aim
RF1b-er,f111r,"f111r.25,+P0",so.shear.okeedy.oteeey.qokeey.qokeeo.s.chedar.alal.octhy.oxar.aiin.odaiin.chody,so shear okeedy oteeey qokeey qokeeo s chedar alal octhy oxar aiin odaiin chody
RF1b-er,f111r,"f111r.26,+P0","so,oiin.shecthy.oteodaiin.chedy.otedar.airykeey.shedain.l.chedy.qokeedy.qoteed,aiin",so oiin shecthy oteodaiin chedy otedar airykeey shedain l chedy qokeedy qoteed aiin
RF1b-er,f111r,"f111r.27,+P0",dar.sheod.qokeey.qokeody.otey.lkeedy.chl.lkeey.daiin.chedar.chedyteedain.olkal,dar sheod qokeey qokeody otey lkeedy chl lkeey daiin chedar chedyteedain olkal
RF1b-er,f111r,"f111r.28,+P0","qokeeol.shedy.qokeod.cheokeey.sheakar.shekchy.qotees.al.dain.chedy.qotain.al,am",qokeeol shedy qokeod cheokeey sheakar shekchy qotees al dain chedy qotain al am
RF1b-er,f111r,"f111r.29,+P0",salkeedy.lkeedy.chckhy.rky.chey.okeeo.chr.al.ar.qokeedy.qokedy.qoteedy.qod,salkeedy lkeedy chckhy rky chey okeeo chr al ar qokeedy qokedy qoteedy qod
RF1b-er,f111r,"f111r.30,+P0",qockhedy.qokeechy.qotchey.chtar.ar.chkeey.lkar.aiin.chedy.qokeey.qoirain,qockhedy qokeechy qotchey chtar ar chkeey lkar aiin chedy qokeey qoirain
RF1b-er,f111r,"f111r.31,+P0","sheotchedy.shedain.shkey,qokeaiin.shteody.qokeey.qokeedy.chkal.checthy",sheotchedy shedain shkey qokeaiin shteody qokeey qokeedy chkal checthy
RF1b-er,f111r,"f111r.32,+P0",dsheeoteey.qokeeo.l.keey.tear.qoteey.qotain.cholkeeedy.lchechdy.qokechy,dsheeoteey qokeeo l keey tear qoteey qotain cholkeeedy lchechdy qokechy
RF1b-er,f111r,"f111r.33,+P0",qoeeeo.s.ain.ar.olkeey.lkain.cheda.chkal.keeodal.eees.eeody.qokeedy.dl,qoeeeo s ain ar olkeey lkain cheda chkal keeodal eees eeody qokeedy dl
RF1b-er,f111r,"f111r.34,+P0","teo.olkeeo.ol.lkeeey.olain.ar.akeam.qokain.al.qokeeod.lkedlkey.teedy,r",teo olkeeo ol lkeeey olain ar akeam qokain al qokeeod lkedlkey teedy r
RF1b-er,f111r,"f111r.35,+P0",ychedl.ar.aiin.aiy.dam,ychedl ar aiin aiy dam
RF1b-er,f111r,"f111r.36,+P0",polal.shedal.pchedy.qofchedy.pykear.cheefy.qopchey.opchedal.lfchedypchal,polal shedal pchedy qofchedy pykear cheefy qopchey opchedal lfchedypchal
RF1b-er,f111r,"f111r.37,+P0",dain.chol.l.cheeolkeeol.lkeeedy.qokeey.l.keedy.lkedy.okeal.kain.chckhy.ltedy,dain chol l cheeolkeeol lkeeedy qokeey l keedy lkedy okeal kain chckhy ltedy
RF1b-er,f111r,"f111r.38,+P0",dched.daiin.al.okeey.techedy.chcthedy.chedain.otedy.qokeedykey.l.ltain,dched daiin al okeey techedy chcthedy chedain otedy qokeedykey l ltain
RF1b-er,f111r,"f111r.39,+P0",saiin.chckhedy.akain.oteain.shok.qokechdy.okechedy.chedy.qokeey.cheamar,saiin chckhedy akain oteain shok qokechdy okechedy chedy qokeey cheamar
RF1b-er,f111r,"f111r.40,+P0","saiin.al.keey.otedain.otedy.qokeokedy.qokeedy.oteeolkeey.okeeo.llain,al",saiin al keey otedain otedy qokeokedy qokeedy oteeolkeey okeeo llain al
RF1b-er,f111r,"f111r.41,+P0",ycheey.raiin.cheody.qokechy.qokeey.okedy.lchedy.qokeeal.daiin.otaral,ycheey raiin cheody qokechy qokeey okedy lchedy qokeeal daiin otaral
RF1b-er,f111r,"f111r.42,+P0","qokeo,l.qokal.qokeeol.cholkedy.l.chedy.chedy.chedyteakain.chedy.lkam.am",qokeo l qokal qokeeol cholkedy l chedy chedy chedyteakain chedy lkam am
RF1b-er,f111r,"f111r.43,+P0",okeedy.lkeedy.lkedar.okeedy.chedy,okeedy lkeedy lkedar okeedy chedy
RF1b-er,f111r,"f111r.44,+P0",pchedar.oteeol.lkeedain.okeam.sheo.teolkedain.shal.teey.lteeal.cheal.oty,pchedar oteeol lkeedain okeam sheo teolkedain shal teey lteeal cheal oty
RF1b-er,f111r,"f111r.45,+P0",oain.ain.keeey.teed.checkhed.iir.okeey.lkeeey.okeeolkeey.lkeey.lkeedy.qoky,oain ain keeey teed checkhed iir okeey lkeeey okeeolkeey lkeey lkeedy qoky
RF1b-er,f111r,"f111r.46,+P0",y.cheeo.lkeey.oteed.lkeedy.okeeshey.chey.lkar.al.olchal.or.aiin.cheam,y cheeo lkeey oteed lkeedy okeeshey chey lkar al olchal or aiin cheam
RF1b-er,f111r,"f111r.47,+P0",sheedy.qokeey.sheey.qoteedy.qeear.al.chedy.oteey.chedy,sheedy qokeey sheey qoteedy qeear al chedy oteey chedy
RF1b-er,f111r,"f111r.48,+P0",poeokeey.lkeedy.tedain.shecthy.qokeedy.chckhy.lfchy.cheal.chepcham.daim,poeokeey lkeedy tedain shecthy qokeedy chckhy lfchy cheal chepcham daim
RF1b-er,f111r,"f111r.49,+P0","dcheey.keeey.qo,ckhey.qokeey.lchedy.keear.akeey.lkeedy.lkeey.qokaiin.al",dcheey keeey qo ckhey qokeey lchedy keear akeey lkeedy lkeey qokaiin al
RF1b-er,f111r,"f111r.50,+P0",okeey.l.chedy.cheekain.qokeeokain.chckhy.cheal.keel.qokain.chckhal.lkal,okeey l chedy cheekain qokeeokain chckhy cheal keel qokain chckhal lkal
RF1b-er,f111r,"f111r.51,+P0",polkeeo.shey.cheokeain.chl.kar.r.aiin.char.iiain.al.lkeedy.qokal.okchy,polkeeo shey cheokeain chl kar r aiin char iiain al lkeedy qokal okchy
RF1b-er,f111r,"f111r.52,+P0","d,air.al.qokeey.qokaiin.sheal.qokeain.shckhy.sain.chckhy.char.aiin.alom",d air al qokeey qokaiin sheal qokeain shckhy sain chckhy char aiin alom
RF1b-er,f111r,"f111r.53,+P0","yshe.aiin.okshdy.shkeey.kain.chaiin.alolshey.qokaiin.chcthy,dain",yshe aiin okshdy shkeey kain chaiin alolshey qokaiin chcthy dain
RF1b-er,f111r,"f111r.54,+P0",tair.chckhaiin.dair.qokal.otain.okal,tair chckhaiin dair qokal otain okal
RF1b-er,f111v,"f111v.1,@P0",koshey.qokal.chckheal.opcheodair.alkain.sheokain.cheok.okealshedy.ralchy,koshey qokal chckheal opcheodair alkain sheokain cheok okealshedy ralchy
RF1b-er,f111v,"f111v.2,+P0",sheekeey.cheol.keedy.qokair.shecthy.qokeal.otechedy.qokedy.qopchedy.qokedam.chy,sheekeey cheol keedy qokair shecthy qokeal otechedy qokedy qopchedy qokedam chy
RF1b-er,f111v,"f111v.3,+P0",dain.chedy.shedal.otedy.oteeo.chedy.qokeey.dain.chcthar.otar.qotain.otaim,dain chedy shedal otedy oteeo chedy qokeey dain chcthar otar qotain otaim
RF1b-er,f111v,"f111v.4,+P0",daiin.chey.chokedair.air.alolshedy.qotedy.qokedar.oteedy.okedy.chedy.lkam,daiin chey chokedair air alolshedy qotedy qokedar oteedy okedy chedy lkam
RF1b-er,f111v,"f111v.5,+P0",qokeed.o.aiin.otedy.qokedy.chedy.qokeey.qokeedy.qokeol.shedy.qotedal.lol,qokeed o aiin otedy qokedy chedy qokeey qokeedy qokeol shedy qotedal lol
RF1b-er,f111v,"f111v.6,+P0","okeeo.okchar.oteedy.cheal.qokeey.lkeey.chol.l.kaiin.oteed,aiin.ar.alkeedym",okeeo okchar oteedy cheal qokeey lkeey chol l kaiin oteed aiin ar alkeedym
RF1b-er,f111v,"f111v.7,+P0",qokeechey.qokaiin.oteaiin.fcheeolkain.akeey.l.lcheedy.otal.kain.chedain.al,qokeechey qokaiin oteaiin fcheeolkain akeey l lcheedy otal kain chedain al
RF1b-er,f111v,"f111v.8,+P0",sho.otchey.cheol.kechy.chcthey.okain.al.l.keey.qokain.checkhy.chedar.am,sho otchey cheol kechy chcthey okain al l keey qokain checkhy chedar am
RF1b-er,f111v,"f111v.9,+P0",lshey.shedal.okear.l.kedy.cheolkeey.lkey.okeey.qokeey.qokey.qokain.am,lshey shedal okear l kedy cheolkeey lkey okeey qokeey qokey qokain am
RF1b-er,f111v,"f111v.10,+P0","saiin.shed.qoksheo.lor.cheo.l,ol.aiin.shey.qokain.chear.qoteol.shcthy.ldy",saiin shed qoksheo lor cheo l ol aiin shey qokain chear qoteol shcthy ldy
RF1b-er,f111v,"f111v.11,+P0",ylcheey.shear.aiin.sheear.otain.otedy.qokain.chedkain.shedaitain.shalg,ylcheey shear aiin sheear otain otedy qokain chedkain shedaitain shalg
RF1b-er,f111v,"f111v.12,+P0",qear.ain.shey.okeeey.qokaiin.checkhy.sho.lchal.sheey.shckhey.kshartar,qear ain shey okeeey qokaiin checkhy sho lchal sheey shckhey kshartar
RF1b-er,f111v,"f111v.13,+P0",sheaiin.okaiin.shckhy.cheol.kedy.chetar.okaiin.shal.lchdal.tedy.tar.amd,sheaiin okaiin shckhy cheol kedy chetar okaiin shal lchdal tedy tar amd
RF1b-er,f111v,"f111v.14,+P0","qo,cheol.qokain.chear.ol.ain.shedy.qotaiin.qokeechy.olkeey.lkeiin.laldm",qo cheol qokain chear ol ain shedy qotaiin qokeechy olkeey lkeiin laldm
RF1b-er,f111v,"f111v.15,+P0",sar.shea.l.otain.qokaiin.al.kain.chedy.otal.lchedy.qokain.chtal.otain.l.ls,sar shea l otain qokaiin al kain chedy otal lchedy qokain chtal otain l ls
RF1b-er,f111v,"f111v.16,+P0",qokain.sheol.qokain.shckhey.lchedy.okar.al.qotal.shedy.otain.far.aiin.am,qokain sheol qokain shckhey lchedy okar al qotal shedy otain far aiin am
RF1b-er,f111v,"f111v.17,+P0",solkain.shey.okaiin.sheey.qokain.chkal.chckhy.saiin.ar.lchal.she.otain,solkain shey okaiin sheey qokain chkal chckhy saiin ar lchal she otain
RF1b-er,f111v,"f111v.18,+P0",tair.shedy.qoeedaiin.akain.sheey.kaiin.shey.otain.alkain.o.l.r.ol.jain,tair shedy qoeedaiin akain sheey kaiin shey otain alkain o l r ol jain
RF1b-er,f111v,"f111v.19,+P0",qokaiin.cheal.tain.qokain.shey.qokain.char.shcthey.qoky.chy.qokaiin,qokaiin cheal tain qokain shey qokain char shcthey qoky chy qokaiin
RF1b-er,f111v,"f111v.20,+P0",shain.qokal.shar.qoteal.qotain.chedy.qotain.shcthy.qokshedy.qotain.ar,shain qokal shar qoteal qotain chedy qotain shcthy qokshedy qotain ar
RF1b-er,f111v,"f111v.21,+P0",sair.air.ain.qol.rar.ain.cheey.lkeey.lkain.cheokain.sheo.qo.qokain.chear.alam,sair air ain qol rar ain cheey lkeey lkain cheokain sheo qo qokain chear alam
RF1b-er,f111v,"f111v.22,+P0","saiin.ychear.olsheey.chetain.chedy.qokain.okain.al.chan.okal,chey.lkeeey",saiin ychear olsheey chetain chedy qokain okain al chan okal chey lkeeey
RF1b-er,f111v,"f111v.23,+P0",qokaiin.sheckhy.qokar.chalkain.chckhedy.lcheol.okaiin.qokain.cheol.daiin.lom,qokaiin sheckhy qokar chalkain chckhedy lcheol okaiin qokain cheol daiin lom
RF1b-er,f111v,"f111v.24,+P0",cheodain.qokar.otain.chedy.lkain.chey.shckhy.qokl.chedy.qokar.chctham,cheodain qokar otain chedy lkain chey shckhy qokl chedy qokar chctham
RF1b-er,f111v,"f111v.25,+P0",tair.olchedar.shykaiin.chdiy,tair olchedar shykaiin chdiy
RF1b-er,f111v,"f111v.26,+P0",polarar.okshey.qokain.chey.kal.keedy.qopchedy.qopchey.ltchs.alpchdar,polarar okshey qokain chey kal keedy qopchedy qopchey ltchs alpchdar
RF1b-er,f111v,"f111v.27,+P0","ol.sheey.tsheey.alkar.sheey.otain.ches.shy.qokl.chey.qokl,cheor.ldar.llo",ol sheey tsheey alkar sheey otain ches shy qokl chey qokl cheor ldar llo
RF1b-er,f111v,"f111v.28,+P0","qo,r,cheiin.okain.chear.lkeiin",qo r cheiin okain chear lkeiin
RF1b-er,f111v,"f111v.29,+P0",palkiin.cheopaiin.otain.shedy.pchedy.opcheedy.qokain.chcfhey.otchey.lldy,palkiin cheopaiin otain shedy pchedy opcheedy qokain chcfhey otchey lldy
RF1b-er,f111v,"f111v.30,+P0",shokar.okeokain.sheekain.qokain.chechey.qokeey.qetain.otain.ar.lkain.lky,shokar okeokain sheekain qokain chechey qokeey qetain otain ar lkain lky
RF1b-er,f111v,"f111v.31,+P0",pochey.oteain.chekain.cheal.lain.chey.qokain.chey.lkain.chal.ldy.llm,pochey oteain chekain cheal lain chey qokain chey lkain chal ldy llm
RF1b-er,f111v,"f111v.32,+P0",tar.chey.tain.chkar.alkar.chey.qol.chedy.okain.chey.lcheey.charan,tar chey tain chkar alkar chey qol chedy okain chey lcheey charan
RF1b-er,f111v,"f111v.33,+P0",ysheal.?oair.ain.okan.sheainy.qokan.chan.aman.cheal.char,ysheal ain okan sheainy qokan chan aman cheal char
RF1b-er,f111v,"f111v.34,+P0",polar.okar.teody.qokain.talol.tarol.opchedy.qotar.otar.chtalsam,polar okar teody qokain talol tarol opchedy qotar otar chtalsam
RF1b-er,f111v,"f111v.35,+P0",oain.okaiin.chcthy.lkain.lchey.lshekain.qotal.shedy.chkeey.lkeeed.lkain.y,oain okaiin chcthy lkain lchey lshekain qotal shedy chkeey lkeeed lkain y
RF1b-er,f111v,"f111v.36,+P0",shain.okaiin.chey.qokar.ar.ar.ain.alr.ar.olor,shain okaiin chey qokar ar ar ain alr ar olor
RF1b-er,f111v,"f111v.37,+P0","polchey.lkar,shar.akain.qokain.shalky.dy.tor.chey.keedy.lteedy.r.aldl",polchey lkar shar akain qokain shalky dy tor chey keedy lteedy r aldl
RF1b-er,f111v,"f111v.38,+P0",ycheey.o.aiin.checkhey.otain.qotl.chear.chedy.qokeey.okeedy.lkeey,ycheey o aiin checkhey otain qotl chear chedy qokeey okeedy lkeey
RF1b-er,f111v,"f111v.39,+P0",dsheey.qokal.chedy.chcthy.qokain.chedy.lkeey.shey.qokain.chedy.lchdy,dsheey qokal chedy chcthy qokain chedy lkeey shey qokain chedy lchdy
RF1b-er,f111v,"f111v.40,+P0",ykeeey.lkain.chckhy.chokain.chckhal.sheckhedy.qokeey.qokeedy.lchsl,ykeeey lkain chckhy chokain chckhal sheckhedy qokeey qokeedy lchsl
RF1b-er,f111v,"f111v.41,+P0",oteey.l.chedy.teeedy.lkeey.oteedy.okedy.chedy.qokeey.checthy.qotal,oteey l chedy teeedy lkeey oteedy okedy chedy qokeey checthy qotal
RF1b-er,f111v,"f111v.42,+P0",cheeo.lkeeo.chear.qokeain.okeeor.cheedy.okeiin.chedy.chedy.teedy.lcheam,cheeo lkeeo chear qokeain okeeor cheedy okeiin chedy chedy teedy lcheam
RF1b-er,f111v,"f111v.43,+P0","ycheo.daiin.sheeky.chokeal.sheekar.okaiin.otain.chear.alo.l,aiin.chotag",ycheo daiin sheeky chokeal sheekar okaiin otain chear alo l aiin chotag
RF1b-er,f111v,"f111v.44,+P0",dain.teeodain.cheeal.olaiin.or,dain teeodain cheeal olaiin or
RF1b-er,f111v,"f111v.45,+P0",pollaiin.okain.sheal.pchedain.opchey.polshy.okshey.opchedy.qopchair.alky,pollaiin okain sheal pchedain opchey polshy okshey opchedy qopchair alky
RF1b-er,f111v,"f111v.46,+P0",sol.chey.lkeey.rolkeey.chcthy.okeeey.lchedy.lkeain.checthy.qotainaly,sol chey lkeey rolkeey chcthy okeeey lchedy lkeain checthy qotainaly
RF1b-er,f111v,"f111v.47,+P0",sain.cheey.qokeey.cheytain.olain.akeeedy.chekain.chckhey.lchar,sain cheey qokeey cheytain olain akeeedy chekain chckhey lchar
RF1b-er,f111v,"f111v.48,+P0",pralar.cheey.qekal.cheykaiin.tain.chal.al.skaiin.akchedy.opchdal.opchy,pralar cheey qekal cheykaiin tain chal al skaiin akchedy opchdal opchy
RF1b-er,f111v,"f111v.49,+P0",sairy.cheey.chkain.chal.lor.sheey.qokain.okeiin.chey.qokain.okeey,sairy cheey chkain chal lor sheey qokain okeiin chey qokain okeey
RF1b-er,f111v,"f111v.50,+P0",shaiin.qoiiin.okain.chey.qokeeey.okain.chees.ar.ol.loeees.otain.or,shaiin qoiiin okain chey qokeeey okain chees ar ol loeees otain or
RF1b-er,f111v,"f111v.51,+P0",sain.cheal.chckhy.okain.okalaiin.choty.chckhy,sain cheal chckhy okain okalaiin choty chckhy
RF1b-er,f112r,"f112r.1,@P0","folchey.qokeey.ykair.xar,ally.oteedal.or.aiin.chcphy",folchey qokeey ykair xar ally oteedal or aiin chcphy
RF1b-er,f112r,"f112r.2,+P0",saiin.oar.qolkaiin.otail.ol.olaiin.chol.otar,saiin oar qolkaiin otail ol olaiin chol otar
RF1b-er,f112r,"f112r.3,+P0",or.chedar.cheey.oteedy.oteedy.otaiin.oty.odys,or chedar cheey oteedy oteedy otaiin oty odys
RF1b-er,f112r,"f112r.4,+P0",qokeedy.chokain.otain.otar.chedy.taim.oram,qokeedy chokain otain otar chedy taim oram
RF1b-er,f112r,"f112r.5,+P0",otair.okody.otody.otal.okeeey.otar.am.oain.oy,otair okody otody otal okeeey otar am oain oy
RF1b-er,f112r,"f112r.6,+P0",chedal.oteedy.okeey.qokeedy.olkeedy.oteeyoram,chedal oteedy okeey qokeedy olkeedy oteeyoram
RF1b-er,f112r,"f112r.7,+P0",taiin.olkeedy.qoteo.laeey.keey.qokeey.oteedyram,taiin olkeedy qoteo laeey keey qokeey oteedyram
RF1b-er,f112r,"f112r.8,+P0","sairor.eteedy.chol.qotchedy.dody.qokeeey.dair,am",sairor eteedy chol qotchedy dody qokeeey dair am
RF1b-er,f112r,"f112r.9,+P0",saiin.ol.okeey.qokeey.o.chedy.teedy.qokchy.qokary,saiin ol okeey qokeey o chedy teedy qokchy qokary
RF1b-er,f112r,"f112r.10,+P0",dair.al.chedy.qodain.dam,dair al chedy qodain dam
RF1b-er,f112r,"f112r.11,+P0",tchedy.qoteey.qeol.qokeey.otey.qokeey.qokedy.chotyr,tchedy qoteey qeol qokeey otey qokeey qokedy chotyr
RF1b-er,f112r,"f112r.12,+P0",dchedy.qo.otchedy.chdy.qokeey.qotain.oteedy.oteey.ror,dchedy qo otchedy chdy qokeey qotain oteedy oteey ror
RF1b-er,f112r,"f112r.13,+P0",sor.aiin.chdy.ches.qokeey.okeey.otaiin.chcthy.oteey.dy,sor aiin chdy ches qokeey okeey otaiin chcthy oteey dy
RF1b-er,f112r,"f112r.14,+P0",soarar.al.chey.otaiin.okeedy.qokeey,soarar al chey otaiin okeedy qokeey
RF1b-er,f112r,"f112r.15,+P0",poar.alchar.octhy.otedy.qokeedy.okedy.pchedy.opamdy,poar alchar octhy otedy qokeedy okedy pchedy opamdy
RF1b-er,f112r,"f112r.16,+P0",solol.sheydy.shol.qokeey.qokeeey.qokedain.otain.or.amchg,solol sheydy shol qokeey qokeeey qokedain otain or amchg
RF1b-er,f112r,"f112r.17,+P0",qoeeear.she.olkeear.cheey.qor.cheo.ral.cheey.qokey.teey.am,qoeeear she olkeear cheey qor cheo ral cheey qokey teey am
RF1b-er,f112r,"f112r.18,+P0",saiin.al.key.chey.dalchd.aiin.okal.chody.chedy.cham,saiin al key chey dalchd aiin okal chody chedy cham
RF1b-er,f112r,"f112r.19,+P0",polchdy.ol.otalysaiin.sheky.qeey.qokey.qokeey.qokyam,polchdy ol otalysaiin sheky qeey qokey qokeey qokyam
RF1b-er,f112r,"f112r.20,+P0",qoaiin.or.aiin.cheol.keody.qol.keol.okeeey.dal.aiin.ody,qoaiin or aiin cheol keody qol keol okeeey dal aiin ody
RF1b-er,f112r,"f112r.21,+P0",solkeedy.raiin.chcthey.okeedy.qoteedy.qeey.rair.al.sy,solkeedy raiin chcthey okeedy qoteedy qeey rair al sy
RF1b-er,f112r,"f112r.22,+P0",daichy.lchedy.qairal,daichy lchedy qairal
RF1b-er,f112r,"f112r.23,+P0",qoeiin.qoiin.olcheedy.dairiy.teedy.qopol.chdy.oteor.octhdy.otychey,qoeiin qoiin olcheedy dairiy teedy qopol chdy oteor octhdy otychey
RF1b-er,f112r,"f112r.24,+P0",cheeteey.qokeeey.lkeey.okeedykey.lkedy.qokedy.otedy.otedy.lo,cheeteey qokeeey lkeey okeedykey lkedy qokedy otedy otedy lo
RF1b-er,f112r,"f112r.25,+P0",tedain.shedy.ochor.okchd.ykedy.kedy.chor.aiin.cheety.chcthy.okey,tedain shedy ochor okchd ykedy kedy chor aiin cheety chcthy okey
RF1b-er,f112r,"f112r.26,+P0",tockhy.chedy.chedam,tockhy chedy chedam
RF1b-er,f112r,"f112r.27,+P0",pcholkeedy.okchoiiin.aky.opchedy.kolfchdy.opchedy.lky.shty,pcholkeedy okchoiiin aky opchedy kolfchdy opchedy lky shty
RF1b-er,f112r,"f112r.28,+P0","ysheedy.sheokeedy.qokeedy.qokain.oteedy.chckhy.ytchedy.shar,am",ysheedy sheokeedy qokeedy qokain oteedy chckhy ytchedy shar am
RF1b-er,f112r,"f112r.29,+P0",sar.aiin.olshedy.chokeey.sal.okaiin.oteey.qokeey.oloral.chealy,sar aiin olshedy chokeey sal okaiin oteey qokeey oloral chealy
RF1b-er,f112r,"f112r.30,+P0",tar.ar.cheokey.okeody.chol.ol.chedy.qokedy.cheom,tar ar cheokey okeody chol ol chedy qokedy cheom
RF1b-er,f112r,"f112r.31,+P0",pair.al.keolor.okaiin.otain.oteey.lchedy.okeeor.oteor.karainy,pair al keolor okaiin otain oteey lchedy okeeor oteor karainy
RF1b-er,f112r,"f112r.32,+P0","sor.ar.al.ar.s.alkeeor.alshedy.okeechy.qoiiin.oteey.ched.al,am",sor ar al ar s alkeeor alshedy okeechy qoiiin oteey ched al am
RF1b-er,f112r,"f112r.33,+P0",sarol.okcheey.cphedy.shckhhy.okeeor.chedy.shdal,sarol okcheey cphedy shckhhy okeeor chedy shdal
RF1b-er,f112r,"f112r.34,+P0",pairar.lshdar.okechedy.qokar.aram.qotedy.araiin.qokchdy.opary,pairar lshdar okechedy qokar aram qotedy araiin qokchdy opary
RF1b-er,f112r,"f112r.35,+P0",sain.olaiin.qopchdy.qoky.okeal.chedy.okeey.otedy.ar.ar.okeedy,sain olaiin qopchdy qoky okeal chedy okeey otedy ar ar okeedy
RF1b-er,f112r,"f112r.36,+P0",sain.ol.checkhy.olchain.okeey.olam,sain ol checkhy olchain okeey olam
RF1b-er,f112r,"f112r.37,+P0",pam.akaiin.olkedy.okedy.okeey.okeedy.keedar.otear.shkear.qoky,pam akaiin olkedy okedy okeey okeedy keedar otear shkear qoky
RF1b-er,f112r,"f112r.38,+P0",sar.ain.olkeear.okeody.qokeiiin.oteedy.qokey.akalokedy,sar ain olkeear okeody qokeiiin oteedy qokey akalokedy
RF1b-er,f112r,"f112r.39,+P0",palkeedy.qopal.otedy.opal.aiin.okaiiin.sheody.yteokar.ogom,palkeedy qopal otedy opal aiin okaiiin sheody yteokar ogom
RF1b-er,f112r,"f112r.40,+P0",sain.okal.lkeedy.okar.okchedy.qokal.keedy.chkey.oto.aral,sain okal lkeedy okar okchedy qokal keedy chkey oto aral
RF1b-er,f112r,"f112r.41,+P0",yshesy.alain.cheey.okchey.qokchy.okchaiin.ykeeos.okchy.ory,yshesy alain cheey okchey qokchy okchaiin ykeeos okchy ory
RF1b-er,f112r,"f112r.42,+P0","palar.shedy.qokaiin.y.okeedy.qotal.chady.oteody.arar,yteap",palar shedy qokaiin y okeedy qotal chady oteody arar yteap
RF1b-er,f112r,"f112r.43,+P0","yteeo.r.aiin.okar.opor.aiin.y,cheedy.qeedar.yteeey.sheor.oteeey",yteeo r aiin okar opor aiin y cheedy qeedar yteeey sheor oteeey
RF1b-er,f112r,"f112r.44,+P0",sar.ain.qokaekeeey.yk.okoeechey.okeeedy.alair.akcheey.ar.arody,sar ain qokaekeeey yk okoeechey okeeedy alair akcheey ar arody
RF1b-er,f112r,"f112r.45,+P0",yar.aiin.okeeey.teey.shkar.oteeedyqokeey.okeey.okasy.ain.yky,yar aiin okeeey teey shkar oteeedyqokeey okeey okasy ain yky
RF1b-er,f112v,"f112v.1,@P0","keeoal.cho,ol.opal.otalairy.fcheol.oteey.qor.eees.am",keeoal cho ol opal otalairy fcheol oteey qor eees am
RF1b-er,f112v,"f112v.2,+P0",oar.asal.okeeshy.qokeey.okain.qokal.okeol.oty.oraiin,oar asal okeeshy qokeey okain qokal okeol oty oraiin
RF1b-er,f112v,"f112v.3,+P0",qokeear.ar.sheey.ar.ar.aiiin.okeey.lkeeody.sheedy.qotam,qokeear ar sheey ar ar aiiin okeey lkeeody sheedy qotam
RF1b-er,f112v,"f112v.4,+P0",shody.qo.oeeeody.ateey.qokeedy.okeey.qokeedy.qoky.am,shody qo oeeeody ateey qokeedy okeey qokeedy qoky am
RF1b-er,f112v,"f112v.5,+P0",sain.aiiin.okey.daiin.otal.chear.okedy.okaiin.cheeoldy,sain aiiin okey daiin otal chear okedy okaiin cheeoldy
RF1b-er,f112v,"f112v.6,+P0","saiin.al.o,aiin.okeeedy.cheackhy",saiin al o aiin okeeedy cheackhy
RF1b-er,f112v,"f112v.7,+P0",pcheakeey.oeeeky.qoteedy.oees.aiin.ateor.opchdar.opary,pcheakeey oeeeky qoteedy oees aiin ateor opchdar opary
RF1b-er,f112v,"f112v.8,+P0",ocheor.okar.aiiin.otaiin.okal.okar.otal.kedy.chekaiiin,ocheor okar aiiin otaiin okal okar otal kedy chekaiiin
RF1b-er,f112v,"f112v.9,+P0",soaiin.ar.iiiin.okaiin.ataiin.cheekain.okchedy.qokchdy,soaiin ar iiiin okaiin ataiin cheekain okchedy qokchdy
RF1b-er,f112v,"f112v.10,+P0",dain.sheey.otchedy.arar,dain sheey otchedy arar
RF1b-er,f112v,"f112v.11,+P0",tchor.aiin.odeedy.oteeey.qokey.lody.chcfhy.ochos.aiin.alky,tchor aiin odeedy oteeey qokey lody chcfhy ochos aiin alky
RF1b-er,f112v,"f112v.12,+P0",daiin.al.olkeedain.oteey.sheeol.qokeedy.qochaiin.oteey.qoty,daiin al olkeedain oteey sheeol qokeedy qochaiin oteey qoty
RF1b-er,f112v,"f112v.13,+P0",dcheoty.oy.otchedy.chedy.daiin.chedal.chedy.qokaiin.otam,dcheoty oy otchedy chedy daiin chedal chedy qokaiin otam
RF1b-er,f112v,"f112v.14,+P0",sain.air.am.ykeedain.qokeedy.chedaiin.alain,sain air am ykeedain qokeedy chedaiin alain
RF1b-er,f112v,"f112v.15,+P0",pchodain.oteedy.qokeedy.olkeedy.qokeiin.sheey.qokedar.aiin.am,pchodain oteedy qokeedy olkeedy qokeiin sheey qokedar aiin am
RF1b-er,f112v,"f112v.16,+P0",saiin.okeey.sheey.qoteedy.qokey.chedy.qokeey.qokeey.chdaly,saiin okeey sheey qoteedy qokey chedy qokeey qokeey chdaly
RF1b-er,f112v,"f112v.17,+P0",daiin.chear.chedy.chykeedy.chdaiin.cheedy.qokain.otaldal,daiin chear chedy chykeedy chdaiin cheedy qokain otaldal
RF1b-er,f112v,"f112v.18,+P0",saiin.or.aiin.chey.qokeedy.qokeeey.qokeeody.qotam.olaiin.am,saiin or aiin chey qokeedy qokeeey qokeeody qotam olaiin am
RF1b-er,f112v,"f112v.19,+P0",sarain.ain.al.qoeeey.qoteo.ar.aiiinol.chalor,sarain ain al qoeeey qoteo ar aiiinol chalor
RF1b-er,f112v,"f112v.20,+P0",pchoraiin.ar.alchedy.olkeedy.qokedy.qotaiin.chocthedy.sairal,pchoraiin ar alchedy olkeedy qokedy qotaiin chocthedy sairal
RF1b-er,f112v,"f112v.21,+P0",saiin.chekain.cheal.qoeedy.chol.keedy.qokaiin.shedy.qokeal.kain,saiin chekain cheal qoeedy chol keedy qokaiin shedy qokeal kain
RF1b-er,f112v,"f112v.22,+P0",soiin.al.cheol.chedy.qokeey.chetain,soiin al cheol chedy qokeey chetain
RF1b-er,f112v,"f112v.23,+P0",ycheolkeear.alkeeey.chedain.ol.cheedaiin.sheedy.qokeedy.qotain,ycheolkeear alkeeey chedain ol cheedaiin sheedy qokeedy qotain
RF1b-er,f112v,"f112v.24,+P0",saiin.ar.akain.otchedy.qokeedy.eeedeed.ckhedy.cheedaiin.cheely,saiin ar akain otchedy qokeedy eeedeed ckhedy cheedaiin cheely
RF1b-er,f112v,"f112v.25,+P0",pchdaiin.shedy.otaiin.cheedy.qokeeey.lkeeedy.cheey.lor.eeedy.qokeey,pchdaiin shedy otaiin cheedy qokeeey lkeeedy cheey lor eeedy qokeey
RF1b-er,f112v,"f112v.26,+P0",ychedal.checkhey.checkhy.cheeol.qokeedy.qoteasam.chos,ychedal checkhey checkhy cheeol qokeedy qoteasam chos
RF1b-er,f112v,"f112v.27,+P0",pchojain.aiin.teeedy.qoeey.okeedy.qokeear.al.okedal.olkeedy.qotedy,pchojain aiin teeedy qoeey okeedy qokeear al okedal olkeedy qotedy
RF1b-er,f112v,"f112v.28,+P0",shey.keedal.aiin.cheal.keeeody.qoiin.ykeey.qokeeey.ykeey.qoeey.qokaim,shey keedal aiin cheal keeeody qoiin ykeey qokeeey ykeey qoeey qokaim
RF1b-er,f112v,"f112v.29,+P0",sheey.qoeekain.olkain.alor.chedal.sheody,sheey qoeekain olkain alor chedal sheody
RF1b-er,f112v,"f112v.30,+P0",polor.sheedy.okeedey.salaiin.sheedar.okedy.qopchedy.dalkedy.apchdy,polor sheedy okeedey salaiin sheedar okedy qopchedy dalkedy apchdy
RF1b-er,f112v,"f112v.31,+P0",tar.aiin.okeear.oteody.arar,tar aiin okeear oteody arar
RF1b-er,f112v,"f112v.32,+P0",tchedor.shee.keedy.otedar.checphey.qopchedy.qopcheey.kar.opcheeoracfy,tchedor shee keedy otedar checphey qopchedy qopcheey kar opcheeoracfy
RF1b-er,f112v,"f112v.33,+P0",or.cheeor.okeedy.qokedy.qokeedy.chedaiin.okeeedy.otaiin.cheekey.chol,or cheeor okeedy qokedy qokeedy chedaiin okeeedy otaiin cheekey chol
RF1b-er,f112v,"f112v.34,+P0",saiin.chedaiin.checkhy.lkeedy.qokeedy.chkaiin.checkhol.chdam,saiin chedaiin checkhy lkeedy qokeedy chkaiin checkhol chdam
RF1b-er,f112v,"f112v.35,+P0",pched.shedain.qokaiin.okeer.chedy.checkhy,pched shedain qokaiin okeer chedy checkhy
RF1b-er,f112v,"f112v.36,+P0",tchede.okeey.lky.shedaiiin.chdy.qokeedy.cheky.lkedy.qotedy.raram,tchede okeey lky shedaiiin chdy qokeedy cheky lkedy qotedy raram
RF1b-er,f112v,"f112v.37,+P0",teedal.sain.ar.otaiin.shedy.qokedaiin.ar.qokaiin.chol.kedy.qokam,teedal sain ar otaiin shedy qokedaiin ar qokaiin chol kedy qokam
RF1b-er,f112v,"f112v.38,+P0",sa.ar.aiin.okchey.al.chedy.chol.otaiin.chedar.lkain.cheo.dain,sa ar aiin okchey al chedy chol otaiin chedar lkain cheo dain
RF1b-er,f112v,"f112v.39,+P0",teodarody.opcheed.okaiin.chaiin.otam.oteedy.qoteey.qotain.chcthd,teodarody opcheed okaiin chaiin otam oteedy qoteey qotain chcthd
RF1b-er,f112v,"f112v.40,+P0",y.cheol.lchedy.chckhy.cheolchal.shchy.daiin.cheolor.okain.chedy.daiin,y cheol lchedy chckhy cheolchal shchy daiin cheolor okain chedy daiin
RF1b-er,f112v,"f112v.41,+P0",ykeedan.checkhey.oain.chol,ykeedan checkhey oain chol
RF1b-er,f112v,"f112v.42,+P0",poly.keedain.she.kchdy.chotshe.otechy.qokchdy.otaray.shain.qokedy,poly keedain she kchdy chotshe otechy qokchdy otaray shain qokedy
RF1b-er,f112v,"f112v.43,+P0",ooeeor.oeeal.olkeol.ol.chol.chl.alchedy.ykeedy.chtal.kar.opchy.fagam,ooeeor oeeal olkeol ol chol chl alchedy ykeedy chtal kar opchy fagam
RF1b-er,f112v,"f112v.44,+P0",qokchol.qokey.qaiin.otol.teol.okal.otedar.epalchdy.alpchdy,qokchol qokey qaiin otol teol okal otedar epalchdy alpchdy
RF1b-er,f112v,"f112v.45,+P0","ycheey.chokeey.okar,al.tchedy.oteol.chcthy.alaiin.char.al.kamdam",ycheey chokeey okar al tchedy oteol chcthy alaiin char al kamdam
RF1b-er,f112v,"f112v.46,+P0",ykeey.lor.chaiin.cheky.chokain.charam.chey.kain.chdal.okaiin.daldy,ykeey lor chaiin cheky chokain charam chey kain chdal okaiin daldy
RF1b-er,f112v,"f112v.47,+P0","e.otar.aig.oar,al.alor.aiiin.alkaiin.oty.ary",e otar aig oar al alor aiiin alkaiin oty ary
RF1b-er,f113r,"f113r.1,@P0",pcheskchy.ypcheedy.fchdy.chetar.qopchedaiin.oteey.oty.lkchy.chodain.alar.chedy,pcheskchy ypcheedy fchdy chetar qopchedaiin oteey oty lkchy chodain alar chedy
RF1b-er,f113r,"f113r.2,+P0","dar.okeedy.oteeody.qokedy.otchechy.okeorl.al.keeos.ched.al.ar.chckhhy.ykalair,ol",dar okeedy oteeody qokedy otchechy okeorl al keeos ched al ar chckhhy ykalair ol
RF1b-er,f113r,"f113r.3,+P0",shchs.oal.chs.aiin.oteeosy,shchs oal chs aiin oteeosy
RF1b-er,f113r,"f113r.4,+P0",kcheeos.olkeedy.shoaiin.cheeody.qokchedy.chckhody.qokedy.qotaly.lkar.ar.al.og,kcheeos olkeedy shoaiin cheeody qokchedy chckhody qokedy qotaly lkar ar al og
RF1b-er,f113r,"f113r.5,+P0",ycheeckhy.osaiin.cheoar.qokaiin.chekal.otar.shosaiin.chckhy.chdo.okol.chedy.chedy,ycheeckhy osaiin cheoar qokaiin chekal otar shosaiin chckhy chdo okol chedy chedy
RF1b-er,f113r,"f113r.6,+P0",sor.cheo.cheey.oteeos.aiin.otain.otal.ches.aiin.alchl.sheey.kchol.okeeo.l.kaiin.ol,sor cheo cheey oteeos aiin otain otal ches aiin alchl sheey kchol okeeo l kaiin ol
RF1b-er,f113r,"f113r.7,+P0",chos.sheey.qokchey.sokal.okeey.char.laiin.alkain,chos sheey qokchey sokal okeey char laiin alkain
RF1b-er,f113r,"f113r.8,+P0",pchosos.cheoarkeeol.qokeey.lkchey.qokar.chos.shey.qopchy.rchsy.chykeor.otal,pchosos cheoarkeeol qokeey lkchey qokar chos shey qopchy rchsy chykeor otal
RF1b-er,f113r,"f113r.9,+P0","dchos.aiin.oteey.qokaiin.cho.okaiin.cheo,daiin.aky.le.chody.chotaiin",dchos aiin oteey qokaiin cho okaiin cheo daiin aky le chody chotaiin
RF1b-er,f113r,"f113r.10,+P0",pcheody.qokeody.cheoar.chy.kcheeor.ety.sheody.sheodaiin.qoteoar.otam.otchedy.qoty,pcheody qokeody cheoar chy kcheeor ety sheody sheodaiin qoteoar otam otchedy qoty
RF1b-er,f113r,"f113r.11,+P0",daiin.cholchey.okecheey.chokeolsheo.qoaiin.shoo.keeeol.keody.chor.chor.kal.laram,daiin cholchey okecheey chokeolsheo qoaiin shoo keeeol keody chor chor kal laram
RF1b-er,f113r,"f113r.12,+P0",yshoain.qoeey.qoaiin.shol.lkeeoar.chodaiin.otag.chos.aiin,yshoain qoeey qoaiin shol lkeeoar chodaiin otag chos aiin
RF1b-er,f113r,"f113r.13,+P0",folchor.cheody.qotedy.lkeches.l.keeol.lkcheol.lkchedy.kotchy.lpchedy.qopchedy.ro,folchor cheody qotedy lkeches l keeol lkcheol lkchedy kotchy lpchedy qopchedy ro
RF1b-er,f113r,"f113r.14,+P0","ycheo.ltchea.lchol.oiiin.qoksheoy.qokcheo,dy.lcheo.l.kchedy.chokchy.okchdar.al",ycheo ltchea lchol oiiin qoksheoy qokcheo dy lcheo l kchedy chokchy okchdar al
RF1b-er,f113r,"f113r.15,+P0",chol.chr.s.aiin.chaiiin,chol chr s aiin chaiiin
RF1b-er,f113r,"f113r.16,+P0",pcheoor.olkeedy.qokeedy.shdy.qofchedy.chcfhor.chedy.qokeeol.por.aiin.chepchar,pcheoor olkeedy qokeedy shdy qofchedy chcfhor chedy qokeeol por aiin chepchar
RF1b-er,f113r,"f113r.17,+P0",dor.shar.shol.qokeey.qok.chol.chedaiin.qoky.chokain.chotar.chokar.char.alom,dor shar shol qokeey qok chol chedaiin qoky chokain chotar chokar char alom
RF1b-er,f113r,"f113r.18,+P0","ycheod.cheo,aiin.chal.olkaiin.chkaiin.cheeey.lkeeo.aiiin.okeedy.qokcheey.rchedy",ycheod cheo aiin chal olkaiin chkaiin cheeey lkeeo aiiin okeedy qokcheey rchedy
RF1b-er,f113r,"f113r.19,+P0","yhal.cheeo.r,laiin.chckhey.cheol",yhal cheeo r laiin chckhey cheol
RF1b-er,f113r,"f113r.20,+P0",ksharaiin.qokeeoar.shoteol.lklcheol.qokar.chdain.cphocthy.chor.aiin.ckhydy,ksharaiin qokeeoar shoteol lklcheol qokar chdain cphocthy chor aiin ckhydy
RF1b-er,f113r,"f113r.21,+P0",dor.shol.shedeiir.otchdy.shokchy.shaiiin.shckhey.lshor.air.okeody,dor shol shedeiir otchdy shokchy shaiiin shckhey lshor air okeody
RF1b-er,f113r,"f113r.22,+P0",tchoar.sheeodaiin.chkaiin.otchod.okchedy.qokaiin.chotain.sheor.qokchy.qopam,tchoar sheeodaiin chkaiin otchod okchedy qokaiin chotain sheor qokchy qopam
RF1b-er,f113r,"f113r.23,+P0",ykeoeshy.qokaiin.chol.kiin.chckhey.lkchey.qokal.chocthy.lkchor.lkchedy.lkaiin,ykeoeshy qokaiin chol kiin chckhey lkchey qokal chocthy lkchor lkchedy lkaiin
RF1b-er,f113r,"f113r.24,+P0",dair.chor.chopchey.araiin.or.sal.arody,dair chor chopchey araiin or sal arody
RF1b-er,f113r,"f113r.25,+P0",pchedair.shotedy.qopchody.chfchol.kchdaiin.chpchshdy.rair.shedy.qokchey.sairy,pchedair shotedy qopchody chfchol kchdaiin chpchshdy rair shedy qokchey sairy
RF1b-er,f113r,"f113r.26,+P0",tol.cheshy.lkchedy.lchod.chal.charlkeeody.oteeo.loaiin.okeedy,tol cheshy lkchedy lchod chal charlkeeody oteeo loaiin okeedy
RF1b-er,f113r,"f113r.27,+P0",tchol.chol.lsheol.shar.kcheey.yraiin.sheol.tcheody.tchey.sheoky.lpchedy.qokam,tchol chol lsheol shar kcheey yraiin sheol tcheody tchey sheoky lpchedy qokam
RF1b-er,f113r,"f113r.28,+P0",sar.al.chal.os.akchy.daiin.cheeeorain.otain.chol.lcholkaiin.cheokedy.lodar,sar al chal os akchy daiin cheeeorain otain chol lcholkaiin cheokedy lodar
RF1b-er,f113r,"f113r.29,+P0",ysheeoaiin.alkeeol.chtchol.kcheody.lkchedy.okaiin.chal.taiin.oteedy,ysheeoaiin alkeeol chtchol kcheody lkchedy okaiin chal taiin oteedy
RF1b-er,f113r,"f113r.30,+P0",folchear.oteol.lshedy.lkshedy.sheeeky.otar.qchar.tar.shkchedy.qokchd.opy,folchear oteol lshedy lkshedy sheeeky otar qchar tar shkchedy qokchd opy
RF1b-er,f113r,"f113r.31,+P0",ytaiin.okaiin.chear.ckhar.shal.shckhy.okain.okhar.chor.cky.chakain.qoky,ytaiin okaiin chear ckhar shal shckhy okain okhar chor cky chakain qoky
RF1b-er,f113r,"f113r.32,+P0",shodaiin.shkaiin.chcthal.okshedy.otal.okaiin.cphoal.otain.okaiin.chedy.qotal,shodaiin shkaiin chcthal okshedy otal okaiin cphoal otain okaiin chedy qotal
RF1b-er,f113r,"f113r.33,+P0",ykeeor.chear.akain.chear.chockhy,ykeeor chear akain chear chockhy
RF1b-er,f113r,"f113r.34,+P0",palshsar.lshdaiin.otshsaiin.shocphy.qopchear.shkair.qopchdy.qoteedy.rchedy.ldy,palshsar lshdaiin otshsaiin shocphy qopchear shkair qopchdy qoteedy rchedy ldy
RF1b-er,f113r,"f113r.35,+P0",yshssheeo.lkeeos.aiin.qokeees.okchedy.qotaiin.otar.okar.ockhy.rchedy.qosain,yshssheeo lkeeos aiin qokeees okchedy qotaiin otar okar ockhy rchedy qosain
RF1b-er,f113r,"f113r.36,+P0",dcheey.sheady.shedain,dcheey sheady shedain
RF1b-er,f113r,"f113r.37,+P0",tshedy.qokaiin.shedar.sheocphy.okchdy.pcheody.opchear.opchedy.lfchedy.otal,tshedy qokaiin shedar sheocphy okchdy pcheody opchear opchedy lfchedy otal
RF1b-er,f113r,"f113r.38,+P0","daiin.sheor.qoteey.daiin.okched,y.sheos.aiin",daiin sheor qoteey daiin okched y sheos aiin
RF1b-er,f113r,"f113r.39,+P0",pcheockhy.lkchey.qopsheeey.lkeody.kcheodaiin.por.shed.qopoeey.pokeey.rair.aly,pcheockhy lkchey qopsheeey lkeody kcheodaiin por shed qopoeey pokeey rair aly
RF1b-er,f113r,"f113r.40,+P0",tarar.cheey.cheokeol.chcheey.cthes.aiin.ctheey.ctharaj.shee.qo.tchey.taram,tarar cheey cheokeol chcheey cthes aiin ctheey ctharaj shee qo tchey taram
RF1b-er,f113r,"f113r.41,+P0",dsheo.ain.okaiin.cheey.taiin.lkeechey.okain.sheey.qoees.okeeody,dsheo ain okaiin cheey taiin lkeechey okain sheey qoees okeeody
RF1b-er,f113r,"f113r.42,+P0",pcheodaiin.sholkeechy.or.alkar.otchedy.cheol.tcheor.qokchedy.pchor.aral,pcheodaiin sholkeechy or alkar otchedy cheol tcheor qokchedy pchor aral
RF1b-er,f113r,"f113r.43,+P0",ykcheor.sheeod.lkar.ar.al.s.aiin.cheeey.ol.chedy.lchey.lkar.am.chedam,ykcheor sheeod lkar ar al s aiin cheeey ol chedy lchey lkar am chedam
RF1b-er,f113r,"f113r.44,+P0",cheeky.lkedy.chedy.lkaiin,cheeky lkedy chedy lkaiin
RF1b-er,f113r,"f113r.45,+P0",tchodairos.ar.chey.qotaiin.opchey.chtaiir.shedy.qotar.sheol.qotody.tedy,tchodairos ar chey qotaiin opchey chtaiir shedy qotar sheol qotody tedy
RF1b-er,f113r,"f113r.46,+P0",oaiin.cheokeeas.lkaiin.chkalkar.cheeody.qokeeody.qokeey.chos.araiinol,oaiin cheokeeas lkaiin chkalkar cheeody qokeeody qokeey chos araiinol
RF1b-er,f113r,"f113r.47,+P0",y.sheol.keechey.cholkeedy.qokaiin.chedal.l.kches.ar.akain.qokaiin.oram,y sheol keechey cholkeedy qokaiin chedal l kches ar akain qokaiin oram
RF1b-er,f113r,"f113r.48,+P0",tchoararshy.qokaiin.shey.chckhhy.sheolkchy.qokeol.kaiin.checkhy.ralchs,tchoararshy qokaiin shey chckhhy sheolkchy qokeol kaiin checkhy ralchs
RF1b-er,f113r,"f113r.49,+P0",sain.cheeey.cheo.kcheey.qokeey.lkeeey.okeeey.lkchey.lchoraiin.otain.al,sain cheeey cheo kcheey qokeey lkeeey okeeey lkchey lchoraiin otain al
RF1b-er,f113r,"f113r.50,+P0",tchedy.okeey.cheeos.lkaiin.chey.otain.cheeody.qokeeody.okaiin.oteedy,tchedy okeey cheeos lkaiin chey otain cheeody qokeeody okaiin oteedy
RF1b-er,f113r,"f113r.51,+P0",ykeeol.qokaiin.olkal.airody.okaiin.okalal.loary,ykeeol qokaiin olkal airody okaiin okalal loary
RF1b-er,f113v,"f113v.1,@P0",folorarom.otchey.qotar.air.otair.opchedy.qokeedody.cheykeeoy.rol.lkar.chsamoky,folorarom otchey qotar air otair opchedy qokeedody cheykeeoy rol lkar chsamoky
RF1b-er,f113v,"f113v.2,+P0",teoar.ain.qotar.ycheey.otaiir.otaiin.okchy.lkchdy.oteol.ar.al.ar.aiin.okal.cheyor,teoar ain qotar ycheey otaiir otaiin okchy lkchdy oteol ar al ar aiin okal cheyor
RF1b-er,f113v,"f113v.3,+P0",sar.aiin.chotar.akeeodar.qokain.olol.olam,sar aiin chotar akeeodar qokain olol olam
RF1b-er,f113v,"f113v.4,+P0",fchoctheody.keeodar.oteedy.rchedy.qokechy.otches.oparaiin.oteody.otaiin.otl.aroshy,fchoctheody keeodar oteedy rchedy qokechy otches oparaiin oteody otaiin otl aroshy
RF1b-er,f113v,"f113v.5,+P0",dcheos.otaiin.otedy.otodaiin.qokeey.rcheey.qoeear.oteedy.qokeedy.otedar.ar.ot.otees.al,dcheos otaiin otedy otodaiin qokeey rcheey qoeear oteedy qokeedy otedar ar ot otees al
RF1b-er,f113v,"f113v.6,+P0",tcheolchy.lcheol.chockhy.cheodaiidaiin,tcheolchy lcheol chockhy cheodaiidaiin
RF1b-er,f113v,"f113v.7,+P0",fcheshd.teody.lkeeody.oteedy.lchealaim.shockhol.opchedy.qotaiin.otar.ar.al.oteal,fcheshd teody lkeeody oteedy lchealaim shockhol opchedy qotaiin otar ar al oteal
RF1b-er,f113v,"f113v.8,+P0",ycheody.qokeeor.choltar.olkam.chokam.odal.sheckhy.qokchedy.otor.otar.toky,ycheody qokeeor choltar olkam chokam odal sheckhy qokchedy otor otar toky
RF1b-er,f113v,"f113v.9,+P0",dair.ar.okaiin.chokaiin.checkhol.cholkaiin.olchy,dair ar okaiin chokaiin checkhol cholkaiin olchy
RF1b-er,f113v,"f113v.10,+P0","polaiin.oteol.otedyar.ar,al.kedy.qokeedy.olaraiin.kchey.dal.otor.ar.opchey.ro",polaiin oteol otedyar ar al kedy qokeedy olaraiin kchey dal otor ar opchey ro
RF1b-er,f113v,"f113v.11,+P0",orsheor.oteeo.cheey.olkeey.otal.chotair.otar.qotar.okar.oko.lkedal.ram,orsheor oteeo cheey olkeey otal chotair otar qotar okar oko lkedal ram
RF1b-er,f113v,"f113v.12,+P0",solchedy.otsheody.arl.olchey.oror,solchedy otsheody arl olchey oror
RF1b-er,f113v,"f113v.13,+P0",poraiin.otar.ar.okol.shedy.qokchedy.otchdy.qotor.qoteedar.roral.fchee.llor,poraiin otar ar okol shedy qokchedy otchdy qotor qoteedar roral fchee llor
RF1b-er,f113v,"f113v.14,+P0",dar.al.sheey.qotaiin.chor.cthol.okeshos.olchedy.qokaiin.okal.akaiin.olo,dar al sheey qotaiin chor cthol okeshos olchedy qokaiin okal akaiin olo
RF1b-er,f113v,"f113v.15,+P0",?arar.okeey.oeky.atcheedaiin.ol.tchdy.pcheol.kcheor.raiin.cheey.qokaram,okeey oeky atcheedaiin ol tchdy pcheol kcheor raiin cheey qokaram
RF1b-er,f113v,"f113v.16,+P0",daiin.chl.lkeey.lkaiin.chdeiin.qokain.sheor.okalchedy.qokar.olkam.ar,daiin chl lkeey lkaiin chdeiin qokain sheor okalchedy qokar olkam ar
RF1b-er,f113v,"f113v.17,+P0","saraiin.shedy.lcheey.olkar.okaiin.cthor,oraiin.yteeeor",saraiin shedy lcheey olkar okaiin cthor oraiin yteeeor
RF1b-er,f113v,"f113v.18,+P0",pychdar.chckhedy.otshedy.tcheepchey.lky.lkches.qokody.lkeshdy.fchocthar.opam,pychdar chckhedy otshedy tcheepchey lky lkches qokody lkeshdy fchocthar opam
RF1b-er,f113v,"f113v.19,+P0",daiin.qokeeody.qokar.okaiin.qokaiin.okar.checthy.okal.ched.lchal.qckham,daiin qokeeody qokar okaiin qokaiin okar checthy okal ched lchal qckham
RF1b-er,f113v,"f113v.20,+P0",lkaiin.chckhhy.chody.otchar.ar.otary.olaiin,lkaiin chckhhy chody otchar ar otary olaiin
RF1b-er,f113v,"f113v.21,+P0",polaiin.otar.qotain.chtol.tarol.cheol.kaiin.chpkcheos.okar.acthar.lo,polaiin otar qotain chtol tarol cheol kaiin chpkcheos okar acthar lo
RF1b-er,f113v,"f113v.22,+P0",okaiin.okaiin.cheeky.raiin.olal.okaiin.cheody.okaiin.otaiin.otar.aly,okaiin okaiin cheeky raiin olal okaiin cheody okaiin otaiin otar aly
RF1b-er,f113v,"f113v.23,+P0",ykaiin.al.kar.okain.qokaiin.chakair.okar.al.cheody.qokar.otal.lkl.lol,ykaiin al kar okain qokaiin chakair okar al cheody qokar otal lkl lol
RF1b-er,f113v,"f113v.24,+P0",olkeey.lcheey.loar.cheos,olkeey lcheey loar cheos
RF1b-er,f113v,"f113v.25,+P0",tokary.lkchey.lkeedy.otey.pcheol.qopchey.cthol.opaiin.ol.keeor.opshedy.qotam,tokary lkchey lkeedy otey pcheol qopchey cthol opaiin ol keeor opshedy qotam
RF1b-er,f113v,"f113v.26,+P0",okiin.al.keechy.qoteeol.otar.ar.otchey.otaiin.al.otaiin.otol.qotody.loty,okiin al keechy qoteeol otar ar otchey otaiin al otaiin otol qotody loty
RF1b-er,f113v,"f113v.27,+P0",ycheeolcheeo.alkeedy,ycheeolcheeo alkeedy
RF1b-er,f113v,"f113v.28,+P0",paiir.oteey.lkaiin.oshox.arash.opheey.cphedy.opcheody.okalchdy.qotol.oky,paiir oteey lkaiin oshox arash opheey cphedy opcheody okalchdy qotol oky
RF1b-er,f113v,"f113v.29,+P0",ykeeol.chedy.qokeey.olkeeey.okaiin.ar.cthey.okaiin.al.lor.air.aralg,ykeeol chedy qokeey olkeeey okaiin ar cthey okaiin al lor air aralg
RF1b-er,f113v,"f113v.30,+P0",ysheey.qoeey.or.aiiin.okeeo.l.oteiin.ar.al.okaiiin.aiin.shody.otcham,ysheey qoeey or aiiin okeeo l oteiin ar al okaiiin aiin shody otcham
RF1b-er,f113v,"f113v.31,+P0","daiiin.cheol.teeoar.shek.lchedy.okaiin.chckhaiin.otaiin.otaiin.ar,aral",daiiin cheol teeoar shek lchedy okaiin chckhaiin otaiin otaiin ar aral
RF1b-er,f113v,"f113v.32,+P0",sheol.keey.qokain.char.ar.olar.aiiin.okar,sheol keey qokain char ar olar aiiin okar
RF1b-er,f113v,"f113v.33,+P0",palsairy.oteo.qokeedy.qokaiin.okal.qofcheol.qokaiin.opalor.lkch.ofchr,palsairy oteo qokeedy qokaiin okal qofcheol qokaiin opalor lkch ofchr
RF1b-er,f113v,"f113v.34,+P0",daiin.cheaiin.okchey.cheky.qokain.otecheedy.qokaiin.chckhey.chearam,daiin cheaiin okchey cheky qokain otecheedy qokaiin chckhey chearam
RF1b-er,f113v,"f113v.35,+P0",qokaiin.air.lor.chedy.otain,qokaiin air lor chedy otain
RF1b-er,f113v,"f113v.36,+P0",ofaral.olkaiin.okar.okeeedy.tshedy.qokeedy.otcheypchedy.tsho.lteam,ofaral olkaiin okar okeeedy tshedy qokeedy otcheypchedy tsho lteam
RF1b-er,f113v,"f113v.37,+P0",qol.aiin.olaiin.oteeey.lchedy.qokair.ydaiin,qol aiin olaiin oteeey lchedy qokair ydaiin
RF1b-er,f113v,"f113v.38,+P0",pcholky.otar.airol.okeedy.chokor.sheedy.oteey.teear.otorsheey.qoteal,pcholky otar airol okeedy chokor sheedy oteey teear otorsheey qoteal
RF1b-er,f113v,"f113v.39,+P0",osheol.cheol.ar.aloiiin.oteeey.otain.chekey.qokain.chcthy.qotamlr,osheol cheol ar aloiiin oteeey otain chekey qokain chcthy qotamlr
RF1b-er,f113v,"f113v.40,+P0",oraiin.cheor.alkain.oteey.ar.aiin.otaiin.okeey.lkeeedy.qo.eeeey.aiin,oraiin cheor alkain oteey ar aiin otaiin okeey lkeeedy qo eeeey aiin
RF1b-er,f113v,"f113v.41,+P0",dair.aiin.okain.ar.aiin.cheody,dair aiin okain ar aiin cheody
RF1b-er,f113v,"f113v.42,+P0",pol.keeo.dy.qoeees.aiin.or.aiin.oteol.fchedy.oteeey.dar.otakeol.ol,pol keeo dy qoeees aiin or aiin oteol fchedy oteeey dar otakeol ol
RF1b-er,f113v,"f113v.43,+P0",ycheol.keey.lkeees.or.aiin.otaiin.chkain.olar.olchedy.qot.aiinos,ycheol keey lkeees or aiin otaiin chkain olar olchedy qot aiinos
RF1b-er,f113v,"f113v.44,+P0",daiin.cheal.otain.okar.otaiin.oloiin,daiin cheal otain okar otaiin oloiin
RF1b-er,f113v,"f113v.45,+P0",polaiin.arol.shear.okeeeody.ls.ar.lkeey.opchedy.qokchdy.ota.aram,polaiin arol shear okeeeody ls ar lkeey opchedy qokchdy ota aram
RF1b-er,f113v,"f113v.46,+P0",o.lkaiin.cheey.lain.al.cheey,o lkaiin cheey lain al cheey
RF1b-er,f113v,"f113v.47,+P0",polaiin.ksheeol.lkaiin.tair.shey.qotain.ar.akal.shey.qopchedyldy,polaiin ksheeol lkaiin tair shey qotain ar akal shey qopchedyldy
RF1b-er,f113v,"f113v.48,+P0",y.cheol.cheey.qol.lsheedy.qokaiin.chedy.kain.qokeeedy.lkaiin.okal.dy,y cheol cheey qol lsheedy qokaiin chedy kain qokeeedy lkaiin okal dy
RF1b-er,f113v,"f113v.49,+P0",yshey.teeo.oteedy.qokeey.otaiin.olaiin.cheokain.lkeey.ltal.keedy,yshey teeo oteedy qokeey otaiin olaiin cheokain lkeey ltal keedy
RF1b-er,f114r,"f114r.1,@P0",tchedol.dairos.pcheos.ytaiin.okody.yteeed.oteeodl.opaiin.okarol,tchedol dairos pcheos ytaiin okody yteeed oteeodl opaiin okarol
RF1b-er,f114r,"f114r.2,+P0",deedar.qoteeddy.dair.akedy.okoeey.raiin.oor.cheed.ol.keeed.lkeeedam,deedar qoteeddy dair akedy okoeey raiin oor cheed ol keeed lkeeedam
RF1b-er,f114r,"f114r.3,+P0",ycheod,ycheod
RF1b-er,f114r,"f114r.4,+P0",fdeechdy.opchedaiin.ypchedy.odaly.chedy.qop.cheokaiin.shedy.podair.ochedal,fdeechdy opchedaiin ypchedy odaly chedy qop cheokaiin shedy podair ochedal
RF1b-er,f114r,"f114r.5,+P0",laiin.chedy.qokaiin.chdy.daiin.dchdos.eedol.chdol.kchedy.cho.kaiin.chdy,laiin chedy qokaiin chdy daiin dchdos eedol chdol kchedy cho kaiin chdy
RF1b-er,f114r,"f114r.6,+P0",qoeedy.okchedy.doiiin.chedy.daiin.ykeedy.okeeedy.chedol.chdaiin.ykar.dary,qoeedy okchedy doiiin chedy daiin ykeedy okeeedy chedol chdaiin ykar dary
RF1b-er,f114r,"f114r.7,+P0",cheol.dchedy.dkchs.aiin.chdedy.qodaiin.okchedaiin.chain,cheol dchedy dkchs aiin chdedy qodaiin okchedaiin chain
RF1b-er,f114r,"f114r.8,+P0",fchey.dam.okchedam.qokeedaiin.otairar.okchedy.otaiin.opcheol.ofchedaiir.ocphy,fchey dam okchedam qokeedaiin otairar okchedy otaiin opcheol ofchedaiir ocphy
RF1b-er,f114r,"f114r.9,+P0","dcheod.qodaiin.daiin.chey.kaldody.chdairod.okchdy.chody.daiin.dar.oar,or,old",dcheod qodaiin daiin chey kaldody chdairod okchdy chody daiin dar oar or old
RF1b-er,f114r,"f114r.10,+P0",qokeedy.chdodaiin.qoedeey.chdaiin.chedolos,qokeedy chdodaiin qoedeey chdaiin chedolos
RF1b-er,f114r,"f114r.11,+P0",dalchy.kolky.qoedaiin.dolos.shedy.qokchdy.ofchedy.tolpchy.doiiin.chocfhdy.opailo,dalchy kolky qoedaiin dolos shedy qokchdy ofchedy tolpchy doiiin chocfhdy opailo
RF1b-er,f114r,"f114r.12,+P0",ykcheshd.ol.air.okaiin.otedy.ykeeey.teos.lair.sheod.chody.otchedair.otom,ykcheshd ol air okaiin otedy ykeeey teos lair sheod chody otchedair otom
RF1b-er,f114r,"f114r.13,+P0",qokchedy.daiin.octhdy,qokchedy daiin octhdy
RF1b-er,f114r,"f114r.14,+P0",solpchd.oiin.chcthdy.qodair.ol.daldy.qopdain.opdaiin.opdairody.opdaildo.ary,solpchd oiin chcthdy qodair ol daldy qopdain opdaiin opdairody opdaildo ary
RF1b-er,f114r,"f114r.15,+P0",qoedy.otair.otar.okod.chodar.y.dal.oeedy.qokolkchdy.dalol.y.qokaiin.ched.al,qoedy otair otar okod chodar y dal oeedy qokolkchdy dalol y qokaiin ched al
RF1b-er,f114r,"f114r.16,+P0",cheoal.sheedo.l.kol.dair.dair.chdair.cheoty.otal.cheo.dair.chekar.otol.chedy,cheoal sheedo l kol dair dair chdair cheoty otal cheo dair chekar otol chedy
RF1b-er,f114r,"f114r.17,+P0",qokeedain.cheedy.qokey.qokeeodaiin.daiin.oeted.akaiin.otchedy.qokchedy.chckhd,qokeedain cheedy qokey qokeeodaiin daiin oeted akaiin otchedy qokchedy chckhd
RF1b-er,f114r,"f114r.18,+P0",lcheos.okar.y.cheodeeey.qoeeody.qodaiin.daildain,lcheos okar y cheodeeey qoeeody qodaiin daildain
RF1b-er,f114r,"f114r.19,+P0",pairody.shedar.qopchdy.dchedy.dol.qopchedy.daiin.ofchedaiin.chodaiin.opair.dar.oty,pairody shedar qopchdy dchedy dol qopchedy daiin ofchedaiin chodaiin opair dar oty
RF1b-er,f114r,"f114r.20,+P0",sair.chedaiin.dalchdy.daiidy.olchedy.chedaiin.oteedy.qoted.aiin.otar.otedy.do.rol,sair chedaiin dalchdy daiidy olchedy chedaiin oteedy qoted aiin otar otedy do rol
RF1b-er,f114r,"f114r.21,+P0",lcheey.lchedo.lcheo.dkair,lcheey lchedo lcheo dkair
RF1b-er,f114r,"f114r.22,+P0",tchedair.shodaiin.dair.kchedy.qopchdy.chdypdaiin.qokair.olchdy.rodeedy.qcphhedy,tchedair shodaiin dair kchedy qopchdy chdypdaiin qokair olchdy rodeedy qcphhedy
RF1b-er,f114r,"f114r.23,+P0",or.cheo.al.taiin.qokedaiin.oeain.al.s.ain.ches,or cheo al taiin qokedaiin oeain al s ain ches
RF1b-er,f114r,"f114r.24,+P0",tchedaiin.oldal.chor.chpcheey.chcphey.cphochy.chos.aiir.chty.choposair.cphy.dair,tchedaiin oldal chor chpcheey chcphey cphochy chos aiir chty choposair cphy dair
RF1b-er,f114r,"f114r.25,+P0",oaiil.chey.qokeedy.chedy.qoeey.qokodaiin.cheey.kair.aiy.okol.aiir.otair.or.airy,oaiil chey qokeedy chedy qoeey qokodaiin cheey kair aiy okol aiir otair or airy
RF1b-er,f114r,"f114r.26,+P0",ycheeodaiin.olkaiir.qokaiin.chodaiin.okar.olkaiin.okaiin.cheody.airoy.olam,ycheeodaiin olkaiir qokaiin chodaiin okar olkaiin okaiin cheody airoy olam
RF1b-er,f114r,"f114r.27,+P0",cheeo.daiin.sheedy.qodaiin.ksam.chodal.olchedy,cheeo daiin sheedy qodaiin ksam chodal olchedy
RF1b-er,f114r,"f114r.28,+P0","pchedairs.oeail.chotar.qokeedair.olkaiin.opdaiin.otol,dair.chdy.tedair.aiiraim",pchedairs oeail chotar qokeedair olkaiin opdaiin otol dair chdy tedair aiiraim
RF1b-er,f114r,"f114r.29,+P0",chal.oeedy.keedy.cheeeky.cheodeey.keedeedy.daiiin.aldair.ar.shol.chedy.otchedy.qoty,chal oeedy keedy cheeeky cheodeey keedeedy daiiin aldair ar shol chedy otchedy qoty
RF1b-er,f114r,"f114r.30,+P0",ychedar.okeedy.lkeedy.aiin.oeedaiin.qoaiin.ykedy.okair.olkeedy.qoain.ain.okeey.ram,ychedar okeedy lkeedy aiin oeedaiin qoaiin ykedy okair olkeedy qoain ain okeey ram
RF1b-er,f114r,"f114r.31,+P0",sair.oiin.cheedain.okaiin.otedy.qokeedain.orain,sair oiin cheedain okaiin otedy qokeedain orain
RF1b-er,f114r,"f114r.32,+P0",tcheodaiin.chaiin.qokaiin.otaiin.otalkain.otchedain.qotcho.chdy.dair.qotar,tcheodaiin chaiin qokaiin otaiin otalkain otchedain qotcho chdy dair qotar
RF1b-er,f114r,"f114r.33,+P0",daiin.oteedaiin.raiin.yteey.aiin.al.odaiin.chedal.odaiir.aiin.cheo.dal.chedy,daiin oteedaiin raiin yteey aiin al odaiin chedal odaiir aiin cheo dal chedy
RF1b-er,f114r,"f114r.34,+Pr",ytain.olkaiin.ykar.chdar.alkam,ytain olkaiin ykar chdar alkam
RF1b-er,f114r,"f114r.35,*P0",pcheos.air.oy.sheo.qokchey.sheekas.oar.ytched.lked.y.tchdar.otal.kar,pcheos air oy sheo qokchey sheekas oar ytched lked y tchdar otal kar
RF1b-er,f114r,"f114r.36,+P0",ychedar.ackhdy.otarain.ykeodaiin.qoeedaiin.qokal.sain.otchedy.qokar,ychedar ackhdy otarain ykeodaiin qoeedaiin qokal sain otchedy qokar
RF1b-er,f114r,"f114r.37,+P0",odar.or.aiin.otshedy.okaiin.yky.ols.ol.kaiin.chees.air.qotaiin.chedaiiin,odar or aiin otshedy okaiin yky ols ol kaiin chees air qotaiin chedaiiin
RF1b-er,f114r,"f114r.38,+P0",qoeedy.qokchedy.cheey.raiin.arain.aiin.al.chola,qoeedy qokchedy cheey raiin arain aiin al chola
RF1b-er,f114r,"f114r.39,+P0",todaiin.cheoltchedaiin.daiin.okar.qoeedain.qcho.oedain.opchedy.qetchar,todaiin cheoltchedaiin daiin okar qoeedain qcho oedain opchedy qetchar
RF1b-er,f114r,"f114r.40,+P0",yteedy.qotey.qoedaiin.qokchedy.teedy.qoteeedy.qotar.otees.chos.otchdy,yteedy qotey qoedaiin qokchedy teedy qoteeedy qotar otees chos otchdy
RF1b-er,f114r,"f114r.41,+P0",oshey.daiin.sheody.qoty.cheey.taiin.qokaiin.qokeeedy.oqotoiiin.oqoeeosain,oshey daiin sheody qoty cheey taiin qokaiin qokeeedy oqotoiiin oqoeeosain
RF1b-er,f114r,"f114r.42,+P0",poedair.qotol.qodaiin.otaiin.qotar.qotchey.qotaiin.cheopy.qopaiin.cheody,poedair qotol qodaiin otaiin qotar qotchey qotaiin cheopy qopaiin cheody
RF1b-er,f114r,"f114r.43,+P0",ycheedy.qoodaiin.daiiral.chedal.chos.oral.tedy.qotchdy.qotar.cheo.dain,ycheedy qoodaiin daiiral chedal chos oral tedy qotchdy qotar cheo dain
RF1b-er,f114r,"f114r.44,+P0",ydaiin.chedy.qoal.cheey.qokair.okeedy.chotal.chol.okain.ar.das.opaiin,ydaiin chedy qoal cheey qokair okeedy chotal chol okain ar das opaiin
RF1b-er,f114r,"f114r.45,+P0",dain.ched.chodaiin.otain.chdar.chedy.chocthy,dain ched chodaiin otain chdar chedy chocthy
RF1b-er,f114v,"f114v.1,@P0",pchdol.dar.chedain.chodalr.fcheey.dchedy.qocphdy.otdady.qotedar.daiin,pchdol dar chedain chodalr fcheey dchedy qocphdy otdady qotedar daiin
RF1b-er,f114v,"f114v.2,+P0",dshedal.qoteody.choddy.otol.chedal.otain.chedol.chedain.shedy.qotched.dl,dshedal qoteody choddy otol chedal otain chedol chedain shedy qotched dl
RF1b-er,f114v,"f114v.3,+P0",oeos.qotcheo.odain.qotain.otar.qotchd.dol.qotchedy.choty.ol.lchdaiin.dal,oeos qotcheo odain qotain otar qotchd dol qotchedy choty ol lchdaiin dal
RF1b-er,f114v,"f114v.4,+P0",qokedy.cheocthedy.qoted.qotedol.chedar.qotedy.okeedy.daiin.chedaiin.oky,qokedy cheocthedy qoted qotedol chedar qotedy okeedy daiin chedaiin oky
RF1b-er,f114v,"f114v.5,+P0",chedy.qokeedy.okaly.cheedain.shedy,chedy qokeedy okaly cheedain shedy
RF1b-er,f114v,"f114v.6,+P0",tedcheo.cheo.cthedy.qotchedy.qotaiin.opchedy.shedy.qepoepy.chedar.dairy,tedcheo cheo cthedy qotchedy qotaiin opchedy shedy qepoepy chedar dairy
RF1b-er,f114v,"f114v.7,+P0","ytedshedy.otaiin.cheedar.cheey.s.aiin.chedky.chedaiin.shod.cho,kchedy",ytedshedy otaiin cheedar cheey s aiin chedky chedaiin shod cho kchedy
RF1b-er,f114v,"f114v.8,+P0",pchedchdy.qoteedy.qokedain.chdaiin.qokedy.chedain.qoeedy.qotey.qotaiin,pchedchdy qoteedy qokedain chdaiin qokedy chedain qoeedy qotey qotaiin
RF1b-er,f114v,"f114v.9,+P0",soes.oeeos.aiin.olkeey.keol.qotcheedy.qockhed.skaiin.sheedy.qotal.chedy,soes oeeos aiin olkeey keol qotcheedy qockhed skaiin sheedy qotal chedy
RF1b-er,f114v,"f114v.10,+P0","olkees.chedaiin.qotaiin.ol,chedaiin.chedain.dain.chcthdy",olkees chedaiin qotaiin ol chedaiin chedain dain chcthdy
RF1b-er,f114v,"f114v.11,+P0",tchedy.qotaiin.chdy.qotedy.tedaiin.chepched.otol.shedain.pol.otam,tchedy qotaiin chdy qotedy tedaiin chepched otol shedain pol otam
RF1b-er,f114v,"f114v.12,+P0","ochedy.cho,aiin.chcty.chedal.daiin.ytar.otchedy.qotaiin.dain.dar.yog",ochedy cho aiin chcty chedal daiin ytar otchedy qotaiin dain dar yog
RF1b-er,f114v,"f114v.13,+P0",sheedy.qoteeosoiiin.chcthain,sheedy qoteeosoiiin chcthain
RF1b-er,f114v,"f114v.14,+P0",tsheodar.cheo.ckhar.qopchedy.qopchedy.qokchedy.shody.qotaiin.ofcheds,tsheodar cheo ckhar qopchedy qopchedy qokchedy shody qotaiin ofcheds
RF1b-er,f114v,"f114v.15,+P0",ochedain.chedy.okal.chaiin.qokod.qokol.cheedy.qotody.cheol.kchedy.ldy,ochedain chedy okal chaiin qokod qokol cheedy qotody cheol kchedy ldy
RF1b-er,f114v,"f114v.16,+P0",ytchedy.qool.chey.ol.aiin.chedar.chdaiin.chdal.qokaiin.choky.chol.dam,ytchedy qool chey ol aiin chedar chdaiin chdal qokaiin choky chol dam
RF1b-er,f114v,"f114v.17,+P0",sheoal.chos.oaiir.alchedy.chcphedy.okory,sheoal chos oaiir alchedy chcphedy okory
RF1b-er,f114v,"f114v.18,+P0",dorkcheky.cheo.aiin.qotaiin.otody.qokalsheody.choypshedy.qoto.yshxam,dorkcheky cheo aiin qotaiin otody qokalsheody choypshedy qoto yshxam
RF1b-er,f114v,"f114v.19,+P0",oshsodaiin.chotain.qotar,oshsodaiin chotain qotar
RF1b-er,f114v,"f114v.20,+P0",tshedain.qotchody.qokol.shedy.qokchedy.daiin.qofchdar.chdor.chdy.dary,tshedain qotchody qokol shedy qokchedy daiin qofchdar chdor chdy dary
RF1b-er,f114v,"f114v.21,+P0",dair.cheeo.chy.chdaiin.qokedy.otcheodaiin.qokchdy.otedal.dain.aral,dair cheeo chy chdaiin qokedy otcheodaiin qokchdy otedal dain aral
RF1b-er,f114v,"f114v.22,+P0",ychedar.shod.qokaiin.qotchey.chockhy.olkedy.otechy.ykedckhy,ychedar shod qokaiin qotchey chockhy olkedy otechy ykedckhy
RF1b-er,f114v,"f114v.23,+P0",pshedy.qopcheos.okaiin.qotchedy.qotchdar.cheeos.alteody.otoydy,pshedy qopcheos okaiin qotchedy qotchdar cheeos alteody otoydy
RF1b-er,f114v,"f114v.24,+P0",oltaiin.cheotaiin.qoteody.qokod.sheoeed.qodeedy.yteedy.aiin.am,oltaiin cheotaiin qoteody qokod sheoeed qodeedy yteedy aiin am
RF1b-er,f114v,"f114v.25,+P0",sor.aiin.otchedy.otaiin.alkain.oteedy,sor aiin otchedy otaiin alkain oteedy
RF1b-er,f114v,"f114v.26,+P0","pcheodal.cheopcheod.qotos.ar,aiin.qotalcheo.pchdal.qoeedy.chcthey",pcheodal cheopcheod qotos ar aiin qotalcheo pchdal qoeedy chcthey
RF1b-er,f114v,"f114v.27,+P0",osheeo.lkchee.okeey.qoteor.chokaiin.chdy.qokaiin.chokeey.tainary,osheeo lkchee okeey qoteor chokaiin chdy qokaiin chokeey tainary
RF1b-er,f114v,"f114v.28,+P0",tchedy.shdo.qotched.chees.ar.aiin.chetam,tchedy shdo qotched chees ar aiin chetam
RF1b-er,f114v,"f114v.29,+P0",pchdair.sho.qopchey.otcheed.chedy.qopcheo.s.ocpheody.opchdy.qopairam,pchdair sho qopchey otcheed chedy qopcheo s ocpheody opchdy qopairam
RF1b-er,f114v,"f114v.30,+P0",ycheey.qooeey.qolcheey.qoteey.qotaiin.otal.otaiin.oteeo.teey.rain,ycheey qooeey qolcheey qoteey qotaiin otal otaiin oteeo teey rain
RF1b-er,f114v,"f114v.31,+P0",olaiin.cheo.otcheody.lkchedy.okol.okaiin.otaiin.otal.qotar,olaiin cheo otcheody lkchedy okol okaiin otaiin otal qotar
RF1b-er,f114v,"f114v.32,+P0",ycheol.oleey.cheoaiin.chetaiin.sheeodain,ycheol oleey cheoaiin chetaiin sheeodain
RF1b-er,f114v,"f114v.33,+P0",kaiin.sheey.oaiin.sheol.qoteey.qokeeedy.cheo.ctheey.qokeeo.lkealy,kaiin sheey oaiin sheol qoteey qokeeedy cheo ctheey qokeeo lkealy
RF1b-er,f114v,"f114v.34,+P0",olkeechy.ol.oaiin.aiin.chocthey.qotedal.octhy.sotey.cheor.air,olkeechy ol oaiin aiin chocthey qotedal octhy sotey cheor air
RF1b-er,f114v,"f114v.35,+P0",yshey.kair.yteeey.qokaiin.chckhy.chodaiin.olkaim,yshey kair yteeey qokaiin chckhy chodaiin olkaim
RF1b-er,f114v,"f114v.36,+P0",tshey.oidal.op.shoko.otchey.qopchol.qopaiin.qotar.al.kal.ram,tshey oidal op shoko otchey qopchol qopaiin qotar al kal ram
RF1b-er,f114v,"f114v.37,+P0",dcheey.ol.cheodaiiin.qokar.otaiin.otal.okaiin.chey.tar.arody,dcheey ol cheodaiiin qokar otaiin otal okaiin chey tar arody
RF1b-er,f114v,"f114v.38,+P0",oteeo.okedaiin.otaiin.qotchey.qoteeody.otaiin.okal.dalr,oteeo okedaiin otaiin qotchey qoteeody otaiin okal dalr
RF1b-er,f114v,"f114v.39,+P0",qo.oeecheedy.o.kecheokeo.oteo.daiin.okaiin.choty.odaiin.otam,qo oeecheedy o kecheokeo oteo daiin okaiin choty odaiin otam
RF1b-er,f114v,"f114v.40,+P0",eeo.chea.y.oteey.qotaiin.cheol.oteeey.daiin.oteey.teeedy.dm,eeo chea y oteey qotaiin cheol oteeey daiin oteey teeedy dm
RF1b-er,f114v,"f114v.41,+P0",yaiin.oeeoy.akeey.cheody.qokaiin.otain.al.kain.choty,yaiin oeeoy akeey cheody qokaiin otain al kain choty
RF1b-er,f115r,"f115r.1,@P0",<@H=2>fshhdar.qopchol.qochedain.otedy.cheopol.teeedy.oroiir.oechedy.oteedy.qotchedy,fshhdar qopchol qochedain otedy cheopol teeedy oroiir oechedy oteedy qotchedy
RF1b-er,f115r,"f115r.2,+P0",dcheeos.shedy.qokeeo.qoky.qokeeor.cheody.qokeeo.qokeo.rarol.kcheody.qokchy,dcheeos shedy qokeeo qoky qokeeor cheody qokeeo qokeo rarol kcheody qokchy
RF1b-er,f115r,"f115r.3,+P0",qol.cheal.chor.od.qol.chedy.qockheos.cholor.daar.oraro,qol cheal chor od qol chedy qockheos cholor daar oraro
RF1b-er,f115r,"f115r.4,+P0",dchedain.qokeedy.olkeechdy.chor.chey.kchor.orchedar.otar.sheod.qoteedy.dardyr,dchedain qokeedy olkeechdy chor chey kchor orchedar otar sheod qoteedy dardyr
RF1b-er,f115r,"f115r.5,+P0",ycheedy.chedar.olkees.sheed.qodain.qoteedy.qokedy.qokeed.lchedar.qotchedy.ro,ycheedy chedar olkees sheed qodain qoteedy qokedy qokeed lchedar qotchedy ro
RF1b-er,f115r,"f115r.6,+P0",cheo.ckhdy.qotchdy.qokedy.qokar.okeeeoraiin.chl.chedar.chody.qotar.chedam.chd,cheo ckhdy qotchdy qokedy qokar okeeeoraiin chl chedar chody qotar chedam chd
RF1b-er,f115r,"f115r.7,+P0",dar.chedy.qotchy.chedy.chedar.shey.otain.chorar,dar chedy qotchy chedy chedar shey otain chorar
RF1b-er,f115r,"f115r.8,+P0",tcheor.cheol.orair.otchedar.lor.aiin.qokain.qoteeol.dar.ar.al.apchedy.darom,tcheor cheol orair otchedar lor aiin qokain qoteeol dar ar al apchedy darom
RF1b-er,f115r,"f115r.9,+P0",dchedaiin.qoteeedy.qokeedy.qoteo.lor.cheo.r.ar.cheor.cheody,dchedaiin qoteeedy qokeedy qoteo lor cheo r ar cheor cheody
RF1b-er,f115r,"f115r.10,+P0",tchedy.kechedy.qokchey.keedy.qokor.chedaiin.dair.qotchedy.qotcheedy.qekor,tchedy kechedy qokchey keedy qokor chedaiin dair qotchedy qotcheedy qekor
RF1b-er,f115r,"f115r.11,+P0",daiin.chedy.chol.chedy.qokaiin.qokcheedy.qototeeey.rain.cheo.chkain.cho.lory,daiin chedy chol chedy qokaiin qokcheedy qototeeey rain cheo chkain cho lory
RF1b-er,f115r,"f115r.12,+P0",dsheo.qokeedaiin.qokechdy.qodaiin.or.cholo.ro.chey,dsheo qokeedaiin qokechdy qodaiin or cholo ro chey
RF1b-er,f115r,"f115r.13,+P0","<@H=3>tchedy.qoolkeedy.qokchedy.qotchd.lpchedy.qotcho.lar.airor,lchy.cpholrory",tchedy qoolkeedy qokchedy qotchd lpchedy qotcho lar airor lchy cpholrory
RF1b-er,f115r,"f115r.14,+P0","ycheeo.r,cheeo.qo.lkain.cheey.saiin.cheedy.tcheo.lodar.chtar.as.kaiin.dam",ycheeo r cheeo qo lkain cheey saiin cheedy tcheo lodar chtar as kaiin dam
RF1b-er,f115r,"f115r.15,+P0",y.cheo.lkeodain.chcthed.qokar.chedy.qotain.chody.qotain.cheol.lkar.air.om,y cheo lkeodain chcthed qokar chedy qotain chody qotain cheol lkar air om
RF1b-er,f115r,"f115r.16,+P0",dshedy.qotshedy.dar.oltedy.qotor.chodar.cheocthy.chdy.qotor.otchdy.qotolchd,dshedy qotshedy dar oltedy qotor chodar cheocthy chdy qotor otchdy qotolchd
RF1b-er,f115r,"f115r.17,+P0",qol.cheey.qotchy.daiin.daiin.cheocthy.dolkeedy.qotaiin.chol.oteeedchey.okeedain,qol cheey qotchy daiin daiin cheocthy dolkeedy qotaiin chol oteeedchey okeedain
RF1b-er,f115r,"f115r.18,+P0","cheo,l,lcheey.okcho.keedor.ykechey.chchdy",cheo l lcheey okcho keedor ykechey chchdy
RF1b-er,f115r,"f115r.19,+P0",pcheodain.qokchey.qotchedy.darailchedy.polchedy.chol.pchody.qotchedy.qofchedy.ram,pcheodain qokchey qotchedy darailchedy polchedy chol pchody qotchedy qofchedy ram
RF1b-er,f115r,"f115r.20,+P0",lcheod.lkchedy.chockhy.chedy.qokchedy.qoky.chor.al.alor.cheey.qol.keor.shey,lcheod lkchedy chockhy chedy qokchedy qoky chor al alor cheey qol keor shey
RF1b-er,f115r,"f115r.21,+P0","yches.o,aiin.or.al.chy.cheo,dy.rodaiin.cheockhy.oeeody",yches o aiin or al chy cheo dy rodaiin cheockhy oeeody
RF1b-er,f115r,"f115r.22,+P0",fsheody.chsho.tchdy.dar.chedy.okchdar.chdor.cheedy.ykhy.cheedy.qepchey.lkam,fsheody chsho tchdy dar chedy okchdar chdor cheedy ykhy cheedy qepchey lkam
RF1b-er,f115r,"f115r.23,+P0",dchey.keey.qokeod.chody.qokcho.s.checkhy.qokeeey.keeey.lol.chedy.qokchedy.ldy,dchey keey qokeod chody qokcho s checkhy qokeeey keeey lol chedy qokchedy ldy
RF1b-er,f115r,"f115r.24,+P0",dcheol.qokeol.or.ar.aiin.cheey.okeeeo.ar.chl.lor.ol.otlaiin.cheeor.ary,dcheol qokeol or ar aiin cheey okeeeo ar chl lor ol otlaiin cheeor ary
RF1b-er,f115r,"f115r.25,+P0",y.cheodain.cheey.qotchedy.qokeeody.choar.cheey,y cheodain cheey qotchedy qokeeody choar cheey
RF1b-er,f115r,"f115r.26,+P0",ksheoary.otchey.qoteeo.s.ar.aiiin.chotchdy.qodair.sheol.pchedy.dal.dalom,ksheoary otchey qoteeo s ar aiiin chotchdy qodair sheol pchedy dal dalom
RF1b-er,f115r,"f115r.27,+P0","ysheeo.los.ar.chey.qoky.chol.kched,shedy.qokaiin.shey.qoetar.chol.qokaram",ysheeo los ar chey qoky chol kched shedy qokaiin shey qoetar chol qokaram
RF1b-er,f115r,"f115r.28,+P0",cheo.chos.al.saiin.cheody.llsan.arorochees,cheo chos al saiin cheody llsan arorochees
RF1b-er,f115r,"f115r.29,+P0",fshedy.shdalky.cheedar.qopchedy.qopchedyd.lksho.ror.pchodar.olchedyo,fshedy shdalky cheedar qopchedy qopchedyd lksho ror pchodar olchedyo
RF1b-er,f115r,"f115r.30,+P0","dsheodar.sheo.qokecheos.cheos.r.char.qokchar.qol,cheey.lkedy.qotal",dsheodar sheo qokecheos cheos r char qokchar qol cheey lkedy qotal
RF1b-er,f115r,"f115r.31,+P0","shod.ykaiin.chdy.qotchedy.dchol.daiin.qopol.qokair,ar.lchea.raiin.dlchd",shod ykaiin chdy qotchedy dchol daiin qopol qokair ar lchea raiin dlchd
RF1b-er,f115r,"f115r.32,+P0","sor.chey.okaiin.qokeey.qo,keedy.qoaiin.chedy.qotaiin.chety.laiin.chedy",sor chey okaiin qokeey qo keedy qoaiin chedy qotaiin chety laiin chedy
RF1b-er,f115r,"f115r.33,+P0",ycheey.qotaiin.chokeeey.chckhey.qoky.aiin.cheey.lkeedy.okchy.chokeeaiin,ycheey qotaiin chokeeey chckhey qoky aiin cheey lkeedy okchy chokeeaiin
RF1b-er,f115r,"f115r.34,+P0",cheeo.lkeeey.okeey.raiin.cheky,cheeo lkeeey okeey raiin cheky
RF1b-er,f115r,"f115r.35,+P0",posheos.aral.chaiin.shkchedy.otais.chsi.chpchar.ar.al.adaiin.chcphy.dy,posheos aral chaiin shkchedy otais chsi chpchar ar al adaiin chcphy dy
RF1b-er,f115r,"f115r.36,+P0",daiin.cheey.qoek.chody.qodain.sheey.dar.oranal,daiin cheey qoek chody qodain sheey dar oranal
RF1b-er,f115r,"f115r.37,+P0",sorols.cheos.lkshey.qokcho.saiin.chkshy.qos.aiin.okchey.pcheir,sorols cheos lkshey qokcho saiin chkshy qos aiin okchey pcheir
RF1b-er,f115r,"f115r.38,+P0",dor.cheol.chot.qotchy.qokchy.sol.raiin.shey.kchedy.daiin.shedy.qoty,dor cheol chot qotchy qokchy sol raiin shey kchedy daiin shedy qoty
RF1b-er,f115r,"f115r.39,+P0",ychey.keey.qodain.cheody.qokar,ychey keey qodain cheody qokar
RF1b-er,f115r,"f115r.40,+P0",paiinody.lkcheo.lchy.qokchedy.qokl.sheedy.qokar.aiir.ar.opchdain,paiinody lkcheo lchy qokchedy qokl sheedy qokar aiir ar opchdain
RF1b-er,f115r,"f115r.41,+P0",dar.olchy.alchey.qolcheor.okchor,dar olchy alchey qolcheor okchor
RF1b-er,f115r,"f115r.42,+P0",tcheodl.raiin.chkar.qokol.lchdy.qorshy.qotain.qokain.chep.chotchdy,tcheodl raiin chkar qokol lchdy qorshy qotain qokain chep chotchdy
RF1b-er,f115r,"f115r.43,+P0",dcheo.dain.sheol.qotchedy.qokchedy.qokchedy.chotar.orar.aiin.olchdy,dcheo dain sheol qotchedy qokchedy qokchedy chotar orar aiin olchdy
RF1b-er,f115r,"f115r.44,+P0","dcheos.shedar.qoor.cheor.shody.qokain.otar.ar.otar.ytar.ar.al,oky",dcheos shedar qoor cheor shody qokain otar ar otar ytar ar al oky
RF1b-er,f115r,"f115r.45,+P0",y.dchedy.kody.qokeedy.chols,y dchedy kody qokeedy chols
RF1b-er,f115v,"f115v.1,@P0","tchedor.otchedy.qotees.ytain.qoty.qotar.op,olaiin.qotdain.ol.raiin.om",tchedor otchedy qotees ytain qoty qotar op olaiin qotdain ol raiin om
RF1b-er,f115v,"f115v.2,+P0",ykeeochody.qokeedy.yteedy.qokar.qos.chodaiin.qokchdy.chdar.okchdy.qokam,ykeeochody qokeedy yteedy qokar qos chodaiin qokchdy chdar okchdy qokam
RF1b-er,f115v,"f115v.3,+P0",dsheol.qotchedy.qokshedy.qotchey.otaiin.qotedy.lkedain.dalchdy.okchedam,dsheol qotchedy qokshedy qotchey otaiin qotedy lkedain dalchdy okchedam
RF1b-er,f115v,"f115v.4,+P0",ykcheodain.lkchedy.otechdy.qotar.ar.al.ytchedy.lched.otchd.chokeedy,ykcheodain lkchedy otechdy qotar ar al ytchedy lched otchd chokeedy
RF1b-er,f115v,"f115v.5,+P0",dair.cheky.qoteey.otar.chl.olchd,dair cheky qoteey otar chl olchd
RF1b-er,f115v,"f115v.6,+P0",pchody.odaiin.chcphy.qokchdain.qotain.qokor.shed.oteody.solkaiin.al,pchody odaiin chcphy qokchdain qotain qokor shed oteody solkaiin al
RF1b-er,f115v,"f115v.7,+P0",dchedy.tedy.qokeey.roiin.shedy.okor.air.cheoor.olkchedy.chotam,dchedy tedy qokeey roiin shedy okor air cheoor olkchedy chotam
RF1b-er,f115v,"f115v.8,+P0",tchosos.sheol.qotchs.olchees.otchdy.qotol.lpchedy.akar.lkechedy.pchdam,tchosos sheol qotchs olchees otchdy qotol lpchedy akar lkechedy pchdam
RF1b-er,f115v,"f115v.9,+P0",ychees.chdaiin.chotain.cholkeedy.qotchy.chody.qotain.lkchey.lchey.ror,ychees chdaiin chotain cholkeedy qotchy chody qotain lkchey lchey ror
RF1b-er,f115v,"f115v.10,+P0",saiin.sho.sheody.okaiin.dalchedy.oteeo.chedy,saiin sho sheody okaiin dalchedy oteeo chedy
RF1b-er,f115v,"f115v.11,+P0","tchdor.shor,ail.chodaiin.chkol.chkchol.qotched.qotchey.dpchedy.qotam",tchdor shor ail chodaiin chkol chkchol qotched qotchey dpchedy qotam
RF1b-er,f115v,"f115v.12,+P0",ysheed.lchedy.lkchedy.soraiin,ysheed lchedy lkchedy soraiin
RF1b-er,f115v,"f115v.13,+P0",pchdarody.pcheed.rar.tcheody.polched.lpchdy.tol.rchees.cphor.orair.kol,pchdarody pcheed rar tcheody polched lpchdy tol rchees cphor orair kol
RF1b-er,f115v,"f115v.14,+P0",okeeokaiin.lkeeey.lkor.sheedy.chockhy.qockheedy.qokechy.lkeey.ldaiin,okeeokaiin lkeeey lkor sheedy chockhy qockheedy qokechy lkeey ldaiin
RF1b-er,f115v,"f115v.15,+P0",saiin.chol.qotain.qokain.chl.lr.chdain.qoteey.rcheey.r.ar.rodam,saiin chol qotain qokain chl lr chdain qoteey rcheey r ar rodam
RF1b-er,f115v,"f115v.16,+P0","dain.aroteey.qoteo,l.kar.y.sheo.lkechdy.qokar.qokey.lko.rokeedy.ld",dain aroteey qoteo l kar y sheo lkechdy qokar qokey lko rokeedy ld
RF1b-er,f115v,"f115v.17,+P0","okain.chey.keey.lcho.r,acthy",okain chey keey lcho r acthy
RF1b-er,f115v,"f115v.18,+P0",pchodain.chotain.choky.lchain.lpchdain.dalchedy.qotolchedy.qopchedy,pchodain chotain choky lchain lpchdain dalchedy qotolchedy qopchedy
RF1b-er,f115v,"f115v.19,+P0","yshedy.qokeedy.lx,or.xoiin.choto.keeody.qoteody.dain.qokchedy.ralom",yshedy qokeedy lx or xoiin choto keeody qoteody dain qokchedy ralom
RF1b-er,f115v,"f115v.20,+P0",ysheey.qoteey.lkeey.raiin.cheo.lor.otal.otchedy,ysheey qoteey lkeey raiin cheo lor otal otchedy
RF1b-er,f115v,"f115v.21,+P0",tshedy.sheolkeedy.lkeeshdy.cheeo.lor.eees.aiin.okchedy.qopcheddy.lky,tshedy sheolkeedy lkeeshdy cheeo lor eees aiin okchedy qopcheddy lky
RF1b-er,f115v,"f115v.22,+P0",soiin.shedain.qokeedy.chodain.otedain.qokeedy.qokeedy.qotedy.rory,soiin shedain qokeedy chodain otedain qokeedy qokeedy qotedy rory
RF1b-er,f115v,"f115v.23,+P0",lshes.sheet.chdy.otedy.shdy.lchedy,lshes sheet chdy otedy shdy lchedy
RF1b-er,f115v,"f115v.24,+P0",pcheo.cheeody.qoteeotchy.sain.opchees.chpcheod.rchl.chopchdy.qopcham,pcheo cheeody qoteeotchy sain opchees chpcheod rchl chopchdy qopcham
RF1b-er,f115v,"f115v.25,+P0",ykees.aiin.olkeeody.qos.ain.cheodain.chcthy.tchedy.qokeedy.lkeedas,ykees aiin olkeeody qos ain cheodain chcthy tchedy qokeedy lkeedas
RF1b-er,f115v,"f115v.26,+P0",dcheedy.kchedy.lcheey.ror.al.chokedy.dol.qokeeeos.qolkeedy.qokar.ar,dcheedy kchedy lcheey ror al chokedy dol qokeeeos qolkeedy qokar ar
RF1b-er,f115v,"f115v.27,+P0","olain.cheolkain.cheey.qot.cheody.ol,r.aiin.oteed.chkal.kchetam",olain cheolkain cheey qot cheody ol r aiin oteed chkal kchetam
RF1b-er,f115v,"f115v.28,+P0","ychey.lcho.l,or.chedy.chol.chedy.chdy",ychey lcho l or chedy chol chedy chdy
RF1b-er,f115v,"f115v.29,+P0",polor.sheedy.qoteedy.qokechy.lralal.shey.sheot.shedy.chteey.lky.raram,polor sheedy qoteedy qokechy lralal shey sheot shedy chteey lky raram
RF1b-er,f115v,"f115v.30,+P0",ycheedaiin.ol.chlor.lkchedy.rchedar.oteedal.ar.lky,ycheedaiin ol chlor lkchedy rchedar oteedal ar lky
RF1b-er,f115v,"f115v.31,+P0",pchdair.opchedy.qopor.iirchal.sheey.qotain.chety.rodaiin.opchepy.shokchy,pchdair opchedy qopor iirchal sheey qotain chety rodaiin opchepy shokchy
RF1b-er,f115v,"f115v.32,+P0",ykchedy.okar.chedar.rolsheedy.lkchdy.chddy.chcphedy.cheey.teeodaiin,ykchedy okar chedar rolsheedy lkchdy chddy chcphedy cheey teeodaiin
RF1b-er,f115v,"f115v.33,+P0",ychedal.qotchy.chcthy.chdal.lchedy,ychedal qotchy chcthy chdal lchedy
RF1b-er,f115v,"f115v.34,+P0",taiin.sheckhey.lchckhy.ldar.shdar.qotchdy.qoky.shedy.qokar.chckyy,taiin sheckhey lchckhy ldar shdar qotchdy qoky shedy qokar chckyy
RF1b-er,f115v,"f115v.35,+P0",shos.shee.oky.cheo.lkeiin.cheeos.al.ches.kcheo.rain.checthey.lcham,shos shee oky cheo lkeiin cheeos al ches kcheo rain checthey lcham
RF1b-er,f115v,"f115v.36,+P0",ytar.aiin.qoteey.lkcheda,ytar aiin qoteey lkcheda
RF1b-er,f115v,"f115v.37,+P0",tshar.shor.shckhhy.olkeeo.lkeedol.ltchdy.chkaidararal.lkeedy,tshar shor shckhhy olkeeo lkeedol ltchdy chkaidararal lkeedy
RF1b-er,f115v,"f115v.38,+P0",oiiin.chees.otainos.oledy.cheokeeo.llchs.o.l.r.aiiin.chkain.sham,oiiin chees otainos oledy cheokeeo llchs o l r aiiin chkain sham
RF1b-er,f115v,"f115v.39,+P0",dairal.chain.ykeedy.qokedy.qokain.lkaiin.lkchey.lkain.lror,dairal chain ykeedy qokedy qokain lkaiin lkchey lkain lror
RF1b-er,f115v,"f115v.40,+P0",ycheeol.kaiin.shedain.r.chor.okas.cheos.qokeey,ycheeol kaiin shedain r chor okas cheos qokeey
RF1b-er,f115v,"f115v.41,+P0",dcheodl.sheo.kolchey.fchedol.shedy.qotoee.tchy.chocphy.qopchyr,dcheodl sheo kolchey fchedol shedy qotoee tchy chocphy qopchyr
RF1b-er,f115v,"f115v.42,+P0",yair.al.sheey.oteeol.keody.rcheey.lkchdy.qokchey.lkar.lkl.rodam,yair al sheey oteeol keody rcheey lkchdy qokchey lkar lkl rodam
RF1b-er,f115v,"f115v.43,+P0","ysheo,kaiin.qotchdal.lkchdy.lkshedy.qokar.cheos.qokaiin.aky",ysheo kaiin qotchdal lkchdy lkshedy qokar cheos qokaiin aky
RF1b-er,f115v,"f115v.44,+P0",ototar.sheey.qokey.qokchey.qokchey.ral.rchos.oty.chledy,ototar sheey qokey qokchey qokchey ral rchos oty chledy
RF1b-er,f115v,"f115v.45,+P0",yk.chedaiin.chody.qokaiin.dary.cholaiim,yk chedaiin chody qokaiin dary cholaiim
RF1b-er,f116r,"f116r.1,@P0","kchdpy.shey.qokain.otalshedy.qoteey.shear.ain.or.llory.shear,amom",kchdpy shey qokain otalshedy qoteey shear ain or llory shear amom
RF1b-er,f116r,"f116r.2,+P0",shain.cheer.ain.okeey.okeey.shy.lar.ar.aiiin.oky.char.as.okain.ykanam,shain cheer ain okeey okeey shy lar ar aiiin oky char as okain ykanam
RF1b-er,f116r,"f116r.3,+P0",dain.chl.lshey.cthy.lshedy.oteor.shey.qo.saly,dain chl lshey cthy lshedy oteor shey qo saly
RF1b-er,f116r,"f116r.4,+P0","padar.shey.osheeky.qol.laiin.chckhy.okam.chedy.oteedy.qotar.aral,ar,y",padar shey osheeky qol laiin chckhy okam chedy oteedy qotar aral ar y
RF1b-er,f116r,"f116r.5,+P0",deiin.sheed.qokchdy.otal.chedy.lkain.oteedy.otor.aiin.oty.lol.rol.oly,deiin sheed qokchdy otal chedy lkain oteedy otor aiin oty lol rol oly
RF1b-er,f116r,"f116r.6,+P0",sain.ol.lchedy.chedy.otey.chedy.ykolain.otedy.oteey,sain ol lchedy chedy otey chedy ykolain otedy oteey
RF1b-er,f116r,"f116r.7,+P0","pchol,chdy.teody.otey.qo.qokain.qoteey.tokain.otedy.totol.rotydy",pchol chdy teody otey qo qokain qoteey tokain otedy totol rotydy
RF1b-er,f116r,"f116r.8,+P0",dar.yteedy.chedy.qokeey.qokain.qotody.oteedar.otedy.ldy.lchedy,dar yteedy chedy qokeey qokain qotody oteedar otedy ldy lchedy
RF1b-er,f116r,"f116r.9,+P0",qokeey.lchey.qokeedy.qokain.okeeylkaiin,qokeey lchey qokeedy qokain okeeylkaiin
RF1b-er,f116r,"f116r.10,+P0","chd?,in.checkhy.dar.shedy.qokeedy.shdy.rain.sheedy.cphol.r.teol.chcpham",in checkhy dar shedy qokeedy shdy rain sheedy cphol r teol chcpham
RF1b-er,f116r,"f116r.11,+P0",ol.aiin.shed.qoteedy.okeolshy.qotain.okedy.chedy.olchedy.olkain.als,ol aiin shed qoteedy okeolshy qotain okedy chedy olchedy olkain als
RF1b-er,f116r,"f116r.12,+P0","qo?,in.ar.chol,ches.okain.dain.cheey.okeey.otain.ol,chdy.otal.deiin.olam",in ar chol ches okain dain cheey okeey otain ol chdy otal deiin olam
RF1b-er,f116r,"f116r.13,+P0",sar.ain.tey.chetain.shtshey.okey.chedy.qoteedy.qokain.shety.okeedam,sar ain tey chetain shtshey okey chedy qoteedy qokain shety okeedam
RF1b-er,f116r,"f116r.14,+P0","sain.chey,chear.ain.chll.s.oleedy",sain chey chear ain chll s oleedy
RF1b-er,f116r,"f116r.15,+P0",pchoetal.otedal.atal.oteedy.olr.daiin.okeedy.qoky.dar.al.keedy.shdy,pchoetal otedal atal oteedy olr daiin okeedy qoky dar al keedy shdy
RF1b-er,f116r,"f116r.16,+P0",dar.chedy.sheedy.otal.al.lchedy.shcthy.qotey.dain.otar.otarar.apam,dar chedy sheedy otal al lchedy shcthy qotey dain otar otarar apam
RF1b-er,f116r,"f116r.17,+P0",dain.chey.qokeey.okeey.lain.okeey.qol.chedy,dain chey qokeey okeey lain okeey qol chedy
RF1b-er,f116r,"f116r.18,+P0",pcharalar.qokey.r.ain.otedy.opain.lor.oiin.otain.otar.oteeedy.ches.ary,pcharalar qokey r ain otedy opain lor oiin otain otar oteeedy ches ary
RF1b-er,f116r,"f116r.19,+P0",porchey.sheedy.qotain.chetar.qotar.ar.arady.chcthy.rain.otey.otey.dain,porchey sheedy qotain chetar qotar ar arady chcthy rain otey otey dain
RF1b-er,f116r,"f116r.20,+P0","chol.keedy.ol.cheey.raiin.y.chedy.otar.okal.okain.ol,ar.ytedy.qoty.rf?,m",chol keedy ol cheey raiin y chedy otar okal okain ol ar ytedy qoty m
RF1b-er,f116r,"f116r.21,+P0",sairol.sheey.qokain.chal.qol.chl.lrain.okain.shckhy.dtal.orchcthdy.lty,sairol sheey qokain chal qol chl lrain okain shckhy dtal orchcthdy lty
RF1b-er,f116r,"f116r.22,+P0",dol.shedy.shekchy.qokain.chedy.otar.okalain.shcthy.oteey.dar.chedy.lg,dol shedy shekchy qokain chedy otar okalain shcthy oteey dar chedy lg
RF1b-er,f116r,"f116r.23,+P0",dain.cheeteey.lkar.shedy.qokal.shedy.qoteedy.ches.ain.ain.aly.salo.lm,dain cheeteey lkar shedy qokal shedy qoteedy ches ain ain aly salo lm
RF1b-er,f116r,"f116r.24,+P0",qokedy.okain.chcthy.oty.shedy.qokeey.chalkeey.okey.kedy.chey.lag,qokedy okain chcthy oty shedy qokeey chalkeey okey kedy chey lag
RF1b-er,f116r,"f116r.25,+P0",chol.sheky.shedy.qokeey.qokeedy.shckhy.qokain.otal.ches.ain.ain.al.og,chol sheky shedy qokeey qokeedy shckhy qokain otal ches ain ain al og
RF1b-er,f116r,"f116r.26,+P0",ytchey.qokaiin.chckhol.shechol.qotey.ol.cheedy.otain.okedy.qotam,ytchey qokaiin chckhol shechol qotey ol cheedy otain okedy qotam
RF1b-er,f116r,"f116r.27,+P0",daiin.chey.qokey.lshedy.orain.chckhey.lkain.chy.pshedy.lshedy.qoky.rom,daiin chey qokey lshedy orain chckhey lkain chy pshedy lshedy qoky rom
RF1b-er,f116r,"f116r.28,+P0","cheol.lchey.lkeey.sheal.l,shalshy.qotalshy.cthedy.lky.chedy.oteedy.lched",cheol lchey lkeey sheal l shalshy qotalshy cthedy lky chedy oteedy lched
RF1b-er,f116r,"f116r.29,+P0",cthan.cheey.lkeeal.lshey.chll.lkain.chear.aiin.chl.l.keedy.raraiin.ory,cthan cheey lkeeal lshey chll lkain chear aiin chl l keedy raraiin ory
RF1b-er,f116r,"f116r.30,+P0","sar,aiin.shey.qokain.chcthy.okar.air.allaiin.okaly",sar aiin shey qokain chcthy okar air allaiin okaly
RF1b-er,f116r,"f116r.31,+P0",pchallarar.al.ckhal.rain.alolfchy.rpchey.shfy.ches.ar.opchekan.dlr,pchallarar al ckhal rain alolfchy rpchey shfy ches ar opchekan dlr
RF1b-er,f116r,"f116r.32,+P0",olkeey.rain.shey.qor.aiin.shey.ol.lchedy.rshey.qokeedy.chtain.oly,olkeey rain shey qor aiin shey ol lchedy rshey qokeedy chtain oly
RF1b-er,f116r,"f116r.33,+P0",soraiin.ykeey.arain.sheeky.qokain.sheey.qol.chedr.ar.r.arsheg,soraiin ykeey arain sheeky qokain sheey qol chedr ar r arsheg
RF1b-er,f116r,"f116r.34,+P0","qokain.ar.raiin.shek.okain.yrshey.qolchey.okaiin.sh,ckhy.qokam",qokain ar raiin shek okain yrshey qolchey okaiin sh ckhy qokam
RF1b-er,f116r,"f116r.35,+P0",shedy.qokeey.qokain.qokeey.lchey.olkey.raiin.cthar.shckhy.qorar,shedy qokeey qokain qokeey lchey olkey raiin cthar shckhy qorar
RF1b-er,f116r,"f116r.36,+P0","qokeey.rain.shey.okeey.lkain.l.dain.chey.sheckhy.qcthhy.qokl,ain",qokeey rain shey okeey lkain l dain chey sheckhy qcthhy qokl ain
RF1b-er,f116r,"f116r.37,+P0",pairain.sheekly.oiin.cheey.lkeey.olkeey.lchey.qoky.lshedy.cheam.sham,pairain sheekly oiin cheey lkeey olkeey lchey qoky lshedy cheam sham
RF1b-er,f116r,"f116r.38,+P0",daiin.qokeey.lshey.qokaiin.chkar.shey.okaiin.chedy.qokeedy.raiin.shy,daiin qokeey lshey qokaiin chkar shey okaiin chedy qokeedy raiin shy
RF1b-er,f116r,"f116r.39,+P0",qokain.chey.olr.ain.shey.qokain.ol.keey.keeey.lkeal.or.al.lom,qokain chey olr ain shey qokain ol keey keeey lkeal or al lom
RF1b-er,f116r,"f116r.40,+P0",dsheey.shey.qokey.shey.qokain.shckhy.chery.al.chedy.lcheylchy,dsheey shey qokey shey qokain shckhy chery al chedy lcheylchy
RF1b-er,f116r,"f116r.41,+P0",dlar.shar.shar.r.ain.sheain.okain.shey.qokchy.chckhy.orain,dlar shar shar r ain sheain okain shey qokchy chckhy orain
RF1b-er,f116r,"f116r.42,+P0",qo.qokain.sheckhy.qokain.shekain.shkain.shedy.shey.qokan.cham,qo qokain sheckhy qokain shekain shkain shedy shey qokan cham
RF1b-er,f116r,"f116r.43,+P0",os???.ar.al.shear.teey.chcphy.rain.cphan.adar.aty.shey.qokam,ar al shear teey chcphy rain cphan adar aty shey qokam
RF1b-er,f116r,"f116r.44,+P0","sq,oteedy.qokain.shckhy.ol.lcheor.chky.raiin.chey.qol.akam",sq oteedy qokain shckhy ol lcheor chky raiin chey qol akam
RF1b-er,f116r,"f116r.45,+P0",odain.shey.qokar.oleey.chy,odain shey qokar oleey chy
RF1b-er,f116r,"f116r.46,+P0","oqokaiin.al.shey.qokar.okaral.okey,shcphhy.oteey.o,okar.otydy",oqokaiin al shey qokar okaral okey shcphhy oteey o okar otydy
RF1b-er,f116r,"f116r.47,+P0","asain.shky.qor,ain.chckhey.qokey.lkechy.okeey.okal.chedkaly",asain shky qor ain chckhey qokey lkechy okeey okal chedkaly
RF1b-er,f116r,"f116r.48,+P0","sykar.ain.lokeey.dain,chey.qokar.chey.dain.y.otan.otain.oly",sykar ain lokeey dain chey qokar chey dain y otan otain oly
RF1b-er,f116r,"f116r.49,+P0",sasar.shey.qokey.okeolan.chey.qol.or.cheey.qor.aram.ol.lkan,sasar shey qokey okeolan chey qol or cheey qor aram ol lkan
RF1b-er,f116r,"f116r.50,+P0",sadal.chal.chcthy.chckhy.qol.ain.ary,sadal chal chcthy chckhy qol ain ary
RF1b-er,f116v,"f116v.1,@Lx",oror.sheey,oror sheey
