Source,Folio,Locus,Raw_Text,Clean_Text
ZL3b-n,f1r,"f1r.1,@P0",<%>fachys.ykal.ar.ataiin.shol.shory.[cth:oto]res.y.kor.sholdy<!@254;>,fachys ykal ar ataiin shol shory cthres y kor sholdy
ZL3b-n,f1r,"f1r.2,+P0","sory.ckhar.or,y.kair.chtaiin.shar.ase.cthar.cthar,dan",sory ckhar or y kair chtaiin shar ase cthar cthar dan
ZL3b-n,f1r,"f1r.3,+P0",syaiir.sheky.or.ykaiin.shod.cthoary.cthes.daraiin.sy,syaiir sheky or ykaiin shod cthoary cthes daraiin sy
ZL3b-n,f1r,"f1r.4,+P0","soiin.oteey.oteo[s:r],roloty.cthiar,daiin.okaiin.or.okan",soiin oteey oteos roloty cthiar daiin okaiin or okan
ZL3b-n,f1r,"f1r.5,+P0","sair,y.chear.cthaiin.cphar.cfhaiin",sair y chear cthaiin cphar cfhaiin
ZL3b-n,f1r,"f1r.6,=Pt",ydaraishy<$>,ydaraishy
ZL3b-n,f1r,"f1r.7,*P0",<%><!@252;>odar.{c'y}.shol.cphoy.oydar.sh.s.cfhoaiin.shodary,odar shol cphoy oydar sh s cfhoaiin shodary
ZL3b-n,f1r,"f1r.8,+P0","yshey.shody.okchoy.otchol.chocthy.os,chy.dain.chor.kos",yshey shody okchoy otchol chocthy os chy dain chor kos
ZL3b-n,f1r,"f1r.9,+P0",daiin.shos.cfhol.shody,daiin shos cfhol shody
ZL3b-n,f1r,"f1r.10,=Pt",dain.os.teody<$>,dain os teody
ZL3b-n,f1r,"f1r.11,*P0","<%><!@253;>ydain.cphesaiin.ols.cphey.ytain.shoshy.cphodal,es",ydain cphesaiin ols cphey ytain shoshy cphodal es
ZL3b-n,f1r,"f1r.12,+P0",oksho.kshoy.otairin.oteol.okan.shodain.sckhey.daiin,oksho kshoy otairin oteol okan shodain sckhey daiin
ZL3b-n,f1r,"f1r.13,+P0",shoy.ckhey.kodaiin.cphy.cphodaiils.cthey.sho.oldain.d,shoy ckhey kodaiin cphy cphodaiils cthey sho oldain d
ZL3b-n,f1r,"f1r.14,+P0",dain.oiin.chol.odaiin.chodain.chdy.ok[a:o]in.d?n.cthy.kod,dain oiin chol odaiin chodain chdy okain cthy kod
ZL3b-n,f1r,"f1r.15,+P0",daiin.shckhey.{ck}eo.r.char.shey.kol.chol.chol.kor.chal,daiin shckhey ckeo r char shey kol chol chol kor chal
ZL3b-n,f1r,"f1r.16,+P0",sho.chol.shodan.kshy.kchy.d.or.chodaiin.sho.koeam,sho chol shodan kshy kchy d or chodaiin sho koeam
ZL3b-n,f1r,"f1r.17,+P0","ycho.tchey.chekain.sheo,pshol.dydyd.cthy.dai[{cto}:@194;]y",ycho tchey chekain sheo pshol dydyd cthy daictoy
ZL3b-n,f1r,"f1r.18,+P0","yto.shol.she.kodshey.cphealy.dar,ain.dain.ckhyds",yto shol she kodshey cphealy dar ain dain ckhyds
ZL3b-n,f1r,"f1r.19,+P0",dchar.shcthaiin.okaiir.chey.@192;chy.@130;tol.cthols.dlo{ct}o,dchar shcthaiin okaiir chey chy tol cthols dlocto
ZL3b-n,f1r,"f1r.20,+P0",shok.chor.chey.dain.ckhey,shok chor chey dain ckhey
ZL3b-n,f1r,"f1r.21,=Pt",otol.daiiin<$>,otol daiiin
ZL3b-n,f1r,"f1r.22,*P0","<%>cpho.shaiin.shokcheey.chol.tshodeesy.shey.pydeey.cha.ro,dar",cpho shaiin shokcheey chol tshodeesy shey pydeey cha ro dar
ZL3b-n,f1r,"f1r.23,+P0",ydoin.chol.dain.cthal.dar.shear.kaiin.dar.shey.cthar,ydoin chol dain cthal dar shear kaiin dar shey cthar
ZL3b-n,f1r,"f1r.24,+P0",cho.?o.kaiin.shoaiin.okol.daiin.far.cthol.daiin.ctholdar,cho kaiin shoaiin okol daiin far cthol daiin ctholdar
ZL3b-n,f1r,"f1r.25,+P0",ycheey.okeey.oky.daiin.okchey.kokaiin.o?chol.k?dchy.dal,ycheey okeey oky daiin okchey kokaiin dal
ZL3b-n,f1r,"f1r.26,+P0","dcheo.shody.koshey.cthy.ok,chey.keey.keey,dal.chtor",dcheo shody koshey cthy ok chey keey keey dal chtor
ZL3b-n,f1r,"f1r.27,+P0",?eo?.chol.chok.choty.chotey,chol chok choty chotey
ZL3b-n,f1r,"f1r.28,=Pt",dchaiin<$>,dchaiin
ZL3b-n,f1v,"f1v.1,@P0","<%>kchsy.chydaiin.ol<->o,l,tchey.char.cfhar,am",kchsy chydaiin olo l tchey char cfhar am
ZL3b-n,f1v,"f1v.2,+P0",yteey.char.or.ochy<->dcho.lkody.okodar.chody,yteey char or ochydcho lkody okodar chody
ZL3b-n,f1v,"f1v.3,+P0","da,ckhy.ckhockhy.shy<->dksheey.cthy.kotchody.dal",da ckhy ckhockhy shydksheey cthy kotchody dal
ZL3b-n,f1v,"f1v.4,+P0",dol.chokeo.dair.dam<->sochey.chokody<$>,dol chokeo dair damsochey chokody
ZL3b-n,f1v,"f1v.5,+P0",<%>potoy.shol.dair.cphoal<->dar.chey.tody.otoaiin.shoshy,potoy shol dair cphoaldar chey tody otoaiin shoshy
ZL3b-n,f1v,"f1v.6,+P0","choky.chol.ctho,l,shol.okal<->dolchey.chodo.lol.chy.cthy",choky chol ctho l shol okaldolchey chodo lol chy cthy
ZL3b-n,f1v,"f1v.7,+P0","qo<!bar over o>.ol,choees.cheol.dol.cthey<->ykol.dol.dolo.ykol.do,lchiody<!corr?>",qo ol choees cheol dol ctheyykol dol dolo ykol do lchiody
ZL3b-n,f1v,"f1v.8,+P0","okolshol.kol,kechy.chol.ky<->chol.cthol.chody.chol.daiin",okolshol kol kechy chol kychol cthol chody chol daiin
ZL3b-n,f1v,"f1v.9,+P0","shor.okol.chol.dol,ky.dar<->shol.dchor.o,tcho.dar.[sh:{@209;h}]ody",shor okol chol dol ky darshol dchor o tcho dar shody
ZL3b-n,f1v,"f1v.10,+P0",taor.chotchey.dal.chody<->schody.pol.chodar<$>,taor chotchey dal chodyschody pol chodar
ZL3b-n,f2r,"f2r.1,@P0",<%>kydainy.ypchol.daiin.otchal<->ypchaiin.ckholsy,kydainy ypchol daiin otchalypchaiin ckholsy
ZL3b-n,f2r,"f2r.2,+P0",dorchory<->chkar.s<->shor.cthy.{cto},dorchorychkar sshor cthy cto
ZL3b-n,f2r,"f2r.3,+P0",qotaiin<->cthey.y<->chor.chy.ydy<->chaiin,qotaiincthey ychor chy ydychaiin
ZL3b-n,f2r,"f2r.4,+P0","{c'o}aiidy<->chtod,dy<->cphy.dals<->chokaiin.d",aiidychtod dycphy dalschokaiin d
ZL3b-n,f2r,"f2r.5,+P0","otochor.al<->shodaiin<->chol,dan<->ytchaiin.dan",otochor alshodaiinchol danytchaiin dan
ZL3b-n,f2r,"f2r.6,+P0","saiin.dain,d<->dkol.sor<->ytoldy<->dchol.dchy.cthy",saiin dain ddkol sorytoldydchol dchy cthy
ZL3b-n,f2r,"f2r.7,+P0","shor.ckhy.daiiny<->chol,dan<$>",shor ckhy daiinychol dan
ZL3b-n,f2r,"f2r.8,+P0",<%>kydain.shaiin.qoy.s.shol.fodan<->yksh.olsheey.daiildy,kydain shaiin qoy s shol fodanyksh olsheey daiildy
ZL3b-n,f2r,"f2r.9,+P0","dls,sho.kol.sheey.qokey.ykody.so<->chol,yky.dain.daiisol",dls sho kol sheey qokey ykody sochol yky dain daiisol
ZL3b-n,f2r,"f2r.10,+P0",qo'ky.cholaiin.shol.sheky.daiin<->cthey.keol.saiin.e'a'iin,qoky cholaiin shol sheky daiincthey keol saiin eaiin
ZL3b-n,f2r,"f2r.11,+P0",ychain.dal.chy.dalor.shan.dan<->olsaiin.sheey.ckhor,ychain dal chy dalor shan danolsaiin sheey ckhor
ZL3b-n,f2r,"f2r.12,+P0",okol.chy.chor.cthor.yor.an.chan<->saiin.chety.chyky.sal,okol chy chor cthor yor an chansaiin chety chyky sal
ZL3b-n,f2r,"f2r.13,+P0",sho.ykeey.chey.daiin.chcthy<$>,sho ykeey chey daiin chcthy
ZL3b-n,f2r,"f2r.14,@Lp",ytoail,ytoail
ZL3b-n,f2r,"f2r.15,@L0",ios.an.on,ios an on
ZL3b-n,f2v,"f2v.1,@P0","<%>kooiin.cheo,pchor.otaiin,odain.chor<->dair.shty",kooiin cheo pchor otaiin odain chordair shty
ZL3b-n,f2v,"f2v.2,+P0","kcho,kchy.sho.shol.qotcho.loeees.qoty<->chor.daiin",kcho kchy sho shol qotcho loeees qotychor daiin
ZL3b-n,f2v,"f2v.3,+P0",otchy.chor.lshy.chol.chody.chodain<->chcthy.daiin,otchy chor lshy chol chody chodainchcthy daiin
ZL3b-n,f2v,"f2v.4,+P0",sho.cholo.cheor.chodaiin<$>,sho cholo cheor chodaiin
ZL3b-n,f2v,"f2v.5,+P0","<%>kchor<!mark above o>.shy.daiiin.ch{cko}m<->s,shey.dor,chol,daiin",kchor shy daiiin chckoms shey dor chol daiin
ZL3b-n,f2v,"f2v.6,+P0","dor.chol.chor.chol.keol.chy.chty<->daiin.o,tchor.chan",dor chol chor chol keol chy chtydaiin o tchor chan
ZL3b-n,f2v,"f2v.7,+P0",daiin.chotchey.qoteeey.chokeos<->chees.chr.cheaiin,daiin chotchey qoteeey chokeoschees chr cheaiin
ZL3b-n,f2v,"f2v.8,+P0",chokoishe.chor.cheol.chol.dolody<$>,chokoishe chor cheol chol dolody
ZL3b-n,f3r,"f3r.1,@P0",<%>tsheos.qopal.chol.cthol.daimg,tsheos qopal chol cthol daimg
ZL3b-n,f3r,"f3r.2,+P0",ycheor.chor.dam.qotcham.cham,ycheor chor dam qotcham cham
ZL3b-n,f3r,"f3r.3,+P0",ochor.qocheor.chol.daiin.cthy,ochor qocheor chol daiin cthy
ZL3b-n,f3r,"f3r.4,+P0",schey.chor.chal.chag.cham.cho,schey chor chal chag cham cho
ZL3b-n,f3r,"f3r.5,+P0",qokol.chololy.s.cham.cthol,qokol chololy s cham cthol
ZL3b-n,f3r,"f3r.6,+P0",ychtaiin.chor.cthom.otaldam,ychtaiin chor cthom otaldam
ZL3b-n,f3r,"f3r.7,+P0",otchol.qodaiin.chom.shom.damo,otchol qodaiin chom shom damo
ZL3b-n,f3r,"f3r.8,+P0",ysheor.chor.chol.oky.dago,ysheor chor chol oky dago
ZL3b-n,f3r,"f3r.9,+P0",sho.vor.sheoldam.otchody.ol,sho vor sheoldam otchody ol
ZL3b-n,f3r,"f3r.10,+P0",ydar.cholcthom<$>,ydar cholcthom
ZL3b-n,f3r,"f3r.11,+P0",<%>pcheol.shol.sols.sheol.shey,pcheol shol sols sheol shey
ZL3b-n,f3r,"f3r.12,+P0","okadaiin.qokchor.qo,schodam.octhy",okadaiin qokchor qo schodam octhy
ZL3b-n,f3r,"f3r.13,+P0","qokeey.qot,shey.qokody.qokshey.cheody",qokeey qot shey qokody qokshey cheody
ZL3b-n,f3r,"f3r.14,+P0",chor.qodair.okeey.qokeey<$>,chor qodair okeey qokeey
ZL3b-n,f3r,"f3r.15,+P0",<%>tsheoarom.shor.or.chor.olchsy.chom.otchom<->oporar,tsheoarom shor or chor olchsy chom otchomoporar
ZL3b-n,f3r,"f3r.16,+P0",oteol.chol.s.cheol.ekshy.qokeom.qokol.daiin<->soleeg,oteol chol s cheol ekshy qokeom qokol daiinsoleeg
ZL3b-n,f3r,"f3r.17,+P0",soeom.okeom.yteody.qokeeodal.sam<$>,soeom okeom yteody qokeeodal sam
ZL3b-n,f3r,"f3r.18,+P0","<%>pcheoldom.shodaiin.qopchor.qopol.opchol,qoty<->otolom",pcheoldom shodaiin qopchor qopol opchol qotyotolom
ZL3b-n,f3r,"f3r.19,+P0","otchor.ol,cheor.qoeor.dair.qoteol.qosaiin<->chor.cthy",otchor ol cheor qoeor dair qoteol qosaiinchor cthy
ZL3b-n,f3r,"f3r.20,+P0","ycheor.chol.odaiin.chol.s.aiin.okol,or.am<$>",ycheor chol odaiin chol s aiin okol or am
ZL3b-n,f3v,"f3v.1,@P0",<%>koaiin.cphor.qotoy.sha.ckhol.ykoaiin.s.oly,koaiin cphor qotoy sha ckhol ykoaiin s oly
ZL3b-n,f3v,"f3v.2,+P0","daiidy.qoteeol.okeeor.okor.olytol.dol,dar",daiidy qoteeol okeeor okor olytol dol dar
ZL3b-n,f3v,"f3v.3,+P0",okom.chol.shol.seees.chom.cheeykam.okai,okom chol shol seees chom cheeykam okai
ZL3b-n,f3v,"f3v.4,+P0","qodar.ees.eey.kcheol.okal.do.r.chear,een",qodar ees eey kcheol okal do r chear een
ZL3b-n,f3v,"f3v.5,+P0","ychear.otchal.cho,r.char.ckh[a:y]",ychear otchal cho r char ckha
ZL3b-n,f3v,"f3v.6,+P0",or.cheor.kor.chodaly.chom<$>,or cheor kor chodaly chom
ZL3b-n,f3v,"f3v.7,+P0",<%>tchor.otcham.chor.cfham.s,tchor otcham chor cfham s
ZL3b-n,f3v,"f3v.8,+P0",ykchy.kchom.chor.chckhol.oka,ykchy kchom chor chckhol oka
ZL3b-n,f3v,"f3v.9,+P0",ytcheear.okeol.cthodoaly.chor.cthy,ytcheear okeol cthodoaly chor cthy
ZL3b-n,f3v,"f3v.10,+P0",ochos.daiin.qokshol.daiim.chol.okary,ochos daiin qokshol daiim chol okary
ZL3b-n,f3v,"f3v.11,+P0",sho.shockho.ckhy.tchor.chodaiin.chom,sho shockho ckhy tchor chodaiin chom
ZL3b-n,f3v,"f3v.12,+P0",osh.chodair.ytchy.tchor.kcham.s,osh chodair ytchy tchor kcham s
ZL3b-n,f3v,"f3v.13,+P0",shar.shkaiin.qokchy.yty.cthal.chky,shar shkaiin qokchy yty cthal chky
ZL3b-n,f3v,"f3v.14,+P0","dain.sheam.y,keam<$>",dain sheam y keam
ZL3b-n,f4r,"f4r.1,@P0","<%>kodalchy.chpady.sheol.ol,sheey.qotey<->doiin.chor.ytoy",kodalchy chpady sheol ol sheey qoteydoiin chor ytoy
ZL3b-n,f4r,"f4r.2,+P0",dchor.shol.shol.cthol.shtchy.chaiin.@163;s<->choraiin.chom,dchor shol shol cthol shtchy chaiin schoraiin chom
ZL3b-n,f4r,"f4r.3,+P0",otchol.chol.chy.chaiin.qotaiin<->daiin.shain,otchol chol chy chaiin qotaiindaiin shain
ZL3b-n,f4r,"f4r.4,+P0","qotchol,chy.yty.daiin.okaiin.cthy<$>",qotchol chy yty daiin okaiin cthy
ZL3b-n,f4r,"f4r.5,+P0","<%>pydaiin.qotchy.dy,tydy",pydaiin qotchy dy tydy
ZL3b-n,f4r,"f4r.6,+P0",chor.shytchy.dytcheey,chor shytchy dytcheey
ZL3b-n,f4r,"f4r.7,+P0",qotaiin.cthol.daiin.cthom,qotaiin cthol daiin cthom
ZL3b-n,f4r,"f4r.8,+P0",shor.shol.shol.cthy.cpholdy,shor shol shol cthy cpholdy
ZL3b-n,f4r,"f4r.9,+P0","daiin.ckhochy.tchy.kor,aiin",daiin ckhochy tchy kor aiin
ZL3b-n,f4r,"f4r.10,+P0",odal.shor.shyshol.cphaiin,odal shor shyshol cphaiin
ZL3b-n,f4r,"f4r.11,+P0",qotchoiin.she[o:a]r.qoty,qotchoiin sheor qoty
ZL3b-n,f4r,"f4r.12,+P0",soiin.chaiin.chaiin,soiin chaiin chaiin
ZL3b-n,f4r,"f4r.13,+P0",daiin.cthey<$>,daiin cthey
ZL3b-n,f4v,"f4v.1,@P0",<%>pchooiin.ksheo.kchoy.chopchy.dolds<->dlod,pchooiin ksheo kchoy chopchy doldsdlod
ZL3b-n,f4v,"f4v.2,+P0",ol.chey.chy.cthy.shkchor.sheo.cheory<->choldy,ol chey chy cthy shkchor sheo cheorycholdy
ZL3b-n,f4v,"f4v.3,+P0","sho.sho.chaiin.shaiin.daiin.qodaiin<->o,aram",sho sho chaiin shaiin daiin qodaiino aram
ZL3b-n,f4v,"f4v.4,+P0",qok[sh:ch]y.qocthy.choteol.daiin.cthey<->choaiin,qokshy qocthy choteol daiin ctheychoaiin
ZL3b-n,f4v,"f4v.5,+P0",shor.sheey.{cto}.otoiin.shey.qotchoiin<->chodain,shor sheey cto otoiin shey qotchoiinchodain
ZL3b-n,f4v,"f4v.6,+P0",ytchoy.shokchy.cphody<$>,ytchoy shokchy cphody
ZL3b-n,f4v,"f4v.7,+P0",<%>torchy.sheeor.chor.chokch[y:e].cphydy,torchy sheeor chor chokchy cphydy
ZL3b-n,f4v,"f4v.8,+P0",oleeeb.chor.cthol.sho.otor.cthory,oleeeb chor cthol sho otor cthory
ZL3b-n,f4v,"f4v.9,+P0","qooko,iiin,cheog.chcthy.shoky.daiin",qooko iiin cheog chcthy shoky daiin
ZL3b-n,f4v,"f4v.10,+P0","otaiin.sheo.okeody.chol,chokeody",otaiin sheo okeody chol chokeody
ZL3b-n,f4v,"f4v.11,+P0","sho.kcheor.shody.shtaiin.qotol,daiin",sho kcheor shody shtaiin qotol daiin
ZL3b-n,f4v,"f4v.12,+P0","qokey.sho.okeol.s,keey.shar,char,ody",qokey sho okeol s keey shar char ody
ZL3b-n,f4v,"f4v.13,+P0",shody.s.cheor.chokody.shodaiin.qoty,shody s cheor chokody shodaiin qoty
ZL3b-n,f4v,"f4v.14,+P0","ochody.chy,key.chtody<$>",ochody chy key chtody
ZL3b-n,f5r,"f5r.1,@P0","<%>kchody.fchoy.chkoy.oaiin.oar,olsy.chody.dkshy,dy",kchody fchoy chkoy oaiin oar olsy chody dkshy dy
ZL3b-n,f5r,"f5r.2,+P0",ochey.okey.qokaiin.sho.ckhoy.cthey.chey.ok[a:y]{@131;o}s.otol,ochey okey qokaiin sho ckhoy cthey chey okas otol
ZL3b-n,f5r,"f5r.3,+P0","qoaiin.otan,chy.daiin.oteeeb.chocthy.otchy.qotchody",qoaiin otan chy daiin oteeeb chocthy otchy qotchody
ZL3b-n,f5r,"f5r.4,+P0",otain.sheody.chan.s.cheor.chocthy<$>,otain sheody chan s cheor chocthy
ZL3b-n,f5r,"f5r.5,+P0",<%>tchy.shody.qoaiin.cholols.sho.qotcheo.daiin.shodaiin,tchy shody qoaiin cholols sho qotcheo daiin shodaiin
ZL3b-n,f5r,"f5r.6,+P0","sho.cheor,chey.qoeeey.qoykeeey.qoeor.cthy.shotshy.dy",sho cheor chey qoeeey qoykeeey qoeor cthy shotshy dy
ZL3b-n,f5r,"f5r.7,+P0","qotoeey.keey.cheo,kchy.shody<$>",qotoeey keey cheo kchy shody
ZL3b-n,f5v,"f5v.1,@P0","<%>k,o,cheor.chor.ytchey.pshod.chols.chodaiin.ytoiiin.daiin",k o cheor chor ytchey pshod chols chodaiin ytoiiin daiin
ZL3b-n,f5v,"f5v.2,+P0",dchol.{c'y}.chol.otaiin.dain.cthor.chots.ychopordg,dchol chol otaiin dain cthor chots ychopordg
ZL3b-n,f5v,"f5v.3,+P0",qotcho.ytor.daiin.daiin.otchor.daiin.q'o.darchor.do,qotcho ytor daiin daiin otchor daiin qo darchor do
ZL3b-n,f5v,"f5v.4,+P0","qotor.shees.otol.ykoiin.shol,daiin.cthor.okch,y,taiin",qotor shees otol ykoiin shol daiin cthor okch y taiin
ZL3b-n,f5v,"f5v.5,+P0","shokeeol.chor.cheotol.otchol.daiin.dal.chol,chotaiin",shokeeol chor cheotol otchol daiin dal chol chotaiin
ZL3b-n,f5v,"f5v.6,+P0",otol.chol.dairodg<$>,otol chol dairodg
ZL3b-n,f6r,"f6r.1,@P0",<%>foar.y.shol.cholor.cphol.chor.ch{ck}<->chopchol.otcham,foar y shol cholor cphol chor chckchopchol otcham
ZL3b-n,f6r,"f6r.2,+P0",daiin.chckhy.chor.chor.kar.cthy<->cthor.chotols,daiin chckhy chor chor kar cthycthor chotols
ZL3b-n,f6r,"f6r.3,+P0",foeear.kshor.choky.os.cheoeees<->ykeor.ytaiin.dam,foeear kshor choky os cheoeeesykeor ytaiin dam
ZL3b-n,f6r,"f6r.4,+P0","dar.cho,s.sheor.cho{ith}y.otcham<->yaiir.chy",dar cho s sheor choithy otchamyaiir chy
ZL3b-n,f6r,"f6r.5,+P0",t[a:o]r.okoiin.shees.ytaly.cthaiin<->odam,tar okoiin shees ytaly cthaiinodam
ZL3b-n,f6r,"f6r.6,+P0",or.al.daiin.ckham.okom.cthaiin<->ydaiin,or al daiin ckham okom cthaiinydaiin
ZL3b-n,f6r,"f6r.7,+P0",daiin.qodaiin.cho.s.chol.okaiin.s,daiin qodaiin cho s chol okaiin s
ZL3b-n,f6r,"f6r.8,+P0",ychol.ckhor.pchar.sheo.ckhaiin,ychol ckhor pchar sheo ckhaiin
ZL3b-n,f6r,"f6r.9,+P0",dar.sheol.skaiiodar.otaiin.chory,dar sheol skaiiodar otaiin chory
ZL3b-n,f6r,"f6r.10,+P0","tchor.ctheod.chy.shor.od,she.od",tchor ctheod chy shor od she od
ZL3b-n,f6r,"f6r.11,+P0",ychar.olchaj.ol.chokaiin,ychar olchaj ol chokaiin
ZL3b-n,f6r,"f6r.12,+P0",or.shol.cthom.chor.cthy,or shol cthom chor cthy
ZL3b-n,f6r,"f6r.13,+P0",qocthol.[y:q]odaiin.cthy,qocthol yodaiin cthy
ZL3b-n,f6r,"f6r.14,+P0","ysho.taiin.y,kaiim<$>",ysho taiin y kaiim
ZL3b-n,f6v,"f6v.1,@P0","<%>koary,sar.[ch:{oh}]eekar<!funny o, @246;?>.qoor.shor.chapchy.s.chear.char.otchy",koary sar cheekar qoor shor chapchy s chear char otchy
ZL3b-n,f6v,"f6v.2,+P0","oees.chor.chckhy.qoekchar.chea[s:r].odaiiin.kchey.chor,chaiin",oees chor chckhy qoekchar cheas odaiiin kchey chor chaiin
ZL3b-n,f6v,"f6v.3,+P0",qoair.ckhy.chol.oechockhy.chekchoy.ckhy.okol<->rychos,qoair ckhy chol oechockhy chekchoy ckhy okolrychos
ZL3b-n,f6v,"f6v.4,+P0","y,shckhy.ytchoy.s.os.y.jajy.dchy.dey.okody<->ytody",y shckhy ytchoy s os y jajy dchy dey okodyytody
ZL3b-n,f6v,"f6v.5,+P0","dair.{c'ha},chodam.dam.okor.oty<->doldom<$>",dair chodam dam okor otydoldom
ZL3b-n,f6v,"f6v.6,+P0",<%>tchody.shocthol.cho{cthh}y.s,tchody shocthol chocthhy s
ZL3b-n,f6v,"f6v.7,+P0",ychos.ychol.daiin.cthol.dol,ychos ychol daiin cthol dol
ZL3b-n,f6v,"f6v.8,+P0",ychor.chor.okchey.qokom,ychor chor okchey qokom
ZL3b-n,f6v,"f6v.9,+P0","oeeo,dal.chor.cthom.s",oeeo dal chor cthom s
ZL3b-n,f6v,"f6v.10,+P0",qokchod.ychear.kchdy,qokchod ychear kchdy
ZL3b-n,f6v,"f6v.11,+P0","lor.char.otam.ctho,m,dy",lor char otam ctho m dy
ZL3b-n,f6v,"f6v.12,+P0",ytcho[s:r].shy.qokam.cthy,ytchos shy qokam cthy
ZL3b-n,f6v,"f6v.13,+P0",yodaiin.cthy.s.chor.oees.or,yodaiin cthy s chor oees or
ZL3b-n,f6v,"f6v.14,+P0",qokor.chol.cthol.tchalody,qokor chol cthol tchalody
ZL3b-n,f6v,"f6v.15,+P0","chockhy.s.or.chy.s,ain.ar",chockhy s or chy s ain ar
ZL3b-n,f6v,"f6v.16,+P0",ochy.cthar.cth[a:o]r.cthy,ochy cthar cthar cthy
ZL3b-n,f6v,"f6v.17,+P0","y,chaies.ckhal.cthodam.dy",y chaies ckhal cthodam dy
ZL3b-n,f6v,"f6v.18,+P0",ytchocthol.ches.{ith}or,ytchocthol ches ithor
ZL3b-n,f6v,"f6v.19,+P0",ocholy.kchos.chy.dor,ocholy kchos chy dor
ZL3b-n,f6v,"f6v.20,+P0",dchor.choldar.okol.daiin,dchor choldar okol daiin
ZL3b-n,f6v,"f6v.21,+P0",ycheor.chor.octham<$>,ycheor chor octham
ZL3b-n,f7r,"f7r.1,@P0",<%>fchodaiin.shopchey.qko<->shey.qoos.sheey.charochy,fchodaiin shopchey qkoshey qoos sheey charochy
ZL3b-n,f7r,"f7r.2,+P0",dcheey.keo.r.shor.dold<->dchey.kchey.otchy.cheody,dcheey keo r shor dolddchey kchey otchy cheody
ZL3b-n,f7r,"f7r.3,+P0",oeeees.cheodaiin.sheey<->ytcheey.qotchy.chald,oeeees cheodaiin sheeyytcheey qotchy chald
ZL3b-n,f7r,"f7r.4,+P0",qokcho.cho.lochey.daiin<->ychey.kchos.odaiin,qokcho cho lochey daiinychey kchos odaiin
ZL3b-n,f7r,"f7r.5,+P0",oaiir<->otaiin<$>,oaiirotaiin
ZL3b-n,f7r,"f7r.6,+P0","<%>ksholo,chey.qotoees.chkoldy<->otchor.choaiin",ksholo chey qotoees chkoldyotchor choaiin
ZL3b-n,f7r,"f7r.7,+P0",dshoy.cthol.chol.otchol.dain<->shody.shol.chotchy,dshoy cthol chol otchol dainshody shol chotchy
ZL3b-n,f7r,"f7r.8,+P0",okchey.deeeese.choty.qokchy<->shol.keey.choty.dain,okchey deeeese choty qokchyshol keey choty dain
ZL3b-n,f7r,"f7r.9,+P0","qokechy.ol,choiin.chol.cphey<->shckhy.chochy.kchod",qokechy ol choiin chol cpheyshckhy chochy kchod
ZL3b-n,f7r,"f7r.10,+P0","s,chain.chor.daiin.chckhy<$>",s chain chor daiin chckhy
ZL3b-n,f7v,"f7v.1,@P0",<%>polyshy.shey.tchody.qopchy.otshol.dy.daiin.tshodody,polyshy shey tchody qopchy otshol dy daiin tshodody
ZL3b-n,f7v,"f7v.2,+P0",chochy.cthy.daiin.qoky.ch{cphh}y.daiin.cthol.cthy.cthd,chochy cthy daiin qoky chcphhy daiin cthol cthy cthd
ZL3b-n,f7v,"f7v.3,+P0","qokchy.dykchy.chkeey.kshy.ky.ty.dor.cheey.o,l,cheol,dy",qokchy dykchy chkeey kshy ky ty dor cheey o l cheol dy
ZL3b-n,f7v,"f7v.4,+P0",choteeeb.oeear.choschy.dain.sho.kshy.shol.deees.dol,choteeeb oeear choschy dain sho kshy shol deees dol
ZL3b-n,f7v,"f7v.5,+P0",dchodaiin.qotchy.cheey.tcheey<$>,dchodaiin qotchy cheey tcheey
ZL3b-n,f7v,"f7v.6,+P0","<%>kchor.sheod.sheodaiin.sho,daiin.oksho,lshol.dair.qos",kchor sheod sheodaiin sho daiin oksho lshol dair qos
ZL3b-n,f7v,"f7v.7,+P0","okshodeeeb.chorcheor,odaiin.shotch[o:?]<->dol.dol.dor.aiin",okshodeeeb chorcheor odaiin shotchodol dol dor aiin
ZL3b-n,f7v,"f7v.8,+P0","qoteeeo.r.cho,cheeody.qotchey.tey<->o,kcho,r.daiin",qoteeeo r cho cheeody qotchey teyo kcho r daiin
ZL3b-n,f7v,"f7v.9,+P0","sho.keeo.daiir.chokchy.dor.deol.dy<->dol,daiin<$>",sho keeo daiir chokchy dor deol dydol daiin
ZL3b-n,f8r,"f8r.1,@P0",<%>pshol.chor.otshal.chopy<->cph[o:a]l.chody.shy.cfhodar.shor,pshol chor otshal chopycphol chody shy cfhodar shor
ZL3b-n,f8r,"f8r.2,+P0","tchty.sh,kcheals.sho<->okche.do.dchy.dain.al",tchty sh kcheals shookche do dchy dain al
ZL3b-n,f8r,"f8r.3,+P0",chodar.shy.sy<->chodaiin.shokchy.chor.dy,chodar shy sychodaiin shokchy chor dy
ZL3b-n,f8r,"f8r.4,+P0",qotor.chor.chor.sheey<->dchol.shesed.chof.chy.dam,qotor chor chor sheeydchol shesed chof chy dam
ZL3b-n,f8r,"f8r.5,+P0","okchey.do.r.cheeey.dy.ky<->scho.chky.{ck}ooaiin.ch[y:a],taiin",okchey do r cheeey dy kyscho chky ckooaiin chy taiin
ZL3b-n,f8r,"f8r.6,+P0",tosh.{ck}cheey.koltoldy<->shy.choety.cheeody.sol,tosh ckcheey koltoldyshy choety cheeody sol
ZL3b-n,f8r,"f8r.7,+P0",choto.kchoan.choor.dain,choto kchoan choor dain
ZL3b-n,f8r,"f8r.8,=Pt",dcho.dain<$>,dcho dain
ZL3b-n,f8r,"f8r.9,*P0",<%>tchoep.sho.pcheey.pchey<->ofchey.dsheey.sholdaiin.shor,tchoep sho pcheey pcheyofchey dsheey sholdaiin shor
ZL3b-n,f8r,"f8r.10,+P0",daiin.cheey.teeodan.dy<->cheocthy.oksheo.dol.dairg,daiin cheey teeodan dycheocthy oksheo dol dairg
ZL3b-n,f8r,"f8r.11,+P0","shol.cheodaiin.daiin.do<->y,tchody.chot.choty.otariin",shol cheodaiin daiin doy tchody chot choty otariin
ZL3b-n,f8r,"f8r.12,+P0","qo,chodaiin.shotokody<->chotol",qo chodaiin shotokodychotol
ZL3b-n,f8r,"f8r.13,=Pt",okokchodg<$>,okokchodg
ZL3b-n,f8r,"f8r.14,*P0",<%>{c@132;h}o.{c@196;h}ey.shol.chofydy<->sho.chey.kshey.lody.cholal,o ey shol chofydysho chey kshey lody cholal
ZL3b-n,f8r,"f8r.15,+P0",dchey.ckhol.chol.chey.kc{cs}<->chy.{cto}daiin.dol.daiiir[{ih}:ch]y.ckhy,dchey ckhol chol chey kccschy ctodaiin dol daiiirihy ckhy
ZL3b-n,f8r,"f8r.16,+P0","ychey.kch[e:o]kchy.chsey,kchy<->scheaiin.cthai{ih}ar.cthy.dar",ychey kchekchy chsey kchyscheaiin cthaiihar cthy dar
ZL3b-n,f8r,"f8r.17,+P0",chol.dchy.qokar.chl<->aiin.chean.{ck}y.char.chaiin,chol dchy qokar chlaiin chean cky char chaiin
ZL3b-n,f8r,"f8r.18,+P0",okar.cfhaiin.chaiin.{cl}<->daiin.chor.cha.rchealcham,okar cfhaiin chaiin cldaiin chor cha rchealcham
ZL3b-n,f8r,"f8r.19,+P0","sair.cheain.cphol.dar<->shol.kaiin.shol.kaiin.dai,kam",sair cheain cphol darshol kaiin shol kaiin dai kam
ZL3b-n,f8r,"f8r.20,+P0","or.cho,kesey.shey.o.kal<->chal",or cho kesey shey o kalchal
ZL3b-n,f8r,"f8r.21,=Pt",schol.saim<$>,schol saim
ZL3b-n,f8v,"f8v.1,@P0",<%>{c@216;h}od.soo{c@196;h}<->sol.shol.otol.chol.opcheaiin.opydaiin.saiin,od soosol shol otol chol opcheaiin opydaiin saiin
ZL3b-n,f8v,"f8v.2,+P0",shcthal.sar<->chor.sheaiin.shor.chykchy.otaiin.{ct}y,shcthal sarchor sheaiin shor chykchy otaiin cty
ZL3b-n,f8v,"f8v.3,+P0",qody.cheal.sy<->chory<->chear.shol.chaiin.shaiin.dolas,qody cheal sychorychear shol chaiin shaiin dolas
ZL3b-n,f8v,"f8v.4,+P0",dshol.shol<->dol<->chean.cthar.shealy.daiin.chary,dshol sholdolchean cthar shealy daiin chary
ZL3b-n,f8v,"f8v.5,+P0",chol.chol.dar<->otchar.etaiin.cthol.dar,chol chol darotchar etaiin cthol dar
ZL3b-n,f8v,"f8v.6,+P0","daiin.cthan<->ytchy.chey,kaiin.dain.ar",daiin cthanytchy chey kaiin dain ar
ZL3b-n,f8v,"f8v.7,+P0",sho.kchol<->dar.shey.cthar.chotain.ry,sho kcholdar shey cthar chotain ry
ZL3b-n,f8v,"f8v.8,+P0",okcholksh<->chol.chol.chol.cthaiin.dain,okcholkshchol chol chol cthaiin dain
ZL3b-n,f8v,"f8v.9,+P0",shol.orchl<->chokchy.chol.cthor.chaiin,shol orchlchokchy chol cthor chaiin
ZL3b-n,f8v,"f8v.10,+P0",scharchy<->oeesody.kchey.pchy.cpharom,scharchyoeesody kchey pchy cpharom
ZL3b-n,f8v,"f8v.11,+P0",sorain<$>,sorain
ZL3b-n,f8v,"f8v.12,+P0",<%>pchar.cho.rol.dal<->shear.chchotaiin.chal.daiin,pchar cho rol dalshear chchotaiin chal daiin
ZL3b-n,f8v,"f8v.13,+P0",kchor.otchar.oky<->chokain.keoky.otorchy.satar,kchor otchar okychokain keoky otorchy satar
ZL3b-n,f8v,"f8v.14,+P0",shor.okol.lokaiin<->shol.kol.char.cthey.tchy.ckham,shor okol lokaiinshol kol char cthey tchy ckham
ZL3b-n,f8v,"f8v.15,+P0",or.chol.chan.ch{ck}y<->chor.cheain.char.cheeky.chor.ry,or chol chan chckychor cheain char cheeky chor ry
ZL3b-n,f8v,"f8v.16,+P0",chor.cheor.chear<->oteey.dchor.chodey.cho.raiin,chor cheor chearoteey dchor chodey cho raiin
ZL3b-n,f8v,"f8v.17,+P0",dain.chear.daiin<$>,dain chear daiin
ZL3b-n,f9r,"f9r.1,@P0",<%>tydlo.choly.cthor.orchey.s.shy.odaiin.sary<->shor.cthy,tydlo choly cthor orchey s shy odaiin saryshor cthy
ZL3b-n,f9r,"f9r.2,+P0","oykeey.chol,ytaiin.okchody.toeoky.okoiin.dy<->or.chaiin",oykeey chol ytaiin okchody toeoky okoiin dyor chaiin
ZL3b-n,f9r,"f9r.3,+P0","toiin.cphy.qotod.otaiin.cthy.okor.chey<->ctho,d.ram",toiin cphy qotod otaiin cthy okor cheyctho d ram
ZL3b-n,f9r,"f9r.4,+P0","[y:o]shy.chokcho.chcthod,shor.shaiin.otar,dor<->ytol.dayty",yshy chokcho chcthod shor shaiin otar dorytol dayty
ZL3b-n,f9r,"f9r.5,+P0",daiin.chor.sor.cthy.chokoiin.shol.dsholdy<->otchol.ot.dy<$>,daiin chor sor cthy chokoiin shol dsholdyotchol ot dy
ZL3b-n,f9r,"f9r.6,+P0",<%>pshoain.cthoaiin.okaiir.{c@134;h}odoral.shar<->sy<->shydal.chdy,pshoain cthoaiin okaiir odoral sharsyshydal chdy
ZL3b-n,f9r,"f9r.7,+P0","or.chol.chy,tchy.tchol.ytor.qotol.chyky<->chodar.aiin",or chol chy tchy tchol ytor qotol chykychodar aiin
ZL3b-n,f9r,"f9r.8,+P0",qotcho.qokchy.cthey.koraiin.okain.d<->dal<->s.olshocth[y:g],qotcho qokchy cthey koraiin okain ddals olshocthy
ZL3b-n,f9r,"f9r.9,+P0","ocho,cthy.cho{cto}y.chodykchy.saiin,dchy<->daiin",ocho cthy choctoy chodykchy saiin dchydaiin
ZL3b-n,f9r,"f9r.10,+Pc",ytcha[s:r].oraiin.chkor<$>,ytchas oraiin chkor
ZL3b-n,f9v,"f9v.1,@P0",<%>fochor.oporody.opy.shor.daiin.qopchypcho.qofol.shol.cfhol.daiin,fochor oporody opy shor daiin qopchypcho qofol shol cfhol daiin
ZL3b-n,f9v,"f9v.2,+P0",dchor.qoaiin.chkaiin.cthor.chol.chor.cphol.dy<->oty.qokaiin.dy,dchor qoaiin chkaiin cthor chol chor cphol dyoty qokaiin dy
ZL3b-n,f9v,"f9v.3,+P0",ykey.chor.ykaiin.daiin.cthy.otaiin.oky<->oeees.daiin,ykey chor ykaiin daiin cthy otaiin okyoeees daiin
ZL3b-n,f9v,"f9v.4,+P0","ytey,tch,y.kaiin.cthor.otol.oty.toldy<$>",ytey tch y kaiin cthor otol oty toldy
ZL3b-n,f9v,"f9v.5,+P0",<%>pchor.ypcheey.qotor.ypchy.olcfholy.t[o:e]<->ar<->chty.daiiin,pchor ypcheey qotor ypchy olcfholy toarchty daiiin
ZL3b-n,f9v,"f9v.6,+P0",odol.choy.ksheody.chody<->da[in:iin]<->otchy.cthod<->yko,odol choy ksheody chodydainotchy cthodyko
ZL3b-n,f9v,"f9v.7,+P0",qo.chol.chol.{ct}chy.daiin<->otal<->dor<->daim,qo chol chol ctchy daiinotaldordaim
ZL3b-n,f9v,"f9v.8,+P0",soiin.daiin.qokcho.rokyd<->daly,soiin daiin qokcho rokyddaly
ZL3b-n,f9v,"f9v.9,+P0",daiin.chy.tor.chyty.dary<->ytoldy,daiin chy tor chyty daryytoldy
ZL3b-n,f9v,"f9v.10,+P0",oty.kchol.chol.chy.kyty,oty kchol chol chy kyty
ZL3b-n,f9v,"f9v.11,+P0","ychor.chshoty.oky,kaiin",ychor chshoty oky kaiin
ZL3b-n,f9v,"f9v.12,+P0",chkaiin.ckhy.chor<$>,chkaiin ckhy chor
ZL3b-n,f10r,"f10r.1,@P0","<%>pchocthy.shor.octhody.chorchy.pchodol.chopchal.ypch,kom",pchocthy shor octhody chorchy pchodol chopchal ypch kom
ZL3b-n,f10r,"f10r.2,+P0","dchey.cthoor.char.chty.os,chair.otytchol.oky.daiin.etyd",dchey cthoor char chty os chair otytchol oky daiin etyd
ZL3b-n,f10r,"f10r.3,+P0","qotor.o,tchy.daiin.chocthy.qotchy.chol.or.yty.dy.dy",qotor o tchy daiin chocthy qotchy chol or yty dy dy
ZL3b-n,f10r,"f10r.4,+P0","sor.chaiin.chcthy.ctho,ckhy.or.aiin.chtchor.do[iir:iin].ody",sor chaiin chcthy ctho ckhy or aiin chtchor doiir ody
ZL3b-n,f10r,"f10r.5,+P0",qokchy.qotchol.chol.cthy<$>,qokchy qotchol chol cthy
ZL3b-n,f10r,"f10r.6,+P0",<%>ycheor.cthy.chor.cthaiin.qoctholy.dy<->chy.taiin.shy,ycheor cthy chor cthaiin qoctholy dychy taiin shy
ZL3b-n,f10r,"f10r.7,+P0","dchy.qokchol.y,kchaiin.yty.daiin.cth<->dain.dair,am",dchy qokchol y kchaiin yty daiin cthdain dair am
ZL3b-n,f10r,"f10r.8,+P0",qotchor.chor.otol.chol.cholor<->chol.daiin.dar,qotchor chor otol chol cholorchol daiin dar
ZL3b-n,f10r,"f10r.9,+P0",oykchor.shor.chor.chy.kaiiin.dy<->chodaiin,oykchor shor chor chy kaiiin dychodaiin
ZL3b-n,f10r,"f10r.10,+P0",oqot[o:a]r.otor.cfhy.cthor.osain<->ytoiin,oqotor otor cfhy cthor osainytoiin
ZL3b-n,f10r,"f10r.11,+P0",@135;otchoshor.qoty.qotor.cthyd<->otar,otchoshor qoty qotor cthydotar
ZL3b-n,f10r,"f10r.12,+P0",@135;odaiin.daiin.qotchy.qotor<$>,odaiin daiin qotchy qotor
ZL3b-n,f10v,"f10v.1,@P0","<%>paiin,daiin.sheo.pcheey.qoty.daiin.cthor.otydy.sain",paiin daiin sheo pcheey qoty daiin cthor otydy sain
ZL3b-n,f10v,"f10v.2,+P0",dain.daiin.ckhy.chcthor.choiin.qot.chodaiin.cthy.daiin,dain daiin ckhy chcthor choiin qot chodaiin cthy daiin
ZL3b-n,f10v,"f10v.3,+P0","dsho.ytey.kchol.ol,ty.chol.dy<$>",dsho ytey kchol ol ty chol dy
ZL3b-n,f10v,"f10v.4,+P0",<%>qotchytor.shoiin.daiin.qotchey.sh{cthh}y.ytor.dain,qotchytor shoiin daiin qotchey shcthhy ytor dain
ZL3b-n,f10v,"f10v.5,+P0","sho,ykeey.daiin.qotchy.qotor.chol.daiin.qokchy,ky",sho ykeey daiin qotchy qotor chol daiin qokchy ky
ZL3b-n,f10v,"f10v.6,+P0","shoiin.chor.shcthy.qoty.qotoiin.qokol.chor,aiin",shoiin chor shcthy qoty qotoiin qokol chor aiin
ZL3b-n,f10v,"f10v.7,+P0","qokol.chy,ky.chol,cheky.daiin.dain.chckhan<$>",qokol chy ky chol cheky daiin dain chckhan
ZL3b-n,f11r,"f11r.1,@P0",<%>tshol.schoal.cfhy.shfydaiin.cphy.shey.tchody.shoyty,tshol schoal cfhy shfydaiin cphy shey tchody shoyty
ZL3b-n,f11r,"f11r.2,+P0","socthody.qodor,y.kshy.daiin.ytchy.ytchoky.kchol.daiin",socthody qodor y kshy daiin ytchy ytchoky kchol daiin
ZL3b-n,f11r,"f11r.3,+P0",qoty.chol.cthy.d[o:a]r.ykychy.choty.dain.chaiin.daiin.d[o:e]d,qoty chol cthy dor ykychy choty dain chaiin daiin dod
ZL3b-n,f11r,"f11r.4,+P0",dchol.chy.kchy.dy.daiin<$>,dchol chy kchy dy daiin
ZL3b-n,f11r,"f11r.5,+P0","<%>tchol.shor.shor.dky.{c'h@148;h}y.daiin.cthy.d,y,chodl,daiin",tchol shor shor dky y daiin cthy d y chodl daiin
ZL3b-n,f11r,"f11r.6,+P0","odl.d,s,y.otol.chaiin.ykchor.dair.chody.cthy.s.daiin",odl d s y otol chaiin ykchor dair chody cthy s daiin
ZL3b-n,f11r,"f11r.7,+P0",qotchy.okchol.cthy.dy<$>,qotchy okchol cthy dy
ZL3b-n,f11v,"f11v.1,@P0","<%>poldchody.shcphy.shordy.qoty<->shol.cphar.dan,y",poldchody shcphy shordy qotyshol cphar dan y
ZL3b-n,f11v,"f11v.2,+P0",shol.dy.chckhy.shcthy.daiin.dam<->ykchy.dain.dchy,shol dy chckhy shcthy daiin damykchy dain dchy
ZL3b-n,f11v,"f11v.3,+P0","otchor.dy.kchy.tchy.[@152;:d]ar.qokchd<->oky.choldy,dy",otchor dy kchy tchy ar qokchdoky choldy dy
ZL3b-n,f11v,"f11v.4,+P0",qokchor.cholol{cr}.chyky.dchy.qoky<->ctho.tchey.tu,qokchor chololcr chyky dchy qokyctho tchey tu
ZL3b-n,f11v,"f11v.5,*L0",dd,dd
ZL3b-n,f11v,"f11v.6,=P0","soydy.qoteey.qot.chor.dy.ddy<->cthor.shy,arg",soydy qoteey qot chor dy ddycthor shy arg
ZL3b-n,f11v,"f11v.7,+P0","ycheor.ksho.dor.cthey.s,chold<$>",ycheor ksho dor cthey s chold
ZL3b-n,f13r,"f13r.1,@P0",<%>torshor.opchy.shol.dy.qopchy.shol.opchor.dypchy.dchg,torshor opchy shol dy qopchy shol opchor dypchy dchg
ZL3b-n,f13r,"f13r.2,+P0",dchol.chol.dol.shkchy.ydal.shy.ykchy.qot[?:ch]y.daiin.s.y,dchol chol dol shkchy ydal shy ykchy daiin s y
ZL3b-n,f13r,"f13r.3,+P0","s,y.dchor.shaiin.oeees.ykor.chor.ytshy.ykchy.kchy.dar",s y dchor shaiin oeees ykor chor ytshy ykchy kchy dar
ZL3b-n,f13r,"f13r.4,+P0",qodchy.ytchy.otchor<$>,qodchy ytchy otchor
ZL3b-n,f13r,"f13r.5,+P0","<%>shorodo.shy.tshy.kchol.dpchy,qopchy.otchol.cfholdy",shorodo shy tshy kchol dpchy qopchy otchol cfholdy
ZL3b-n,f13r,"f13r.6,+P0","tchor.dor.daiin.qotchol.okchy.okchor,oiin.chckhy.d",tchor dor daiin qotchol okchy okchor oiin chckhy d
ZL3b-n,f13r,"f13r.7,+P0","dchy.qoky.chol.dy.qo{kh}y.d,oldy<->okchor.doaiin",dchy qoky chol dy qokhy d oldyokchor doaiin
ZL3b-n,f13r,"f13r.8,+P0",shochy.qokchy.torchy.k{chky}<->s.okchey.daiin,shochy qokchy torchy kchkys okchey daiin
ZL3b-n,f13r,"f13r.9,+P0",oldy.shey.chol.d[o:a]iin.ykoly<->okchal.daldy,oldy shey chol doiin ykolyokchal daldy
ZL3b-n,f13r,"f13r.10,+P0",sotchy.kchy.okorory<$>,sotchy kchy okorory
ZL3b-n,f13v,"f13v.1,@P0",<%>koair.chtoiin.otchy.kchod.otol.otchy.octhos,koair chtoiin otchy kchod otol otchy octhos
ZL3b-n,f13v,"f13v.2,+P0",oko.qokol.chodal.otchol.cphol.choty,oko qokol chodal otchol cphol choty
ZL3b-n,f13v,"f13v.3,+P0",qokchy.qokod.chy.otchy.cthody,qokchy qokod chy otchy cthody
ZL3b-n,f13v,"f13v.4,+P0","o,l,s.chey.okos.oa[iin:in].okshy.qo{cky}",o l s chey okos oaiin okshy qocky
ZL3b-n,f13v,"f13v.5,+P0",qoky.daiin<$>,qoky daiin
ZL3b-n,f13v,"f13v.6,+P0",<%>foldaiin.olcphy.shol.dy<->oty.shor.qotyd<->dairod,foldaiin olcphy shol dyoty shor qotyddairod
ZL3b-n,f13v,"f13v.7,+P0",dain.okal.chy.qokchory<->dchy.kok[y:a]daiin<->shon,dain okal chy qokchorydchy kokydaiinshon
ZL3b-n,f13v,"f13v.8,+P0","otchy.daiin.y,dain.ykol<->okchy.o,kald<->d,y,taiin",otchy daiin y dain ykolokchy o kaldd y taiin
ZL3b-n,f13v,"f13v.9,+P0","tchtod.otal.cthor.ytal<->y.cho,tal<->sho.qocthy",tchtod otal cthor ytaly cho talsho qocthy
ZL3b-n,f13v,"f13v.10,+P0","y,ol.chy.kchey.kchor.dal<$>",y ol chy kchey kchor dal
ZL3b-n,f14r,"f14r.1,@P0","<%>pcho,daiin.chopol.shoiin.daiin.dain",pcho daiin chopol shoiin daiin dain
ZL3b-n,f14r,"f14r.2,+P0","o,ykeey.soiiin.chok.qokchy.da.okol",o ykeey soiiin chok qokchy da okol
ZL3b-n,f14r,"f14r.3,+P0",ydaiin.olchy.kchor.daiin.olol,ydaiin olchy kchor daiin olol
ZL3b-n,f14r,"f14r.4,+P0",ochkch[o:a]r.kol.shy.daiin.dorody,ochkchor kol shy daiin dorody
ZL3b-n,f14r,"f14r.5,+P0",qokchol.dar.dalo.qotolo,qokchol dar dalo qotolo
ZL3b-n,f14r,"f14r.6,+P0",ychol.oir.okor.choor.ockhy,ychol oir okor choor ockhy
ZL3b-n,f14r,"f14r.7,+P0",otcho.dain.chckhy<$>,otcho dain chckhy
ZL3b-n,f14r,"f14r.8,+P0",<%>soshy.@137;chol.shor.cheos.ykaiin.s,soshy chol shor cheos ykaiin s
ZL3b-n,f14r,"f14r.9,+P0","sody.chody.otchody.qotchy,koiin.sy<->sho.ty,dy",sody chody otchody qotchy koiin sysho ty dy
ZL3b-n,f14r,"f14r.10,+P0","qotchor.chod.shoty.chody.dol,dy,dy<->okchydy",qotchor chod shoty chody dol dy dyokchydy
ZL3b-n,f14r,"f14r.11,+P0",dchokchy.schol.dy.shey.dar.qoty<->ykeeyky,dchokchy schol dy shey dar qotyykeeyky
ZL3b-n,f14r,"f14r.12,+P0",oeeeb.chey.keor.chey.tchyky<->chodalg,oeeeb chey keor chey tchykychodalg
ZL3b-n,f14r,"f14r.13,+P0",sodaiin.chy.kchy.kchy.ykeody<$>,sodaiin chy kchy kchy ykeody
ZL3b-n,f14v,"f14v.1,@P0",<%>pdychoiin.yfodain.otyshy.dy.ypchor.daiin.kol.ydain,pdychoiin yfodain otyshy dy ypchor daiin kol ydain
ZL3b-n,f14v,"f14v.2,+P0","okchor.d,chytshy.oty.chy.cthy.otchy,ty.chol,daiin",okchor d chytshy oty chy cthy otchy ty chol daiin
ZL3b-n,f14v,"f14v.3,+P0","ychy,dy.daiin.chcthy.y[k:t],ykaiin.dytchy.{ykhh}y.ky,dy",ychy dy daiin chcthy yk ykaiin dytchy ykhhy ky dy
ZL3b-n,f14v,"f14v.4,+P0","ytychy.ksho.ykshy.shokshor.yty.darody.dyoty,ds",ytychy ksho ykshy shokshor yty darody dyoty ds
ZL3b-n,f14v,"f14v.5,+P0","okshy.daiin.okchor,chky.qotchy.daiin.cthor.oty",okshy daiin okchor chky qotchy daiin cthor oty
ZL3b-n,f14v,"f14v.6,+P0","qoty.choky.cthy.chokchy.dy,dy,dy.chckhy.dchyd.n",qoty choky cthy chokchy dy dy dy chckhy dchyd n
ZL3b-n,f14v,"f14v.7,+P0","oy,kshy.cho,ty.dydy,odyd.otchy.o.kchy.dshy.dardy",oy kshy cho ty dydy odyd otchy o kchy dshy dardy
ZL3b-n,f14v,"f14v.8,+P0",chokshor.daiin<->okshody.daiin<->dol.dair.dam,chokshor daiinokshody daiindol dair dam
ZL3b-n,f14v,"f14v.9,+P0",dykchy.ctholdg<->dchckhy<$>,dykchy ctholdgdchckhy
ZL3b-n,f15r,"f15r.1,@P0",<%>tshor.shey.tchaly<->shy.chtols.shey.daiin,tshor shey tchalyshy chtols shey daiin
ZL3b-n,f15r,"f15r.2,+P0",otchor.qokchor.oly<->okor.shy.koly,otchor qokchor olyokor shy koly
ZL3b-n,f15r,"f15r.3,+P0","qokaiin.qotchy,tydy<->daiin.chol.cthy",qokaiin qotchy tydydaiin chol cthy
ZL3b-n,f15r,"f15r.4,+P0",scheaiin.chodaiin.chl<->sol.ckhaiin.sal,scheaiin chodaiin chlsol ckhaiin sal
ZL3b-n,f15r,"f15r.5,+P0","qotchy.r,shor.cthy<->daiin.cthy.dy",qotchy r shor cthydaiin cthy dy
ZL3b-n,f15r,"f15r.6,+P0","dchy.ko,kaiin.chdy<->saiin.okear",dchy ko kaiin chdysaiin okear
ZL3b-n,f15r,"f15r.7,+P0",daiin.shkaiin.cthy<->sho.keocthy,daiin shkaiin cthysho keocthy
ZL3b-n,f15r,"f15r.8,+P0","shocthy.tol,kaiin,s<->dain.ctholy",shocthy tol kaiin sdain ctholy
ZL3b-n,f15r,"f15r.9,+P0","octhain.qokaiin.chos<->odaiin.cthl,s.y",octhain qokaiin chosodaiin cthl s y
ZL3b-n,f15r,"f15r.10,+P0",ychain.ch{ckhh}y.okshy<->saiiin.dolchds,ychain chckhhy okshysaiiin dolchds
ZL3b-n,f15r,"f15r.11,+P0",okaiin.otaiin.chl.sy<->chor.choross,okaiin otaiin chl sychor choross
ZL3b-n,f15r,"f15r.12,+P0",qotor.shor.tcheor.chy<->cthaiin<->shan,qotor shor tcheor chycthaiinshan
ZL3b-n,f15r,"f15r.13,+P0","ykshol.dor.sheey.cthy.dain<->sky<->shor,shoty",ykshol dor sheey cthy dainskyshor shoty
ZL3b-n,f15r,"f15r.14,+P0",otcho.kchy.chol.daiin.{ith}ar<->ytol.dor.dom,otcho kchy chol daiin itharytol dor dom
ZL3b-n,f15r,"f15r.15,+P0","qotchor.chaiin.chy,kol.daky<$>",qotchor chaiin chy kol daky
ZL3b-n,f15v,"f15v.1,@P0",<%>poror.orshy.choiin.dtchan.opchordy,poror orshy choiin dtchan opchordy
ZL3b-n,f15v,"f15v.2,+P0","@138;chor.or.oro.r,aiin.cthy.[?:t]ain,dar",chor or oro r aiin cthy dar
ZL3b-n,f15v,"f15v.3,+P0",cthor.daiin.qokor.okeor.okaiin,cthor daiin qokor okeor okaiin
ZL3b-n,f15v,"f15v.4,+P0",doiin.choky.shol.qoky.qotchod,doiin choky shol qoky qotchod
ZL3b-n,f15v,"f15v.5,+P0",otchor.chor.chor.ytchor.cthy.s,otchor chor chor ytchor cthy s
ZL3b-n,f15v,"f15v.6,+P0",qotchey.choty.kaiin.otchy.r.aiin,qotchey choty kaiin otchy r aiin
ZL3b-n,f15v,"f15v.7,+P0",{co}y.cho[iin:iir].sho.[?:s].chy.s.chy.tor.ols,coy choiin sho chy s chy tor ols
ZL3b-n,f15v,"f15v.8,+P0",ytchor.chor.ol.oiin.oty.shol.daiin,ytchor chor ol oiin oty shol daiin
ZL3b-n,f15v,"f15v.9,+P0","otchol,octhol.chol.chol.chody.kan",otchol octhol chol chol chody kan
ZL3b-n,f15v,"f15v.10,+P0",sor.chor.cthoiin.cthy.qokaiin,sor chor cthoiin cthy qokaiin
ZL3b-n,f15v,"f15v.11,+P0","sol,oiin.cheor.chol.daiin.cthy",sol oiin cheor chol daiin cthy
ZL3b-n,f15v,"f15v.12,+P0",daiin.cthor.chol.chor<$>,daiin cthor chol chor
ZL3b-n,f16r,"f16r.1,@P0","<%>pocheody.qopchey.sykaiin.opchy,dor.ychy<->daiin.dy<->chor.orom",pocheody qopchey sykaiin opchy dor ychydaiin dychor orom
ZL3b-n,f16r,"f16r.2,+P0",ychykchy.otey<!corr?>.kol.shor.ody.otody.qoy<->oeesordy,ychykchy otey kol shor ody otody qoyoeesordy
ZL3b-n,f16r,"f16r.3,+P0","ydor.sheal.okchy.qoy,koiin.choky.ykair",ydor sheal okchy qoy koiin choky ykair
ZL3b-n,f16r,"f16r.4,+Pc",dainod.ychealod<$>,dainod ychealod
ZL3b-n,f16r,"f16r.5,*P0","<%>tchor.chor.chs.y,kch.shocthy.opchy.ty,ky",tchor chor chs y kch shocthy opchy ty ky
ZL3b-n,f16r,"f16r.6,+P0","oshaiin.dyky.oeees.deeeod.aiin.d,toaiin",oshaiin dyky oeees deeeod aiin d toaiin
ZL3b-n,f16r,"f16r.7,+P0","daiin.dalchy.dyky.schy.s,aiin.doal.qoky",daiin dalchy dyky schy s aiin doal qoky
ZL3b-n,f16r,"f16r.8,+P0",shotchy.ydain.yky.shody.otol.daiin,shotchy ydain yky shody otol daiin
ZL3b-n,f16r,"f16r.9,+P0",saiin.ytaiin<$>,saiin ytaiin
ZL3b-n,f16r,"f16r.10,+P0","<%>toror.dal[y:o],dal.opchy,fchol.ypcho{cfy}.okal",toror daly dal opchy fchol ypchocfy okal
ZL3b-n,f16r,"f16r.11,+P0","sokchy.qokol.choty.okchy.cthy.chy,kchy",sokchy qokol choty okchy cthy chy kchy
ZL3b-n,f16r,"f16r.12,+P0","dy,cho,kchy.shcthy.shtshy.sho.tchokyd",dy cho kchy shcthy shtshy sho tchokyd
ZL3b-n,f16r,"f16r.13,+P0",qok[{oh}:ch]or.dl.dy.shey<$>,qokohor dl dy shey
ZL3b-n,f16v,"f16v.1,@P0","<%>pchroiin.otchor.chpchol.chpchey.s,pcho{ct}y",pchroiin otchor chpchol chpchey s pchocty
ZL3b-n,f16v,"f16v.2,+P0","ytchor.y.ky,chokchy.qokchocthor.shory",ytchor y ky chokchy qokchocthor shory
ZL3b-n,f16v,"f16v.3,+P0","ykchy.dy.choy.qoty.chy,kchy.koshet",ykchy dy choy qoty chy kchy koshet
ZL3b-n,f16v,"f16v.4,+P0",dchol.chcthody.cphod.chotol.dal,dchol chcthody cphod chotol dal
ZL3b-n,f16v,"f16v.5,+P0",ytchy.chyty.chor.chol.ytchy.dan,ytchy chyty chor chol ytchy dan
ZL3b-n,f16v,"f16v.6,+P0","sor.ch,k[a:o]r.oty.chkar.chol.dairin<$>",sor ch kar oty chkar chol dairin
ZL3b-n,f16v,"f16v.7,+P0",<%>pchocthy.chypchy.qotchy.ch{cfhh}y.sy,pchocthy chypchy qotchy chcfhhy sy
ZL3b-n,f16v,"f16v.8,+P0","daiin.chol.y.daiin.chcthy.qot,char.chor.sholo",daiin chol y daiin chcthy qot char chor sholo
ZL3b-n,f16v,"f16v.9,+P0",dshy.okaiin.okaiin.chol.chor.cthor.ty.chody,dshy okaiin okaiin chol chor cthor ty chody
ZL3b-n,f16v,"f16v.10,+P0","qokchy.chy,dy.ykchy.chckhy.otain.cthor.[cth:{ith}]y",qokchy chy dy ykchy chckhy otain cthor cthy
ZL3b-n,f16v,"f16v.11,+P0",okytaiin.chkchy.saiin,okytaiin chkchy saiin
ZL3b-n,f16v,"f16v.12,+P0",daiin.yky.otor.chody,daiin yky otor chody
ZL3b-n,f16v,"f16v.13,+P0",sokar.oaorar<$>,sokar oaorar
ZL3b-n,f17r,"f17r.1,@P0","<%>fshody.daram.ydar,chog.opydy.ypod.chop.otchy.dody.oldckhy",fshody daram ydar chog opydy ypod chop otchy dody oldckhy
ZL3b-n,f17r,"f17r.2,+P0",ydair.choky.okshy.qodar.ckhody.dor.otchol.qodcthy.ods,ydair choky okshy qodar ckhody dor otchol qodcthy ods
ZL3b-n,f17r,"f17r.3,+P0",chol.or.chy.qodam.okor.chor.okchom<$>,chol or chy qodam okor chor okchom
ZL3b-n,f17r,"f17r.4,+P0",<%>tcho@154;.shol.qokol.qor.olaiin.opydg<->som.ypchy.ypaim,tcho shol qokol qor olaiin opydgsom ypchy ypaim
ZL3b-n,f17r,"f17r.5,+P0",ychekchy.cthy.chor.shor.cphor.cphaldy<->dair.cthey.qody,ychekchy cthy chor shor cphor cphaldydair cthey qody
ZL3b-n,f17r,"f17r.6,+P0","tsho.qof,cho.qokcheor.cheteg<$>",tsho qof cho qokcheor cheteg
ZL3b-n,f17r,"f17r.7,+P0",<%>ksheo.qokchy.choldshy.zepchy<->d{c'a}<->opchordy,ksheo qokchy choldshy zepchydopchordy
ZL3b-n,f17r,"f17r.8,+P0",dchchy.dychear.schar.ykchy,dchchy dychear schar ykchy
ZL3b-n,f17r,"f17r.9,+P0",soy.chckho.o.da[s:r].chypcham,soy chckho o das chypcham
ZL3b-n,f17r,"f17r.10,+P0",dar.chear.dcheor.[s:?]ain.y.mol,dar chear dcheor sain y mol
ZL3b-n,f17r,"f17r.11,+P0",otchol.cthar.okaiin.chol.daiiin,otchol cthar okaiin chol daiiin
ZL3b-n,f17r,"f17r.12,+P0","ychod,y.chotom<$>",ychod y chotom
ZL3b-n,f17r,"f17r.13,@Lx",oteeeon.oiil,oteeeon oiil
ZL3b-n,f17v,"f17v.1,@P0","<%>pchodol.chor.pchy.opydaiin.odal,dy",pchodol chor pchy opydaiin odal dy
ZL3b-n,f17v,"f17v.2,+P0",ycheey.keeor.cthodal.okol.odaiin.okal,ycheey keeor cthodal okol odaiin okal
ZL3b-n,f17v,"f17v.3,+P0",oldaig.odaiin.okal.oldaiin.chockhol.olol,oldaig odaiin okal oldaiin chockhol olol
ZL3b-n,f17v,"f17v.4,+P0",kchor.fchol.cphol.olcheol.ok[eee:eeee]y,kchor fchol cphol olcheol okeeey
ZL3b-n,f17v,"f17v.5,+P0",ychol.chol.dolcheey.tchol.dar.ckhy,ychol chol dolcheey tchol dar ckhy
ZL3b-n,f17v,"f17v.6,+P0","oekor.or.okaiin.or.otaiin,d",oekor or okaiin or otaiin d
ZL3b-n,f17v,"f17v.7,+P0",sor.chkeey.poiis.cheor.os.s.aiin,sor chkeey poiis cheor os s aiin
ZL3b-n,f17v,"f17v.8,+P0",qokeey.kchar.ol.dy.choldaiin.sy,qokeey kchar ol dy choldaiin sy
ZL3b-n,f17v,"f17v.9,+P0",ycheol.shol.kchol.choltaiin.ol,ycheol shol kchol choltaiin ol
ZL3b-n,f17v,"f17v.10,+P0","oytor.okeor.okar.okol.daiir,a[r:m]",oytor okeor okar okol daiir ar
ZL3b-n,f17v,"f17v.11,+P0",qokcheo.qokoiir.ctheol.chol,qokcheo qokoiir ctheol chol
ZL3b-n,f17v,"f17v.12,+P0",oy.choy.keaiin.chckhey.ol.chor,oy choy keaiin chckhey ol chor
ZL3b-n,f17v,"f17v.13,+P0",ykeor.chol.chol.cthol.chkor.sheol,ykeor chol chol cthol chkor sheol
ZL3b-n,f17v,"f17v.14,+P0",olo.r.okeeol.chodaiin.okeol.tchory,olo r okeeol chodaiin okeol tchory
ZL3b-n,f17v,"f17v.15,+P0",ychor.cthy.che'eky.cheo.otor.oteol,ychor cthy cheeky cheo otor oteol
ZL3b-n,f17v,"f17v.16,+P0",okcheol.chol.okeol.cthol.otcheolom,okcheol chol okeol cthol otcheolom
ZL3b-n,f17v,"f17v.17,+P0",qoain.[s:e']ar.she.dol.qopchaiin.cthor,qoain sar she dol qopchaiin cthor
ZL3b-n,f17v,"f17v.18,+P0","otor.cheeor.ol.chol.dor.chr.or,eees",otor cheeor ol chol dor chr or eees
ZL3b-n,f17v,"f17v.19,+P0",dain.chey.qoaiin.cthor.cholchom,dain chey qoaiin cthor cholchom
ZL3b-n,f17v,"f17v.20,+P0",ykeey.okeey.cheor.chol.sho.odaiin,ykeey okeey cheor chol sho odaiin
ZL3b-n,f17v,"f17v.21,+P0",oal.sheor.sholor.or.shecthy.cpheor.daiin,oal sheor sholor or shecthy cpheor daiin
ZL3b-n,f17v,"f17v.22,+P0",qokeee.dar.chey.keeor.cheeol.ctheey.cthy,qokeee dar chey keeor cheeol ctheey cthy
ZL3b-n,f17v,"f17v.23,+P0",chkeey.okeor.sh[a:o]r.okeom<$>,chkeey okeor shar okeom
ZL3b-n,f18r,"f18r.1,@P0",<%>pdrairdy.darod{cf}.yoar.ykchol.dar.om.chckhy<->octhor.dal,pdrairdy darodcf yoar ykchol dar om chckhyocthor dal
ZL3b-n,f18r,"f18r.2,+P0",otshol.qokchol.chykchy.okchal.daiin.dy<->chol.dain,otshol qokchol chykchy okchal daiin dychol dain
ZL3b-n,f18r,"f18r.3,+P0","qokchor.chor.{c@139;h}{@246;k}ey.or,chey.qokchol.dy<->ytcharg",qokchor chor ey or chey qokchol dyytcharg
ZL3b-n,f18r,"f18r.4,+P0",chor.[cth:{ith}]or.okeor.ykchol.okain<$>,chor cthor okeor ykchol okain
ZL3b-n,f18r,"f18r.5,+P0",<%>tchor.shor.cthaiin.cthol.chlol.chom,tchor shor cthaiin cthol chlol chom
ZL3b-n,f18r,"f18r.6,+P0",ychy.kchor.dair.ytol.chcthy.dar.dar.dal,ychy kchor dair ytol chcthy dar dar dal
ZL3b-n,f18r,"f18r.7,+P0",oshor.shaiin.cthy.sholdy.doldy<->doldaiin,oshor shaiin cthy sholdy doldydoldaiin
ZL3b-n,f18r,"f18r.8,+P0","qokchor.ckhol.olody.okal,dy<->dary",qokchor ckhol olody okal dydary
ZL3b-n,f18r,"f18r.9,+P0",chol.chcthal.okshal.chykald,chol chcthal okshal chykald
ZL3b-n,f18r,"f18r.10,+P0",dar.shor.qokchol.ol.ydaiin,dar shor qokchol ol ydaiin
ZL3b-n,f18r,"f18r.11,+P0",sotchaiin.chokchy.chckhol.chor.g,sotchaiin chokchy chckhol chor g
ZL3b-n,f18r,"f18r.12,+P0",ychair.cthol.daiin.qokchy.cthy,ychair cthol daiin qokchy cthy
ZL3b-n,f18r,"f18r.13,+P0",or.shaiin.cth[a:o]r.cthal.okal.dar,or shaiin cthar cthal okal dar
ZL3b-n,f18r,"f18r.14,+Pc","ychekch,y.kchaiin<$>",ychekch y kchaiin
ZL3b-n,f18v,"f18v.1,@P0",<%>told.shor.ytshy.otchdal.dchal.dchy.ytdg,told shor ytshy otchdal dchal dchy ytdg
ZL3b-n,f18v,"f18v.2,+P0",qoeees.or.oaiin.shy@140;.okshy.qokchy.qokchy.s.g,qoeees or oaiin shy okshy qokchy qokchy s g
ZL3b-n,f18v,"f18v.3,+P0",orshy.qoky.qoky.chkchy.qokshy.qokam,orshy qoky qoky chkchy qokshy qokam
ZL3b-n,f18v,"f18v.4,+P0",qotchy.qokay.qokchy.ykcho.ydl.dar,qotchy qokay qokchy ykcho ydl dar
ZL3b-n,f18v,"f18v.5,+P0","ychoees.ykchy.qol.kchy.qotchol.daiir,om",ychoees ykchy qol kchy qotchol daiir om
ZL3b-n,f18v,"f18v.6,+P0","qotor,chor.otchy.qokeees.chy.s.ar.ykar",qotor chor otchy qokeees chy s ar ykar
ZL3b-n,f18v,"f18v.7,+P0",ychol.dor.chod.qokol.daiin.qokol.dar.dy,ychol dor chod qokol daiin qokol dar dy
ZL3b-n,f18v,"f18v.8,+P0",tolol.sh.cphoy.daror.ddy.ytor.ykam,tolol sh cphoy daror ddy ytor ykam
ZL3b-n,f18v,"f18v.9,+P0",okchor.qotchy.qokchy.ytol.doky.dy,okchor qotchy qokchy ytol doky dy
ZL3b-n,f18v,"f18v.10,+P0",yk[o:a].dshy.dair.ykol.dom<!spots near dom><$>,yko dshy dair ykol dom
ZL3b-n,f19r,"f19r.1,@P0",<%>pchor.qodchy.qotshy.dy.tchy.qotchy.qoky.daiin.dchydy,pchor qodchy qotshy dy tchy qotchy qoky daiin dchydy
ZL3b-n,f19r,"f19r.2,+P0",dshy.chor.y.tchy.chol.dytchy.chordy.daiin.dyty.@241;.cho@242;<!corr?>,dshy chor y tchy chol dytchy chordy daiin dyty cho
ZL3b-n,f19r,"f19r.3,+P0",oscheor.shy.tdaiin.chol.dor.yky,oscheor shy tdaiin chol dor yky
ZL3b-n,f19r,"f19r.4,+P0","qokorar.daiin.chckhy.shy,kchor",qokorar daiin chckhy shy kchor
ZL3b-n,f19r,"f19r.5,+P0",otchy.tchy.qoky.daiin.@243;,otchy tchy qoky daiin
ZL3b-n,f19r,"f19r.6,+P0",yshor.shy.daiin.otytchy.daiin,yshor shy daiin otytchy daiin
ZL3b-n,f19r,"f19r.7,+P0",qo'k.cho.ky.cthar.dor.chan.dar,qok cho ky cthar dor chan dar
ZL3b-n,f19r,"f19r.8,+P0",or.chor.daky.dal.chor.dorl.shy,or chor daky dal chor dorl shy
ZL3b-n,f19r,"f19r.9,+P0","qotchor.dy.dor.y.tchy,kchy.shdaiin",qotchor dy dor y tchy kchy shdaiin
ZL3b-n,f19r,"f19r.10,+P0",daiin.cthor.chol.ykchor.chordy,daiin cthor chol ykchor chordy
ZL3b-n,f19r,"f19r.11,+P0",qotchy.qolody.choldy.cthyd,qotchy qolody choldy cthyd
ZL3b-n,f19r,"f19r.12,+P0",ykchor.chor.daiin.daiinol,ykchor chor daiin daiinol
ZL3b-n,f19r,"f19r.13,+P0","os,octhor.ytchor<$>",os octhor ytchor
ZL3b-n,f19v,"f19v.1,@P0","<%>pochaiin.cthor.chpcheos.opchey.py,kchy",pochaiin cthor chpcheos opchey py kchy
ZL3b-n,f19v,"f19v.2,+P0",qokchy.kchol.sor.qokchos.ykchy.darom,qokchy kchol sor qokchos ykchy darom
ZL3b-n,f19v,"f19v.3,+P0","otchy.chol,daiin.qotol.ytol.daiiin",otchy chol daiin qotol ytol daiiin
ZL3b-n,f19v,"f19v.4,+P0",ytch.chcthy.qotol.daiin.daiin,ytch chcthy qotol daiin daiin
ZL3b-n,f19v,"f19v.5,+P0",qotchy.qoteey.daiin.doty.qot,qotchy qoteey daiin doty qot
ZL3b-n,f19v,"f19v.6,+P0",ychoy.kchor.cthol.chocthy.s,ychoy kchor cthol chocthy s
ZL3b-n,f19v,"f19v.7,+P0",ycho.[r:s].chaiin.cthor<$>,ycho r chaiin cthor
ZL3b-n,f19v,"f19v.8,+P0","<%>toy.tchey,qo.dchol.qokchs.dom",toy tchey qo dchol qokchs dom
ZL3b-n,f19v,"f19v.9,+P0","ychor.oky.chor.yt[o:a]l.chol.oky,ddor",ychor oky chor ytol chol oky ddor
ZL3b-n,f19v,"f19v.10,+P0",daiin.chor.daiin.qoko[r:n].y.okchan,daiin chor daiin qokor y okchan
ZL3b-n,f19v,"f19v.11,+P0",qotol.d[o:a]r.okchor.daiin.cthor.otam,qotol dor okchor daiin cthor otam
ZL3b-n,f19v,"f19v.12,+P0",otch.okchodshy.daiin.or.otaiin.dai[s:r],otch okchodshy daiin or otaiin dais
ZL3b-n,f19v,"f19v.13,+P0",yees.ykchol.oty.ytor.ytar.ytchor.ytaiin,yees ykchol oty ytor ytar ytchor ytaiin
ZL3b-n,f19v,"f19v.14,+Pr","otchol,cheaiin.cthol<$>",otchol cheaiin cthol
ZL3b-n,f20r,"f20r.1,@P0",<%>kdchody.chopy.cheey.qotchol.qotoeey.dchor.chaiin,kdchody chopy cheey qotchol qotoeey dchor chaiin
ZL3b-n,f20r,"f20r.2,+P0","chod,ey.cthey.chotol.odaiir.qotchy.cthody.chodchy",chod ey cthey chotol odaiir qotchy cthody chodchy
ZL3b-n,f20r,"f20r.3,+P0","qoteey.cho,chodaiin.sho.qochy.chey.tcheodal.daral",qoteey cho chodaiin sho qochy chey tcheodal daral
ZL3b-n,f20r,"f20r.4,+P0",ochol.ol.teey.ot[o:a]lchey<$>,ochol ol teey otolchey
ZL3b-n,f20r,"f20r.5,+P0",<%>pchocthy.chokoaiin.{cp}y.cheeeb.opchey.shosaiin.@243;,pchocthy chokoaiin cpy cheeeb opchey shosaiin
ZL3b-n,f20r,"f20r.6,+P0",choees.okchor.qotol.cheey.daiin.chy.choiin.daiin,choees okchor qotol cheey daiin chy choiin daiin
ZL3b-n,f20r,"f20r.7,+P0","ocho,lshod.daiin.choteol.chol.dol.shol.otaiin",ocho lshod daiin choteol chol dol shol otaiin
ZL3b-n,f20r,"f20r.8,+P0",schodain.cheo.r.cheody<$>,schodain cheo r cheody
ZL3b-n,f20r,"f20r.9,+P0",<%>fchodees.shody.qotchey.qokchey.qocphy.chokoldy,fchodees shody qotchey qokchey qocphy chokoldy
ZL3b-n,f20r,"f20r.10,+P0",ochoaiin.chor.sody.pchodaiin.chetody.choky.dchy.toy,ochoaiin chor sody pchodaiin chetody choky dchy toy
ZL3b-n,f20r,"f20r.11,+P0","dchod.qoteeody.ytchy.qo,tshey.dchaiin.chol,ody",dchod qoteeody ytchy qo tshey dchaiin chol ody
ZL3b-n,f20r,"f20r.12,+P0",shoiin.cheody.otchey.otchy.tchy.qoteey.daiin.dar,shoiin cheody otchey otchy tchy qoteey daiin dar
ZL3b-n,f20r,"f20r.13,+P0","ochaiin.chor.chor,cheey.tchey<$>",ochaiin chor chor cheey tchey
ZL3b-n,f20v,"f20v.1,@P0","<%>faiis,ar.okoy.shy,pofochey.opchy.qopy.choldy.opydy.cphy",faiis ar okoy shy pofochey opchy qopy choldy opydy cphy
ZL3b-n,f20v,"f20v.2,+P0",sos.ykoiin.cheol.chol.choiin.checthy.otol.chol.chodaiin.oty,sos ykoiin cheol chol choiin checthy otol chol chodaiin oty
ZL3b-n,f20v,"f20v.3,+P0","okchy.sho,kchol.shol.chcthy.qoty.chy.tolshy.qotchy",okchy sho kchol shol chcthy qoty chy tolshy qotchy
ZL3b-n,f20v,"f20v.4,+P0",sho.or.aiin.shol.daiin<$>,sho or aiin shol daiin
ZL3b-n,f20v,"f20v.5,+P0",<%>tshol.folchol.otor.shol.shor.fshodchy.otchy.chcphy.dy,tshol folchol otor shol shor fshodchy otchy chcphy dy
ZL3b-n,f20v,"f20v.6,+P0",doiiin.chockhy.da[n:r].cheo{ikh}y.shos.cheos.char.[{ith}:cth]aiin,doiiin chockhy dan cheoikhy shos cheos char ithaiin
ZL3b-n,f20v,"f20v.7,+P0",shocthy.sho.cthy.daiin.sheoy.tey.s<->soaiin,shocthy sho cthy daiin sheoy tey ssoaiin
ZL3b-n,f20v,"f20v.8,+P0",shain.choraly.sho.ar.chy.daiin.d.s,shain choraly sho ar chy daiin d s
ZL3b-n,f20v,"f20v.9,+P0",ykchy.keody.cho.cthy.chol.shd.qoty.d@244;,ykchy keody cho cthy chol shd qoty d
ZL3b-n,f20v,"f20v.10,+P0",shokaiin.chocthy.chol.daiin.chy.chor.ety,shokaiin chocthy chol daiin chy chor ety
ZL3b-n,f20v,"f20v.11,+P0",okoiin.chey.{@200;ph}ol.chory<$>,okoiin chey ol chory
ZL3b-n,f21r,"f21r.1,@P0","<%>pchor.o,eeockhy.o.fychey.ypchey.qopcheody.otaiin.chan",pchor o eeockhy o fychey ypchey qopcheody otaiin chan
ZL3b-n,f21r,"f21r.2,+P0","saiin.chcphy.oky,sheaiin.qotchol.oteos.sheey.cthy.daiin",saiin chcphy oky sheaiin qotchol oteos sheey cthy daiin
ZL3b-n,f21r,"f21r.3,+P0","qotol,shy.o.l.cheor.chy.qokchey.chey.keey.dy<$>",qotol shy o l cheor chy qokchey chey keey dy
ZL3b-n,f21r,"f21r.4,+P0","<%>pchofychy.daiin.cthain.o,tolosheey.qocthey.tolchory",pchofychy daiin cthain o tolosheey qocthey tolchory
ZL3b-n,f21r,"f21r.5,+P0",ykeey.daiin.chosy.qokoiin.otol.chol.qotcheol.okeoaiin,ykeey daiin chosy qokoiin otol chol qotcheol okeoaiin
ZL3b-n,f21r,"f21r.6,+P0","dchor.y.kol,y,ky.chol.kol.qokeol.chol,ol.qoteeol.dady",dchor y kol y ky chol kol qokeol chol ol qoteeol dady
ZL3b-n,f21r,"f21r.7,+P0","shoeor.cheor.choke[o:a]dy.cho,cthor.shy<$>",shoeor cheor chokeody cho cthor shy
ZL3b-n,f21r,"f21r.8,+P0","<%>fcho,kshy.otor.sheol.ocphal.opsheas.cthodaiin.oty",fcho kshy otor sheol ocphal opsheas cthodaiin oty
ZL3b-n,f21r,"f21r.9,+P0","okaiin.sho.tshaiin.chkaiin.sh,cthey.cthody.cthy.s",okaiin sho tshaiin chkaiin sh cthey cthody cthy s
ZL3b-n,f21r,"f21r.10,+P0","totchy.keor.chy,ky.qotaiin.qotchol.ty.ctheey.otaiin",totchy keor chy ky qotaiin qotchol ty ctheey otaiin
ZL3b-n,f21r,"f21r.11,+P0",shol.chol.shol.tchol.chcthy.otyky.shey.yteol.shody,shol chol shol tchol chcthy otyky shey yteol shody
ZL3b-n,f21r,"f21r.12,+P0",ykeey.chor.sheey.ysheol.chor.chol.daiin.chkaiin<$>,ykeey chor sheey ysheol chor chol daiin chkaiin
ZL3b-n,f21v,"f21v.1,@P0",<%>toldshy.chofchy.qofshey.shckhol.odaiin.shey.ckholy,toldshy chofchy qofshey shckhol odaiin shey ckholy
ZL3b-n,f21v,"f21v.2,+P0",oeeesoy.qokchy.chody.qotchy.qokchy.choty.tchol.daiin,oeeesoy qokchy chody qotchy qokchy choty tchol daiin
ZL3b-n,f21v,"f21v.3,+P0",qotol.keeees.chotchy.tcho.choty.chor.qotol.daiin.dal,qotol keeees chotchy tcho choty chor qotol daiin dal
ZL3b-n,f21v,"f21v.4,+P0",sho.chodaiin.choty.chol.daiin.daiin.chty<->chtol,sho chodaiin choty chol daiin daiin chtychtol
ZL3b-n,f21v,"f21v.5,+P0","osho.deey.ctho.l.sho,cthy.daiin.dait.oky",osho deey ctho l sho cthy daiin dait oky
ZL3b-n,f21v,"f21v.6,+P0",sho.tsho.chotshol.chol.todaiin.daiin,sho tsho chotshol chol todaiin daiin
ZL3b-n,f21v,"f21v.7,+P0","ykcho.lchol.cho,l,chaiin.otchy.s.sheaiin",ykcho lchol cho l chaiin otchy s sheaiin
ZL3b-n,f21v,"f21v.8,+P0",cho.l.kchochaiin<$>,cho l kchochaiin
ZL3b-n,f22r,"f22r.1,@P0","<%>pol.olshy.fcholy.shol.dpchy.oty.okoly.daiin.opchy,s.ocphy",pol olshy fcholy shol dpchy oty okoly daiin opchy s ocphy
ZL3b-n,f22r,"f22r.2,+P0",ol.oiin.shol.o.kor.qokchol.daiin.okaiin.cthor.dain.ckhy.dom,ol oiin shol o kor qokchol daiin okaiin cthor dain ckhy dom
ZL3b-n,f22r,"f22r.3,+P0","qokol.dykaiin.o,kchy.daiin.cthol.ctholo.dar.shain<$>",qokol dykaiin o kchy daiin cthol ctholo dar shain
ZL3b-n,f22r,"f22r.4,+P0",<%>pchaiin.ofchy.daiin.cfhy.doroiin.ypchol.sy<->schor.daiin,pchaiin ofchy daiin cfhy doroiin ypchol syschor daiin
ZL3b-n,f22r,"f22r.5,+P0","ol.daiin.qokchy.dar.daiin.chor.oldor.oky<->y,choldchy",ol daiin qokchy dar daiin chor oldor okyy choldchy
ZL3b-n,f22r,"f22r.6,+P0",y.chokshchy.cth[eeb:een]<$>,y chokshchy ctheeb
ZL3b-n,f22r,"f22r.7,+P0",<%>kchol.shol.dsheor.{c'@162;@136;}.chdoly.ytaiin.ol<->otchy.cphal,kchol shol dsheor chdoly ytaiin olotchy cphal
ZL3b-n,f22r,"f22r.8,+P0",dchor.oty.daiin.ctholy.qoky.chotaiin.chocthy<->do[@203;:l]iin.dchor,dchor oty daiin ctholy qoky chotaiin chocthydoiin dchor
ZL3b-n,f22r,"f22r.9,+P0","odaiin.dain.cthy.ctheo,r.o[r:in]aiino<$>",odaiin dain cthy ctheo r oraiino
ZL3b-n,f22r,"f22r.10,+P0","<%>kchol.chor.daiin.cthoiin.dchor.chey.qokol,dy<->opchol.oldam",kchol chor daiin cthoiin dchor chey qokol dyopchol oldam
ZL3b-n,f22r,"f22r.11,+P0",do[iin:iir].yckhody.qokchy.oky.otoldy.yty.dol.or<->d[ch:a]chy.daiin,doiin yckhody qokchy oky otoldy yty dol ordchchy daiin
ZL3b-n,f22r,"f22r.12,+P0",odchaiin.cthy.okchy.kchy.dchol.daiin<->ydaiin,odchaiin cthy okchy kchy dchol daiinydaiin
ZL3b-n,f22r,"f22r.13,+P0","dchor.dy,dain.qockhy.ykol,okain<$>",dchor dy dain qockhy ykol okain
ZL3b-n,f22v,"f22v.1,@P0",<%>pysaiinor.ofchar.oky.tchy.otdy<->sor.shy.qo'd,pysaiinor ofchar oky tchy otdysor shy qod
ZL3b-n,f22v,"f22v.2,+P0","daiin.y,kaiin.qotchy.kchy.[o:y]tchyd<->dshor.ychy",daiin y kaiin qotchy kchy otchyddshor ychy
ZL3b-n,f22v,"f22v.3,+P0",qoky.kchorl.otchy.cthy.otchyky<->ytchol.otam,qoky kchorl otchy cthy otchykyytchol otam
ZL3b-n,f22v,"f22v.4,+P0",otchaiin.shoty.qoky<->saiin<->odaiin.ytaiin,otchaiin shoty qokysaiinodaiin ytaiin
ZL3b-n,f22v,"f22v.5,+P0","dor.y,kcheor.daiin<$>",dor y kcheor daiin
ZL3b-n,f22v,"f22v.6,+P0","<%>fshor.shy,tchor.otaiin",fshor shy tchor otaiin
ZL3b-n,f22v,"f22v.7,+P0",ychor.chor.qokchol.chory,ychor chor qokchol chory
ZL3b-n,f22v,"f22v.8,+P0",qotchy.cthy.qokol.daiin.dam,qotchy cthy qokol daiin dam
ZL3b-n,f22v,"f22v.9,+P0","okshor.shody.chol.tchol.otaiin,daiin",okshor shody chol tchol otaiin daiin
ZL3b-n,f22v,"f22v.10,+P0",qokchy.daiin.s<->or.ytal,qokchy daiin sor ytal
ZL3b-n,f22v,"f22v.11,+P0",sokaiin.oty.dy,sokaiin oty dy
ZL3b-n,f22v,"f22v.12,+P0",ychky.daiin.cthy,ychky daiin cthy
ZL3b-n,f22v,"f22v.13,+P0",okchain.chkoldy.shotoly,okchain chkoldy shotoly
ZL3b-n,f22v,"f22v.14,+P0",qotch[y:?].olshly.shol.daiin,qotchy olshly shol daiin
ZL3b-n,f22v,"f22v.15,+P0",sho.cthy.chocthy.qokchy.dory,sho cthy chocthy qokchy dory
ZL3b-n,f22v,"f22v.16,+Pc",saiinchy.daldalol<$>,saiinchy daldalol
ZL3b-n,f23r,"f23r.1,@P0","<%>pydchdom.chy.fcholdy.oty.otchol,shy.opyaiin.y',yfchy.daiin.ololdy.dal",pydchdom chy fcholdy oty otchol shy opyaiin y yfchy daiin ololdy dal
ZL3b-n,f23r,"f23r.2,+P0","to.ar.chor.daiin.chk,dain.otchy.lolchor.daiin.dam.okchol.dain,g",to ar chor daiin chk dain otchy lolchor daiin dam okchol dain g
ZL3b-n,f23r,"f23r.3,+P0","dchar.ykor.y,kaiin.daiin.cth[?:o].g<$>",dchar ykor y kaiin daiin g
ZL3b-n,f23r,"f23r.4,+P0","<%>qokoldy.okaiir.ykaiil,g.qokeey.ofchol.dain.yfchor.olfchor.otchald",qokoldy okaiir ykaiil g qokeey ofchol dain yfchor olfchor otchald
ZL3b-n,f23r,"f23r.5,+P0",ychor.qokchol.ytym.chol.da[ir:in].chol.ar.ol.ol.dol.dain<$>,ychor qokchol ytym chol dair chol ar ol ol dol dain
ZL3b-n,f23r,"f23r.6,+P0","<%>tshol.y,kor.qokaiin.yky.dar.okol.dchey.daiidal.dam.ytcho.ldals",tshol y kor qokaiin yky dar okol dchey daiidal dam ytcho ldals
ZL3b-n,f23r,"f23r.7,+P0",okar.olchar.shaiin.qokchol.dar.qokchol.dairo.r.ol.daiin.alg,okar olchar shaiin qokchol dar qokchol dairo r ol daiin alg
ZL3b-n,f23r,"f23r.8,+P0",qokshy.char.daiir.qokaiin.olol.qoaiin.ykchy.s<->dal.okchy,qokshy char daiir qokaiin olol qoaiin ykchy sdal okchy
ZL3b-n,f23r,"f23r.9,+P0","okol,ok,shy.qokol,dy<->dal.[d:j]she.qokeees.y.oly<->daiin.dal",okol ok shy qokol dydal dshe qokeees y olydaiin dal
ZL3b-n,f23r,"f23r.10,+P0","q[o:y]k.okaiin.chkchy,s<->yteain.odal.chal,dy<->dar.ykain",qok okaiin chkchy syteain odal chal dydar ykain
ZL3b-n,f23r,"f23r.11,+P0",ykyk[a:o].dalory<$>,ykyka dalory
ZL3b-n,f23v,"f23v.1,@P0","<%>podairol.odaiiily.sho,al,dy.opchol.otol.ol.chcphy.qotchar.s",podairol odaiiily sho al dy opchol otol ol chcphy qotchar s
ZL3b-n,f23v,"f23v.2,+P0",qot{co}tor.chy.okchaldy.qokchey.dol<->otchol.chal.otchg,qotcotor chy okchaldy qokchey dolotchol chal otchg
ZL3b-n,f23v,"f23v.3,+P0","ycho.okaiin.okeol.eees.o,l.daiin.okeeor<->daiin.qotcholg",ycho okaiin okeol eees o l daiin okeeordaiin qotcholg
ZL3b-n,f23v,"f23v.4,+P0","okchey.dair.sholol.ol,dal<->otchor,[d:g]ar",okchey dair sholol ol dalotchor dar
ZL3b-n,f23v,"f23v.5,+P0","dor,chear.shor.dol.oaldary<$>",dor chear shor dol oaldary
ZL3b-n,f23v,"f23v.6,+P0",<%>tshol.shor.shkshy.okol.daiin<->otshor.olsar,tshol shor shkshy okol daiinotshor olsar
ZL3b-n,f23v,"f23v.7,+P0",otor.oiin.sho.shol.qokol.daiin<->sol.daiin.ylg,otor oiin sho shol qokol daiinsol daiin ylg
ZL3b-n,f23v,"f23v.8,+P0","qokaiin.dain.qokor.okal,g.dam<->chor.olol.dam",qokaiin dain qokor okal g damchor olol dam
ZL3b-n,f23v,"f23v.9,+P0","otshy.dal.dar.oldar.ar.or<->qoto.l,chees.g",otshy dal dar oldar ar orqoto l chees g
ZL3b-n,f23v,"f23v.10,+P0",dor.chy.kshol.chol.ctho[?:l]<->otol.oloiir,dor chy kshol chol oloiir
ZL3b-n,f23v,"f23v.11,+P0","y,okaiin.doroiin.olols.oiin<->ol.cheeb.ols",y okaiin doroiin olols oiinol cheeb ols
ZL3b-n,f23v,"f23v.12,+P0","ol,aiios.oloro.eeeoly<$>",ol aiios oloro eeeoly
ZL3b-n,f24r,"f24r.1,@P0","<%>por,or,y.chor.opchar.she.cheol.daiin.or",por or y chor opchar she cheol daiin or
ZL3b-n,f24r,"f24r.2,+P0",qotaiin.char.odaiin.okai{ikh}al.oky,qotaiin char odaiin okaiikhal oky
ZL3b-n,f24r,"f24r.3,+P0",ycthar.cthal.okol.qotar.ckhy,ycthar cthal okol qotar ckhy
ZL3b-n,f24r,"f24r.4,+P0",or.chckhaly.cthar.eeor.chees.da,or chckhaly cthar eeor chees da
ZL3b-n,f24r,"f24r.5,+P0",qodar.cho.r.chey.cthy.cthe.keom,qodar cho r chey cthy cthe keom
ZL3b-n,f24r,"f24r.6,+P0",oeeeos.cthor.otal.qocthol.qoky,oeeeos cthor otal qocthol qoky
ZL3b-n,f24r,"f24r.7,+P0",q@145;kar.chtar.s.cheor.cthol.qodol,qkar chtar s cheor cthol qodol
ZL3b-n,f24r,"f24r.8,+P0",ychor.s.om.qoear.daiin.qokeol,ychor s om qoear daiin qokeol
ZL3b-n,f24r,"f24r.9,+P0",odaiin.ckham.qodai{ikh}y.dol.dal,odaiin ckham qodaiikhy dol dal
ZL3b-n,f24r,"f24r.10,+P0",q[?:e]or.cfhar.chor.s.am.chotaiin.dy,cfhar chor s am chotaiin dy
ZL3b-n,f24r,"f24r.11,+P0",sar.cheoiees.okeem.cheor.qokain,sar cheoiees okeem cheor qokain
ZL3b-n,f24r,"f24r.12,+P0",qokchy.qotchy.tol.tod.ckhy,qokchy qotchy tol tod ckhy
ZL3b-n,f24r,"f24r.13,+P0","oees.ol.s.chey.chcth.s,ar",oees ol s chey chcth s ar
ZL3b-n,f24r,"f24r.14,+P0",qor.cheey.qod.char.cthal,qor cheey qod char cthal
ZL3b-n,f24r,"f24r.15,+P0",ockhoees.oeees.ol.dal.s,ockhoees oeees ol dal s
ZL3b-n,f24r,"f24r.16,+P0",sham.okeal.dal.dam.dal,sham okeal dal dam dal
ZL3b-n,f24r,"f24r.17,+P0",sshey.otam.sham.cthoj.oky,sshey otam sham cthoj oky
ZL3b-n,f24r,"f24r.18,+P0",ycheol.chol.daiin.chol.s,ycheol chol daiin chol s
ZL3b-n,f24r,"f24r.19,+P0",yol.kol.chol.shom.otacphy,yol kol chol shom otacphy
ZL3b-n,f24r,"f24r.20,+Pc",sam.chorly<$>,sam chorly
ZL3b-n,f24v,"f24v.1,@P0","<%>tchodar.chocfhey.opom.shod.chcphy.opshody.ocphoraiin.o,k,o@146;am",tchodar chocfhey opom shod chcphy opshody ocphoraiin o k oam
ZL3b-n,f24v,"f24v.2,+P0",ydals.ckhor.shy.cho.dch[o:a]r.otol.otaiir<->otchos.okchom.okcho,ydals ckhor shy cho dchor otol otaiirotchos okchom okcho
ZL3b-n,f24v,"f24v.3,+P0",octh[y:o]l.odchees.oesearies<!small e>.okam.chcth,octhyl odchees oesearies okam chcth
ZL3b-n,f24v,"f24v.4,+P0",ydal.sh.okol.okaiin.odaiin.dlos,ydal sh okol okaiin odaiin dlos
ZL3b-n,f24v,"f24v.5,+P0",oeor.oraiin.tchar.oro<$>,oeor oraiin tchar oro
ZL3b-n,f24v,"f24v.6,+P0","<%>tochol.chor.{cf}arsa,r<!s above last a>",tochol chor cfarsa r
ZL3b-n,f24v,"f24v.7,+P0",ycheol.daid.dar.olom,ycheol daid dar olom
ZL3b-n,f24v,"f24v.8,+P0",kochky.chcthy.shol.sain,kochky chcthy shol sain
ZL3b-n,f24v,"f24v.9,+P0",ychol.chol.or.chor.om,ychol chol or chor om
ZL3b-n,f24v,"f24v.10,+P0",okoeor.ctheod.choy.keol,okoeor ctheod choy keol
ZL3b-n,f24v,"f24v.11,+P0",ydaiin.chear.qodom.okodaiin,ydaiin chear qodom okodaiin
ZL3b-n,f24v,"f24v.12,+P0",ksho.foar.{ct}o.sho.qok[ch:ee].ok.okchal,ksho foar cto sho qokch ok okchal
ZL3b-n,f24v,"f24v.13,+P0",oeeey.cheol.chol.odor.sho.do.otolodal,oeeey cheol chol odor sho do otolodal
ZL3b-n,f24v,"f24v.14,+P0",do[iir:ar].cheeodam.sho.sho.dy,doiir cheeodam sho sho dy
ZL3b-n,f24v,"f24v.15,+P0",dchey.kchod.dch[a:o]l.ochdy,dchey kchod dchal ochdy
ZL3b-n,f24v,"f24v.16,+P0",otchol.odaiim<$>,otchol odaiim
ZL3b-n,f25r,"f25r.1,@P0","<%>fcholdy.soshy.daiin.{ck}y.shody.daiin,ocholdy.cpholdy.sy",fcholdy soshy daiin cky shody daiin ocholdy cpholdy sy
ZL3b-n,f25r,"f25r.2,+P0",otor.chor.chsky.chotchy.shair.qod.sh[a:o]chy.kchy.chkain,otor chor chsky chotchy shair qod shachy kchy chkain
ZL3b-n,f25r,"f25r.3,+P0",qotchy.qotshy.cheesees.sheear.s.chain.daiin.chain.dan,qotchy qotshy cheesees sheear s chain daiin chain dan
ZL3b-n,f25r,"f25r.4,+P0",dchckhy.shocthy.ytchey.cthor.s.chan.chaiin.qotchain,dchckhy shocthy ytchey cthor s chan chaiin qotchain
ZL3b-n,f25r,"f25r.5,+P0",qotcheaiin.dchain.cthain.daiin.daiin.cthain.qotaiin,qotcheaiin dchain cthain daiin daiin cthain qotaiin
ZL3b-n,f25r,"f25r.6,+P0",okal.chotaiin,okal chotaiin
ZL3b-n,f25r,"f25r.7,=Pt",dair.otaiir.otosy<$>,dair otaiir otosy
ZL3b-n,f25v,"f25v.1,@P0","<%>poeeaiin.qo,ky.shy.daiin.qopchey.otchey.qofchor,sos",poeeaiin qo ky shy daiin qopchey otchey qofchor sos
ZL3b-n,f25v,"f25v.2,+P0",dchor.cthor.chor.daiin.s.okeeaiin.daiin.ckhey.daiin,dchor cthor chor daiin s okeeaiin daiin ckhey daiin
ZL3b-n,f25v,"f25v.3,+P0","orcho.kchor.chol.daiin.sh[cfh:ckh]o,r,daiin.dshey.daiity",orcho kchor chol daiin shcfho r daiin dshey daiity
ZL3b-n,f25v,"f25v.4,+P0",qokaiin.qokcho.shol.daiin.ckhear.ckhol.daiin.chkear,qokaiin qokcho shol daiin ckhear ckhol daiin chkear
ZL3b-n,f25v,"f25v.5,+P0",dar.chokeey.dshor.dshey.qochol.dol.cho.daiin.daiin,dar chokeey dshor dshey qochol dol cho daiin daiin
ZL3b-n,f25v,"f25v.6,+P0","qokcho,r,ochy.qotchy.qotoral<->cho.@147;.chain.deeaiir.s",qokcho r ochy qotchy qotoralcho chain deeaiir s
ZL3b-n,f25v,"f25v.7,+P0",o{c'o}.chkey.daiiol.daiin.shckh<->orchaiin<$>,o chkey daiiol daiin shckhorchaiin
ZL3b-n,f26r,"f26r.1,@P0","<%>psheoky.odaiir.qoy<->ofshod.chypchey.ypchedy.ain<->chofo,che{ph}dy",psheoky odaiir qoyofshod chypchey ypchedy ainchofo chephdy
ZL3b-n,f26r,"f26r.2,+P0",dchey.@138;aiin.adeeody<->ykecthey.chedy.ytedy.dy<->checthedy.ls,dchey aiin adeeodyykecthey chedy ytedy dychecthedy ls
ZL3b-n,f26r,"f26r.3,+P0","oaiin.shcthy.cthedy.oloy<->ykeedy.olchedy.dal<->y.sheey.s,aiin.s",oaiin shcthy cthedy oloyykeedy olchedy daly sheey s aiin s
ZL3b-n,f26r,"f26r.4,+P0","qokedy.cheos.ytedy.qokedy<->ytedy.chekedy<->daiin.odam.s,aldy",qokedy cheos ytedy qokedyytedy chekedydaiin odam s aldy
ZL3b-n,f26r,"f26r.5,+P0","saiin.shedy.eedy.eedy.s,chy<->daiin.cthedy<->qokeedy.qokedy.cthey",saiin shedy eedy eedy s chydaiin cthedyqokeedy qokedy cthey
ZL3b-n,f26r,"f26r.6,+P0",rchedy.qokedy<$>,rchedy qokedy
ZL3b-n,f26r,"f26r.7,+P0","<%>pcho.qokedy.dar,sheo.ypchseds.s<->aiin<->sha,p,chedyfchy.dalchedy.sar",pcho qokedy dar sheo ypchseds saiinsha p chedyfchy dalchedy sar
ZL3b-n,f26r,"f26r.8,+P0",daiin.shedy.qokeedy.qoteedar.s<->ok<->ol<->ytedy.qokeedy.qokedy,daiin shedy qokeedy qoteedar sokolytedy qokeedy qokedy
ZL3b-n,f26r,"f26r.9,+P0",tcheoshy.dchdy.okedy.chckhy.s<->dy<->dy<->ykeechy.okeedy.cheky,tcheoshy dchdy okedy chckhy sdydyykeechy okeedy cheky
ZL3b-n,f26r,"f26r.10,+P0",shese.aiin.sheos.cheody<->otal<$>,shese aiin sheos cheodyotal
ZL3b-n,f26v,"f26v.1,@P0","<%>pchedar.qodary.daiiin.pcheety.s,air.shedy.ypchedy.ypchdy.qopy.shdy",pchedar qodary daiiin pcheety s air shedy ypchedy ypchdy qopy shdy
ZL3b-n,f26v,"f26v.2,+P0","saraiir.chekedy.qokedy.otedy.sar,y,etedy.qokedy.or.a{i'h}e.alys.chedy",saraiir chekedy qokedy otedy sar y etedy qokedy or ae alys chedy
ZL3b-n,f26v,"f26v.3,+P0",pchdar.opar.dar.cheeol.ofchdy.otedy.{c@176;h}dy.odar.chedy.ytedy.okchdy.g,pchdar opar dar cheeol ofchdy otedy dy odar chedy ytedy okchdy g
ZL3b-n,f26v,"f26v.4,+P0",y[ckhe:{ck}ee]ody.qokedy.deey.saldy.okedor.or.cheos.oraiin.okeo.chekaiin,yckheody qokedy deey saldy okedor or cheos oraiin okeo chekaiin
ZL3b-n,f26v,"f26v.5,+P0",deeol.cheody.qoteedy.qokody.qotedy.qotedy.opchedy.ofchy.chs.ar,deeol cheody qoteedy qokody qotedy qotedy opchedy ofchy chs ar
ZL3b-n,f26v,"f26v.6,+P0","toeedy.keody.shedy.dar.chedy.sches.or,cheeky.dar.chey.cheky.yteedy",toeedy keody shedy dar chedy sches or cheeky dar chey cheky yteedy
ZL3b-n,f26v,"f26v.7,+P0",pchedy.dar.cheoet.chy.sair.chees.odaiiin.chkeeey.ykey.sheey,pchedy dar cheoet chy sair chees odaiiin chkeeey ykey sheey
ZL3b-n,f26v,"f26v.8,+P0","tchedy.okeeos.cheeos.ysaiin.okcheey.keody.s,aiin.cheeos.qokes.ory",tchedy okeeos cheeos ysaiin okcheey keody s aiin cheeos qokes ory
ZL3b-n,f26v,"f26v.9,+P0",ysheey.okeshy.shody.peshy.todydy<$>,ysheey okeshy shody peshy todydy
ZL3b-n,f27r,"f27r.1,@P0",<%>ksor.shey.shoteo.chforaiin.shy<->shod.chary,ksor shey shoteo chforaiin shyshod chary
ZL3b-n,f27r,"f27r.2,+P0","dy.{co}ain.shol.dain.dar.shokyd<->dchol.cthey,ds",dy coain shol dain dar shokyddchol cthey ds
ZL3b-n,f27r,"f27r.3,+P0",chol.shy.keol.chol.chy.shol.chy<->daiin.chey.dam,chol shy keol chol chy shol chydaiin chey dam
ZL3b-n,f27r,"f27r.4,+P0",qokey.chor.char.chy.dchy.keey<->chos.cthody,qokey chor char chy dchy keeychos cthody
ZL3b-n,f27r,"f27r.5,+P0","dor.chees.ctho,shy.{c@148;h}ar,y<->daiin.dair",dor chees ctho shy ar ydaiin dair
ZL3b-n,f27r,"f27r.6,+P0","chy.t,chols.chor.chol{oh}aiin<!corr?><->shy.kchal,dy<$>",chy t chols chor cholohaiinshy kchal dy
ZL3b-n,f27r,"f27r.7,+P0",<%>kchey.chey.kcheol.pch[o:y].schey.ly<->chals.cham,kchey chey kcheol pcho schey lychals cham
ZL3b-n,f27r,"f27r.8,+P0","ytchy.chy.t,chol.dy.t,chey.dain<->chol.dal",ytchy chy t chol dy t chey dainchol dal
ZL3b-n,f27r,"f27r.9,+P0","dchey.keeod.shotchey.chol.oty<->chy,tolg",dchey keeod shotchey chol otychy tolg
ZL3b-n,f27r,"f27r.10,+P0",qotchey.shes.s.y.chy.tchey.dy,qotchey shes s y chy tchey dy
ZL3b-n,f27r,"f27r.11,+P0",chol.daiiin.chees.chos.{ct}ey.dan,chol daiiin chees chos ctey dan
ZL3b-n,f27r,"f27r.12,+P0",dain.cheokeey.chey.cthey.otal,dain cheokeey chey cthey otal
ZL3b-n,f27r,"f27r.13,+Pc",o[t:k]chodeey<$>,otchodeey
ZL3b-n,f27v,"f27v.1,@P0","<%>pochof.chof.cho.sho.soly.shol.ytchar.opchory.kchor,chor",pochof chof cho sho soly shol ytchar opchory kchor chor
ZL3b-n,f27v,"f27v.2,+P0",dchy.chkar.otchy.shy.shy.dchy.dshy.kchy.cheo.daidy.dchy,dchy chkar otchy shy shy dchy dshy kchy cheo daidy dchy
ZL3b-n,f27v,"f27v.3,+P0",kchey.kchy.dchokchy.dsho.d{ca}r.chodchy.etcheody.shld,kchey kchy dchokchy dsho dcar chodchy etcheody shld
ZL3b-n,f27v,"f27v.4,+P0","okcho.chy.kch[ee:o]d.chl.chol.kod<->o.oksho.do,cheesg",okcho chy kcheed chl chol kodo oksho do cheesg
ZL3b-n,f27v,"f27v.5,+P0","qoky.sh,keeo.[s:r]cho,dar.shkol<->chotchy.ctho,dol",qoky sh keeo scho dar shkolchotchy ctho dol
ZL3b-n,f27v,"f27v.6,+P0",dsho.kchrrr.okeedy<->dch[s:r]chy<->sotchdy,dsho kchrrr okeedydchschysotchdy
ZL3b-n,f27v,"f27v.7,+P0",sho.shoykcho.shdy<->dchd<->chschsy<->otchdy,sho shoykcho shdydchdchschsyotchdy
ZL3b-n,f27v,"f27v.8,+P0",okshes.okchokshy<$>,okshes okchokshy
ZL3b-n,f28r,"f28r.1,@P0","<%>pchodar.shod.chocphy.opchol.daiin<->otchol.chy.qo,ldy",pchodar shod chocphy opchol daiinotchol chy qo ldy
ZL3b-n,f28r,"f28r.2,+P0",otchor.otchor.cthol.{ct}y.ctheol.dy<->dchar.chakod.dly,otchor otchor cthol cty ctheol dydchar chakod dly
ZL3b-n,f28r,"f28r.3,+P0",qotchaiin.shor.cthol.cthol.shor<->chotchy.tchodar,qotchaiin shor cthol cthol shorchotchy tchodar
ZL3b-n,f28r,"f28r.4,+P0",choty.chtol.otol.chotchy.cthol<->otol.choky.qoty,choty chtol otol chotchy ctholotol choky qoty
ZL3b-n,f28r,"f28r.5,+P0","oksho.otorchy.kchoror.chodaiin<->sho,cthody.okoy",oksho otorchy kchoror chodaiinsho cthody okoy
ZL3b-n,f28r,"f28r.6,+P0","qokchol.qodaiin.otcholchy.daiin<->cho.qokol.o,kam",qokchol qodaiin otcholchy daiincho qokol o kam
ZL3b-n,f28r,"f28r.7,+P0",sho.otor.shockhy.shocthy.otoldy<->dshor.dol.dar,sho otor shockhy shocthy otoldydshor dol dar
ZL3b-n,f28r,"f28r.8,+P0",oschotshl.daiin.okchey.kol.daiin<->shol.dsho.otaiin,oschotshl daiin okchey kol daiinshol dsho otaiin
ZL3b-n,f28r,"f28r.9,+P0",ytchol.deey.yteol.deaiin<$>,ytchol deey yteol deaiin
ZL3b-n,f28v,"f28v.1,@P0",<%>kshol.qooiiin.shor.pshoiiin.shepchy.qoty.dy.shory,kshol qooiiin shor pshoiiin shepchy qoty dy shory
ZL3b-n,f28v,"f28v.2,+P0","ykcholy.qoty.chy,dy.qokchol.chor.tchy.qokchody.cheor.o",ykcholy qoty chy dy qokchol chor tchy qokchody cheor o
ZL3b-n,f28v,"f28v.3,+P0",chor.chol.chy.choiin<$>,chor chol chy choiin
ZL3b-n,f28v,"f28v.4,+P0",<%>tshoiin.cheor.chor.o.chty.qotol.sheol.shor.daiin.qoty,tshoiin cheor chor o chty qotol sheol shor daiin qoty
ZL3b-n,f28v,"f28v.5,+P0",otol.chol.daiin.chkaiin.shoiin.qotchey.qotshey.daiiin,otol chol daiin chkaiin shoiin qotchey qotshey daiiin
ZL3b-n,f28v,"f28v.6,+Pr",daiin.chkaiin<$>,daiin chkaiin
ZL3b-n,f28v,"f28v.7,*P0","<%>pchol.oiir.chol.tsho.daiin.sho<->t{co}<->chy.chtshy.dair,am",pchol oiir chol tsho daiin shotcochy chtshy dair am
ZL3b-n,f28v,"f28v.8,+P0",okain.chan.chain.cthor.dain<->yk<->chy<->daiin.cthol,okain chan chain cthor dainykchydaiin cthol
ZL3b-n,f28v,"f28v.9,+P0",sor.chear.chl.[{c'}:s].choly.dar<$>,sor chear chl choly dar
ZL3b-n,f29r,"f29r.1,@P0","<%>posaiin.she.aiin.chep,oty.chy.qotchy.qoty.cheecthy",posaiin she aiin chep oty chy qotchy qoty cheecthy
ZL3b-n,f29r,"f29r.2,+P0","dshe.ykchy.choty.oky.cho,l.chchoty.choky.chy,ty,dy",dshe ykchy choty oky cho l chchoty choky chy ty dy
ZL3b-n,f29r,"f29r.3,+P0",qokchy.qoty.kchaiin.shear.cthor<->dchor.choly,qokchy qoty kchaiin shear cthordchor choly
ZL3b-n,f29r,"f29r.4,+P0",chocthy.qoos.chos<$>,chocthy qoos chos
ZL3b-n,f29r,"f29r.5,+P0",<%>kcheol.cheor.sheos.sheey.teey.d[a:y]<->shos.o{cty},kcheol cheor sheos sheey teey dashos octy
ZL3b-n,f29r,"f29r.6,+P0",chokshy.shocthy.shor.shor.daiin<->qokaiiin,chokshy shocthy shor shor daiinqokaiiin
ZL3b-n,f29r,"f29r.7,+P0",qokchy.chol.shokchy.qokaiin.choety<->choty.kaiin,qokchy chol shokchy qokaiin choetychoty kaiin
ZL3b-n,f29r,"f29r.8,+P0","shor.chor.shosheky.shy.qoty,kody<->daiin.cthy",shor chor shosheky shy qoty kodydaiin cthy
ZL3b-n,f29r,"f29r.9,+P0",qokshe.qor.chey.kor.cheod.ychom<$>,qokshe qor chey kor cheod ychom
ZL3b-n,f29v,"f29v.1,@P0","<%>kooiin.shor.chetchy.ol,ls.shytchy.cthy,shy<->cho.shy.daiin",kooiin shor chetchy ol ls shytchy cthy shycho shy daiin
ZL3b-n,f29v,"f29v.2,+P0",qotcheaiin.s.chol.chol.cthy.chey.cthold<->ytchor.dary,qotcheaiin s chol chol cthy chey ctholdytchor dary
ZL3b-n,f29v,"f29v.3,+P0",chol.chol.kor.shey.odaiin.qotchy.taiin<->s.she.otey.sy,chol chol kor shey odaiin qotchy taiins she otey sy
ZL3b-n,f29v,"f29v.4,+P0",ysho.otshy.okaiin.cthy.oltchy.{cto}s<->shot.sho.okaiin<$>,ysho otshy okaiin cthy oltchy ctosshot sho okaiin
ZL3b-n,f29v,"f29v.5,+P0",<%>tochon.chain.shan.shoty<->chshy<->shy,tochon chain shan shotychshyshy
ZL3b-n,f29v,"f29v.6,+P0",dchor.chol.chaiin.shaiin.cthod<->dar<->chs<->shody,dchor chol chaiin shaiin cthoddarchsshody
ZL3b-n,f29v,"f29v.7,+P0",qotcho.kchor.daiin.ykaiin.dy<->shdy<->chocthy.sheky,qotcho kchor daiin ykaiin dyshdychocthy sheky
ZL3b-n,f29v,"f29v.8,+P0",otol.shotchor.cholody.dain<->ch[{cti}:cth]<->chy.cthody.dol,otol shotchor cholody dainchctichy cthody dol
ZL3b-n,f29v,"f29v.9,+P0",sho.chokor.chor.chy.ydaiin.cho<->ykeeb<->oaiin<$>,sho chokor chor chy ydaiin choykeeboaiin
ZL3b-n,f29v,"f29v.10,+P0",<%>qokoiin.okaiin.cho<->[{cti}:cth]<->chyd<->chykar,qokoiin okaiin choctichydchykar
ZL3b-n,f29v,"f29v.11,+P0",daiin.chteo[r:s].octhy<->dar<->chyt<->otody,daiin chteor octhydarchytotody
ZL3b-n,f29v,"f29v.12,+P0","qekeochor.otchey.s,y<$>",qekeochor otchey s y
ZL3b-n,f30r,"f30r.1,@P0",<%>okeeesy.chey.shorchey.fcheody.shey.tchy.che[s:r].d.o.shey,okeeesy chey shorchey fcheody shey tchy ches d o shey
ZL3b-n,f30r,"f30r.2,+P0",ychody.chey.chkeey.ksho.keeor.cheor.shey.she.keeodol.sy,ychody chey chkeey ksho keeor cheor shey she keeodol sy
ZL3b-n,f30r,"f30r.3,+P0","chodaiin.cho,ry.chey.doiin.sain.chorain.cheey,keem",chodaiin cho ry chey doiin sain chorain cheey keem
ZL3b-n,f30r,"f30r.4,+P0","qokechy.qoko.qop.char.soin.chan.qot,chaiin",qokechy qoko qop char soin chan qot chaiin
ZL3b-n,f30r,"f30r.5,+P0",choko.qokochy.deeey.dkeeor.cheoldain.chory,choko qokochy deeey dkeeor cheoldain chory
ZL3b-n,f30r,"f30r.6,+P0","dchorol.sho.chor.cho,ro.raiin.dor.chseeor.dy",dchorol sho chor cho ro raiin dor chseeor dy
ZL3b-n,f30r,"f30r.7,+P0",qor.chain.cthorchy<$>,qor chain cthorchy
ZL3b-n,f30r,"f30r.8,+P0","<%>opchol,ol.chesey.scheo,r,chey.okeal<->dcheo,rchey",opchol ol chesey scheo r chey okealdcheo rchey
ZL3b-n,f30r,"f30r.9,+P0",dchey.qochar.chol.keeaiin.chcthey<->chor.cheky,dchey qochar chol keeaiin chctheychor cheky
ZL3b-n,f30r,"f30r.10,+P0",chokchaiin.dchor.chkchean.qotchy<->chctho.rchody,chokchaiin dchor chkchean qotchychctho rchody
ZL3b-n,f30r,"f30r.11,+P0",qotchor.cheor.chey.cheor.chey.so[eeb:een]<->ydey<->sor.daiin,qotchor cheor chey cheor chey soeebydeysor daiin
ZL3b-n,f30r,"f30r.12,+P0",dcheey.ckhey.ckhey.daiin.chkeaiin.dar<->chor<->ychdain,dcheey ckhey ckhey daiin chkeaiin darchorychdain
ZL3b-n,f30r,"f30r.13,+P0","chodaiin.chtchey.chear.shy,keey<$>",chodaiin chtchey chear shy keey
ZL3b-n,f30v,"f30v.1,@P0",<%>{c@132;h}s{c@133;h}ain.shosaiin.chocthey.sho.chepchy.shor.sheaiin,sain shosaiin chocthey sho chepchy shor sheaiin
ZL3b-n,f30v,"f30v.2,+P0","qotchor.chy.she.kchor.chory.keor,ol.chy.daiin.ctholdy",qotchor chy she kchor chory keor ol chy daiin ctholdy
ZL3b-n,f30v,"f30v.3,+P0",chotchol.daiin.cthol.doiin.daiin.chokeor.dal.chto[{ith}:cth]y,chotchol daiin cthol doiin daiin chokeor dal chtoithy
ZL3b-n,f30v,"f30v.4,+P0",otchey.daiin.chor.checkhy.qotchod.daiin,otchey daiin chor checkhy qotchod daiin
ZL3b-n,f30v,"f30v.5,+P0",dain.choty.chkol.ytor.cheoldy,dain choty chkol ytor cheoldy
ZL3b-n,f30v,"f30v.6,+P0","qokeeor.chokol.chokeody.dair,y",qokeeor chokol chokeody dair y
ZL3b-n,f30v,"f30v.7,+P0","ch[a:o]kchy.sho,kcho,tcho.ctho.sos",chakchy sho kcho tcho ctho sos
ZL3b-n,f30v,"f30v.8,+P0",oyshy.cheotol.cphoaiin.cphey,oyshy cheotol cphoaiin cphey
ZL3b-n,f30v,"f30v.9,+P0",qotchor.chor.sheey.cheolsos,qotchor chor sheey cheolsos
ZL3b-n,f30v,"f30v.10,+P0",sho.sheoldy.otcheor.daiin,sho sheoldy otcheor daiin
ZL3b-n,f30v,"f30v.11,+P0",sol.chokcheey.daiin.kchydy<$>,sol chokcheey daiin kchydy
ZL3b-n,f31r,"f31r.1,@P0","<%>keedey.qofchedy.shee,s.aiin.qokee@149;.chepakeo",keedey qofchedy shee s aiin qokee chepakeo
ZL3b-n,f31r,"f31r.2,+P0",dcheey.daiin.okeedy.qokees.s.aiin.shekeey.qef,dcheey daiin okeedy qokees s aiin shekeey qef
ZL3b-n,f31r,"f31r.3,+P0","qokeey.chey.daiin.qokeey.[s:r]air.chekey.s,aiin.da?",qokeey chey daiin qokeey sair chekey s aiin
ZL3b-n,f31r,"f31r.4,+P0","qotar.chy.dar.lo,r,ar.cheey.keeol,chedy.qokey",qotar chy dar lo r ar cheey keeol chedy qokey
ZL3b-n,f31r,"f31r.5,+P0",daiin.sheeody.qokeor<$>,daiin sheeody qokeor
ZL3b-n,f31r,"f31r.6,+P0","<%>tshokeody.qokedy.qotedy.chep[o:a]s.cheda,[s:r].aiin.dal",tshokeody qokedy qotedy chepos cheda s aiin dal
ZL3b-n,f31r,"f31r.7,+P0",ykeedar.saiin.checkhey.sheol.qokedy.ykeedy.chedy.ldy,ykeedar saiin checkhey sheol qokedy ykeedy chedy ldy
ZL3b-n,f31r,"f31r.8,+P0",shedy.qokedy.cheol.cheod.qokeody.cheol.checthy,shedy qokedy cheol cheod qokeody cheol checthy
ZL3b-n,f31r,"f31r.9,+P0",daiir.sheeo.shcthey.okeol<$>,daiir sheeo shcthey okeol
ZL3b-n,f31r,"f31r.10,+P0","<%>tol,shso.okedy.okedy.qokedy.qokeedy.dar.shedshey",tol shso okedy okedy qokedy qokeedy dar shedshey
ZL3b-n,f31r,"f31r.11,+P0","olsheol.qokchy.dal,chey.deey.kchy.keey.okaiiin.ykeey",olsheol qokchy dal chey deey kchy keey okaiiin ykeey
ZL3b-n,f31r,"f31r.12,+P0",qoaiin.yches.okedy.sheey.chedaiin.dar,qoaiin yches okedy sheey chedaiin dar
ZL3b-n,f31r,"f31r.13,+P0",olsheor.qoekedy.otedy.ykedy.dals,olsheor qoekedy otedy ykedy dals
ZL3b-n,f31r,"f31r.14,+P0",saii[s:r].or.chedy.daiin.okeedy,saiis or chedy daiin okeedy
ZL3b-n,f31r,"f31r.15,+P0","yshedair.sheol,cheky.okedam",yshedair sheol cheky okedam
ZL3b-n,f31r,"f31r.16,+Pc",oteor.aiicthy<$>,oteor aiicthy
ZL3b-n,f31v,"f31v.1,@P0","<%>podair.sheedy.otedy.oteedy.qotolcheo.s.ar,ar.oteey.dk[ch:a]rar.als",podair sheedy otedy oteedy qotolcheo s ar ar oteey dkchrar als
ZL3b-n,f31v,"f31v.2,+P0","ytchos.[o:a]ckhey.okeeo,s.cheody.okeey.keeody.daiin.cheody.keedy",ytchos ockhey okeeo s cheody okeey keeody daiin cheody keedy
ZL3b-n,f31v,"f31v.3,+P0","ykeeo.daiin.shedal.okedy.okey.keo,dy.okchey.sair,okees.o.lkedy",ykeeo daiin shedal okedy okey keo dy okchey sair okees o lkedy
ZL3b-n,f31v,"f31v.4,+P0",dair.cthedy.qokedy.okeody.chedar.oked.al.ockhedy.okeedy.ota[s:d],dair cthedy qokedy okeody chedar oked al ockhedy okeedy otas
ZL3b-n,f31v,"f31v.5,+P0","ykeos.cheeoy.or,aiin<$>",ykeos cheeoy or aiin
ZL3b-n,f31v,"f31v.6,+P0","<%>pcheeody.qop.chedal.checfhy.chefchol.or.cheef,alaiin.opal.sheo.otar",pcheeody qop chedal checfhy chefchol or cheef alaiin opal sheo otar
ZL3b-n,f31v,"f31v.7,+P0","olkeedam.ches.chol,keeol.checkhy.okeol.okal.oky.cheokar.okor.ary",olkeedam ches chol keeol checkhy okeol okal oky cheokar okor ary
ZL3b-n,f31v,"f31v.8,+P0","ykaiin.chee,ksheey.ychekeeor.cheor.o,r,checthy.okechoked.lchey.okam",ykaiin chee ksheey ychekeeor cheor o r checthy okechoked lchey okam
ZL3b-n,f31v,"f31v.9,+P0",ytecheol.sheoeky.okeos.aiin.a[{ikh}:ckh]edy.chkaiin.chetchey.ctheey.okear,ytecheol sheoeky okeos aiin aikhedy chkaiin chetchey ctheey okear
ZL3b-n,f31v,"f31v.10,+P0",dar.choar.al.kar.oeeeos.cheos.aiin.o.ckhey.okeo.kor.okeol.ain,dar choar al kar oeeeos cheos aiin o ckhey okeo kor okeol ain
ZL3b-n,f31v,"f31v.11,+P0",saiin.ar.ckheos.chedy.okeey.qoear.oraiin.cheam<$>,saiin ar ckheos chedy okeey qoear oraiin cheam
ZL3b-n,f32r,"f32r.1,@P0",<%>fchaiin.shykeody.daiiody.dain<->sho.tchy.oty.qopy,fchaiin shykeody daiiody dainsho tchy oty qopy
ZL3b-n,f32r,"f32r.2,+P0",okor.okchor.sheor.ckhy.dal<->dshodar.qotchol,okor okchor sheor ckhy daldshodar qotchol
ZL3b-n,f32r,"f32r.3,+P0",qokchor.chor.cthol.chol.dol<->dcheodain.daiin,qokchor chor cthol chol doldcheodain daiin
ZL3b-n,f32r,"f32r.4,+P0",schor.dsh[o:a]r.ytsho.dain<->daiin.choddal,schor dshor ytsho daindaiin choddal
ZL3b-n,f32r,"f32r.5,+P0",qotchy.qokchy.daiin<$>,qotchy qokchy daiin
ZL3b-n,f32r,"f32r.6,+P0",<%>fcho.tcheychedy,fcho tcheychedy
ZL3b-n,f32r,"f32r.7,+P0","otol.dol.ol,dair",otol dol ol dair
ZL3b-n,f32r,"f32r.8,+P0","qo,ar.daiin.dam",qo ar daiin dam
ZL3b-n,f32r,"f32r.9,+P0",dytchor.dary,dytchor dary
ZL3b-n,f32r,"f32r.10,+P0","dchor.ctho,daiin",dchor ctho daiin
ZL3b-n,f32r,"f32r.11,+P0",shos.chckhol.n,shos chckhol n
ZL3b-n,f32r,"f32r.12,+P0",shodaiin.@150;tol,shodaiin tol
ZL3b-n,f32r,"f32r.13,+P0","otcho,rol.dain.daiin.cthy",otcho rol dain daiin cthy
ZL3b-n,f32r,"f32r.14,+P0","schey.qot,shey.daiin.cths",schey qot shey daiin cths
ZL3b-n,f32r,"f32r.15,+P0",qokchy.qotol.doiir.ol,qokchy qotol doiir ol
ZL3b-n,f32r,"f32r.16,+P0",otchol.chey.soty,otchol chey soty
ZL3b-n,f32r,"f32r.17,+P0",chokeol.dchoty,chokeol dchoty
ZL3b-n,f32r,"f32r.18,+P0","doiin.sho,shy",doiin sho shy
ZL3b-n,f32r,"f32r.19,+P0",dol.dchol.dan<$>,dol dchol dan
ZL3b-n,f32v,"f32v.1,@P0","<%>kcheodaiin.chol,kechy.qotaiin.daiioam<->o,chofchody",kcheodaiin chol kechy qotaiin daiioamo chofchody
ZL3b-n,f32v,"f32v.2,+P0","daiin.odar.chy.daiin.chey.tch[y:o].l,dy<->dain.teor",daiin odar chy daiin chey tchy l dydain teor
ZL3b-n,f32v,"f32v.3,+P0",shor.daiin.chckhy.dsho.dain.daiin.s<->shokey.ka,shor daiin chckhy dsho dain daiin sshokey ka
ZL3b-n,f32v,"f32v.4,+P0","or,chr.chor.dor,chaiin.qotcho,r,chy<->dch[o:a].daiin",or chr chor dor chaiin qotcho r chydcho daiin
ZL3b-n,f32v,"f32v.5,+P0",chokchy.daiin.shy.chor.qo.kaiin.dain<->dchol.dosg,chokchy daiin shy chor qo kaiin daindchol dosg
ZL3b-n,f32v,"f32v.6,+P0","o,kchan.chol,shal.dchcthy<$>",o kchan chol shal dchcthy
ZL3b-n,f32v,"f32v.7,+P0",<%>ksho.cpho[s:r].she.sheaiin.otshcho.r.dain<->shckhy.s.odan,ksho cphos she sheaiin otshcho r dainshckhy s odan
ZL3b-n,f32v,"f32v.8,+P0","otchol.daiin.daiin.ctho,daiin.qotaiin<->otchy.d<->shan",otchol daiin daiin ctho daiin qotaiinotchy dshan
ZL3b-n,f32v,"f32v.9,+P0",qotchy.cfhy.skey.chocthy.daiin.cthaiin<->daiin,qotchy cfhy skey chocthy daiin cthaiindaiin
ZL3b-n,f32v,"f32v.10,+P0","sho.keol.chor.chol.daiin.cpho,l.cthol.da<->ar",sho keol chor chol daiin cpho l cthol daar
ZL3b-n,f32v,"f32v.11,+P0",ol.sho.chy<$>,ol sho chy
ZL3b-n,f33r,"f33r.1,@P0",<%>tshdar.shd[o:a]r.shepchdy.cphody.yfoldy.qofo{ikh}dy.otchedy.lfchdy.daiin,tshdar shdor shepchdy cphody yfoldy qofoikhdy otchedy lfchdy daiin
ZL3b-n,f33r,"f33r.2,+P0",ytchedy.qokar.cheky.okaldy.qokaldy.otor.oldar.qotar.otar.otardam,ytchedy qokar cheky okaldy qokaldy otor oldar qotar otar otardam
ZL3b-n,f33r,"f33r.3,+P0",laiin.y.cheky.qokedy.shedy.chdal.chechdaiin.qokchy.ody.chekeedy.yka[m:g],laiin y cheky qokedy shedy chdal chechdaiin qokchy ody chekeedy ykam
ZL3b-n,f33r,"f33r.4,+P0","taiin.chekey.or.al,aiiin.saiin.okaiin.dar.cheedy.chkeey.far.aiin.s",taiin chekey or al aiiin saiin okaiin dar cheedy chkeey far aiin s
ZL3b-n,f33r,"f33r.5,+P0","pair.or.aiin.otaiin.ol,kor.aiin.okal.otal.chdal.shekal.qokar.ota[m:g]",pair or aiin otaiin ol kor aiin okal otal chdal shekal qokar otam
ZL3b-n,f33r,"f33r.6,+P0","yteey.shody.kchedy,dy.chekar.okaiin.okaiin.daiin.okal",yteey shody kchedy dy chekar okaiin okaiin daiin okal
ZL3b-n,f33r,"f33r.7,+P0",dar.chos.aiin.or.aiin.cheekaiin.okain.ar.okeeey<$>,dar chos aiin or aiin cheekaiin okain ar okeeey
ZL3b-n,f33v,"f33v.1,@P0","<%>tar,ar.daiin<->ydain.cthey.dols<->sheky.ar,aiin.{cs}",tar ar daiinydain cthey dolssheky ar aiin cs
ZL3b-n,f33v,"f33v.2,+P0",kchdy.dam.dy<->oky<->otal.dain.chdy<->ytam.otam.cham,kchdy dam dyokyotal dain chdyytam otam cham
ZL3b-n,f33v,"f33v.3,+P0","dar.chckhy.dy<->dyky<->ckhdy.oky.d[a:ch]m<->okar,dy.kam,dy",dar chckhy dydykyckhdy oky damokar dy kam dy
ZL3b-n,f33v,"f33v.4,+P0",tokar.shdy.dal<->qokar.shd<->otody.chedy<->ykedy.dodl.dain,tokar shdy dalqokar shdotody chedyykedy dodl dain
ZL3b-n,f33v,"f33v.5,+P0","tchdy.chody.okaiin<->chckhy.dor.arl<->cthy.dy,ty,dy<->ykar.cheky.dy",tchdy chody okaiinchckhy dor arlcthy dy ty dyykar cheky dy
ZL3b-n,f33v,"f33v.6,+P0",ycheo.dar.olaiin.okar.chdy.chdy.oldy<->okar.chdy<$>,ycheo dar olaiin okar chdy chdy oldyokar chdy
ZL3b-n,f33v,"f33v.7,+P0",<%>tshdy.shefchdy.shckhdy.oltedy.daiin.oky<->cheol.orain<->chdyshdy.porar,tshdy shefchdy shckhdy oltedy daiin okycheol orainchdyshdy porar
ZL3b-n,f33v,"f33v.8,+P0","dar,ar.sheey.keedy.okchy.okar.okedy.chy<->daiin.dy'.dy<->dar.aiin.okary",dar ar sheey keedy okchy okar okedy chydaiin dy dydar aiin okary
ZL3b-n,f33v,"f33v.9,+P0","sar.or,aiin.chor.or.shkair.shol.or.chckhy<->ar,aiin<->okain.dal.dy",sar or aiin chor or shkair shol or chckhyar aiinokain dal dy
ZL3b-n,f33v,"f33v.10,+P0","lcho,ar.or.chey.lodaiin.o,or.okeedy.okaly",lcho ar or chey lodaiin o or okeedy okaly
ZL3b-n,f33v,"f33v.11,+P0",tar.al.keey.oram<$>,tar al keey oram
ZL3b-n,f34r,"f34r.1,@P0",<%>pcheoepchy.olar.yl<->yfody.okedody.shod.ololdy.dar.ytey,pcheoepchy olar ylyfody okedody shod ololdy dar ytey
ZL3b-n,f34r,"f34r.2,+P0","ytar.sheody.o,lam<->octhedy.otedy.chdain.oltey.kchy,ty",ytar sheody o lamocthedy otedy chdain oltey kchy ty
ZL3b-n,f34r,"f34r.3,+P0",qotedy.chyty.chdaly<->dar.chd.otedy.qotol.okedy.dody.ody.kam,qotedy chyty chdalydar chd otedy qotol okedy dody ody kam
ZL3b-n,f34r,"f34r.4,+P0",ytedy.daiin.chey.aiin<->shy.chckhy<~>oltchedy.otedy.dam.checthy,ytedy daiin chey aiinshy chckhyoltchedy otedy dam checthy
ZL3b-n,f34r,"f34r.5,+P0","qoteedy.shedy.shedy.ol<->okes.ar<~>ykeed,l.chedy.otey.okaiin",qoteedy shedy shedy olokes arykeed l chedy otey okaiin
ZL3b-n,f34r,"f34r.6,+P0",oteol.chekey.chetey.oll<->chesy<~>daiin.cheky.fas.aiir.a[m:d]g,oteol chekey chetey ollchesydaiin cheky fas aiir amg
ZL3b-n,f34r,"f34r.7,+P0",qokedy.dal.chdy<->olchy<->ykch[y:?]<~>ykedy.qokchdy.s.as.oldam,qokedy dal chdyolchyykchyykedy qokchdy s as oldam
ZL3b-n,f34r,"f34r.8,+P0","{ch'}otchy.qoky<->olk<->checkhy<~>ys,air.air.chodar.ta[m:g]",otchy qokyolkcheckhyys air air chodar tam
ZL3b-n,f34r,"f34r.9,+P0",ykchdy.qod<->ar<->ch{ct}<->a[{ikh}:ckh]y<~>or.lchey.todaly.okaiin.dardy<$>,ykchdy qodarchctaikhyor lchey todaly okaiin dardy
ZL3b-n,f34r,"f34r.10,+P0",<%>tcheo.olchckhy.oly<->otchdy.chefalchhs,tcheo olchckhy olyotchdy chefalchhs
ZL3b-n,f34r,"f34r.11,+P0","qokeey.sh.kaldaiin<->cheky.cthdaly<->otchedy.chty.s,aiin",qokeey sh kaldaiincheky cthdalyotchedy chty s aiin
ZL3b-n,f34r,"f34r.12,+P0","char.aiin.okor,ar.tol<->qokar.chckhy.chdal.ked.qokar.ar.daiin.dam",char aiin okor ar tolqokar chckhy chdal ked qokar ar daiin dam
ZL3b-n,f34r,"f34r.13,+P0",ykeo.lor.ochey.oly<->okaly.kechdy.qokchdy.chor.ar.aiiin.daly,ykeo lor ochey olyokaly kechdy qokchdy chor ar aiiin daly
ZL3b-n,f34r,"f34r.14,+P0","or.ar.y,kar.ol,al.oky<->chody.qokal,chedy.chcthedy.cheky.daram",or ar y kar ol al okychody qokal chedy chcthedy cheky daram
ZL3b-n,f34r,"f34r.15,+P0","sair.chekar.cheky.shek<->cholchedy.qokedy.yk,cheolchcthy<$>",sair chekar cheky shekcholchedy qokedy yk cheolchcthy
ZL3b-n,f34v,"f34v.1,@P0",<%>k[e':s]chdy.chdy.chefchy.shdy.qopchdy.shdydy.chdalchdy.ypchdy.chcthdy.spaiin,kechdy chdy chefchy shdy qopchdy shdydy chdalchdy ypchdy chcthdy spaiin
ZL3b-n,f34v,"f34v.2,+P0",tol.qokchy.dychedy.okchy.chckhdy.chdaiin.ckhy.loees.ykar.aiin.oldam,tol qokchy dychedy okchy chckhdy chdaiin ckhy loees ykar aiin oldam
ZL3b-n,f34v,"f34v.3,+P0",ytal.shor.chdal.olchdy.char.or.ol.kedaiiin.chcthy.okchdy.chckhy.dasam,ytal shor chdal olchdy char or ol kedaiiin chcthy okchdy chckhy dasam
ZL3b-n,f34v,"f34v.4,+P0",tchdaiin.chekal.shedy.qokedar.chdaiin.oldar.qoldar.chedy.daiin.otam,tchdaiin chekal shedy qokedar chdaiin oldar qoldar chedy daiin otam
ZL3b-n,f34v,"f34v.5,+P0","lshaiir.or,air.shedy.chechey.dykey.kair.chedy.qokar.chekaly.ch[a:o]lky<$>",lshaiir or air shedy chechey dykey kair chedy qokar chekaly chalky
ZL3b-n,f34v,"f34v.6,+P0","<%>pchedar.shear.qokchdy.qokees.cheol.ypchdaiin.chedy.lr,ar.chedain",pchedar shear qokchdy qokees cheol ypchdaiin chedy lr ar chedain
ZL3b-n,f34v,"f34v.7,+P0","olchdaiin.chedy.chey,keedy.chy.kedy.dy.qokedy.okey.s,a[ir:is].chkain.otain",olchdaiin chedy chey keedy chy kedy dy qokedy okey s air chkain otain
ZL3b-n,f34v,"f34v.8,+P0",ysheos.otar.ar.choraiin.cheky.olchdaiin.or.oldar.chdar.oka[m:g],ysheos otar ar choraiin cheky olchdaiin or oldar chdar okam
ZL3b-n,f34v,"f34v.9,+P0","lsheody.cphy.qokeey.keedy.kchdy.chedy.qokedy.chdy.kal,shs.oldaiin",lsheody cphy qokeey keedy kchdy chedy qokedy chdy kal shs oldaiin
ZL3b-n,f34v,"f34v.10,+P0",daiin.chdy.tedy.kchdy.okeedy.checkhy.chdy.kain.chear.or.okedy.okam,daiin chdy tedy kchdy okeedy checkhy chdy kain chear or okedy okam
ZL3b-n,f34v,"f34v.11,+P0","yshos.ody.s.aiin.okey.okal,shedy<$>",yshos ody s aiin okey okal shedy
ZL3b-n,f35r,"f35r.1,@P0","<%>{c@132;h}oo.r,choly,{c@196;h}y.choty.char.dy",oo r choly y choty char dy
ZL3b-n,f35r,"f35r.2,+P0","qokeeaiin.chokaiin.qo,tchy.daiin",qokeeaiin chokaiin qo tchy daiin
ZL3b-n,f35r,"f35r.3,+P0",dchaiin.cthey.qotchey.taiin.cthory,dchaiin cthey qotchey taiin cthory
ZL3b-n,f35r,"f35r.4,+P0","qotchy.shet,chy.ckhol.cheey.daiin.dainl",qotchy shet chy ckhol cheey daiin dainl
ZL3b-n,f35r,"f35r.5,+P0","otchor.sho.tcheey.scheey.daiin.dain,or",otchor sho tcheey scheey daiin dain or
ZL3b-n,f35r,"f35r.6,+P0",schaiin.char.chan.daiin,schaiin char chan daiin
ZL3b-n,f35r,"f35r.7,+P0",shosaiin.tchor.choky,shosaiin tchor choky
ZL3b-n,f35r,"f35r.8,+P0","qokeey.ky,kaiin.daiin<$>",qokeey ky kaiin daiin
ZL3b-n,f35r,"f35r.9,+P0",<%>paiin.chear.aiin.chear.shorchaiin,paiin chear aiin chear shorchaiin
ZL3b-n,f35r,"f35r.10,+P0","o,aiin.chaiin.ckhy.r.chl.s.chochy.daiin",o aiin chaiin ckhy r chl s chochy daiin
ZL3b-n,f35r,"f35r.11,+P0","sh[{oh}:ch]eaiin.chol.cthaiin.l,chaiin.lchal,dal<->dair,aldy.n",shoheaiin chol cthaiin l chaiin lchal daldair aldy n
ZL3b-n,f35r,"f35r.12,+P0",olor.chy.chaiin.chy.taiin.kchey.koldy<->chetchaiin,olor chy chaiin chy taiin kchey koldychetchaiin
ZL3b-n,f35r,"f35r.13,+P0",qokoiin.chaiin.qokchaiin.lshy.lodaly<->oteey.taiin,qokoiin chaiin qokchaiin lshy lodalyoteey taiin
ZL3b-n,f35r,"f35r.14,+P0",cthol.chol.aiin.qotchy.otchor.daiin<->shol.qotaiin,cthol chol aiin qotchy otchor daiinshol qotaiin
ZL3b-n,f35r,"f35r.15,+P0",ochor.s.chiin.daiin.ytain<$>,ochor s chiin daiin ytain
ZL3b-n,f35v,"f35v.1,@P0",<%>parchor.chocthy.roaiin.ar,parchor chocthy roaiin ar
ZL3b-n,f35v,"f35v.2,+P0","qotchy.o,tchey.kchor.yty",qotchy o tchey kchor yty
ZL3b-n,f35v,"f35v.3,+P0",dchor.choty.chyty.daiin,dchor choty chyty daiin
ZL3b-n,f35v,"f35v.4,+P0",ytchy.qotchy.dchy.cthy,ytchy qotchy dchy cthy
ZL3b-n,f35v,"f35v.5,+P0",dchokchy.chocthy.chckhor,dchokchy chocthy chckhor
ZL3b-n,f35v,"f35v.6,+P0",shol.tcheey.chkcheeu.chcthaiin,shol tcheey chkcheeu chcthaiin
ZL3b-n,f35v,"f35v.7,+P0","tcho,tchor.shol.sho.{co},kol.daiin",tcho tchor shol sho co kol daiin
ZL3b-n,f35v,"f35v.8,+P0",oaiin.tchor.cho.chotchy.dchold,oaiin tchor cho chotchy dchold
ZL3b-n,f35v,"f35v.9,+P0","qokchaiin.cho.ksho,l,choiin",qokchaiin cho ksho l choiin
ZL3b-n,f35v,"f35v.10,+P0",okcheey.chosar.shory,okcheey chosar shory
ZL3b-n,f35v,"f35v.11,+P0",qotcheeaiin.chodaiin,qotcheeaiin chodaiin
ZL3b-n,f35v,"f35v.12,+P0","dchaiin.d.aiin.d.aiin,dal,s",dchaiin d aiin d aiin dal s
ZL3b-n,f35v,"f35v.13,+P0",ol.char.od.ar.chear,ol char od ar chear
ZL3b-n,f35v,"f35v.14,+P0",tcheain.shy.tar.dain,tcheain shy tar dain
ZL3b-n,f35v,"f35v.15,+P0",ykol.cheol.okchy.tch,ykol cheol okchy tch
ZL3b-n,f35v,"f35v.16,+P0","ydaiin.okeey.d,aiin",ydaiin okeey d aiin
ZL3b-n,f35v,"f35v.17,+P0",daiin.dain.chkaly.choly,daiin dain chkaly choly
ZL3b-n,f35v,"f35v.18,+P0",daiin.qokeeeb.chokee[o:y].r,daiin qokeeeb chokeeo r
ZL3b-n,f35v,"f35v.19,+P0","schokey.y,keol.chol.daiin",schokey y keol chol daiin
ZL3b-n,f35v,"f35v.20,+P0",sodaiin.shy.dchy.ckhy.dan,sodaiin shy dchy ckhy dan
ZL3b-n,f35v,"f35v.21,+P0",doiin.chor.chor<$>,doiin chor chor
ZL3b-n,f36r,"f36r.1,@P0",<%>pcha@151;dan.qorain.chcfhal.soiin.cphor.shaiin.cthy.dair,pchadan qorain chcfhal soiin cphor shaiin cthy dair
ZL3b-n,f36r,"f36r.2,+P0","oral.shor.ytaiin.qotaiin.qooldy.chty.chol,dy.tor",oral shor ytaiin qotaiin qooldy chty chol dy tor
ZL3b-n,f36r,"f36r.3,+P0",qotchy.tchy.daiin.@152;aiin.dolsain<$>,qotchy tchy daiin aiin dolsain
ZL3b-n,f36r,"f36r.4,+P0","<%>podaiir.cphy.qoypchol.som<->{c'y}<->chy.dchy.fchom,dar",podaiir cphy qoypchol somchy dchy fchom dar
ZL3b-n,f36r,"f36r.5,+P0",daiin.qor.chol.ctholy.s<->o<->r<->chy.sy<->chytaroiin,daiin qor chol ctholy sorchy sychytaroiin
ZL3b-n,f36r,"f36r.6,+P0","okaiin.cthor.y,kaiiin.s<->dain.an<->dan",okaiin cthor y kaiiin sdain andan
ZL3b-n,f36r,"f36r.7,+P0","qotol.cthol.okol,dy.okchy<->ytorory<->sold",qotol cthol okol dy okchyytororysold
ZL3b-n,f36r,"f36r.8,+P0",ytchor.cthol.chaiin.yd,ytchor cthol chaiin yd
ZL3b-n,f36r,"f36r.9,+P0",ytodaly.daiin.otaro<$>,ytodaly daiin otaro
ZL3b-n,f36v,"f36v.1,@P0","<%>pchar,asy.qoforom.shoaiin.tchey.ch[{ckoh}:{ckhh}]y.otaiin.cphar.daiin",pchar asy qoforom shoaiin tchey chckohy otaiin cphar daiin
ZL3b-n,f36v,"f36v.2,+P0",qotor.chol.daiin.otaiin.qotor.ytar.ochor.chety.ckh[o:a]r.dom,qotor chol daiin otaiin qotor ytar ochor chety ckhor dom
ZL3b-n,f36v,"f36v.3,+P0","dchytchy.ytor,s<->otaiin.qopchor.otar.otchaiin.s",dchytchy ytor sotaiin qopchor otar otchaiin s
ZL3b-n,f36v,"f36v.4,+P0","qotchor.y,ky,ty,dy<->daiin.cthor<$>",qotchor y ky ty dydaiin cthor
ZL3b-n,f36v,"f36v.5,+P1",<%>tchor.ckhoiin.daiin.cphchar,tchor ckhoiin daiin cphchar
ZL3b-n,f36v,"f36v.6,+P1",daiin.cthor.daiin.dal.dys,daiin cthor daiin dal dys
ZL3b-n,f36v,"f36v.7,+P1","qoky.keol.okchor.o,s,ch[y:a],shan",qoky keol okchor o s chy shan
ZL3b-n,f36v,"f36v.8,+P1","ykshy.ytchy.dol.y,tydy.yky",ykshy ytchy dol y tydy yky
ZL3b-n,f36v,"f36v.9,+P1","okaiin.y,kcholqod.chory",okaiin y kcholqod chory
ZL3b-n,f36v,"f36v.10,+P1",ykchotchy.daiin.daiild,ykchotchy daiin daiild
ZL3b-n,f36v,"f36v.11,+P1",oty.chcthy.ytoryd,oty chcthy ytoryd
ZL3b-n,f36v,"f36v.12,+P1","ytol.kchy.oty,chd",ytol kchy oty chd
ZL3b-n,f36v,"f36v.13,+P1",oky.she.cthol.oty,oky she cthol oty
ZL3b-n,f36v,"f36v.14,+P1",soiin.chtain<$>,soiin chtain
ZL3b-n,f37r,"f37r.1,@P0","<%>tocphol.shaiin.qotor.ofchor.oty.chory.daiin.otod,[o:a]r",tocphol shaiin qotor ofchor oty chory daiin otod or
ZL3b-n,f37r,"f37r.2,+P0","ykoiin.cthor.okaiin.qo,tchy.ytody.qokaiin.sho.ytaiin",ykoiin cthor okaiin qo tchy ytody qokaiin sho ytaiin
ZL3b-n,f37r,"f37r.3,+P0","qo,shy.qokaiin.cthol,dy.ckhor.oky,dy<$>",qo shy qokaiin cthol dy ckhor oky dy
ZL3b-n,f37r,"f37r.4,+P0",<%>pchotchy.daiin.cfholdar.chol.daiin<->yd,pchotchy daiin cfholdar chol daiinyd
ZL3b-n,f37r,"f37r.5,+P0",yky.qokchy.qotchor.chkol.otoly,yky qokchy qotchor chkol otoly
ZL3b-n,f37r,"f37r.6,+P0",shor.shol.qokchy.qotomody<->dchol.daiin,shor shol qokchy qotomodydchol daiin
ZL3b-n,f37r,"f37r.7,+P0",sor.chey.kor.qokor.daiin<$>,sor chey kor qokor daiin
ZL3b-n,f37r,"f37r.8,+P0",<%>koiin.chorody.qokaiin.{c'hh}ory.otal<->shor.sheor.dar,koiin chorody qokaiin ory otalshor sheor dar
ZL3b-n,f37r,"f37r.9,+P0",ykchody.qotchy.ykaiin.chy.qotordy<->otcho.loldaiin,ykchody qotchy ykaiin chy qotordyotcho loldaiin
ZL3b-n,f37r,"f37r.10,+P0","qoto.o,kchochor.dchor.chy.shy.daiin<->ychey.kol,daiir",qoto o kchochor dchor chy shy daiinychey kol daiir
ZL3b-n,f37r,"f37r.11,+P0",okchor.daiin.ckhy.dain.daiin<$>,okchor daiin ckhy dain daiin
ZL3b-n,f37v,"f37v.1,@P0",<%>[t:k]shody.qocthy.qotoldy.chopdain.sol,tshody qocthy qotoldy chopdain sol
ZL3b-n,f37v,"f37v.2,+P0",dor.chol.cthor.orchochor.daiin,dor chol cthor orchochor daiin
ZL3b-n,f37v,"f37v.3,+P0",qokchon.shy.chon.daiin.dy,qokchon shy chon daiin dy
ZL3b-n,f37v,"f37v.4,+P0",dshor.dytory.dshor.daiin,dshor dytory dshor daiin
ZL3b-n,f37v,"f37v.5,+P0",dchor.qotol.ykchon.dain,dchor qotol ykchon dain
ZL3b-n,f37v,"f37v.6,+P0",yokor.ytchor.saiin.oty,yokor ytchor saiin oty
ZL3b-n,f37v,"f37v.7,+P0",qotchor.daiin<$>,qotchor daiin
ZL3b-n,f37v,"f37v.8,+P0",<%>qotor.choiin.chetchy.daiin,qotor choiin chetchy daiin
ZL3b-n,f37v,"f37v.9,+P0",dor.chor.sho.daiiin.daiin,dor chor sho daiiin daiin
ZL3b-n,f37v,"f37v.10,+P0","soiin.{ch'}ey.o,koiin.chey.tom",soiin ey o koiin chey tom
ZL3b-n,f37v,"f37v.11,+P0",qotoiin.choror.cthol.daiin,qotoiin choror cthol daiin
ZL3b-n,f37v,"f37v.12,+P0","chor,sh[y:o]ly.sheaiin.do.tody",chor shyly sheaiin do tody
ZL3b-n,f37v,"f37v.13,+P0",sotoiiin<$>,sotoiiin
ZL3b-n,f37v,"f37v.14,+P0",<%>todain.cphaiin.cphorods,todain cphaiin cphorods
ZL3b-n,f37v,"f37v.15,+P0",soiiin.cheoky.daiin.dain,soiiin cheoky daiin dain
ZL3b-n,f37v,"f37v.16,+P0",qotor.daiin.chotaiin,qotor daiin chotaiin
ZL3b-n,f37v,"f37v.17,+P0",sokchor.qokoiiin.ykeeols,sokchor qokoiiin ykeeols
ZL3b-n,f37v,"f37v.18,+P0",oyteey.daiin.daiinody,oyteey daiin daiinody
ZL3b-n,f37v,"f37v.19,+P0",daiin.qkaiin.qotal.daiin,daiin qkaiin qotal daiin
ZL3b-n,f37v,"f37v.20,+P0","y,cho{ckah}y.ykol,daiin,s",y chockahy ykol daiin s
ZL3b-n,f37v,"f37v.21,+P0",oshctho.do.daiin.cthols,oshctho do daiin cthols
ZL3b-n,f37v,"f37v.22,+P0",qotol.ytoiin.cho{cthh}y,qotol ytoiin chocthhy
ZL3b-n,f37v,"f37v.23,+P0",yto.chol.daiin<$>,yto chol daiin
ZL3b-n,f38r,"f38r.1,@P0",<%>tolor.chockhy<->oky.choiin.okshol.oly.oky,tolor chockhyoky choiin okshol oly oky
ZL3b-n,f38r,"f38r.2,+P0",okshey.chodys<->ytoiin.otaiin.otaiin.cthar,okshey chodysytoiin otaiin otaiin cthar
ZL3b-n,f38r,"f38r.3,+P0","qokor.okaiin<->otaiin.qo,kchol.chokokor",qokor okaiinotaiin qo kchol chokokor
ZL3b-n,f38r,"f38r.4,+P0","ychok.chey.chckh<->chy.chk[o:y].r.odaiin.d,aiin.sy",ychok chey chckhchy chko r odaiin d aiin sy
ZL3b-n,f38r,"f38r.5,+P0","o,kor.chey.kain<->chor.ctho.dain.ckholdy",o kor chey kainchor ctho dain ckholdy
ZL3b-n,f38r,"f38r.6,+P0",ysho.sho.kos<->daiin.okoy.chochor.daiin<$>,ysho sho kosdaiin okoy chochor daiin
ZL3b-n,f38v,"f38v.1,@P0","<%>okchop.chol.shotol.oteol.okee[a:y].s<->chor.d.aiin,d",okchop chol shotol oteol okeea schor d aiin d
ZL3b-n,f38v,"f38v.2,+P0","choiin.shey.key.sho.oiin.s.chol,ldy<->okeaiin.o,kom",choiin shey key sho oiin s chol ldyokeaiin o kom
ZL3b-n,f38v,"f38v.3,+P0",qokeey.keor.daiin.okey.keey.daiin<->dair.daiin.s,qokeey keor daiin okey keey daiindair daiin s
ZL3b-n,f38v,"f38v.4,+P0","okeey.d,aiin.qokeey.chotey.tody<->oky.aiiin.d",okeey d aiin qokeey chotey todyoky aiiin d
ZL3b-n,f38v,"f38v.5,+P0",qoty.daiin.chol.oteeol.dody<->cheod.chody,qoty daiin chol oteeol dodycheod chody
ZL3b-n,f38v,"f38v.6,+P0",sho.keeey.key.tey.daiin.daiiin<->dain.dain,sho keeey key tey daiin daiiindain dain
ZL3b-n,f38v,"f38v.7,+P0",daiin.qol.chy.dain.@153;.or.daiin<->dain.daldy,daiin qol chy dain or daiindain daldy
ZL3b-n,f38v,"f38v.8,+P0","o,aiin.char.chshol.chokaiin<$>",o aiin char chshol chokaiin
ZL3b-n,f39r,"f39r.1,@P0","<%>tedo,chshd.cphhofy.chdain.shey.f[sh:se]y,dy.orain.cheepaiin.ofy.shey.k[a:o]ly.dy",tedo chshd cphhofy chdain shey fshy dy orain cheepaiin ofy shey kaly dy
ZL3b-n,f39r,"f39r.2,+P0",olchey.cheky.qokedy.shekshey.qolain.ch{ckh'h}y.chdy.dair.shckhey.dold,olchey cheky qokedy shekshey qolain chy chdy dair shckhey dold
ZL3b-n,f39r,"f39r.3,+P0",qokalchdy.chekaiin.checkhy.darshed.qokeedar.eeedy.dar.ar.cheey.dyckhy,qokalchdy chekaiin checkhy darshed qokeedar eeedy dar ar cheey dyckhy
ZL3b-n,f39r,"f39r.4,+P0",tchedy.chdy.olaiin.chedy.shckhdchy.chol.or.ordy.chees.aly.okalcheg,tchedy chdy olaiin chedy shckhdchy chol or ordy chees aly okalcheg
ZL3b-n,f39r,"f39r.5,+P0",dchdy.chdy.ykaiin<$>,dchdy chdy ykaiin
ZL3b-n,f39r,"f39r.6,+P0","<%>pchdaiin.she,dam.qofchedy.shedy.kchdy.dydy.opchekaiin.sho{ckhh}y.shdalo.ry",pchdaiin she dam qofchedy shedy kchdy dydy opchekaiin shockhhy shdalo ry
ZL3b-n,f39r,"f39r.7,+P0","dchdar.chedy.cholal.qokedar.chdy.chckhdy.dar.ar.al.ydy.eee,s.aiiin",dchdar chedy cholal qokedar chdy chckhdy dar ar al ydy eee s aiiin
ZL3b-n,f39r,"f39r.8,+P0",lchedy.shedy.qokaiin.chkeey.fchedy.okam.ch{cfhh}y.saiin.chckhy.daisog,lchedy shedy qokaiin chkeey fchedy okam chcfhhy saiin chckhy daisog
ZL3b-n,f39r,"f39r.9,+P0",tchedy.shol.odal.qokaiin.shdaiin<$>,tchedy shol odal qokaiin shdaiin
ZL3b-n,f39r,"f39r.10,+P0",<%>pchdar.shedy.ar.aiir.okair.ykeols.shedy.qockhdy.laiin.{c'y}ky,pchdar shedy ar aiir okair ykeols shedy qockhdy laiin ky
ZL3b-n,f39r,"f39r.11,+P0",dshdy.ar.aiin.y.yk[en:{cr}].chdy.ykal.olkaiin.qokaldar.cheol.dar.aiin,dshdy ar aiin y yken chdy ykal olkaiin qokaldar cheol dar aiin
ZL3b-n,f39r,"f39r.12,+P0","tolchda[iin:ii?]<!corr?>.chckhy.s,aiin.olor.chls.aiin.oky.ches.aiin.dal",tolchdaiin chckhy s aiin olor chls aiin oky ches aiin dal
ZL3b-n,f39r,"f39r.13,+P0","ytor.chdar.shey.qokaiin.chor.kar.sheolkedy.otedy.tedy.s,aiin",ytor chdar shey qokaiin chor kar sheolkedy otedy tedy s aiin
ZL3b-n,f39r,"f39r.14,+P0","daiin.shckhy.chekl.ol,daiin.chedy.ykeey.daiin.otal.chdam.qokam",daiin shckhy chekl ol daiin chedy ykeey daiin otal chdam qokam
ZL3b-n,f39r,"f39r.15,+P0","qolkain.ol,cheol.daiin.dar.ol.dld.[ar:iir].ador.aiin.ofcheefar",qolkain ol cheol daiin dar ol dld ar ador aiin ofcheefar
ZL3b-n,f39r,"f39r.16,+Pc",oteol.cholkal.qokal.dar.ykdy<$>,oteol cholkal qokal dar ykdy
ZL3b-n,f39v,"f39v.1,@P0",<%>pdair.chdy.fdykain.or.air.sheykaiiin.ofchy.kar.or.aiin.dolky.o[sh:{i'h}]dy,pdair chdy fdykain or air sheykaiiin ofchy kar or aiin dolky oshdy
ZL3b-n,f39v,"f39v.2,+P0",sor.shy.kar.chol.qoty.kchdy.olky.dar.chdy.ykar.olkedaiin.ody.dy,sor shy kar chol qoty kchdy olky dar chdy ykar olkedaiin ody dy
ZL3b-n,f39v,"f39v.3,+P0","daiin.chor.okain.okaii,fchody.saiin.or,aiin.qokaiin.ytodaiin.okam",daiin chor okain okaii fchody saiin or aiin qokaiin ytodaiin okam
ZL3b-n,f39v,"f39v.4,+P0","y,okeey.chody.cheor.aiin.okody.chodal.ykedy.qokedy.dal,o,[d:?],aiin.shky",y okeey chody cheor aiin okody chodal ykedy qokedy dal o d aiin shky
ZL3b-n,f39v,"f39v.5,+P0","ytedykor.or.sheky.kain.otar.or.aiin.okaiin.ckhol.ol.kor.oto,r.ofchy",ytedykor or sheky kain otar or aiin okaiin ckhol ol kor oto r ofchy
ZL3b-n,f39v,"f39v.6,+P0","lkedy.okchey.shor.qoykam.cho,ckh{cfhh}y.or.aly.shody<$>",lkedy okchey shor qoykam cho ckhcfhhy or aly shody
ZL3b-n,f39v,"f39v.7,+P0",<%>pardy.shedy.qokar.sheedy.oraly<->olaiir.okar.ar,pardy shedy qokar sheedy oralyolaiir okar ar
ZL3b-n,f39v,"f39v.8,+P0",o{ek}ar.aiin.olkaiin.olky.dar.ald<->shek.chek.qokchy.dar.ain,oekar aiin olkaiin olky dar aldshek chek qokchy dar ain
ZL3b-n,f39v,"f39v.9,+P0","tar.aiin.dal.ar.ain.cheor.ydam<->shody.okal.shd,y.kshy.or",tar aiin dal ar ain cheor ydamshody okal shd y kshy or
ZL3b-n,f39v,"f39v.10,+P0",dar.ar.ykar.or.yky.chdy.fchor<->qokain.ar.sheedy.olchef,dar ar ykar or yky chdy fchorqokain ar sheedy olchef
ZL3b-n,f39v,"f39v.11,+P0",sarol.chedy.shekam.q[o:e]kar.chl<->ykeedy.chckhy.dalor.dy,sarol chedy shekam qokar chlykeedy chckhy dalor dy
ZL3b-n,f39v,"f39v.12,+P0","paiin.alaiin.otal,chd.okar.am<->okar.cheodal.ockhy",paiin alaiin otal chd okar amokar cheodal ockhy
ZL3b-n,f39v,"f39v.13,+P0","dain.ockhedy.otedy.okedy<->lchdy.okaiin.daiiin,y",dain ockhedy otedy okedylchdy okaiin daiiin y
ZL3b-n,f39v,"f39v.14,+P0","tar,aiin.okaiin.cholody<$>",tar aiin okaiin cholody
ZL3b-n,f40r,"f40r.1,@P0","<%>pchey.k,eodar.aldydy<->qoky.okal.shdy.olkedy.opches.ar.ordaiin",pchey k eodar aldydyqoky okal shdy olkedy opches ar ordaiin
ZL3b-n,f40r,"f40r.2,+P0","qokar.okar.okedy.dar<->ykchey.kaiin.ok[a:o]s,chedy.okar.a,ralos",qokar okar okedy darykchey kaiin okas chedy okar a ralos
ZL3b-n,f40r,"f40r.3,+P0","shy.qokal.chdy.chckhd<->otor.aiir.o,ky.okolchy.qokar.okam",shy qokal chdy chckhdotor aiir o ky okolchy qokar okam
ZL3b-n,f40r,"f40r.4,+P0",or.aiin.chekody.dar<->qokol.okaiin.okar.oky.okoldy.ol,or aiin chekody darqokol okaiin okar oky okoldy ol
ZL3b-n,f40r,"f40r.5,+P0",lokar.qokar.okar<->okol.ol.chedy.qokchd.ar.ar.or.da[g:m],lokar qokar okarokol ol chedy qokchd ar ar or dag
ZL3b-n,f40r,"f40r.6,+P0","tor.or.ar.shok.or.am<->o,lshedy.qokam.chdy.kar.oraiin",tor or ar shok or amo lshedy qokam chdy kar oraiin
ZL3b-n,f40r,"f40r.7,+P0",yaiin.chekaiin.oky<->ycheey<$>,yaiin chekaiin okyycheey
ZL3b-n,f40r,"f40r.8,+P0","<%>ksheo.keeey.dar.ai[g:m]<->kcheo.cfhdy.or,ain.chefal.daiin.dg",ksheo keeey dar aigkcheo cfhdy or ain chefal daiin dg
ZL3b-n,f40r,"f40r.9,+P0",taiin.ol.olaiin.or<->dain.okaiin.okaiin.okaiin.daram,taiin ol olaiin ordain okaiin okaiin okaiin daram
ZL3b-n,f40r,"f40r.10,+P0",saiin.olcheey.chdy<->ychey.ka@154;ar.oky.ykedy.okair.ody,saiin olcheey chdyychey kaar oky ykedy okair ody
ZL3b-n,f40r,"f40r.11,+P0",toar.ykaiin.ory.dal<$>,toar ykaiin ory dal
ZL3b-n,f40v,"f40v.1,@P0",<%>pchedain.chefaiin.oldy,pchedain chefaiin oldy
ZL3b-n,f40v,"f40v.2,+P0",todar.qokaiin.ol.ara[g:m],todar qokaiin ol arag
ZL3b-n,f40v,"f40v.3,+P0","s,air,ain.okaiin.okam",s air ain okaiin okam
ZL3b-n,f40v,"f40v.4,+P0",taraiin.okaiin.ch{ckhy},taraiin okaiin chckhy
ZL3b-n,f40v,"f40v.5,+P0",solaiin.okar.oly.chckhy,solaiin okar oly chckhy
ZL3b-n,f40v,"f40v.6,+P0",qoeedaiin.ol.chedy.daiin,qoeedaiin ol chedy daiin
ZL3b-n,f40v,"f40v.7,+P0","shody.qokol,chedy.s.ar",shody qokol chedy s ar
ZL3b-n,f40v,"f40v.8,+P0",chodaiin.chkalykedy.okal,chodaiin chkalykedy okal
ZL3b-n,f40v,"f40v.9,+P0","tchy,pchody.pchdy.kor.ol",tchy pchody pchdy kor ol
ZL3b-n,f40v,"f40v.10,+P0",tchkaiin.tchedy.qokaiin.oraiin,tchkaiin tchedy qokaiin oraiin
ZL3b-n,f40v,"f40v.11,+P0",schedy.qokol.chedy.dalor.a{ith}y,schedy qokol chedy dalor aithy
ZL3b-n,f40v,"f40v.12,+P0",ycheekeey.daiin.okaiin<$>,ycheekeey daiin okaiin
ZL3b-n,f40v,"f40v.13,+P0",<%>toees.chedy.kedy.olfchedy.qokedy<->daiin.chefain,toees chedy kedy olfchedy qokedydaiin chefain
ZL3b-n,f40v,"f40v.14,+P0",saiin.o.lchey.kchedy.okar.qokchdy.dy<->qokees.am.chdy,saiin o lchey kchedy okar qokchdy dyqokees am chdy
ZL3b-n,f40v,"f40v.15,+P0","qokchey.qody.or.aiiin.o,kaiin.o,ckhy<->sheod.faimy",qokchey qody or aiiin o kaiin o ckhysheod faimy
ZL3b-n,f40v,"f40v.16,+P0",shol.kedy.lor.ar.okar.qoky.kedy.r<->yteey.qokam,shol kedy lor ar okar qoky kedy ryteey qokam
ZL3b-n,f40v,"f40v.17,+P0",tochey.qokeedy.qokaiin.okeos.qokar<->okees.ar.o[k:?]y,tochey qokeedy qokaiin okeos qokarokees ar oky
ZL3b-n,f40v,"f40v.18,+P0",saiin.otain.chckhy.okal.okair.arol<->qokey.okary,saiin otain chckhy okal okair arolqokey okary
ZL3b-n,f40v,"f40v.19,+Pc",pchedy.chetar.ofair.arody<$>,pchedy chetar ofair arody
ZL3b-n,f41r,"f41r.1,@P0","<%>pshey,kedal[ee:ch]y.oked.seekeeey<->opshes.[o:y]p[ch:ee]d.qotchedy.shkakeedy",pshey kedaleey oked seekeeeyopshes opchd qotchedy shkakeedy
ZL3b-n,f41r,"f41r.2,+P0","ykeeo.alshey,ykedy.kesh,dy.dy<->dor.[y:q]cheoky.qokee[d:?].chpy.qokedy.dy",ykeeo alshey ykedy kesh dy dydor ycheoky qokeed chpy qokedy dy
ZL3b-n,f41r,"f41r.3,+P0",qok.sa[y:?]<!unclear>.[q:y][o:e]kedy.ychdykchdy<->qokedy.qokedy.shekchy.cheky.daly,qok say qokedy ychdykchdyqokedy qokedy shekchy cheky daly
ZL3b-n,f41r,"f41r.4,+P0",chdchy.ytcheeky.ypchedy.schdy<->ytedy.{cthh}y.chees.oteey.otal.da[m:g],chdchy ytcheeky ypchedy schdyytedy cthhy chees oteey otal dam
ZL3b-n,f41r,"f41r.5,+P0",qotchy.sal.yteedy.kchdy<->dchedy.k[ee:ch]dy.dchedy.dalain<$>,qotchy sal yteedy kchdydchedy keedy dchedy dalain
ZL3b-n,f41r,"f41r.6,+P0",<%>shedey.polchedy.qokeey.chekedy.ytey<->chkeeod<->ypchedpy.shepy.shedy,shedey polchedy qokeey chekedy yteychkeeodypchedpy shepy shedy
ZL3b-n,f41r,"f41r.7,+P0",parchdy.kchey.yteedy.qokeod[o:y]<->okedy.chkedy.qokedy.ched[y:e].qokedy,parchdy kchey yteedy qokeodookedy chkedy qokedy chedy qokedy
ZL3b-n,f41r,"f41r.8,+P0","dair.chedy.chckhy.qokey.lchdy<->qokedy.qokal.chekedy.qodar,a[g:j]",dair chedy chckhy qokey lchdyqokedy qokal chekedy qodar ag
ZL3b-n,f41r,"f41r.9,+P0",qokeedy.okedy.chekedy.chedy<->chckheody.chekol.daiin.cheo.al.otedy,qokeedy okedy chekedy chedychckheody chekol daiin cheo al otedy
ZL3b-n,f41r,"f41r.10,+P0",sshok.shedy.qekchdy.dchdaldy<->ykedy.qokeedy.qokedy.qokeg,sshok shedy qekchdy dchdaldyykedy qokeedy qokedy qokeg
ZL3b-n,f41r,"f41r.11,+P0",ykeod.ykeedy.chekeedy.cheked<$>,ykeod ykeedy chekeedy cheked
ZL3b-n,f41v,"f41v.1,@Lp",keer[e:o]dal,keeredal
ZL3b-n,f41v,"f41v.2,+P0",<%>pcheody.qofcheepy.ofchdy.cfhekchdy<->ypchedy.chepchefy.shdchdy.qotal.dar,pcheody qofcheepy ofchdy cfhekchdyypchedy chepchefy shdchdy qotal dar
ZL3b-n,f41v,"f41v.3,+P0","dshedy.tchey.s,aiin.shekey.okedy.okaly<->daiin.okedy.ykeeody.choy.keoy.dam",dshedy tchey s aiin shekey okedy okalydaiin okedy ykeeody choy keoy dam
ZL3b-n,f41v,"f41v.4,+P0",qoke[o:d]dy.okey.qokeody.oleeol.lkedy<->lkeeody.qokeedy.okeey.qokol.sheols,qokeody okey qokeody oleeol lkedylkeeody qokeedy okeey qokol sheols
ZL3b-n,f41v,"f41v.5,+P0",ycheos.olchey.daiin.or.chol[a:o]laiin<->oteedy.qoteol.oteodar.orain,ycheos olchey daiin or cholalaiinoteedy qoteol oteodar orain
ZL3b-n,f41v,"f41v.6,+P0",tadaiin.ol.cheos.yteedy.okal.[o:a]ld<->oteol.qokal.or.oteody,tadaiin ol cheos yteedy okal oldoteol qokal or oteody
ZL3b-n,f41v,"f41v.7,+P0","ykeey.okey.ykeeol.ckhdy.chdal<->ykeo,aiin.okeody.oly",ykeey okey ykeeol ckhdy chdalykeo aiin okeody oly
ZL3b-n,f41v,"f41v.8,+P0","daiin.olkeeo.lkol,chedy.okeey<$>",daiin olkeeo lkol chedy okeey
ZL3b-n,f42r,"f42r.1,@P0",<%>{c@155;h}o.ofaiin.ctha{ih}{c@196;h}y.otcheey.pchear,o ofaiin cthaihy otcheey pchear
ZL3b-n,f42r,"f42r.2,+P0",solkaiin.char.cheky.otshaiin.daiir[y:a],solkaiin char cheky otshaiin daiiry
ZL3b-n,f42r,"f42r.3,+P0",toshy.chtshar.chotar.chain.dal,toshy chtshar chotar chain dal
ZL3b-n,f42r,"f42r.4,+P0",shor.chetar.chotai[s:r].dar.cthaiin,shor chetar chotais dar cthaiin
ZL3b-n,f42r,"f42r.5,+P0",qokar.chockhy.chotor.chy.kary,qokar chockhy chotor chy kary
ZL3b-n,f42r,"f42r.6,+Pc",dorain.[{ih}:ch]ar<$>,dorain ihar
ZL3b-n,f42r,"f42r.7,+P0",<%>pcho.chy.kshaiin.shotaiin.cham.shan,pcho chy kshaiin shotaiin cham shan
ZL3b-n,f42r,"f42r.8,+P0","yshol.chees.cthol.shor.shol.ety.char,y",yshol chees cthol shor shol ety char y
ZL3b-n,f42r,"f42r.9,+P0",qotch[a:o]r.otchol.ctho.kchodan.chkchory,qotchar otchol ctho kchodan chkchory
ZL3b-n,f42r,"f42r.10,+P0","choty.dol.ksheo.cthor.otol.cthol.chol<->shol,dain",choty dol ksheo cthor otol cthol cholshol dain
ZL3b-n,f42r,"f42r.11,+P0",qotor.cho.chody.daiin.shol.ctheey.dar<->chy.daiidy,qotor cho chody daiin shol ctheey darchy daiidy
ZL3b-n,f42r,"f42r.12,+P0",dcheey.chol.shol.chokaiin.choeky.d{cky}<->dain.dal,dcheey chol shol chokaiin choeky dckydain dal
ZL3b-n,f42r,"f42r.13,+P0",qopor.shol.shot.shol.shol.daiin.dain.s<->cheam,qopor shol shot shol shol daiin dain scheam
ZL3b-n,f42r,"f42r.14,+P0","sho,kshey.choty.chdain.chodaiin.daiin<->dam",sho kshey choty chdain chodaiin daiindam
ZL3b-n,f42r,"f42r.15,+Pr",pchody.otshey.dodaiin<$>,pchody otshey dodaiin
ZL3b-n,f42r,"f42r.16,+P0",<%>pydaiin.sheor.shaiin.tsh.olchy.sholy,pydaiin sheor shaiin tsh olchy sholy
ZL3b-n,f42r,"f42r.17,+P0","shotol,shol.chety.daiin.chokchy.chkaiin",shotol shol chety daiin chokchy chkaiin
ZL3b-n,f42r,"f42r.18,+P0",qody.cthochy.otaiin.shy.kshes.chorain,qody cthochy otaiin shy kshes chorain
ZL3b-n,f42r,"f42r.19,+P0","otchoty.daiin.chot,sho.{ck@191;h}y<!corr?>,{cty},s.os",otchoty daiin chot sho y cty s os
ZL3b-n,f42r,"f42r.20,+P0",shol.chol.shoky.okol.sho.chol.shol.chal,shol chol shoky okol sho chol shol chal
ZL3b-n,f42r,"f42r.21,+P0",shol.chol.chol.shol.{ct}oiin.{c'o}s.odan,shol chol chol shol ctoiin s odan
ZL3b-n,f42r,"f42r.22,+P0","kchaiin.chos.ckhaiin.choro,r.chaiin",kchaiin chos ckhaiin choro r chaiin
ZL3b-n,f42r,"f42r.23,+Pr","okchol,shol.kolschees<$>",okchol shol kolschees
ZL3b-n,f42v,"f42v.1,@P0",<%>@156;cho.{cto}.sheey.qocho.taiin.shols<->chol.chor.dain,cho cto sheey qocho taiin sholschol chor dain
ZL3b-n,f42v,"f42v.2,+P0",dshey.tchey.y.kchey.chtchy.{c@245;h}y.dan<->dain.otol.daiin,dshey tchey y kchey chtchy y dandain otol daiin
ZL3b-n,f42v,"f42v.3,+P0",sho.chotody.chotol.oky.chol.chol<->dl.chcthy.otoy,sho chotody chotol oky chol choldl chcthy otoy
ZL3b-n,f42v,"f42v.4,+P0","qotchy.chkchy.sar.dy<->odaiil<->ykchy.o,kol,dg",qotchy chkchy sar dyodaiilykchy o kol dg
ZL3b-n,f42v,"f42v.5,+P0","chokeeo,r.chey.chetan<->s,ary<->okol.chetaiin",chokeeo r chey chetans aryokol chetaiin
ZL3b-n,f42v,"f42v.6,+P0","okeokear.cheotchar<->sy<->saiin.cthar,d,am",okeokear cheotcharsysaiin cthar d am
ZL3b-n,f42v,"f42v.7,+P0","chok.sheo,key.keeeyd<->chekeesshy",chok sheo key keeeydchekeesshy
ZL3b-n,f42v,"f42v.8,+P0",sodal.saiin<$>,sodal saiin
ZL3b-n,f42v,"f42v.9,+P0",<%>posheor.sho.char.chekchey.qokod<->sho.cpheo.rchy,posheor sho char chekchey qokodsho cpheo rchy
ZL3b-n,f42v,"f42v.10,+P0","schor.okchey.chy.shol.olor.cheaiin<->{ct}chy.tcheeb,d",schor okchey chy shol olor cheaiinctchy tcheeb d
ZL3b-n,f42v,"f42v.11,+P0","qo.aiin.qokeey.kchol.cheal.o,t,eold<->shey.teaiin,d",qo aiin qokeey kchol cheal o t eoldshey teaiin d
ZL3b-n,f42v,"f42v.12,+P0","ch[o:a]tcheey.chol.ol.chaiin.oteeaiin<->chkchy.taiin,y",chotcheey chol ol chaiin oteeaiinchkchy taiin y
ZL3b-n,f42v,"f42v.13,+P0",sho.chey.teor.shey.che{cthh}y.daiin<->chokeey.daiin,sho chey teor shey checthhy daiinchokeey daiin
ZL3b-n,f42v,"f42v.14,+P0",qoteey.chy.kchy.cthy.{cts}ees.choly<->sarar.aral,qoteey chy kchy cthy ctsees cholysarar aral
ZL3b-n,f42v,"f42v.15,+P0",chokey.chol.okey,chokey chol okey
ZL3b-n,f42v,"f42v.16,=Pt",okor.odeey<$>,okor odeey
ZL3b-n,f43r,"f43r.1,@P0",<%>tarodaiin.ytedy.eeody.ofchtar.chcphedy.ypar.shol.folor.aiin.cphey.dar,tarodaiin ytedy eeody ofchtar chcphedy ypar shol folor aiin cphey dar
ZL3b-n,f43r,"f43r.2,+P0",yteody.oteol.ytedy.ar.chety.dar.aiir.okaldy.daral.otchdy.daiin.dals,yteody oteol ytedy ar chety dar aiir okaldy daral otchdy daiin dals
ZL3b-n,f43r,"f43r.3,+P0",yty.yty.oty.she.ody.shy.olor.yteedy.kaiin.chky.qotydy.dar.aiin.ykam,yty yty oty she ody shy olor yteedy kaiin chky qotydy dar aiin ykam
ZL3b-n,f43r,"f43r.4,+P0","das,ar.ytey,tedy,kar.arar.she.kalchdy.cholky.qotaly.chedy.oty.otam",das ar ytey tedy kar arar she kalchdy cholky qotaly chedy oty otam
ZL3b-n,f43r,"f43r.5,+P0","ykar.ch[e:i]dy.shekody.qotody.qotar.okedy.dar.choetchy.dam.otain.y,tam",ykar chedy shekody qotody qotar okedy dar choetchy dam otain y tam
ZL3b-n,f43r,"f43r.6,+P0",kchedy.chedy.daly.cheody.cheolkeepchy<$>,kchedy chedy daly cheody cheolkeepchy
ZL3b-n,f43r,"f43r.7,+P0","<%>pshesy.otey,kshdy.opchdy.kedar.okedy.chdy.sho{cphh}y.dyty,dy.pchdy.kedy.dam",pshesy otey kshdy opchdy kedar okedy chdy shocphhy dyty dy pchdy kedy dam
ZL3b-n,f43r,"f43r.8,+P0",ytchedy.chedy.cheody.shy.qoiiin.sheeeky.chedy.dain.shy.ykolor.[o:a]taiin.old,ytchedy chedy cheody shy qoiiin sheeeky chedy dain shy ykolor otaiin old
ZL3b-n,f43r,"f43r.9,+P0",dshedy.qotedy.dor.cheey.odain<$>,dshedy qotedy dor cheey odain
ZL3b-n,f43r,"f43r.10,+P0",<%>pshdar.shed.ody.qotedy.yfchdy.qo{ckhh}dy.opchdy.daiin.qokedy.dydydy.qotar,pshdar shed ody qotedy yfchdy qockhhdy opchdy daiin qokedy dydydy qotar
ZL3b-n,f43r,"f43r.11,+P0","ytchedy.ty.shol.t[o:a]ldy.shody.oteedy.shdy.otolol.shd.olky.ytol.otary.cheky,dy",ytchedy ty shol toldy shody oteedy shdy otolol shd olky ytol otary cheky dy
ZL3b-n,f43r,"f43r.12,+P0","dor.shol.qokol,shedy.qotedy.qokeedy.qokody.okeedy.otedy.shedy.oty.yty,dy.saiin",dor shol qokol shedy qotedy qokeedy qokody okeedy otedy shedy oty yty dy saiin
ZL3b-n,f43r,"f43r.13,+P0","tshed.qosheckhey.odeeedy.qeokeey.qotedy.daiin.shodody.shochol.chckhy.y,kedydy",tshed qosheckhey odeeedy qeokeey qotedy daiin shodody shochol chckhy y kedydy
ZL3b-n,f43r,"f43r.14,+P0",ykeody.checkhy.choteey.odain.ch{ckhhh}y.chokoraiin<$>,ykeody checkhy choteey odain chckhhhy chokoraiin
ZL3b-n,f43v,"f43v.1,@P0",<%>pdsairy.dalteoshy.d[o:a]ly.sheet.or.arodl.lkeo.r.araiin.otedy.opolde,pdsairy dalteoshy doly sheet or arodl lkeo r araiin otedy opolde
ZL3b-n,f43v,"f43v.2,+P0",shedy.octhy.otedy.chedy.dar.ches{kh}y.okeody.oky.okaldy.kchdy.okar,shedy octhy otedy chedy dar cheskhy okeody oky okaldy kchdy okar
ZL3b-n,f43v,"f43v.3,+P0",tody.teedy.qot.chocthy.chky.oky.chdy.okedy.ykaiin.chey.ody.dary,tody teedy qot chocthy chky oky chdy okedy ykaiin chey ody dary
ZL3b-n,f43v,"f43v.4,+P0","d{ch'h}ey,ykeedy.chees.ain.shy.qocthedy.chey.qokar.checkhy.okam",dey ykeedy chees ain shy qocthedy chey qokar checkhy okam
ZL3b-n,f43v,"f43v.5,+P0",qokchedy.oralody.otedol.chcthdy.chtey<$>,qokchedy oralody otedol chcthdy chtey
ZL3b-n,f43v,"f43v.6,+P0",<%>tolkchdy.okedy.qoked[a:o]l.shedy.okedal.shedy.pchdol.otey.dalorain,tolkchdy okedy qokedal shedy okedal shedy pchdol otey dalorain
ZL3b-n,f43v,"f43v.7,+P0",ytshedy.ykeody.oykeedy.chedy.tedy.chcthy.otam.ot.ytaiin.otas,ytshedy ykeody oykeedy chedy tedy chcthy otam ot ytaiin otas
ZL3b-n,f43v,"f43v.8,+P0",shetcheodchs.ochedy.oteody.chedy.chody.daiin.sheody.ykar.chef,shetcheodchs ochedy oteody chedy chody daiin sheody ykar chef
ZL3b-n,f43v,"f43v.9,+P0",yt[ch:ee]dy.olos.aiin.ockhy<$>,ytchdy olos aiin ockhy
ZL3b-n,f43v,"f43v.10,+P0","<%>tarchor.ar.aldar.chdy.daldar.chepy.yteedy.s,ypchey,pchedy.yfor",tarchor ar aldar chdy daldar chepy yteedy s ypchey pchedy yfor
ZL3b-n,f43v,"f43v.11,+P0","ysheey.or,air.yteey.cheody.ar.sheo.qody.chckhy.chdy.choty.she{cthy}",ysheey or air yteey cheody ar sheo qody chckhy chdy choty shecthy
ZL3b-n,f43v,"f43v.12,+P0","yshee.kedy.dar.chey.qotedy.etaiin.chedy.cthey.oteol.or,aiin.odain",yshee kedy dar chey qotedy etaiin chedy cthey oteol or aiin odain
ZL3b-n,f43v,"f43v.13,+P0","dshedy.tedy.ckhedy.chekcheey.dy,keody.otedy.cheetam.okedar.amam",dshedy tedy ckhedy chekcheey dy keody otedy cheetam okedar amam
ZL3b-n,f43v,"f43v.14,+P0","dykeedain.chedy.okeedy.chedal.olkey.cheky.cho[a:y]l,chedy.oteorom",dykeedain chedy okeedy chedal olkey cheky choal chedy oteorom
ZL3b-n,f43v,"f43v.15,+P0",oteod.qolkeey.kaldy.chy.darod[y:?].qokeey.kol.dary.taros,oteod qolkeey kaldy chy darody qokeey kol dary taros
ZL3b-n,f43v,"f43v.16,+P0",ol.eees.aiin.oloaiin.oteos.qoky.chey<$>,ol eees aiin oloaiin oteos qoky chey
ZL3b-n,f44r,"f44r.1,@P0",<%>tshodpy.ora{iph}y.koees.ypsholy.shy.otoloaiin,tshodpy oraiphy koees ypsholy shy otoloaiin
ZL3b-n,f44r,"f44r.2,+P0","ydsh.dyeees.y,ty.oky.okchey.qykchey.dchy,dy",ydsh dyeees y ty oky okchey qykchey dchy dy
ZL3b-n,f44r,"f44r.3,+P0",oair.ekokeey.kshotol.otal.daiin.ototaykal,oair ekokeey kshotol otal daiin ototaykal
ZL3b-n,f44r,"f44r.4,+P0",ychor.ykchey.ykchy.chody.dam<$>,ychor ykchey ykchy chody dam
ZL3b-n,f44r,"f44r.5,+P0",<%>toy.shysho.qoteey.char.cheeky.sheey.ytey.daiin,toy shysho qoteey char cheeky sheey ytey daiin
ZL3b-n,f44r,"f44r.6,+P0","dshor.y,tchol.shy.o.@190;cheekchy.qotchy.otchy.dar",dshor y tchol shy o cheekchy qotchy otchy dar
ZL3b-n,f44r,"f44r.7,+P0",qot{ch'}.o[q:y]d.shol.qotshy.oyty.chom<$>,qot oqd shol qotshy oyty chom
ZL3b-n,f44r,"f44r.8,+P0",<%>pshy.opchey.qopchy.ofchey.roiry.sholos.ykchy<!separated ch>,pshy opchey qopchy ofchey roiry sholos ykchy
ZL3b-n,f44r,"f44r.9,+P0","otchol.ol,dchckhy.qoky.qotchy.qokchy.qokyd",otchol ol dchckhy qoky qotchy qokchy qokyd
ZL3b-n,f44r,"f44r.10,+P0","qokchor.okchy.qoto.ykol.choky.choky.chol,dam",qokchor okchy qoto ykol choky choky chol dam
ZL3b-n,f44r,"f44r.11,+P0",ytsho.qockhy.okchody<$>,ytsho qockhy okchody
ZL3b-n,f44v,"f44v.1,@P0",<%>tsho.qotshy.cthol.d.chor.otol.shol.tol.qotshol.otoldy,tsho qotshy cthol d chor otol shol tol qotshol otoldy
ZL3b-n,f44v,"f44v.2,+P0",yolkol.cheol.qokchain.daly.otchol.daiin.shol.qotor.ar,yolkol cheol qokchain daly otchol daiin shol qotor ar
ZL3b-n,f44v,"f44v.3,+P0",tol.okchor.shcthy.otol.daiin.cthy.cthy<$>,tol okchor shcthy otol daiin cthy cthy
ZL3b-n,f44v,"f44v.4,+P0","<%>yokalod.shaiin.shor.shorody.shky.sho.y,tchy.opchod.opy",yokalod shaiin shor shorody shky sho y tchy opchod opy
ZL3b-n,f44v,"f44v.5,+P0",oain.shol.cthy.cphaiin.ykchor.otchy.qoty.ytchear.cthain,oain shol cthy cphaiin ykchor otchy qoty ytchear cthain
ZL3b-n,f44v,"f44v.6,+P0","tol.dair.ytaiin.dol,y.kchain.oty,keey.otchol.ytaiin,dy",tol dair ytaiin dol y kchain oty keey otchol ytaiin dy
ZL3b-n,f44v,"f44v.7,+P0","ok[y:o],tchaiin.cthol.dy.cheol.ololy<$>",oky tchaiin cthol dy cheol ololy
ZL3b-n,f44v,"f44v.8,+P0",<%>tsheody.cthaiin.odaiin.shol.shey.cthy<->ykoda<->ol,tsheody cthaiin odaiin shol shey cthyykodaol
ZL3b-n,f44v,"f44v.9,+P0","dshor.cthees.l,o,lkeees.ckhy.chcthy.lo",dshor cthees l o lkeees ckhy chcthy lo
ZL3b-n,f44v,"f44v.10,+P0",lsho.qokchy.tshy.cphaiin.cthal.kal,lsho qokchy tshy cphaiin cthal kal
ZL3b-n,f44v,"f44v.11,+P0",okal.chol.chol.choky.okaiin.cthy.otal,okal chol chol choky okaiin cthy otal
ZL3b-n,f44v,"f44v.12,+P0",ychey.teol.chaiin.chcthy.ctho.cthol,ychey teol chaiin chcthy ctho cthol
ZL3b-n,f44v,"f44v.13,+P0",lchor.shol.dairl<$>,lchor shol dairl
ZL3b-n,f45r,"f45r.1,@P0",<%>pykydal.sha{ikh}y.oty.shey.qop.char.opchal.ypchor.ofchar,pykydal shaikhy oty shey qop char opchal ypchor ofchar
ZL3b-n,f45r,"f45r.2,+P0",shor.cthy.qoky.qokol.qokaiin.chol.chol.ykaiin.dar.om,shor cthy qoky qokol qokaiin chol chol ykaiin dar om
ZL3b-n,f45r,"f45r.3,+P0",qo.chcthy.kchol.daiin.qoaiin.cthy.chaiin.ykeey.cthom,qo chcthy kchol daiin qoaiin cthy chaiin ykeey cthom
ZL3b-n,f45r,"f45r.4,+P0",lor.y.kaiin.ykeol.ykeol.cham<$>,lor y kaiin ykeol ykeol cham
ZL3b-n,f45r,"f45r.5,+P0","<%>kol,sho.pchor.kchey.ty.opchaldy.otshy.qokchy.dol,daiin",kol sho pchor kchey ty opchaldy otshy qokchy dol daiin
ZL3b-n,f45r,"f45r.6,+P0",otchar.okchar.daiin.ytchody.tcholol.otar.dal.dary,otchar okchar daiin ytchody tcholol otar dal dary
ZL3b-n,f45r,"f45r.7,+P0",lchar.qor.y.kar.dar<$>,lchar qor y kar dar
ZL3b-n,f45r,"f45r.8,+P0",<%>tchol.cthy.qodaiin.cthy.dain.{@246;thh}ey.otydal.daiin.[g:d],tchol cthy qodaiin cthy dain ey otydal daiin g
ZL3b-n,f45r,"f45r.9,+P0",@201;or.or.chain.dain.ykolody.ytaiin.qotchol.kol.dy,or or chain dain ykolody ytaiin qotchol kol dy
ZL3b-n,f45r,"f45r.10,+P0",okaiin.shar.yky.oky.kair.daldy.dalor.cheol.dal,okaiin shar yky oky kair daldy dalor cheol dal
ZL3b-n,f45r,"f45r.11,+P0",l.okaiin.okcho.laldan.daldaiin<$>,l okaiin okcho laldan daldaiin
ZL3b-n,f45v,"f45v.1,@P0","<%>ko[r:s]ary.chko.kol,chey.fsholom.shor.ykchy.dod.opchaiin.olald",korary chko kol chey fsholom shor ykchy dod opchaiin olald
ZL3b-n,f45v,"f45v.2,+P0",okol.chor.daiin.cthy.okchol.chom.okolo[r:n].dy<->okchol.s,okol chor daiin cthy okchol chom okolor dyokchol s
ZL3b-n,f45v,"f45v.3,+P0","qokchy.l,or.cheol.qot[o:a]l.qotol,chy.ky.cthod<->ykar,yd",qokchy l or cheol qotol qotol chy ky cthodykar yd
ZL3b-n,f45v,"f45v.4,+P0",okchy.qockhy.dain.dail.dair.shy<$>,okchy qockhy dain dail dair shy
ZL3b-n,f45v,"f45v.5,+P0","<%>qotol.choiin.okchar.dar.oty<->shoto.dol,py<->otytam",qotol choiin okchar dar otyshoto dol pyotytam
ZL3b-n,f45v,"f45v.6,+P0","?s,aiin.cphor.qok{cy}.tod<->ytchdy.dy<->dy.cheg",aiin cphor qokcy todytchdy dydy cheg
ZL3b-n,f45v,"f45v.7,+P0","tchtcho,kchol.dshy.o,tyol<->ytchom",tchtcho kchol dshy o tyolytchom
ZL3b-n,f45v,"f45v.8,+P0",yksheor.odal.sho.dy.pchom<->otor.oa[iir:iin],yksheor odal sho dy pchomotor oaiir
ZL3b-n,f45v,"f45v.9,+P0","ychor.cthy.chol.qokom.sy<->sa,ykchom",ychor cthy chol qokom sysa ykchom
ZL3b-n,f45v,"f45v.10,+P0",dshor.otshy.oky.tsholol<->ytchord,dshor otshy oky tshololytchord
ZL3b-n,f45v,"f45v.11,+P0","or,chor.ytchy.doiin.dcholdy<$>",or chor ytchy doiin dcholdy
ZL3b-n,f46r,"f46r.1,@P0",<%>pcheocphy.qotedy.chety.dy.chepchx.yfcheky.o[s:r]aiin.shee.qoteol.daiin.shee.dy.daly,pcheocphy qotedy chety dy chepchx yfcheky osaiin shee qoteol daiin shee dy daly
ZL3b-n,f46r,"f46r.2,+P0","sodaiin.sheeoly.qoor.sheo,teoly.chckhy.daiin.sh[{ck}:ek].sheet.shedy.xo[r:s].aiin.sheckhy",sodaiin sheeoly qoor sheo teoly chckhy daiin shck sheet shedy xor aiin sheckhy
ZL3b-n,f46r,"f46r.3,+P0",daiin.shor.ykal.che[{kh}:{th}]y.daiin.she.dalshedy.qokol.s.aiin.shee.ykar.daiin,daiin shor ykal chekhy daiin she dalshedy qokol s aiin shee ykar daiin
ZL3b-n,f46r,"f46r.4,+P0",tshedar.chol.kaldy.chckhy.qokaldy.chekal.chckhy.sheky.sheky.dalo{cthh}y,tshedar chol kaldy chckhy qokaldy chekal chckhy sheky sheky dalocthhy
ZL3b-n,f46r,"f46r.5,+P0",okeedy.shekeey.ykey.shedy.chdy.shky.qotsheod.ytedy.ytey.che[o:a]r<$>,okeedy shekeey ykey shedy chdy shky qotsheod ytedy ytey cheor
ZL3b-n,f46r,"f46r.6,+P0","<%>tedy.d[y:o]tedy.shee.keedy.ypchedy.chdalor.sheedy.odo[s:r],aiin.opchedy.dykedy.chdam",tedy dytedy shee keedy ypchedy chdalor sheedy odos aiin opchedy dykedy chdam
ZL3b-n,f46r,"f46r.7,+P0","xol.shol.qokaiin.ytchdy.qokchdy.s,ar.chdy.cthy.otedy.chedy.qokar.chcthy.m",xol shol qokaiin ytchdy qokchdy s ar chdy cthy otedy chedy qokar chcthy m
ZL3b-n,f46r,"f46r.8,+P0",dsheol.chy.chckhy.shy.shdy.chky.chody.cthdy.s.cheos.chey<$>,dsheol chy chckhy shy shdy chky chody cthdy s cheos chey
ZL3b-n,f46r,"f46r.9,+P0","<%>tshdy.shdy.fchedy.dyfchdy.shol.kees,ytaly.fchdy.dy.karal.shky.yty.dardam",tshdy shdy fchedy dyfchdy shol kees ytaly fchdy dy karal shky yty dardam
ZL3b-n,f46r,"f46r.10,+P0",tchey.shy.chkal.chd.qokdy.shdy.adoldy.olaiir.sheol<$>,tchey shy chkal chd qokdy shdy adoldy olaiir sheol
ZL3b-n,f46r,"f46r.11,+P0","<%>pchdair.shd.shep,daiin.shdy.o{ifh}edy.qopchdy.ldy.shear.opdarshdy.s.@136;yfchedy",pchdair shd shep daiin shdy oifhedy qopchdy ldy shear opdarshdy s yfchedy
ZL3b-n,f46r,"f46r.12,+P0",techy.daiin.sheockhy.choky.r.aiin.ches.shey.kar.sheckhy.chdy.chckham,techy daiin sheockhy choky r aiin ches shey kar sheckhy chdy chckham
ZL3b-n,f46r,"f46r.13,+P0","ar,akaiin.shol.okeey.chol.dar.ols.lain.y<$>",ar akaiin shol okeey chol dar ols lain y
ZL3b-n,f46r,"f46r.14,+P0",<%>otchealkar.sholkshy.qokar.cheol.okal.dam.chdam.qokam,otchealkar sholkshy qokar cheol okal dam chdam qokam
ZL3b-n,f46r,"f46r.15,+P0","qokar.shol,kal.[a:o]lkeody<$>",qokar shol kal alkeody
ZL3b-n,f46v,"f46v.1,@P0","<%>pody,lshed.ypdy,shedy.opchedy.ytedy.oepchol.yfchey.tochsy.oka[s:r].ykchdy.daiin",pody lshed ypdy shedy opchedy ytedy oepchol yfchey tochsy okas ykchdy daiin
ZL3b-n,f46v,"f46v.2,+P0","ytair,aiin.otchdy.okaly.daiin.qokedy.otar.ar.oldy.otedy.saim.okey.tody.daiin",ytair aiin otchdy okaly daiin qokedy otar ar oldy otedy saim okey tody daiin
ZL3b-n,f46v,"f46v.3,+P0",ytchey.keody.chockhdy.chotal.okalshdy.sh[?:d]y<!funny d>.qokar.oty.qoty.shedy.chedy.dam,ytchey keody chockhdy chotal okalshdy qokar oty qoty shedy chedy dam
ZL3b-n,f46v,"f46v.4,+P0","ydaiin.chckhy.chdal.olar.chckhdy.chdody.tar.cham.kedy.daiin.y,kaiir.shckhefy",ydaiin chckhy chdal olar chckhdy chdody tar cham kedy daiin y kaiir shckhefy
ZL3b-n,f46v,"f46v.5,+P0","lodaiin.shedy.qokedy.chdy.okedy.dykaly.daiin.chedy.okeedy.s,ar,air.cthy",lodaiin shedy qokedy chdy okedy dykaly daiin chedy okeedy s ar air cthy
ZL3b-n,f46v,"f46v.6,+P0",tor.aiirchar.shedy.olaiin.qotedy.sheedy.qokaldy.qokedy.d[o:a]ir.chody.cthey.m,tor aiirchar shedy olaiin qotedy sheedy qokaldy qokedy doir chody cthey m
ZL3b-n,f46v,"f46v.7,+P0","dchedy.cheeky.dam,ched.lchedy.chedy",dchedy cheeky dam ched lchedy chedy
ZL3b-n,f46v,"f46v.8,=Pt",okeedchsy.qokeedy.chetedar.or.ai{cky}y,okeedchsy qokeedy chetedar or aickyy
ZL3b-n,f46v,"f46v.9,+P1",yteedy.shedy.che{ck}edy.chtedy.daim,yteedy shedy checkedy chtedy daim
ZL3b-n,f46v,"f46v.10,+P1",sheol.[a:o]r.chey.okaiin.daim.oty.om,sheol ar chey okaiin daim oty om
ZL3b-n,f46v,"f46v.11,+P1",tolshey.otedy.chocpheod.oty.dam,tolshey otedy chocpheod oty dam
ZL3b-n,f46v,"f46v.12,+P1",dair.aly.chdam.chcthy.chdam,dair aly chdam chcthy chdam
ZL3b-n,f46v,"f46v.13,+P1",ykar.chedy<$>,ykar chedy
ZL3b-n,f47r,"f47r.1,@P0",<%>@159;chair.oly.sheaiin.shol.daiin.chdy,chair oly sheaiin shol daiin chdy
ZL3b-n,f47r,"f47r.2,+P0","chokchol.chol,choldy.dair.cha[d:j],aiin",chokchol chol choldy dair chad aiin
ZL3b-n,f47r,"f47r.3,+P0",dor.chol.chy.chaiin.ckhey.chol.dain.okaiin,dor chol chy chaiin ckhey chol dain okaiin
ZL3b-n,f47r,"f47r.4,+P0",qokcheo.cthey.chokain.chol.daiin.kchdal,qokcheo cthey chokain chol daiin kchdal
ZL3b-n,f47r,"f47r.5,+P0",dain.olshey.chokolg<$>,dain olshey chokolg
ZL3b-n,f47r,"f47r.6,+P0","<%>folr.chey,so.chol.shol,aiin.shol.shol.chdy.cholol",folr chey so chol shol aiin shol shol chdy cholol
ZL3b-n,f47r,"f47r.7,+P0",schesy.kchor.cthaiin.chol.chol.chol.chor.{ck@191;h}ey,schesy kchor cthaiin chol chol chol chor ey
ZL3b-n,f47r,"f47r.8,+P0",shokeey.chy.tchod.choy.sho.chtchy.@161;char.ctham,shokeey chy tchod choy sho chtchy char ctham
ZL3b-n,f47r,"f47r.9,+P0","qoko,kor.chaiin.okal.chol.daiin.okcho,kcho[r:s]sy",qoko kor chaiin okal chol daiin okcho kchorsy
ZL3b-n,f47r,"f47r.10,+P0",shy.otcho.keey.tor.chey.otchy.tchol.dain.dam,shy otcho keey tor chey otchy tchol dain dam
ZL3b-n,f47r,"f47r.11,+P0",dsho.cphy.daiin.daiiny<$>,dsho cphy daiin daiiny
ZL3b-n,f47v,"f47v.1,@P0",<%>psheot.cheor.cholsho.chopchy.sal<->sary,psheot cheor cholsho chopchy salsary
ZL3b-n,f47v,"f47v.2,+P0",dsheey.shy.cphy.otchey.daiidy.chory<->daiiy,dsheey shy cphy otchey daiidy chorydaiiy
ZL3b-n,f47v,"f47v.3,+P0",shol.char.oteol.dor.otchol.chkchy<->daiin,shol char oteol dor otchol chkchydaiin
ZL3b-n,f47v,"f47v.4,+P0",qotol.sheey.kol.sho.keechy.qoty<->cthy,qotol sheey kol sho keechy qotycthy
ZL3b-n,f47v,"f47v.5,+P0",dsholy.shees.chor.ody.shy.sy<->sary,dsholy shees chor ody shy sysary
ZL3b-n,f47v,"f47v.6,+P0",chody.cheor.saiin.dochod<->chol<$>,chody cheor saiin dochodchol
ZL3b-n,f47v,"f47v.7,+P0",<%>pchodaiin.dair.dcthy,pchodaiin dair dcthy
ZL3b-n,f47v,"f47v.8,+P0",daiin.cheotar.chodaly.sal,daiin cheotar chodaly sal
ZL3b-n,f47v,"f47v.9,+P0",qotcheey.chety.chol.chol.dain,qotcheey chety chol chol dain
ZL3b-n,f47v,"f47v.10,+P0","chotcho,ltchey.[o:y].tcho,tchy.dy<->chol.chody.dar",chotcho ltchey o tcho tchy dychol chody dar
ZL3b-n,f47v,"f47v.11,+P0",ot[ee:a:ei]y.cho.chdy.chy.key.chyky<->dchy.daiin.chy,oteey cho chdy chy key chykydchy daiin chy
ZL3b-n,f47v,"f47v.12,+P0","ch[y:o].cho,keesy.chy.chy.cheky<->chochy.daiin",chy cho keesy chy chy chekychochy daiin
ZL3b-n,f47v,"f47v.13,+P0",dshy.daiin.chdlety.chaiin<->dcheey.otald,dshy daiin chdlety chaiindcheey otald
ZL3b-n,f47v,"f47v.14,+P0",chol.{ct}chey<$>,chol ctchey
ZL3b-n,f48r,"f48r.1,@P0",<%>pshdaiin.ypchdy.opchey.{c@162;h}y.dal.sheodaiin.sheokeol.ykeeody.olaiin.opaldy,pshdaiin ypchdy opchey y dal sheodaiin sheokeol ykeeody olaiin opaldy
ZL3b-n,f48r,"f48r.2,+P0",daiin.yteeol.cheody.kechodshey.qotedy.chtaiin.otchdy.tedain.okain.ckhy,daiin yteeol cheody kechodshey qotedy chtaiin otchdy tedain okain ckhy
ZL3b-n,f48r,"f48r.3,+P0","sheody.she.teoteey.oteodaiin.ody.qoteo.l.kedy.dol,odal.qotar.opchety.ldy",sheody she teoteey oteodaiin ody qoteo l kedy dol odal qotar opchety ldy
ZL3b-n,f48r,"f48r.4,+P0","tolkeol,dain.otaiin.ykeedy.chet.ytedy,tedy.qokdy.tshdy.chetedy.ctheety.r",tolkeol dain otaiin ykeedy chet ytedy tedy qokdy tshdy chetedy ctheety r
ZL3b-n,f48r,"f48r.5,+P0",yteey.teol.okeody.cheockhy.olsheey.qoekaiin.octhey.cholkar.aiin.cthar.od,yteey teol okeody cheockhy olsheey qoekaiin octhey cholkar aiin cthar od
ZL3b-n,f48r,"f48r.6,+P0","alshey.lkeedy.ytchedy.qokedy.lotal.qotol.otal,ched.o,key.ykeey.da[l:?]dy",alshey lkeedy ytchedy qokedy lotal qotol otal ched o key ykeey daldy
ZL3b-n,f48r,"f48r.7,+P0",tocthy.qokeol.yteedy.lolkeol.otolches.al.ar.ykeeodam.okedy.okam,tocthy qokeol yteedy lolkeol otolches al ar ykeeodam okedy okam
ZL3b-n,f48r,"f48r.8,+Pr","otchdain.shol.oteol.oteoly.ykeey.dam,dr",otchdain shol oteol oteoly ykeey dam dr
ZL3b-n,f48r,"f48r.9,+Pc",yteched.ar.olkey.okeoam<$>,yteched ar olkey okeoam
ZL3b-n,f48v,"f48v.1,@P0","<%>pcheodchy.dshedy.fchedy.los.aiin.ykeeedy.shey.ypchedy.teedy.chdy.ypair,y.chedyty",pcheodchy dshedy fchedy los aiin ykeeedy shey ypchedy teedy chdy ypair y chedyty
ZL3b-n,f48v,"f48v.2,+P0","chey.tedy.otchody.ykeedy.otar,yotedy.cthdy<->okain.chety.choolkeey",chey tedy otchody ykeedy otar yotedy cthdyokain chety choolkeey
ZL3b-n,f48v,"f48v.3,+P0","alchey.kor.y.keody.olkeeey.chody.chedy.daly<->okeeor.aiin.otar,air,am",alchey kor y keody olkeeey chody chedy dalyokeeor aiin otar air am
ZL3b-n,f48v,"f48v.4,+P0","dchedy,tchddy.otsh.okeey.ty.otar.alchdy<->yteedy.oteed.y,kedy.m",dchedy tchddy otsh okeey ty otar alchdyyteedy oteed y kedy m
ZL3b-n,f48v,"f48v.5,+P0",lkeey.qocthedy.taiin.shed.qokar.otedy.dy<->dain.tolkain.otam,lkeey qocthedy taiin shed qokar otedy dydain tolkain otam
ZL3b-n,f48v,"f48v.6,+P0","shdy.qokain.okar.otar.or.otees.ol.or.ain<->otal.ok.y,tar.chedy.am<$>",shdy qokain okar otar or otees ol or ainotal ok y tar chedy am
ZL3b-n,f48v,"f48v.7,+P0","<%>pchedar.chey<->ypchedy.otedy.shef,eeedy.al<->shedy.otedy.fcheodal.cpheeg",pchedar cheyypchedy otedy shef eeedy alshedy otedy fcheodal cpheeg
ZL3b-n,f48v,"f48v.8,+P0",oteody.chkey<->okedy.chckhedy.ykedy.oldy<->otoly.chey.kaly.tokar.otam,oteody chkeyokedy chckhedy ykedy oldyotoly chey kaly tokar otam
ZL3b-n,f48v,"f48v.9,+P0",tor.shody.okal<->otchedy.cheky.oly.loldy.lol<->otchdy.otoldy.ytam.otedy,tor shody okalotchedy cheky oly loldy lolotchdy otoldy ytam otedy
ZL3b-n,f48v,"f48v.10,+P0","tol.chedy.ytedy<->ykeol.chdy.chdor.chtol.chdy<->ytchedal.cthey.okar,ar.ary",tol chedy ytedyykeol chdy chdor chtol chdyytchedal cthey okar ar ary
ZL3b-n,f48v,"f48v.11,+P0","ykeedal.chckhy<->ykal.y,tam.or.cheedls.[s:d]ary<$>",ykeedal chckhyykal y tam or cheedls sary
ZL3b-n,f49r,"f49r.1,@P0","<%>pychol.dy.[sh:ch]or.shol.shtchy.shorpchor.opchor.shor,kchy",pychol dy shor shol shtchy shorpchor opchor shor kchy
ZL3b-n,f49r,"f49r.2,+P0",qotor.sho.chotchy.choshy.qopchar.q'o.dor.daiin,qotor sho chotchy choshy qopchar qo dor daiin
ZL3b-n,f49r,"f49r.3,+P0",dsho<->dchor.dchor.daiin.dor.cheoraiin<$>,dshodchor dchor daiin dor cheoraiin
ZL3b-n,f49r,"f49r.4,+P0",<%>ksh[o:a].qodain.chotshy.dodar,ksho qodain chotshy dodar
ZL3b-n,f49r,"f49r.5,+P0",chor.sheor.chey.teey.qotan,chor sheor chey teey qotan
ZL3b-n,f49r,"f49r.6,+P0","ol,or,sh{e'e}es.sheoty.choldaiin",ol or shes sheoty choldaiin
ZL3b-n,f49r,"f49r.7,+P0",qokeor.cheey.qokchy.qotody,qokeor cheey qokchy qotody
ZL3b-n,f49r,"f49r.8,+P0","chot,chor.chy.cheet.qolsor",chot chor chy cheet qolsor
ZL3b-n,f49r,"f49r.9,+P0",oykeeey.chey.kshey.choroiin,oykeeey chey kshey choroiin
ZL3b-n,f49r,"f49r.10,+P0","sho.r.choiin.shor.shor,shy",sho r choiin shor shor shy
ZL3b-n,f49r,"f49r.11,+P0",chotcheol.dchol<$>,chotcheol dchol
ZL3b-n,f49r,"f49r.12,+P0",<%>podaiin.cheo.kcho.daiin.chcthy,podaiin cheo kcho daiin chcthy
ZL3b-n,f49r,"f49r.13,+P0","{c'o}d.chol,y.tcheol.daiin.cthodd",d chol y tcheol daiin cthodd
ZL3b-n,f49r,"f49r.14,+P0",q'o.shoqoky.shor.sheor.otol.daiin,qo shoqoky shor sheor otol daiin
ZL3b-n,f49r,"f49r.15,+P0",ochol.chol.chody.dchodaiin.da'iin,ochol chol chody dchodaiin daiin
ZL3b-n,f49r,"f49r.16,+P0",q'ocho.cheey.dchey.qotchody,qocho cheey dchey qotchody
ZL3b-n,f49r,"f49r.17,+P0","olol,ol.chey.chey.kchy.qotchol.chosory",olol ol chey chey kchy qotchol chosory
ZL3b-n,f49r,"f49r.18,+P0","sheor.cheol.od.cho.dcheeey.qot,chotchy",sheor cheol od cho dcheeey qot chotchy
ZL3b-n,f49r,"f49r.19,+P0",dcheo.r.cheey.keolchey.chokchol.chokan,dcheo r cheey keolchey chokchol chokan
ZL3b-n,f49r,"f49r.20,+P0",qotcho.chods.cho.cho[ch:sh]y.chs.oriin,qotcho chods cho chochy chs oriin
ZL3b-n,f49r,"f49r.21,+P0",odch[o:y].chor.ety.shol<$>,odcho chor ety shol
ZL3b-n,f49v,"f49v.1,@L0",f,f
ZL3b-n,f49v,"f49v.2,=P0",<%>kshor.shol.cphokchol.ch{cfhh}y,kshor shol cphokchol chcfhhy
ZL3b-n,f49v,"f49v.3,*L0",o,o
ZL3b-n,f49v,"f49v.4,=P0",qokchy.qokchod.sho.ckhy,qokchy qokchod sho ckhy
ZL3b-n,f49v,"f49v.5,*L0",r,r
ZL3b-n,f49v,"f49v.6,=P0",chotchy.chcthy.cthey.koddy,chotchy chcthy cthey koddy
ZL3b-n,f49v,"f49v.7,*L0",y,y
ZL3b-n,f49v,"f49v.8,=P0",okeodsho.chotshol.dam,okeodsho chotshol dam
ZL3b-n,f49v,"f49v.9,*L0",e,e
ZL3b-n,f49v,"f49v.10,=P0",shol.shodaiin.qotchar,shol shodaiin qotchar
ZL3b-n,f49v,"f49v.12,=P0",qot[ch:ee]y.chokchy.choky,qotchy chokchy choky
ZL3b-n,f49v,"f49v.13,*L0",k,k
ZL3b-n,f49v,"f49v.14,=P0",chotchy.chodaiin.dan,chotchy chodaiin dan
ZL3b-n,f49v,"f49v.15,*L0",s,s
ZL3b-n,f49v,"f49v.16,=P0","qoteees.cheo.daiin,dol",qoteees cheo daiin dol
ZL3b-n,f49v,"f49v.17,*L0",p,p
ZL3b-n,f49v,"f49v.18,=P0","ochor.sheeod.ksheo,dl",ochor sheeod ksheo dl
ZL3b-n,f49v,"f49v.19,*L0",o,o
ZL3b-n,f49v,"f49v.20,=P0","q'oksho,daiin.shckhy,dar",qoksho daiin shckhy dar
ZL3b-n,f49v,"f49v.22,=P0",dchol.cthol.daiin.choky,dchol cthol daiin choky
ZL3b-n,f49v,"f49v.23,*L0",y,y
ZL3b-n,f49v,"f49v.24,=P0",ochokeey.ckhey.daiin.dain.chokag,ochokeey ckhey daiin dain chokag
ZL3b-n,f49v,"f49v.25,*L0",e,e
ZL3b-n,f49v,"f49v.26,=P0","qokeol,chokeeody.otol.kcho,s.chol.daiin<$>",qokeol chokeeody otol kcho s chol daiin
ZL3b-n,f49v,"f49v.28,=P0",<%>fchochor.shol.tchol.opcheodal.dchsy<->chotchy,fchochor shol tchol opcheodal dchsychotchy
ZL3b-n,f49v,"f49v.30,=P0",dcho.d.chol.chokchodaiin.chokchy.tchol<->okchokol,dcho d chol chokchodaiin chokchy tcholokchokol
ZL3b-n,f49v,"f49v.31,*L0",p,p
ZL3b-n,f49v,"f49v.32,=P0",tchotchey.chokeeodol.rcheey.otchodar<->dcho.dchog,tchotchey chokeeodol rcheey otchodardcho dchog
ZL3b-n,f49v,"f49v.33,*L0",o,o
ZL3b-n,f49v,"f49v.34,=P0",shocho.oaiin.sheo.choty<$>,shocho oaiin sheo choty
ZL3b-n,f49v,"f49v.36,=P0","<%>qotcho.cheol.chol,s.cho,chcthey.dcheol<->chotchody",qotcho cheol chol s cho chcthey dcheolchotchody
ZL3b-n,f49v,"f49v.37,*L0",y,y
ZL3b-n,f49v,"f49v.38,=P0","chokeo.sho.cheor.cheokchet.chor.daiin,dy<->daiin.qok[g:d]",chokeo sho cheor cheokchet chor daiin dydaiin qokg
ZL3b-n,f49v,"f49v.39,*L0",e,e
ZL3b-n,f49v,"f49v.40,=P0",oaiin.chy.daiin.chol.chaiin.kshardy<->chokchy,oaiin chy daiin chol chaiin kshardychokchy
ZL3b-n,f49v,"f49v.42,=P0",qokeaiin.cheo.chor.choteey.kcheol.dain<->cho.dai[s:r]in,qokeaiin cheo chor choteey kcheol daincho daisin
ZL3b-n,f49v,"f49v.43,*L0",d,d
ZL3b-n,f49v,"f49v.44,=P0",chokaiin.cho.dls.chariin.daiin.chain.dy<->chetcho.dy,chokaiin cho dls chariin daiin chain dychetcho dy
ZL3b-n,f49v,"f49v.45,*L0",y,y
ZL3b-n,f49v,"f49v.46,=P0",oaiin.cheky.@243;.cho.rchseesy.kchor.sol<->chctho.s,oaiin cheky cho rchseesy kchor solchctho s
ZL3b-n,f49v,"f49v.47,*L0",e,e
ZL3b-n,f49v,"f49v.48,=P0","qotcheol.chey.chor.chokaly.chor,dal<->chaiin,d",qotcheol chey chor chokaly chor dalchaiin d
ZL3b-n,f49v,"f49v.49,*L0",k,k
ZL3b-n,f49v,"f49v.50,=P0",chol.chor.ches.chkalchy.chokeeoky<->chokoran,chol chor ches chkalchy chokeeokychokoran
ZL3b-n,f49v,"f49v.51,*L0",y,y
ZL3b-n,f49v,"f49v.52,=P0",ykchokeo.r.cheey.daiin<$>,ykchokeo r cheey daiin
ZL3b-n,f50r,"f50r.1,@P0","<%>psheor.olkair.olfchedy.qop[eee:che]dar.opchey.dair.o,laiin.chefchdy",psheor olkair olfchedy qopeeedar opchey dair o laiin chefchdy
ZL3b-n,f50r,"f50r.2,+P0",sor.orsheckhy.ockhody.shos.alol.dy.kar.oky.daiiin.okar.ar.okam,sor orsheckhy ockhody shos alol dy kar oky daiiin okar ar okam
ZL3b-n,f50r,"f50r.3,+P0",tshol.kar.sheedy.okeody.qokedy.chody.kchdy.pchdy.chkaiin.odam,tshol kar sheedy okeody qokedy chody kchdy pchdy chkaiin odam
ZL3b-n,f50r,"f50r.4,+P0",tchdy.qokas.chedy.qokchdy.qokaiin.or.ar.alol.keodaiin.ols,tchdy qokas chedy qokchdy qokaiin or ar alol keodaiin ols
ZL3b-n,f50r,"f50r.5,+P0",solkchy.chckhy.qokchdy.qokchdy.okar.ar.y.qokchdy.kar.ar.okain,solkchy chckhy qokchdy qokchdy okar ar y qokchdy kar ar okain
ZL3b-n,f50r,"f50r.6,+P0","ykain.[sh:{c's}]ear.ol,kchedy.okal.qotor.cheeor.olk[ee:a]dy.daiin.qoky",ykain shear ol kchedy okal qotor cheeor olkeedy daiin qoky
ZL3b-n,f50r,"f50r.7,+P0",todalain.qotal.kaiin.otaiin.otal.she.ka[r:s].ariin.okchedy.dariin,todalain qotal kaiin otaiin otal she kar ariin okchedy dariin
ZL3b-n,f50r,"f50r.8,+P0","yk,ykaiin.sheekar.otchdy.dar.kar.shedain.taipar.orolkain",yk ykaiin sheekar otchdy dar kar shedain taipar orolkain
ZL3b-n,f50r,"f50r.9,+P0","ytchdy.kchedy<->ykeey.kaiin.qokain.ald,[a:y]lo[s:r]am",ytchdy kchedyykeey kaiin qokain ald alosam
ZL3b-n,f50r,"f50r.10,+P0","solkaiin<->opalke,chckhy.darin.chky<$>",solkaiinopalke chckhy darin chky
ZL3b-n,f50v,"f50v.1,@P0","<%>tchy.do.ldar.shotchdy.qokchdy.opchedy.qokol.shor.ofar,fardam",tchy do ldar shotchdy qokchdy opchedy qokol shor ofar fardam
ZL3b-n,f50v,"f50v.2,+P0",tchodain.oeeey.okaiin.shedy.qokaly.chdy.oky.keody.cheey.okain,tchodain oeeey okaiin shedy qokaly chdy oky keody cheey okain
ZL3b-n,f50v,"f50v.3,+P0",pochedy.qokody.checkhy.shckhy.dalol.ykeeey.qokedy.okain.okal,pochedy qokody checkhy shckhy dalol ykeeey qokedy okain okal
ZL3b-n,f50v,"f50v.4,+P0","dar.qoain.olaiin.ol[s:r].aiin.o,l.okeedy.okchdy.otar.chckhey.or",dar qoain olaiin ols aiin o l okeedy okchdy otar chckhey or
ZL3b-n,f50v,"f50v.5,+P0","y,chy.tair.chckhy.qekaiin.qodaiin.olcheky.chedy.chkedy.okedyd",y chy tair chckhy qekaiin qodaiin olcheky chedy chkedy okedyd
ZL3b-n,f50v,"f50v.6,+P0",daiin.kedair.okal.chody.qokedy.okar.okchey.okedy.ota[r:s].chkeey,daiin kedair okal chody qokedy okar okchey okedy otar chkeey
ZL3b-n,f50v,"f50v.7,+P0",tedaiin.odaiin.or.okaiin.ykor.daiin.choky.qotchdy.k[{cy}:ey].dairam,tedaiin odaiin or okaiin ykor daiin choky qotchdy kcy dairam
ZL3b-n,f50v,"f50v.8,+P0",ykar.okair.otor.qokedy.ykchol.kar.chckhy.olkaiin.okain.qo'd<!corr?>,ykar okair otor qokedy ykchol kar chckhy olkaiin okain qod
ZL3b-n,f50v,"f50v.9,+P0",ytsheod.ain.sheshy.echedy.kchdy<->otaiin.okaiin.[o:a]ky,ytsheod ain sheshy echedy kchdyotaiin okaiin oky
ZL3b-n,f50v,"f50v.10,+P0","dchedy.okaiin.olchdy.oloeedy<->ykeeod,ar.aro[o:a]d",dchedy okaiin olchdy oloeedyykeeod ar arood
ZL3b-n,f50v,"f50v.11,+P0",lchey.kar.ykchy.kchdy<$>,lchey kar ykchy kchdy
ZL3b-n,f51r,"f51r.1,@P0",<%>tsholdchy.qotchy.opchear.ypchedy,tsholdchy qotchy opchear ypchedy
ZL3b-n,f51r,"f51r.2,+P0",dcheodaiin.ckheody.ckhody.chody,dcheodaiin ckheody ckhody chody
ZL3b-n,f51r,"f51r.3,+P0",ydchody.ckhey.oty.ckhe[o:a]dar.qoky,ydchody ckhey oty ckheodar qoky
ZL3b-n,f51r,"f51r.4,+P0",daiin.{ct}[e:i]s.okol.cheody.ckhy.cheeey,daiin ctes okol cheody ckhy cheeey
ZL3b-n,f51r,"f51r.5,+P0",tcheody.qodaiin.okeey.qockhey.taiin,tcheody qodaiin okeey qockhey taiin
ZL3b-n,f51r,"f51r.6,+P0","ycho,daiin.chokaiin.ykchodaiin.ykald",ycho daiin chokaiin ykchodaiin ykald
ZL3b-n,f51r,"f51r.7,+P0","ychos,ar.eeckhy.kcho.qokchy.qotal",ychos ar eeckhy kcho qokchy qotal
ZL3b-n,f51r,"f51r.8,+P0",oshol.odaiin.[ckhe:{ckhh}]y.ckheody.qokey.otydy,oshol odaiin ckhey ckheody qokey otydy
ZL3b-n,f51r,"f51r.9,+P0",tol.daiin.daim.qchodal.dal.qody.qoetam,tol daiin daim qchodal dal qody qoetam
ZL3b-n,f51r,"f51r.10,+P0",ykchol.d[o:a]r.shey.qokeol.kchey.shol.okam,ykchol dor shey qokeol kchey shol okam
ZL3b-n,f51r,"f51r.11,+P0","tchodaiin.[{oph}:cph]eody.qokol.ot[e:i]odaiin.kol,ota[g:m]",tchodaiin opheody qokol oteodaiin kol otag
ZL3b-n,f51r,"f51r.12,+P0",yoees.ckheey.kol.cheeal.okeor.qockhey.pchodal,yoees ckheey kol cheeal okeor qockhey pchodal
ZL3b-n,f51r,"f51r.13,+P0","oaiin.ckhol.yk[i:?]eol.otchey.cpheo,daiin.ykeoldy",oaiin ckhol ykieol otchey cpheo daiin ykeoldy
ZL3b-n,f51r,"f51r.14,+P0",daii{ith}y.qodaiin.kaiiidal<->cphodal<->[s:r].al.dam,daiiithy qodaiin kaiiidalcphodals al dam
ZL3b-n,f51r,"f51r.15,+P0",qokol.cheor.ckhal.s.or.aldy<->otal<$>,qokol cheor ckhal s or aldyotal
ZL3b-n,f51v,"f51v.1,@P0","<%>poshody.qokodar.shodaiin.qotal<->dscheey.saiin,dy",poshody qokodar shodaiin qotaldscheey saiin dy
ZL3b-n,f51v,"f51v.2,+P0",dshody.ckhody.qokol.dykaiin.chy<->qokey.daiin.cthy,dshody ckhody qokol dykaiin chyqokey daiin cthy
ZL3b-n,f51v,"f51v.3,+P0",tchody.cthy.chckhey.qod.ytchody<->dchol.saiin.ytam,tchody cthy chckhey qod ytchodydchol saiin ytam
ZL3b-n,f51v,"f51v.4,+P0","otaiin.qodal.yt[o:a]l.cheodar.s,ody<->oteo,daiin.shokog",otaiin qodal ytol cheodar s odyoteo daiin shokog
ZL3b-n,f51v,"f51v.5,+P0",todaiin.yt[a:o]dy.qokol.shodol.qockhy<->ykol.otaiin.dar.y,todaiin ytady qokol shodol qockhyykol otaiin dar y
ZL3b-n,f51v,"f51v.6,+P0","okor.ctheody.qocphy.qok[a:o]l.qotaiin<->otyk[o:a]l.chol,daiin",okor ctheody qocphy qokal qotaiinotykol chol daiin
ZL3b-n,f51v,"f51v.7,+P0","qotol.chodaiin.qokcheody.cho,r.chod<->ycthol.s.olcheety",qotol chodaiin qokcheody cho r chodycthol s olcheety
ZL3b-n,f51v,"f51v.8,+P0",olkeeody.qokal.qodaiin.{ykh}or.[{ofa}:{yfa}:?]l,olkeeody qokal qodaiin ykhor ofal
ZL3b-n,f51v,"f51v.9,+P0",daiin.ckhol.shain.kcholol,daiin ckhol shain kcholol
ZL3b-n,f51v,"f51v.10,+P0",ykeol.sheo.qok[o:a]dy.fold,ykeol sheo qokody fold
ZL3b-n,f51v,"f51v.11,+P0",ycheoky.sheey.ykeey.chey,ycheoky sheey ykeey chey
ZL3b-n,f51v,"f51v.12,+P0","ochockhy.daiin.cho,ckhey",ochockhy daiin cho ckhey
ZL3b-n,f51v,"f51v.13,+P0",daiin.cheol.cheodain<$>,daiin cheol cheodain
ZL3b-n,f52r,"f52r.1,@P0","<%>tdokchcfhy.ycphko.ytair.shar.qofy,daiin.ypchy.otchol.dar.yty",tdokchcfhy ycphko ytair shar qofy daiin ypchy otchol dar yty
ZL3b-n,f52r,"f52r.2,+P0","oty.shor.ykoldy.qoky.koldal.oteees.dals<->otar,dl",oty shor ykoldy qoky koldal oteees dalsotar dl
ZL3b-n,f52r,"f52r.3,+P0",tchotshey.qoty.okchol.tchody.qotam.oky<->ytoldy,tchotshey qoty okchol tchody qotam okyytoldy
ZL3b-n,f52r,"f52r.4,+P0","l,shopchy.qoky.qotchy.oty.dar.oty.dam<->ychcthod",l shopchy qoky qotchy oty dar oty damychcthod
ZL3b-n,f52r,"f52r.5,+P0",oky.chor.okchal.okchar.shor.tol.ykair<->ytchdam,oky chor okchal okchar shor tol ykairytchdam
ZL3b-n,f52r,"f52r.6,+P0",daiin.shedaiin.qodal.dy.[ch:ee]okam.otchordy<->okchol.do,daiin shedaiin qodal dy chokam otchordyokchol do
ZL3b-n,f52r,"f52r.7,+P0",qok[{ch'}:{cs}]y.qockhom.dals.shodaim.tcham.dody<->ykeey.dai[g:m:d].a[m:@175;],qoky qockhom dals shodaim tcham dodyykeey daig am
ZL3b-n,f52r,"f52r.8,+P0","or,cheey.dor.shey.kom.s.cheey.dch[o:a]m.daiin<$>",or cheey dor shey kom s cheey dchom daiin
ZL3b-n,f52v,"f52v.1,@P0","<%>pchor.chcphol.cphaiiin.otcheor.ytor,kol.chocph[a:o]r",pchor chcphol cphaiiin otcheor ytor kol chocphar
ZL3b-n,f52v,"f52v.2,+P0","ytchey.chol.ctho,daiir.shy.kor.ese,chor.chy.dam",ytchey chol ctho daiir shy kor ese chor chy dam
ZL3b-n,f52v,"f52v.3,+P0","oor,chor.chochar.l[s:r].chteeor.ytol.sheol.otam",oor chor chochar ls chteeor ytol sheol otam
ZL3b-n,f52v,"f52v.4,+P0",tchor.ctheor.ctheol.cheeor.cheol.chckheey.s[o:a]dy,tchor ctheor ctheol cheeor cheol chckheey sody
ZL3b-n,f52v,"f52v.5,+P0","yteey.cthor,cheo[s:r].cpheodar.dy<->sarg",yteey cthor cheos cpheodar dysarg
ZL3b-n,f52v,"f52v.6,+P0",qotodaiin.cthor.oty.kcholy<$>,qotodaiin cthor oty kcholy
ZL3b-n,f52v,"f52v.7,+P0",<%>pcheol.sholoiin.cthor.aiin,pcheol sholoiin cthor aiin
ZL3b-n,f52v,"f52v.8,+P0",kodaiin.cthy.qokeey.s.ol,kodaiin cthy qokeey s ol
ZL3b-n,f52v,"f52v.9,+P0",daiin.ckheol.chol.qoke[y:o]l.daiin,daiin ckheol chol qokeyl daiin
ZL3b-n,f52v,"f52v.10,+P0","yokee[y:o].qokody.chol.sol,s.aiin",yokeey qokody chol sol s aiin
ZL3b-n,f52v,"f52v.11,+P0",daiin.shor.qodaiin.ckhey.sal,daiin shor qodaiin ckhey sal
ZL3b-n,f52v,"f52v.12,+P0",qoekar.ckhol.ykchody.ckhy,qoekar ckhol ykchody ckhy
ZL3b-n,f52v,"f52v.13,+P0",yk[o:a]r.okaiiin.ckheeey.daiig,ykor okaiiin ckheeey daiig
ZL3b-n,f52v,"f52v.14,+P0",odar.cheokor.ckheey<$>,odar cheokor ckheey
ZL3b-n,f53r,"f53r.1,@P0","<%>k[o:a]dam,chocthody.oty",kodam chocthody oty
ZL3b-n,f53r,"f53r.2,+P0","dol.dain.s,cho,she.oty",dol dain s cho she oty
ZL3b-n,f53r,"f53r.3,+P0","sho,[a:o][s:r].chokan.ody",sho as chokan ody
ZL3b-n,f53r,"f53r.4,+P0",ytchodaiin.yky.otchey.otod,ytchodaiin yky otchey otod
ZL3b-n,f53r,"f53r.5,+P0",ok[sh:?].otol.cfhy.cphodol.ykody.qokchod<->otcho.qot.oty,oksh otol cfhy cphodol ykody qokchodotcho qot oty
ZL3b-n,f53r,"f53r.6,+P0",ykeodar.oqoor.o{cki}.odor.chain.qokod<->ykchdy.chees.dal,ykeodar oqoor ocki odor chain qokodykchdy chees dal
ZL3b-n,f53r,"f53r.7,+P0",sodar.otos.qoy.tchy.otey.chos.okod<->ykchody.qok[ch:ee]y,sodar otos qoy tchy otey chos okodykchody qokchy
ZL3b-n,f53r,"f53r.8,+P0","qotchol.dar.qoty.chtor.oltsho.{cto}<->ykeeod.o.y,toyd",qotchol dar qoty chtor oltsho ctoykeeod o y toyd
ZL3b-n,f53r,"f53r.9,+P0",otol.chol.ctheees.os.orol.chod.qoty<$>,otol chol ctheees os orol chod qoty
ZL3b-n,f53v,"f53v.1,@P0","<%>tshor,shey.qodckhy.e{ph}o.oltshey.daiin.qopchy",tshor shey qodckhy epho oltshey daiin qopchy
ZL3b-n,f53v,"f53v.2,+P0",okeey.daiin.sheekol.shom.shol.cthy.dchom.do,okeey daiin sheekol shom shol cthy dchom do
ZL3b-n,f53v,"f53v.3,+P0",ydaiin.cph[o:a]m.chol.dockhy.cthol.dam.oty,ydaiin cphom chol dockhy cthol dam oty
ZL3b-n,f53v,"f53v.4,+P0","qokol,daiiin.qockhor.okchor.daiio,dain.d",qokol daiiin qockhor okchor daiio dain d
ZL3b-n,f53v,"f53v.5,+P0",ysheey.ckhol.chckhey.daiin.ctheody.ydy,ysheey ckhol chckhey daiin ctheody ydy
ZL3b-n,f53v,"f53v.6,+P0",ochoiky.dshey.chol.ykcheody.choldam,ochoiky dshey chol ykcheody choldam
ZL3b-n,f53v,"f53v.7,+P0",todaiin.shodaiin.qote[a:o].dchy.qotod.odaiin,todaiin shodaiin qotea dchy qotod odaiin
ZL3b-n,f53v,"f53v.8,+P0",sheey.kshody.tsheody.sheody.sheetchy.opod,sheey kshody tsheody sheody sheetchy opod
ZL3b-n,f53v,"f53v.9,+P0",octheody.shody.qodal.cthody.sheos.shodaiin,octheody shody qodal cthody sheos shodaiin
ZL3b-n,f53v,"f53v.10,+P0",ychocthy.qodal.shodaiin,ychocthy qodal shodaiin
ZL3b-n,f53v,"f53v.11,+P0",otsho.or.chear.sheod.chkodal,otsho or chear sheod chkodal
ZL3b-n,f53v,"f53v.12,+P0",ycheey.kchy.oky.kody<->ydam,ycheey kchy oky kodyydam
ZL3b-n,f53v,"f53v.13,+P0",yckhodaiin.otoldy<$>,yckhodaiin otoldy
ZL3b-n,f54r,"f54r.1,@P0",<%>podaiin.shodal.qopchol.cfhe[o:a]dy<->opcheol.chocphy,podaiin shodal qopchol cfheodyopcheol chocphy
ZL3b-n,f54r,"f54r.2,+P0",ytodaiin.otchey.otchey.qockhodal<->sockhody.sar,ytodaiin otchey otchey qockhodalsockhody sar
ZL3b-n,f54r,"f54r.3,+P0",daiir.cthody.ot[a:o]l.[e:o]kchody.ol.s.or.y<->ytchey.dam,daiir cthody otal ekchody ol s or yytchey dam
ZL3b-n,f54r,"f54r.4,+P0","tor.ockhol.shokchy.kol,chom.[s:r]<->chey<->ctheot[o:a]l",tor ockhol shokchy kol chom scheyctheotol
ZL3b-n,f54r,"f54r.5,+P0",sar.sh.okeodain.chokey<$>,sar sh okeodain chokey
ZL3b-n,f54r,"f54r.6,+P0",<%>korar[e:i].ckhos.shofom.cher.chom.kcheor<->she.qkchol.dam,korare ckhos shofom cher chom kcheorshe qkchol dam
ZL3b-n,f54r,"f54r.7,+P0",dor.s.sheey.ksheody.sho.or.cheey.chety<->sol.de[sh:?].dam.dam,dor s sheey ksheody sho or cheey chetysol desh dam dam
ZL3b-n,f54r,"f54r.8,+P0",t[o:a]shey.kodl.ckho.dar.sheekal.s.aiin<->okeam.etchal,toshey kodl ckho dar sheekal s aiinokeam etchal
ZL3b-n,f54r,"f54r.9,+P0","oaiin.or.ol.sal.qokor.chor.ckhol.s<->s,sho.chol.daiin",oaiin or ol sal qokor chor ckhol ss sho chol daiin
ZL3b-n,f54r,"f54r.10,+P0","tor.ol.dol.or.chol.chol.ckhol.okol.oky<->ytchor.ol,koldy",tor ol dol or chol chol ckhol okol okyytchor ol koldy
ZL3b-n,f54r,"f54r.11,+P0",daiin.okor.or.ol.ckhol.chor.cho@165;.dam<->or.sho.chol.dom,daiin okor or ol ckhol chor cho damor sho chol dom
ZL3b-n,f54r,"f54r.12,+P0","yor.shodal.o.aiin.al.dol.choek,air,o,ldam<$>",yor shodal o aiin al dol choek air o ldam
ZL3b-n,f54v,"f54v.1,@P0","<%>pcheodar.chpal.oloiin.ckhey<!bar interrupted>.dar.qokeey.cpheeain.s,al",pcheodar chpal oloiin ckhey dar qokeey cpheeain s al
ZL3b-n,f54v,"f54v.2,+P0",dcheain.cphaiin.s.ar.cheor.qodaiin.cthaildy.ypchal,dcheain cphaiin s ar cheor qodaiin cthaildy ypchal
ZL3b-n,f54v,"f54v.3,+P0","yair.ykar.oky.cham.chody.ykoldam.cheol,am",yair ykar oky cham chody ykoldam cheol am
ZL3b-n,f54v,"f54v.4,+P0","dar,chor.cheky.chol.okaiin.chody.chol,dy",dar chor cheky chol okaiin chody chol dy
ZL3b-n,f54v,"f54v.5,+P0",o[d:?]aiin.ytaiin.qodaim.qokar.chy.s.am,odaiin ytaiin qodaim qokar chy s am
ZL3b-n,f54v,"f54v.6,+P0",tol.cheol.shocthy.qodaiin.k[ee:ch]ody,tol cheol shocthy qodaiin keeody
ZL3b-n,f54v,"f54v.7,+P0",daiin.sheody.qoctheol.s.aiin.qotchy,daiin sheody qoctheol s aiin qotchy
ZL3b-n,f54v,"f54v.8,+P0","daiino,d,aim.qokaiin.yteal.okal.om",daiino d aim qokaiin yteal okal om
ZL3b-n,f54v,"f54v.9,+P0","ydaiin.qockhey.qodal.ytam.okal,dy",ydaiin qockhey qodal ytam okal dy
ZL3b-n,f54v,"f54v.10,+P0",kol.{ck}aiin.chckhy.qokal.dal.qocthy,kol ckaiin chckhy qokal dal qocthy
ZL3b-n,f54v,"f54v.11,+P0",oaiin.qockhy.qokam,oaiin qockhy qokam
ZL3b-n,f54v,"f54v.12,+P0",tol.chol.cthol.s,tol chol cthol s
ZL3b-n,f54v,"f54v.13,+P0","y,chol.okal.yckhey",y chol okal yckhey
ZL3b-n,f54v,"f54v.14,+P0",tar.cphey.tam.aldam,tar cphey tam aldam
ZL3b-n,f54v,"f54v.15,+P0",or.alchy.ytal.dol.chodoldy,or alchy ytal dol chodoldy
ZL3b-n,f54v,"f54v.16,+P0",daiin.chol.oldaiin<$>,daiin chol oldaiin
ZL3b-n,f55r,"f55r.1,@P0",<%>podaiin.shekchy.qofair.okar.yk.[{oh}:ch]epaiin.qokchdy.os.arod,podaiin shekchy qofair okar yk ohepaiin qokchdy os arod
ZL3b-n,f55r,"f55r.2,+P0",okair.or.aiin.chody.ykair.y.qokar.okar.ol.ykar.ar.al,okair or aiin chody ykair y qokar okar ol ykar ar al
ZL3b-n,f55r,"f55r.3,+P0",ykaiir.chol.chky.okar.chky.chdy.qokar.okaiin.chckhy.s.aiin,ykaiir chol chky okar chky chdy qokar okaiin chckhy s aiin
ZL3b-n,f55r,"f55r.4,+P0",daiin.or.orol.char.ar.kaiin.okchd.ykar.odaiin.chdolaiin,daiin or orol char ar kaiin okchd ykar odaiin chdolaiin
ZL3b-n,f55r,"f55r.5,+P0",y.or.aiin.okal.chol.kchoy.pchtchdy.o[{ck}:ek]aiin.oka[s:r]or.olkam,y or aiin okal chol kchoy pchtchdy ockaiin okasor olkam
ZL3b-n,f55r,"f55r.6,+P0","tcho,daiin.sho.ke@166;y.kedy.okol.chdy<$>",tcho daiin sho key kedy okol chdy
ZL3b-n,f55r,"f55r.7,+P0","<%>tchedar.che[o:a]l,kedy.chody.kshdy.qotchdy.qokchdy.olkardam",tchedar cheol kedy chody kshdy qotchdy qokchdy olkardam
ZL3b-n,f55r,"f55r.8,+P0",dchykey.char.chek.xar.odas.xaloeees.cpheody.qokeeody,dchykey char chek xar odas xaloeees cpheody qokeeody
ZL3b-n,f55r,"f55r.9,+P0",dain.cheky.dar.chckhy.dal.qoko.lkeedy.dar.kaiin.dy.ka[g:m],dain cheky dar chckhy dal qoko lkeedy dar kaiin dy kag
ZL3b-n,f55r,"f55r.10,+P0",dair.okal.qokar.or.[o:a]r@193;.o.ar.odaiin.okeey.darchd.ol,dair okal qokar or or o ar odaiin okeey darchd ol
ZL3b-n,f55r,"f55r.11,+P0","l[{oh}:ch]or.chey.keedy.dy.qokal.oka[m:j].dal,shdy.otal.otaldiin",lohor chey keedy dy qokal okam dal shdy otal otaldiin
ZL3b-n,f55r,"f55r.12,+P0",oain.ckhy.dl.oiiin.daiin.okaiin.chelal.qokaiin.okain.r,oain ckhy dl oiiin daiin okaiin chelal qokaiin okain r
ZL3b-n,f55r,"f55r.13,+P0","lchdal.ockhy.daiin.otol.otar.shar,ain<$>",lchdal ockhy daiin otol otar shar ain
ZL3b-n,f55v,"f55v.1,@P0",<%>kcheedchdy.oedain.chckhy<->otoldaiin.dodyd,kcheedchdy oedain chckhyotoldaiin dodyd
ZL3b-n,f55v,"f55v.2,+P0",oeeed.yteey.okeedy.qoaiin<->okeody.ykee[s:r]an,oeeed yteey okeedy qoaiinokeody ykeesan
ZL3b-n,f55v,"f55v.3,+P0","qokeeey.os.ain.qool.al,chedy<->[s:?]ar,aiin.ol.kar,am",qokeeey os ain qool al chedysar aiin ol kar am
ZL3b-n,f55v,"f55v.4,+P0","okar.chckhdy.che[o:a]dy.keeyfar,al<->ochedy.qokain.ody",okar chckhdy cheody keeyfar alochedy qokain ody
ZL3b-n,f55v,"f55v.5,+P0",qokaiin.chaiin.ykain.ykan.ody<->daiin.chedy.talam,qokaiin chaiin ykain ykan odydaiin chedy talam
ZL3b-n,f55v,"f55v.6,+P0",ykaiin.daiin.ykair.cheky.daiiny<$>,ykaiin daiin ykair cheky daiiny
ZL3b-n,f55v,"f55v.7,+P0","<%>okchd.yk[a:?]in.[sh:ch]eokey.or.ain<->[ch:?].kchdy.pchal.ar,aldy.dary",okchd ykain sheokey or ainch kchdy pchal ar aldy dary
ZL3b-n,f55v,"f55v.8,+P0","tar.chedy.qokaiin.okar.qol<->otar,cho@194;ar.talody.okar,y",tar chedy qokaiin okar qolotar choar talody okar y
ZL3b-n,f55v,"f55v.9,+P0","ykaky.qokchy.okal.chey.or<->or,aiin.okaiin.ykain.otaky",ykaky qokchy okal chey oror aiin okaiin ykain otaky
ZL3b-n,f55v,"f55v.10,+P0","oaiin.ol.s.aiin.okaiin.oky<->ytaiin.otar.y,kal.ykar.ol",oaiin ol s aiin okaiin okyytaiin otar y kal ykar ol
ZL3b-n,f55v,"f55v.11,+P0","ykaiin.cheoar.cheeky.oldy<->aiin.okal.oltchy.or,y.orain",ykaiin cheoar cheeky oldyaiin okal oltchy or y orain
ZL3b-n,f55v,"f55v.12,+P0",daiin.[a:o]r.cheky.olkeechy.sl<->ar.aiin.daiin.otam<$>,daiin ar cheky olkeechy slar aiin daiin otam
ZL3b-n,f56r,"f56r.1,@P0",<%>o@167;chal.chchs@168;y.oty.esedy.chy.ychocphy.chorchy.chy,ochal chchsy oty esedy chy ychocphy chorchy chy
ZL3b-n,f56r,"f56r.2,+P0",chokchey.ch[o:a]l.choly.korchy.chykey.choty.shokaiin,chokchey chol choly korchy chykey choty shokaiin
ZL3b-n,f56r,"f56r.3,+P0",olchey.chokchol.chey.keey.qokeey.chokeey.choksy,olchey chokchol chey keey qokeey chokeey choksy
ZL3b-n,f56r,"f56r.4,+P0","qot,chor.chor.chokor.chkor,chy<->okar.chdy",qot chor chor chokor chkor chyokar chdy
ZL3b-n,f56r,"f56r.5,+P0",chochor.cho.chodaly.daiin,chochor cho chodaly daiin
ZL3b-n,f56r,"f56r.6,+P0",ykch[o:a].dy.dchey.keey.daiin.y,ykcho dy dchey keey daiin y
ZL3b-n,f56r,"f56r.7,+P0",sho.kchol.otchor.choky.dal,sho kchol otchor choky dal
ZL3b-n,f56r,"f56r.8,+P0",schol.choy.choky.cheeckhody<$>,schol choy choky cheeckhody
ZL3b-n,f56r,"f56r.9,+P0","<%>tchoky.kchol.shol.chotchey,tchol",tchoky kchol shol chotchey tchol
ZL3b-n,f56r,"f56r.10,+P0","yt,chor.otchy.chok.y,t.chey.r.okaiin",yt chor otchy chok y t chey r okaiin
ZL3b-n,f56r,"f56r.11,+P0","shy,kcheey.daiin.cthol.chos.chokor",shy kcheey daiin cthol chos chokor
ZL3b-n,f56r,"f56r.12,+P0",sh.cho.kchey.qokokchy,sh cho kchey qokokchy
ZL3b-n,f56r,"f56r.13,+P0",okchy.chokcheo.kchal,okchy chokcheo kchal
ZL3b-n,f56r,"f56r.14,+P0","s,chol.chotol.qotchy",s chol chotol qotchy
ZL3b-n,f56r,"f56r.15,+P0","tcho,tchol.chol.cthy",tcho tchol chol cthy
ZL3b-n,f56r,"f56r.16,+P0","qotchy.chody.ctho,r.chey.kch[a:o]rg",qotchy chody ctho r chey kcharg
ZL3b-n,f56r,"f56r.17,+P0","chokeey.qokcheey.schey.d,aiin.dy",chokeey qokcheey schey d aiin dy
ZL3b-n,f56r,"f56r.18,+P0",sho.chokchy.kchoar<->sotodan,sho chokchy kchoarsotodan
ZL3b-n,f56r,"f56r.19,+P0",otchey.keol.daiin<$>,otchey keol daiin
ZL3b-n,f56v,"f56v.1,@P0","<%>kche[a:o]t.shol.chey.qokoiin.shor,qotcheol.choror",kcheat shol chey qokoiin shor qotcheol choror
ZL3b-n,f56v,"f56v.2,+P0",shodshey.qot[eee:ech]y.qoteey.daiin.qoteey.cthar,shodshey qoteeey qoteey daiin qoteey cthar
ZL3b-n,f56v,"f56v.3,+P0","ochey.chol.chol.qotchey.daiin.choteeey,dal",ochey chol chol qotchey daiin choteeey dal
ZL3b-n,f56v,"f56v.4,+P0","schy.t,chey.daiin.d,eey.tad<->dain",schy t chey daiin d eey taddain
ZL3b-n,f56v,"f56v.5,+P0","qoteees.sho.kcheey.s,aiin",qoteees sho kcheey s aiin
ZL3b-n,f56v,"f56v.6,+P0",chokchol.chor.ckhos<$>,chokchol chor ckhos
ZL3b-n,f56v,"f56v.7,+P0",<%>kchokchy.{ck}chol.shol.chol.otchyd,kchokchy ckchol shol chol otchyd
ZL3b-n,f56v,"f56v.8,+P0",ykchor.chokchy.qokcho.tcheey.kol,ykchor chokchy qokcho tcheey kol
ZL3b-n,f56v,"f56v.9,+P0","shotchot.chokcho.kcho,kaiin.oky",shotchot chokcho kcho kaiin oky
ZL3b-n,f56v,"f56v.10,+P0","ol,kchy.ksho.shy.ytol.chotor,y,dy",ol kchy ksho shy ytol chotor y dy
ZL3b-n,f56v,"f56v.11,+P0",chotchey.keeol.chey.kchol.tchain,chotchey keeol chey kchol tchain
ZL3b-n,f56v,"f56v.12,+P0",qokchey.ctheey.lkeey.kcheeytain,qokchey ctheey lkeey kcheeytain
ZL3b-n,f56v,"f56v.13,+P0","ykor.aiin.chorol.sho,shol.daiin",ykor aiin chorol sho shol daiin
ZL3b-n,f56v,"f56v.14,+P0","chol,cheo.kchol.chol.choky.chotor",chol cheo kchol chol choky chotor
ZL3b-n,f56v,"f56v.15,+P0",otchol.chol.chol.daiin.chotaiin,otchol chol chol daiin chotaiin
ZL3b-n,f56v,"f56v.16,+P0","s,o,kchol.chol.chol.daiin<$>",s o kchol chol chol daiin
ZL3b-n,f57r,"f57r.1,@P0",<%>poeeockhey.odain.cheop.sheody.shocfhey.dy.sheep.sheody.[e:y]odam,poeeockhey odain cheop sheody shocfhey dy sheep sheody eodam
ZL3b-n,f57r,"f57r.2,+P0","daiir.air.chety.cheo,ckhy.chockhy.cheotey.sh,kchey.s.odaiin.shey",daiir air chety cheo ckhy chockhy cheotey sh kchey s odaiin shey
ZL3b-n,f57r,"f57r.3,+P0",qokeeody.cheooky.qokeody.sheey.okeody.cheody.cheeody.cheekeody,qokeeody cheooky qokeody sheey okeody cheody cheeody cheekeody
ZL3b-n,f57r,"f57r.4,+P0","dchos.cheocthy.cheody.qot[ee:ch]ody.octhody.okeeody.chteody.cheody,s",dchos cheocthy cheody qoteeody octhody okeeody chteody cheody s
ZL3b-n,f57r,"f57r.5,+P0",qok[ch:ee]o.daiin.cheeodam<$>,qokcho daiin cheeodam
ZL3b-n,f57r,"f57r.6,+P0",<%>tcheodal.okam.chckhey.okchdy.doctho.opchey.dy.kedaiin.oforam,tcheodal okam chckhey okchdy doctho opchey dy kedaiin oforam
ZL3b-n,f57r,"f57r.7,+P0",daii[s:r].sheedy.qokeedy.chetey<->oteeod.shekey.tedy.okaldg,daiis sheedy qokeedy cheteyoteeod shekey tedy okaldg
ZL3b-n,f57r,"f57r.8,+P0",tair.sheedy.ochedy.{ckhhh}dy<->okchy.chedy.dal.qokedam,tair sheedy ochedy ckhhhdyokchy chedy dal qokedam
ZL3b-n,f57r,"f57r.9,+P0","[a:o]dair.sheeo,ckhy.sar.al.daii[d:j]y<->dcheckhey.daiin.chedy.cthedy",adair sheeo ckhy sar al daiidydcheckhey daiin chedy cthedy
ZL3b-n,f57r,"f57r.10,+P0","qoetchey.kedy.shedaiin<->s,cheos.ykeos.q{cthh}y.tcfhy",qoetchey kedy shedaiins cheos ykeos qcthhy tcfhy
ZL3b-n,f57r,"f57r.11,+P0",dshedy.{ct}echy.cphedam<$>,dshedy ctechy cphedam
ZL3b-n,f57v,"f57v.1,@L0",<!10:30>dairal,dairal
ZL3b-n,f57v,"f57v.2,@Cc","<!10:30>v.sal,y.soeos.vs.ar.okees.o.d.soefchees.l,g.sos.okey.defo.f.o.rkedam.sh.ofol.sar.ddal.yty.s.y.daiir.otey.dshdy.dkal[s:r].oty,pchchy.a.r.opaiin.dal.karody.v,r,okeey.daram.qokar.okal.okal.d.o.l.shkeal.dy,das.o.k.sher.s,aiin",v sal y soeos vs ar okees o d soefchees l g sos okey defo f o rkedam sh ofol sar ddal yty s y daiir otey dshdy dkals oty pchchy a r opaiin dal karody v r okeey daram qokar okal okal d o l shkeal dy das o k sher s aiin
ZL3b-n,f57v,"f57v.3,+Cc",<!10:30>o.l.[d:j].r.v.x.k.m.f.@169;v.t.r.@170;.@171;.y.I.@172;.o.l.d.r.v.x.k.m.f.@169;v.t.r.@170;.@171;.y.c.@172;.o.l.d.r.v.x.k.m.p.@169;v.t.r.@170;.@171;.y.c.@172;.o.l.d.r.v.x.k.m.p.@169;v.t.r.@170;.@171;.y.c.@172;,o l d r v x k m f v t r y i o l d r v x k m f v t r y c o l d r v x k m p v t r y c o l d r v x k m p v t r y c
ZL3b-n,f57v,"f57v.4,+Cc",<!10:00>daiin.otey.of[che:eee]y.shes.o.d.okeeod.l.o.lkeeol.dkedar.yf.aros.s.y.chedaiin.k.eeety.x.deeodal.vo.tchor.{ch'}.kedar.dal.@172;.daiin.aiin.otal.daro.v,daiin otey ofchey shes o d okeeod l o lkeeol dkedar yf aros s y chedaiin k eeety x deeodal vo tchor kedar dal daiin aiin otal daro v
ZL3b-n,f57v,"f57v.5,+Cc","<!10:00>o.[v:a].l.r.m.aiin.d.@170;.c.f.[s:r].y.l.k.x.l.r.@171;,ar.o.r.[a:?].t.l.[s:r].d.y.dar.teodar.otodal.sheky.oteeody.x.[s:r].l",o v l r m aiin d c f s y l k x l r ar o r a t l s d y dar teodar otodal sheky oteeody x s l
ZL3b-n,f57v,"f57v.6,@L0",otodara[g:m],otodarag
ZL3b-n,f57v,"f57v.7,@L0",oparairdly,oparairdly
ZL3b-n,f57v,"f57v.8,@L0",olkeedal,olkeedal
ZL3b-n,f57v,"f57v.9,@L0",otardaly,otardaly
ZL3b-n,f57v,"f57v.10,@Ro",ark[a:o]ldy,arkaldy
ZL3b-n,f57v,"f57v.12,@Ro",okeely,okeely
ZL3b-n,f57v,"f57v.13,@Ro","ocfhor,okear",ocfhor okear
ZL3b-n,f58r,"f58r.1,@P0","<%>kor,cholfy.shofchy.otoralchy.chofchol.sholy.otaly.dal,m",kor cholfy shofchy otoralchy chofchol sholy otaly dal m
ZL3b-n,f58r,"f58r.2,+P0",dshodal.or.ckhy.olchear.char.tal.ytal.ytar.olchokal,dshodal or ckhy olchear char tal ytal ytar olchokal
ZL3b-n,f58r,"f58r.3,+P0",ykechod.dalaldam.ytam.choty.otchy.otaly.shoty.s,ykechod dalaldam ytam choty otchy otaly shoty s
ZL3b-n,f58r,"f58r.4,+P0","dshor.sholar.aiin,shalom.shaly.dalchy.oteom.dal.sholala@210;",dshor sholar aiin shalom shaly dalchy oteom dal sholala
ZL3b-n,f58r,"f58r.5,+P0","qor.dchair,am.otar.otar.char.ar.al.char.ar,ary.ytalar.cham",qor dchair am otar otar char ar al char ar ary ytalar cham
ZL3b-n,f58r,"f58r.6,+P0","torchey.otaiin.chary.oteor,y.otal.dalchor.ykeey.choltam",torchey otaiin chary oteor y otal dalchor ykeey choltam
ZL3b-n,f58r,"f58r.7,+P0",saiin.cholkeey.dal.shom.sholteol.ytalody.otey.cheoly.o.tchy,saiin cholkeey dal shom sholteol ytalody otey cheoly o tchy
ZL3b-n,f58r,"f58r.8,+P0","toleeshal.oleeam.dalor.chy.oteodchy.yteochy.otey,kal,dy.alam",toleeshal oleeam dalor chy oteodchy yteochy otey kal dy alam
ZL3b-n,f58r,"f58r.9,+P0","sholaiin.cheey.yteodaiin.qoar.aiin.arary.sheey.daiin.e,alam",sholaiin cheey yteodaiin qoar aiin arary sheey daiin e alam
ZL3b-n,f58r,"f58r.10,+P0","tal.ar.am.shar.chepchey.otar.aldy.otal,cheam.qokaiin.ote.[s:r]y",tal ar am shar chepchey otar aldy otal cheam qokaiin ote sy
ZL3b-n,f58r,"f58r.11,+P0",qocphody.qokalam.chairal.qo{ct}aiin.otalal.dalor.orar,qocphody qokalam chairal qoctaiin otalal dalor orar
ZL3b-n,f58r,"f58r.12,+P0","shoar,ar.choldal.otalchal.dal.choldy.okalys.airaldy.shar",shoar ar choldal otalchal dal choldy okalys airaldy shar
ZL3b-n,f58r,"f58r.13,+P0",ytar.sheear.cheoldy.ykeol.cheal.cheody.chal.chaiin.ol.oly,ytar sheear cheoldy ykeol cheal cheody chal chaiin ol oly
ZL3b-n,f58r,"f58r.14,+P0",sharam.okair.chekaiin.ytchaly.dalchal.ykal.okalal.oly.chal,sharam okair chekaiin ytchaly dalchal ykal okalal oly chal
ZL3b-n,f58r,"f58r.15,+P0",daiir.shal.qopaim.cholaly.dy.shedy<!rare 'ed' in A language><$>,daiir shal qopaim cholaly dy shedy
ZL3b-n,f58r,"f58r.16,+P0","<%>typchey.ar.air.ytashy.qotyshey.pchdy.dshaly.pydaly.choky,opy",typchey ar air ytashy qotyshey pchdy dshaly pydaly choky opy
ZL3b-n,f58r,"f58r.17,+P0","ysholshy.qotoly.daiin.ykal.dalchdy.qoky.dal.ytchody.s.olar,aly",ysholshy qotoly daiin ykal dalchdy qoky dal ytchody s olar aly
ZL3b-n,f58r,"f58r.18,+P0",darar.shol.cholraly.cholaiin.odaiin.chaly.dalar.aiin.okal.otal,darar shol cholraly cholaiin odaiin chaly dalar aiin okal otal
ZL3b-n,f58r,"f58r.19,+P0",todal.qotey.chaly.dal.qokaldy.otary.okalal.{ch'}ees.chal.[o:a]chaly,todal qotey chaly dal qokaldy otary okalal ees chal ochaly
ZL3b-n,f58r,"f58r.20,+P0",ysheockhy.olchey.oleesey.alaiin.olkeal.daldy.otalar.ar.aroda[i:?]m,ysheockhy olchey oleesey alaiin olkeal daldy otalar ar arodaim
ZL3b-n,f58r,"f58r.21,+P0",tcheos.ycheor.sheain.okey.qotaily.daiin.chy.cholkor.olkeol.oty,tcheos ycheor sheain okey qotaily daiin chy cholkor olkeol oty
ZL3b-n,f58r,"f58r.22,+P0",dcholy.ytar.chol.dal.qoaiir.chalolky.osal.chotam.chal.olsee[g:m],dcholy ytar chol dal qoaiir chalolky osal chotam chal olseeg
ZL3b-n,f58r,"f58r.23,+P0",shol.[a:o]leedy.chotar.okeal.sheody.qokalchar.otal.choky.sar,shol aleedy chotar okeal sheody qokalchar otal choky sar
ZL3b-n,f58r,"f58r.24,+P0",tazain.oteeos.okeal.ar.otalor.cheoekar.cheky.otaka[s:r],tazain oteeos okeal ar otalor cheoekar cheky otakas
ZL3b-n,f58r,"f58r.25,+P0","oar.cheekey.oteeoaly.otar.alkar.or,aldar<$>",oar cheekey oteeoaly otar alkar or aldar
ZL3b-n,f58r,"f58r.26,+P0",<%>kshar.shoky.opcheear.ofadain.opsheolaiin.opydaiin.podaiir,kshar shoky opcheear ofadain opsheolaiin opydaiin podaiir
ZL3b-n,f58r,"f58r.27,+P0","yteor.oty.chaltar.ar.sheeetchy.tal,al,chear.chear.chor,ar,am",yteor oty chaltar ar sheeetchy tal al chear chear chor ar am
ZL3b-n,f58r,"f58r.28,+P0","yshealkair.odalaly.dalal.chy.s,air.shokar.olaldy.okalody",yshealkair odalaly dalal chy s air shokar olaldy okalody
ZL3b-n,f58r,"f58r.29,+P0","odalar.cheor.sar.alol,daly.cheom.chor,ar,aldam.chal.cheal.[r:s],omy",odalar cheor sar alol daly cheom chor ar aldam chal cheal r omy
ZL3b-n,f58r,"f58r.30,+P0",ytor.ar.alom.qokalor.chdy.dair.chody.cheol.okolchy.otaldy,ytor ar alom qokalor chdy dair chody cheol okolchy otaldy
ZL3b-n,f58r,"f58r.31,+P0","odshchol.taiin.okal,or.chol,ol,ekar.otarchol.chol.kam.qokal",odshchol taiin okal or chol ol ekar otarchol chol kam qokal
ZL3b-n,f58r,"f58r.32,+P0","oqotaly.qokaiin.chtaldy.qoky.dar.al.chol,taly.qokaldy",oqotaly qokaiin chtaldy qoky dar al chol taly qokaldy
ZL3b-n,f58r,"f58r.33,+P0",scho{cthh}y.dalols.qokalos.cheor.oekeody.qokaly.qokar.dy,schocthhy dalols qokalos cheor oekeody qokaly qokar dy
ZL3b-n,f58r,"f58r.34,+P0",yssheol.chokey.dalol.shokalol.qokaly.kaldy.ytaipom,yssheol chokey dalol shokalol qokaly kaldy ytaipom
ZL3b-n,f58r,"f58r.35,+P0","dto[s:r].sheol.qokor.sharal.ckhol.shol,ar.aiin.sheoctham",dtos sheol qokor sharal ckhol shol ar aiin sheoctham
ZL3b-n,f58r,"f58r.36,+P0",skaiin.shokal.chockhy.qoky.chcthy.ykeeshy.shoekar,skaiin shokal chockhy qoky chcthy ykeeshy shoekar
ZL3b-n,f58r,"f58r.37,+P0","opolkeor.olchocfhy.cphol.chykaldy.cholols.chkaiin,olfcham",opolkeor olchocfhy cphol chykaldy cholols chkaiin olfcham
ZL3b-n,f58r,"f58r.38,+P0","s,ysheos.okaly.cheos.otey.ykar.ls.aiin.okaiin.ytolkal",s ysheos okaly cheos otey ykar ls aiin okaiin ytolkal
ZL3b-n,f58r,"f58r.39,+P0","dtshol.dytal.okar,olol.sheol.qockhy.qokaly.salol.dalam",dtshol dytal okar olol sheol qockhy qokaly salol dalam
ZL3b-n,f58r,"f58r.40,+P0","y[r:?]oleeey.ar,airaly.pchody.tshaly.alols.ykaly.kar.aram",yroleeey ar airaly pchody tshaly alols ykaly kar aram
ZL3b-n,f58r,"f58r.41,+P0","dchol.chokal.saiin.dal.okal,s,alchey<$>",dchol chokal saiin dal okal s alchey
ZL3b-n,f58v,"f58v.1,@P0",<%>tol.shokchy.opaiin.opaiin.chofaly.ypar.ypal.opal.opaldaiin,tol shokchy opaiin opaiin chofaly ypar ypal opal opaldaiin
ZL3b-n,f58v,"f58v.2,+P0","dair.or.{ch'h}aiin.tair.y.qotalody.s,aiin.okeody.qotair.ar.alor.orky",dair or aiin tair y qotalody s aiin okeody qotair ar alor orky
ZL3b-n,f58v,"f58v.3,+P0",todal.qotain.sho{@246;k@191;@191;h}y<!corr?>.qokeol.okey.qokalchal.daly.ar.aim,todal qotain shoy qokeol okey qokalchal daly ar aim
ZL3b-n,f58v,"f58v.4,+P0","or,aiin.okair,y.dair,al.qokal.qokaiin.qokaly.okar.olkaly.okal",or aiin okair y dair al qokal qokaiin qokaly okar olkaly okal
ZL3b-n,f58v,"f58v.5,+P0","faiir.ofas,ar.qotaiin.sholy.qotaiin.yqokaly.okal.qokaly.okaly",faiir ofas ar qotaiin sholy qotaiin yqokaly okal qokaly okaly
ZL3b-n,f58v,"f58v.6,+P0",qokair.ar.aly.sho[r:s].daiin.choly.dal.ykaiin.org.fchey.okaly.oky,qokair ar aly shor daiin choly dal ykaiin org fchey okaly oky
ZL3b-n,f58v,"f58v.7,+P0",y.daiin.qokeey.qokar.lchedy.qokalor.sheols.oteor.aiin.cheky,y daiin qokeey qokar lchedy qokalor sheols oteor aiin cheky
ZL3b-n,f58v,"f58v.8,+P0","taiin.ckhey.daldy.qokair.alar.ytal,aiin.otaiin.ykaiin.ykaly.dam",taiin ckhey daldy qokair alar ytal aiin otaiin ykaiin ykaly dam
ZL3b-n,f58v,"f58v.9,+P0",salal.qolaiin.chockhey.tcholy.qokaiin.qokaiinos.orcheey.olaly,salal qolaiin chockhey tcholy qokaiin qokaiinos orcheey olaly
ZL3b-n,f58v,"f58v.10,+P0",ykair.shey.key.ctholy.qotalom.qokals.qokaiin.okal.okaldy.ory,ykair shey key ctholy qotalom qokals qokaiin okal okaldy ory
ZL3b-n,f58v,"f58v.11,+P0","tchol,shol.tor.qokair.or.y,ykaiin.dory.okaiir.chodaiin.otals",tchol shol tor qokair or y ykaiin dory okaiir chodaiin otals
ZL3b-n,f58v,"f58v.12,+P0",oreeey.cheekey.cheal.qokey.chedal.dy.tolair.opchey.poaly.cfhy,oreeey cheekey cheal qokey chedal dy tolair opchey poaly cfhy
ZL3b-n,f58v,"f58v.13,+P0","qoeear.alkeain.ytal.chos.alor.okal.chcthy.tal,{ckh'h}y.kar",qoeear alkeain ytal chos alor okal chcthy tal y kar
ZL3b-n,f58v,"f58v.14,+P0","shar.air.alo[r:s].chol.oeear.sho.qotal.chol.tal,ar.tar.aropam",shar air alor chol oeear sho qotal chol tal ar tar aropam
ZL3b-n,f58v,"f58v.15,+P0","qot,oiin.okal.aral.s.air.qoal.talchos.okal.cho.ytam.dam",qot oiin okal aral s air qoal talchos okal cho ytam dam
ZL3b-n,f58v,"f58v.16,+P0","ykam.qokair.okaly.qokal.chaly.cheockhey.olaly.taldar,al",ykam qokair okaly qokal chaly cheockhey olaly taldar al
ZL3b-n,f58v,"f58v.17,+P0",daiin.alal.dal.qok[a:?]r.otal.chodol.qokeal.cheol.chos.okeeam,daiin alal dal qokar otal chodol qokeal cheol chos okeeam
ZL3b-n,f58v,"f58v.18,+P0",taiin.chal.sheal.qockhy.dar.aiin.ockhey.qokeey.qoaiin.aral,taiin chal sheal qockhy dar aiin ockhey qokeey qoaiin aral
ZL3b-n,f58v,"f58v.19,+P0",okain.chokal.sheoldy.qokor.olkam.cheol.dar.chokeey.okalchy,okain chokal sheoldy qokor olkam cheol dar chokeey okalchy
ZL3b-n,f58v,"f58v.20,+P0",tolain.ar.ykeain.qokeey.otal.chol.okal.ar.{chh}ty.chkalarol,tolain ar ykeain qokeey otal chol okal ar chhty chkalarol
ZL3b-n,f58v,"f58v.21,+P0",olain.olalor.odaiin.qetair.otal.qokal.da[ir:in].oi[?:sh]y.otam,olain olalor odaiin qetair otal qokal dair otam
ZL3b-n,f58v,"f58v.22,+Pc",okar.sheey.shekealy<$>,okar sheey shekealy
ZL3b-n,f58v,"f58v.23,*P0",<%>pchshy.sheoltey.shopalchedy.sheolkeal.qokar.aldaiin.qokalar.dal,pchshy sheoltey shopalchedy sheolkeal qokar aldaiin qokalar dal
ZL3b-n,f58v,"f58v.24,+P0","qokal.daiin.qokal.cham.qokalcheal.okor,air.ain,ar,als.okam.daly",qokal daiin qokal cham qokalcheal okor air ain ar als okam daly
ZL3b-n,f58v,"f58v.25,+P0","qotain.okeor.sheey.qokeol.okeoly.qokaly.qokair,or,tas.ykal",qotain okeor sheey qokeol okeoly qokaly qokair or tas ykal
ZL3b-n,f58v,"f58v.26,+P0","ykaly.qokal,ol.al.qokeos.okal.ar.okos.al.shekar.qokair,alam",ykaly qokal ol al qokeos okal ar okos al shekar qokair alam
ZL3b-n,f58v,"f58v.27,+P0","qokar.s.aiin.al.y.qokchedy.qo[e:?]kaly.odaiin.qokar.char,alaiinom",qokar s aiin al y qokchedy qoekaly odaiin qokar char alaiinom
ZL3b-n,f58v,"f58v.28,+P0",ycheockhy.okey.okal.otaly.okaldy.okeor.sheey<$>,ycheockhy okey okal otaly okaldy okeor sheey
ZL3b-n,f58v,"f58v.29,+P0","<%>polal.keeo.o,leeckhey.dalar.ykeeody.choar.ckhar.yfair,alam",polal keeo o leeckhey dalar ykeeody choar ckhar yfair alam
ZL3b-n,f58v,"f58v.30,+P0","daiin.sheo{ikh}y.ykey.sheky.qokal.qokeey.okain.okar.ol,dam",daiin sheoikhy ykey sheky qokal qokeey okain okar ol dam
ZL3b-n,f58v,"f58v.31,+P0",tcheor.chor.kar.okal.qokeey.qokal.shol.qokain.ar.oetalchg,tcheor chor kar okal qokeey qokal shol qokain ar oetalchg
ZL3b-n,f58v,"f58v.32,+P0","psheey.qoty.qokar.qokey.ky.ykar.cheal.otal.kol,olchedy",psheey qoty qokar qokey ky ykar cheal otal kol olchedy
ZL3b-n,f58v,"f58v.33,+P0","qoa[ir:is].chol,ar.chey<$>",qoair chol ar chey
ZL3b-n,f58v,"f58v.34,+P0","<%>tol,sheo.keo,ar.qofcheal.dar.a{iph}ey.opchal.shockhy.okaly",tol sheo keo ar qofcheal dar aiphey opchal shockhy okaly
ZL3b-n,f58v,"f58v.35,+P0",daiin.otain.okain.chey.okeey.qokeeos.olar.sheo.daly.dalychs,daiin otain okain chey okeey qokeeos olar sheo daly dalychs
ZL3b-n,f58v,"f58v.36,+P0","tcheody.oke[o:y]r.ockhy.qokal.okal,shokey.qokeey.dalar",tcheody okeor ockhy qokal okal shokey qokeey dalar
ZL3b-n,f58v,"f58v.37,+P0",olkeey.okar.ar.choky.otair.otol.chokey.cheeky.dalar,olkeey okar ar choky otair otol chokey cheeky dalar
ZL3b-n,f58v,"f58v.38,+P0",ykeeody.qokar.qoky.keey.qokol.okal.okor.cheky.sydy,ykeeody qokar qoky keey qokol okal okor cheky sydy
ZL3b-n,f58v,"f58v.39,+P0",oshar.qokain.okam.shear.ch[er:?].sarols<$>,oshar qokain okam shear cher sarols
ZL3b-n,f65r,"f65r.1,@Lp","otaim,dam.alam",otaim dam alam
ZL3b-n,f65v,"f65v.1,@P0",<%>cphy.fchecfhy.dy<->dchepain.shety.qopy.fol.chpdy,cphy fchecfhy dydchepain shety qopy fol chpdy
ZL3b-n,f65v,"f65v.2,+P0","daiin.sheek.l,ody<->yteo.qop[s:r].air.cheot[ee:ch]y.dal[o:a]m",daiin sheek l odyyteo qops air cheoteey dalom
ZL3b-n,f65v,"f65v.3,+P0",ytal.cheot.shky.y<->[s:?]as.cheody<$>,ytal cheot shky ysas cheody
ZL3b-n,f65v,"f65v.4,+P0",<%>toeedy.otar.shedy<->yteey.sheody.qok[es:?]d.yfchey,toeedy otar shedyyteey sheody qokesd yfchey
ZL3b-n,f65v,"f65v.5,+P0","dshedy.okeody.qokd<->shckhy.choky.chokeody.okey,dy",dshedy okeody qokdshckhy choky chokeody okey dy
ZL3b-n,f65v,"f65v.6,+P0","qo.ytchey.sh,{ckhh}cphy<->ykchedy.chedy.shckhdy<$>",qo ytchey sh ckhhcphyykchedy chedy shckhdy
ZL3b-n,f66r,"f66r.1,@L0",rary,rary
ZL3b-n,f66r,"f66r.2,+L0",[r:s]als,rals
ZL3b-n,f66r,"f66r.3,+L0",qo[r:n],qor
ZL3b-n,f66r,"f66r.4,+L0",dary,dary
ZL3b-n,f66r,"f66r.5,+L0",ykeol,ykeol
ZL3b-n,f66r,"f66r.6,+L0",saly,saly
ZL3b-n,f66r,"f66r.7,+L0",salf,salf
ZL3b-n,f66r,"f66r.8,+L0",fary,fary
ZL3b-n,f66r,"f66r.9,+L0",qotesy,qotesy
ZL3b-n,f66r,"f66r.10,+L0",ykaly,ykaly
ZL3b-n,f66r,"f66r.11,+L0",doly,doly
ZL3b-n,f66r,"f66r.12,+L0",saiin,saiin
ZL3b-n,f66r,"f66r.13,+L0",qokal,qokal
ZL3b-n,f66r,"f66r.14,+L0",qolsa,qolsa
ZL3b-n,f66r,"f66r.15,+L0",raral,raral
ZL3b-n,f66r,"f66r.16,@L0",y,y
ZL3b-n,f66r,"f66r.17,+L0",o,o
ZL3b-n,f66r,"f66r.18,+L0",s,s
ZL3b-n,f66r,"f66r.19,+L0",sh,sh
ZL3b-n,f66r,"f66r.20,+L0",y,y
ZL3b-n,f66r,"f66r.21,+L0",d,d
ZL3b-n,f66r,"f66r.22,+L0",o,o
ZL3b-n,f66r,"f66r.23,+L0",f,f
ZL3b-n,f66r,"f66r.25,+L0",x,x
ZL3b-n,f66r,"f66r.26,+L0",air,air
ZL3b-n,f66r,"f66r.27,+L0",d,d
ZL3b-n,f66r,"f66r.28,+L0",sh,sh
ZL3b-n,f66r,"f66r.29,+L0",y,y
ZL3b-n,f66r,"f66r.30,+L0",f,f
ZL3b-n,f66r,"f66r.31,+L0",f,f
ZL3b-n,f66r,"f66r.32,+L0",y,y
ZL3b-n,f66r,"f66r.33,+L0",o,o
ZL3b-n,f66r,"f66r.34,+L0",d,d
ZL3b-n,f66r,"f66r.35,+L0",s,s
ZL3b-n,f66r,"f66r.36,+L0",f,f
ZL3b-n,f66r,"f66r.37,+L0",c<!cf f57v seq.>,c
ZL3b-n,f66r,"f66r.39,+L0",x,x
ZL3b-n,f66r,"f66r.40,+L0",t,t
ZL3b-n,f66r,"f66r.41,+L0",o,o
ZL3b-n,f66r,"f66r.43,+L0",l,l
ZL3b-n,f66r,"f66r.44,+L0",r,r
ZL3b-n,f66r,"f66r.45,+L0",t,t
ZL3b-n,f66r,"f66r.46,+L0",o,o
ZL3b-n,f66r,"f66r.47,+L0",x,x
ZL3b-n,f66r,"f66r.48,+L0",p,p
ZL3b-n,f66r,"f66r.49,+L0",d,d
ZL3b-n,f66r,"f66r.50,@P0",<%>pdaiin.oteedy.opchedy.chap.chefchy.shddy.ypches.cholpchd.okedals,pdaiin oteedy opchedy chap chefchy shddy ypches cholpchd okedals
ZL3b-n,f66r,"f66r.51,+P0",sair.shekey.qokeedar.okal.okedy.qokeedy.qokal.okedy.qokshd,sair shekey qokeedar okal okedy qokeedy qokal okedy qokshd
ZL3b-n,f66r,"f66r.52,+P0","ykshedy.chady.cthdy.qokees.cheeo.okcho,dy.chekeey.chedy.chckhy",ykshedy chady cthdy qokees cheeo okcho dy chekeey chedy chckhy
ZL3b-n,f66r,"f66r.53,+P0","shdy.qotedy.chdy.chedy.qotedal.chcpheor.ykady.dar.qotey,k[o:a]l,ar",shdy qotedy chdy chedy qotedal chcpheor ykady dar qotey kol ar
ZL3b-n,f66r,"f66r.54,+P0",qokeeody.qokeody.qokeody.qokar.sheky.qokeeody.okedy.kodary,qokeeody qokeody qokeody qokar sheky qokeeody okedy kodary
ZL3b-n,f66r,"f66r.55,+P0",ykeeody.choekeey.okeody.chekeody.qokeey.dyky.chctho.rotaiin,ykeeody choekeey okeody chekeody qokeey dyky chctho rotaiin
ZL3b-n,f66r,"f66r.56,+P0",dsheol.okaiin.sheodaiin<$>,dsheol okaiin sheodaiin
ZL3b-n,f66r,"f66r.57,+P0",<%>tocpheey.dol.kchody.qokeody.qokshy.qopaiin.dairykodas.okyd,tocpheey dol kchody qokeody qokshy qopaiin dairykodas okyd
ZL3b-n,f66r,"f66r.58,+P0",dsholdaiir.dalky.shky.qoky.shekair.choty.dar.okeey.shdy.ykol,dsholdaiir dalky shky qoky shekair choty dar okeey shdy ykol
ZL3b-n,f66r,"f66r.59,+P0","qo,cheky.shcthy.dalalshedy.cheta,r,sheod.shokaiir.ch{ckhh}y.da[r:s]d",qo cheky shcthy dalalshedy cheta r sheod shokaiir chckhhy dard
ZL3b-n,f66r,"f66r.60,+P0","shor.sheodal.sholdy.qokchedy.qopchy.qoty,chedaiir.chees,kardy",shor sheodal sholdy qokchedy qopchy qoty chedaiir chees kardy
ZL3b-n,f66r,"f66r.61,+P0","qokchey.qokaiir.cheky.daly.daiin.dal,shedy.chedy.lkar.ol.okedy",qokchey qokaiir cheky daly daiin dal shedy chedy lkar ol okedy
ZL3b-n,f66r,"f66r.62,+P0","ol.cheeky.daiir.chky.axor.akar,{i'h},y.daiin<$>",ol cheeky daiir chky axor akar y daiin
ZL3b-n,f66r,"f66r.63,+P0",<%>pchof.sholfordaiin.qotar.otalor.fchedy[r:s].chedy.dar.odair.ofaram,pchof sholfordaiin qotar otalor fchedyr chedy dar odair ofaram
ZL3b-n,f66r,"f66r.64,+P0","dalcheeeky.sheol.dairody.chekchy.shed.ykesho.l.lor.sheor,che[a:o]l",dalcheeeky sheol dairody chekchy shed ykesho l lor sheor cheal
ZL3b-n,f66r,"f66r.65,+P0","dor.shedy.okar.shedy.kcheody.chxar.daly.fchdar.cheor,aly.[r:s]y",dor shedy okar shedy kcheody chxar daly fchdar cheor aly ry
ZL3b-n,f66r,"f66r.66,+P0","shor.shckheody.dal,shedy.qokor,al,shes<$>",shor shckheody dal shedy qokor al shes
ZL3b-n,f66r,"f66r.67,+P0",<%>psheody.cfhol.shofol.okeody.qokaldy.ytarody.shedy.shedy.dair,psheody cfhol shofol okeody qokaldy ytarody shedy shedy dair
ZL3b-n,f66r,"f66r.68,+P0","sair,ol.daiin.daiin.dal.dol.cheody.dair,aly.dairal.dolarshy,dor",sair ol daiin daiin dal dol cheody dair aly dairal dolarshy dor
ZL3b-n,f66r,"f66r.69,+P0",tosheo.qokaldy.oky.ol.kcheeky.qoky.dary.okees.oly<$>,tosheo qokaldy oky ol kcheeky qoky dary okees oly
ZL3b-n,f66r,"f66r.70,+P0",<%>todeeey.keody.chdy.keody.shedy.shekeefy.chdy.sheol.shol.kedy.daly,todeeey keody chdy keody shedy shekeefy chdy sheol shol kedy daly
ZL3b-n,f66r,"f66r.71,+P0",saiir.cheol.kal.sheody.chcthedy.dal.shol.qokeody.chody.kechody,saiir cheol kal sheody chcthedy dal shol qokeody chody kechody
ZL3b-n,f66r,"f66r.72,+P0","sshedy.oteedy.ykeeody.sheocthy.ol,ld,lshedy.chokeey.chekey.chey",sshedy oteedy ykeeody sheocthy ol ld lshedy chokeey chekey chey
ZL3b-n,f66r,"f66r.73,+P0","ysheeod.qoteeod.qotol,qoky.chckhedy.shey.dcheol.cheky.cheo,dor",ysheeod qoteeod qotol qoky chckhedy shey dcheol cheky cheo dor
ZL3b-n,f66r,"f66r.74,+P0","ydaiin.shedy.otchedy.oteochey.tolchedy.lsheody.qoky,daiin.otam",ydaiin shedy otchedy oteochey tolchedy lsheody qoky daiin otam
ZL3b-n,f66r,"f66r.75,+P0","tcheo.sheor.oteody.lpchees,ol,ar.alkey.otey.ltsholy.shecthy.r,ol",tcheo sheor oteody lpchees ol ar alkey otey ltsholy shecthy r ol
ZL3b-n,f66r,"f66r.76,+P0",daiin.sheol.qocthedy.qokedy.lchey.qokaly.shcthy.qotal.otchdy,daiin sheol qocthedy qokedy lchey qokaly shcthy qotal otchdy
ZL3b-n,f66r,"f66r.77,+P0",qokey.ar.olkeol.qokal.cheoky.ykchdy.chody.sheody.qoky.ldy,qokey ar olkeol qokal cheoky ykchdy chody sheody qoky ldy
ZL3b-n,f66r,"f66r.78,+P0",dor.aiin.sheeol.lshedy.lchedy.cheedy.shekol.dalol.lodaiin,dor aiin sheeol lshedy lchedy cheedy shekol dalol lodaiin
ZL3b-n,f66r,"f66r.79,+P0","sheol.oteey,ldaiin.okalchedy.pchedy.kody.qotchedy.cphedy",sheol oteey ldaiin okalchedy pchedy kody qotchedy cphedy
ZL3b-n,f66r,"f66r.80,+P0",daiin.shey.qoteoly.raiin.sheedy.shcthy.lkeol.qokol.dkar,daiin shey qoteoly raiin sheedy shcthy lkeol qokol dkar
ZL3b-n,f66r,"f66r.81,+P0",lchey.lkeedy.chety.shekaly.shckhar<$>,lchey lkeedy chety shekaly shckhar
ZL3b-n,f66r,"f66r.82,@Lx","otcheo,daiin.chty.ykees,cheg",otcheo daiin chty ykees cheg
ZL3b-n,f66v,"f66v.1,@P0","<%>okeodof.sheod.ychoopy.opch.dal.dor,sheefy.ytody.da[l:?]deam",okeodof sheod ychoopy opch dal dor sheefy ytody daldeam
ZL3b-n,f66v,"f66v.2,+P0",teodal.t[che:{chh}]dy.dshey.okshedy.okeedy.dcheeky.daldy.qotal.sy,teodal tchedy dshey okshedy okeedy dcheeky daldy qotal sy
ZL3b-n,f66v,"f66v.3,+P0",ytos.s.or.sheeky.okechdy.ok[ee:ch]dal.dar.otal.chody.cheky,ytos s or sheeky okechdy okeedal dar otal chody cheky
ZL3b-n,f66v,"f66v.4,+P0","shokeshy.daiin.cheos.chety.dol.chckhy.dal.ko,dal.chekal.dal",shokeshy daiin cheos chety dol chckhy dal ko dal chekal dal
ZL3b-n,f66v,"f66v.5,+P0",shdy.shedefam.qokedy.chokal.dal<$>,shdy shedefam qokedy chokal dal
ZL3b-n,f66v,"f66v.6,+P0",<%>tchod.sheody.shckhed.chos.chor.sheo.keody.chepar.sheopam,tchod sheody shckhed chos chor sheo keody chepar sheopam
ZL3b-n,f66v,"f66v.7,+P0",qokeos.sheody.chekeos.chody.kotody.qotchdy.chckhd.ytchdy,qokeos sheody chekeos chody kotody qotchdy chckhd ytchdy
ZL3b-n,f66v,"f66v.8,+P0",dchekeedy.cheody.qokchdy.qokol.keedy.cheky.chety.kody<$>,dchekeedy cheody qokchdy qokol keedy cheky chety kody
ZL3b-n,f66v,"f66v.9,+P0",<%>pody.sheody.chpadar.sheey.fchdly.cheoseesey.kchy.qofchal,pody sheody chpadar sheey fchdly cheoseesey kchy qofchal
ZL3b-n,f66v,"f66v.10,+P0","dshal.keedy.qok,[o:y]r.okaiin.dol.kaldaiin.otal.dokal.okag",dshal keedy qok or okaiin dol kaldaiin otal dokal okag
ZL3b-n,f66v,"f66v.11,+P0",yteeod.aiin.shekeod.saiin.ykofar.otaiin.otar.ched[y:o].kar[{c'}:s],yteeod aiin shekeod saiin ykofar otaiin otar chedy kar
ZL3b-n,f66v,"f66v.12,+P0",qekar.okedy.cheky.dal.chekal.chckhy.kal.kal.dar.chk[ch:ee]ody,qekar okedy cheky dal chekal chckhy kal kal dar chkchody
ZL3b-n,f66v,"f66v.13,+P0",ydees.shey.daiin.dalkal<->ykedaiin.shedar.ok[ch:ee]dy.oty<$>,ydees shey daiin dalkalykedaiin shedar okchdy oty
ZL3b-n,f67r1,"f67r1.1,@P0",<%>teeodaiin.shey.epairody.osaiin.yteeoey.shey.epaiin.o.aiin,teeodaiin shey epairody osaiin yteeoey shey epaiin o aiin
ZL3b-n,f67r1,"f67r1.2,+P0",daiir.okeody.qoekeey.sar.oeteody.oteey.keey.keo.keeoda[l:?],daiir okeody qoekeey sar oeteody oteey keey keo keeodal
ZL3b-n,f67r1,"f67r1.3,+P0","ycheo.s.o,iim.[che:eee]os.aiin.okesoe.ar.am.shees.dalaiin.dam",ycheo s o iim cheos aiin okesoe ar am shees dalaiin dam
ZL3b-n,f67r1,"f67r1.4,+P0","cheodaiin.[ch:a]ekeey.s.ar.air.s,o,ar.cheey.dair.cthey<$>",cheodaiin chekeey s ar air s o ar cheey dair cthey
ZL3b-n,f67r1,"f67r1.5,@Cc",<!00:00>soairol.shdy.chokeody.ykeedal.ol.oteodaiin.cho{ikh}edy.ot.chteokaiin.choteedy.otor.epchy.chpar.ar.sheees.deedy.soeteed.octheey.s.o.eokeot.y.choteoky.chockhy.okees.sor.aiin.daram.schdes.chdar.dar.dchschdy.dar.dar.ar.otardar.ykaros,soairol shdy chokeody ykeedal ol oteodaiin choikhedy ot chteokaiin choteedy otor epchy chpar ar sheees deedy soeteed octheey s o eokeot y choteoky chockhy okees sor aiin daram schdes chdar dar dchschdy dar dar ar otardar ykaros
ZL3b-n,f67r1,"f67r1.6,+Cc","<!00:00>dair.al.cheol.dal.oekaiin.sol.daiin.eetees.saiin.ykeos.l.chy.otodaiin.chetejy.otar.dair.ar.chedar.okeedy.ot[e:i]odaiin.ychsy.chekeey.ot.dol.al.cheor.okeo,r.oiin.cheeky.ary.okeo,keds.oshey.shchey.chol.dair.dain.cho.dar.aldy",dair al cheol dal oekaiin sol daiin eetees saiin ykeos l chy otodaiin chetejy otar dair ar chedar okeedy oteodaiin ychsy chekeey ot dol al cheor okeo r oiin cheeky ary okeo keds oshey shchey chol dair dain cho dar aldy
ZL3b-n,f67r1,"f67r1.7,+Cc","<!00:00>archeo,r.qoikeey.oteeos.cheockhey.oteochedy.okechdar.dararal.okeorar.sotey.dair.yteey.oteo.s.oteees.oteo.otee[s:e']y.sheokeey.oteodal.chokeed.sar.ain.y<!subscript>.oto.keedais.deeety.okeey.teodain.chekchy.dair.chparam",archeo r qoikeey oteeos cheockhey oteochedy okechdar dararal okeorar sotey dair yteey oteo s oteees oteo oteesy sheokeey oteodal chokeed sar ain y oto keedais deeety okeey teodain chekchy dair chparam
ZL3b-n,f67r1,"f67r1.8,@Ri",otaldy,otaldy
ZL3b-n,f67r1,"f67r1.9,@Ri",otoky,otoky
ZL3b-n,f67r1,"f67r1.10,@Ri",seeaiir,seeaiir
ZL3b-n,f67r1,"f67r1.11,@Ri",ykees.ary,ykees ary
ZL3b-n,f67r1,"f67r1.12,@Ri",sosaiir,sosaiir
ZL3b-n,f67r1,"f67r1.13,@Ri",oteey.dar,oteey dar
ZL3b-n,f67r1,"f67r1.14,@Ri","yto,daiir",yto daiir
ZL3b-n,f67r1,"f67r1.15,@Ri",sheosam,sheosam
ZL3b-n,f67r1,"f67r1.16,@Ri",ykeeody,ykeeody
ZL3b-n,f67r1,"f67r1.17,@Ri",okeol.sal,okeol sal
ZL3b-n,f67r1,"f67r1.18,@Ri",okeey.sar,okeey sar
ZL3b-n,f67r1,"f67r1.19,@Ri",dalary,dalary
ZL3b-n,f67r2,"f67r2.1,@L0",ykshy.s.aram,ykshy s aram
ZL3b-n,f67r2,"f67r2.2,&L0",ykecho.ols.eesydy,ykecho ols eesydy
ZL3b-n,f67r2,"f67r2.3,&L0",[{c'}:@164;]ey.shs.okar,ey shs okar
ZL3b-n,f67r2,"f67r2.4,&L0",shekchy.sykos,shekchy sykos
ZL3b-n,f67r2,"f67r2.5,&L0",ykeody.okchy,ykeody okchy
ZL3b-n,f67r2,"f67r2.6,&L0",dchetay,dchetay
ZL3b-n,f67r2,"f67r2.7,&L0",ykchy.kchey.ykchys,ykchy kchey ykchys
ZL3b-n,f67r2,"f67r2.8,&L0",chkchdar,chkchdar
ZL3b-n,f67r2,"f67r2.9,&L0",ykar.ykaly,ykar ykaly
ZL3b-n,f67r2,"f67r2.10,&L0","lkshy,kchy.okar",lkshy kchy okar
ZL3b-n,f67r2,"f67r2.11,&L0",chky.chykchs.chy,chky chykchs chy
ZL3b-n,f67r2,"f67r2.12,&L0",ykees.ykchos,ykees ykchos
ZL3b-n,f67r2,"f67r2.13,@Pb",<%>opodchol.s.ain.aldy,opodchol s ain aldy
ZL3b-n,f67r2,"f67r2.14,+Pb",soeey.doiin.oldy<$>,soeey doiin oldy
ZL3b-n,f67r2,"f67r2.15,+L0",dolchsody,dolchsody
ZL3b-n,f67r2,"f67r2.16,@Pb",<%>oda[eiin:iiin].okoes.oekain.y,odaeiin okoes oekain y
ZL3b-n,f67r2,"f67r2.17,+Pb",otchey.soraiir.dy,otchey soraiir dy
ZL3b-n,f67r2,"f67r2.18,+Pb",qopchy.daiin.dal<$>,qopchy daiin dal
ZL3b-n,f67r2,"f67r2.19,@Pb",<%>ydchos.ain.ar.amy,ydchos ain ar amy
ZL3b-n,f67r2,"f67r2.20,+Pb",chocfhy.saral,chocfhy saral
ZL3b-n,f67r2,"f67r2.21,+Pb",sain.am.ar<$>,sain am ar
ZL3b-n,f67r2,"f67r2.22,+L0",okal,okal
ZL3b-n,f67r2,"f67r2.23,@Pb",<%>oparchy.salsain,oparchy salsain
ZL3b-n,f67r2,"f67r2.24,+Pb",sodar.ofar.ar,sodar ofar ar
ZL3b-n,f67r2,"f67r2.25,+Pb",ydam<$>,ydam
ZL3b-n,f67r2,"f67r2.26,@Pb",<%>yteoor.yto.ykor,yteoor yto ykor
ZL3b-n,f67r2,"f67r2.27,+Pb","okeo,r.aiin.am<$>",okeo r aiin am
ZL3b-n,f67r2,"f67r2.28,+L0",okain.a[m:g],okain am
ZL3b-n,f67r2,"f67r2.29,@Pb",<%>ytody.saiin,ytody saiin
ZL3b-n,f67r2,"f67r2.30,+Pb",ochol.olol<$>,ochol olol
ZL3b-n,f67r2,"f67r2.31,+L0",opcholdy,opcholdy
ZL3b-n,f67r2,"f67r2.32,@Pb",<%>dosar.odas.air.alaiin,dosar odas air alaiin
ZL3b-n,f67r2,"f67r2.33,+Pb",dokan.oear.odal<$>,dokan oear odal
ZL3b-n,f67r2,"f67r2.34,+L0",ofar.oeoldan,ofar oeoldan
ZL3b-n,f67r2,"f67r2.35,@Pb",<%>chol.[g:d]iin.okol,chol giin okol
ZL3b-n,f67r2,"f67r2.36,+Pb",ytor.daiin.or<$>,ytor daiin or
ZL3b-n,f67r2,"f67r2.37,+L0",ytoaiin,ytoaiin
ZL3b-n,f67r2,"f67r2.38,@Pb",<%>otoldos.octhole,otoldos octhole
ZL3b-n,f67r2,"f67r2.39,+Pb",sor.chedaiin.dy,sor chedaiin dy
ZL3b-n,f67r2,"f67r2.40,+Pb",yteos.oiin.og<$>,yteos oiin og
ZL3b-n,f67r2,"f67r2.41,@Pb",<%>ytoeopchey.chekody,ytoeopchey chekody
ZL3b-n,f67r2,"f67r2.42,+Pb",sosho.chos.ockhy,sosho chos ockhy
ZL3b-n,f67r2,"f67r2.43,+Pb",daiin.aiin.os.qsg<$>,daiin aiin os qsg
ZL3b-n,f67r2,"f67r2.44,@Pb",<%>ofydy.sheody.aiin,ofydy sheody aiin
ZL3b-n,f67r2,"f67r2.45,+Pb",ycheody.es.odaiiin,ycheody es odaiiin
ZL3b-n,f67r2,"f67r2.46,+Pb",yekees.oraly<$>,yekees oraly
ZL3b-n,f67r2,"f67r2.47,+L0",yfain,yfain
ZL3b-n,f67r2,"f67r2.48,@Pb",<%>todaiin.dain.dy,todaiin dain dy
ZL3b-n,f67r2,"f67r2.49,+Pb","os,choer.aiin",os choer aiin
ZL3b-n,f67r2,"f67r2.50,+Pb",choee[a:y].sal,choeea sal
ZL3b-n,f67r2,"f67r2.51,+Pb",da[d:g]aiin<$>,dadaiin
ZL3b-n,f67r2,"f67r2.52,@Ls",qotoear,qotoear
ZL3b-n,f67r2,"f67r2.53,&Ls",dchdar,dchdar
ZL3b-n,f67r2,"f67r2.54,&Ls","y,saldal",y saldal
ZL3b-n,f67r2,"f67r2.55,&Ls",ytodal,ytodal
ZL3b-n,f67r2,"f67r2.56,&Ls",tol.daiin,tol daiin
ZL3b-n,f67r2,"f67r2.57,&Ls","otar,dy",otar dy
ZL3b-n,f67r2,"f67r2.58,&Ls","cho.dal,g",cho dal g
ZL3b-n,f67r2,"f67r2.59,&Ls",ytchodly,ytchodly
ZL3b-n,f67r2,"f67r2.60,&Ls",octhys,octhys
ZL3b-n,f67r2,"f67r2.61,&Ls",ytokar,ytokar
ZL3b-n,f67r2,"f67r2.62,&Ls",otolor,otolor
ZL3b-n,f67r2,"f67r2.63,&Ls",okodar,okodar
ZL3b-n,f67r2,"f67r2.64,@L0",s.air,s air
ZL3b-n,f67r2,"f67r2.65,&L0",soe[a:o]r,soear
ZL3b-n,f67r2,"f67r2.66,&L0",cpheey,cpheey
ZL3b-n,f67r2,"f67r2.67,&L0",okodar,okodar
ZL3b-n,f67r2,"f67r2.68,&L0",oepchod,oepchod
ZL3b-n,f67r2,"f67r2.69,&L0",s.a{cthh}y,s acthhy
ZL3b-n,f67r2,"f67r2.70,&L0",osar,osar
ZL3b-n,f67r2,"f67r2.71,&L0",oran,oran
ZL3b-n,f67r2,"f67r2.72,@P0",<%>dar.aldaiin.ydaiin.qkoy.ydaiin.qofair.ypair.ykoaiin.ydoly.ytalchos.oly.okey,dar aldaiin ydaiin qkoy ydaiin qofair ypair ykoaiin ydoly ytalchos oly okey
ZL3b-n,f67r2,"f67r2.73,+P0","sshey.sy,shees.qeykeey.ykchey.ykchey.qokeochy.oaiin.okol.ar.olar",sshey sy shees qeykeey ykchey ykchey qokeochy oaiin okol ar olar
ZL3b-n,f67r2,"f67r2.74,+P0",yshey.qokeeody.cheos.oeeos.qockhy.chos.aiin.okeeody.qokoaiin.odain.ar.air.ay<$>,yshey qokeeody cheos oeeos qockhy chos aiin okeeody qokoaiin odain ar air ay
ZL3b-n,f67v2,"f67v2.1,@La",otchdy,otchdy
ZL3b-n,f67v2,"f67v2.2,@La",otararain,otararain
ZL3b-n,f67v2,"f67v2.3,@Pb",<%>tol.or.ain.am.otoly.sair.[g:m],tol or ain am otoly sair g
ZL3b-n,f67v2,"f67v2.4,+Pb",daiin.[t:k]aedaiin.ar.okor<!corr?><$>,daiin taedaiin ar okor
ZL3b-n,f67v2,"f67v2.5,@Pb",<%>okeey.keoy.salal,okeey keoy salal
ZL3b-n,f67v2,"f67v2.6,+Pb",ykaralam.olalade.odam<$>,ykaralam olalade odam
ZL3b-n,f67v2,"f67v2.7,@Pb",<%>taol.daig.sakar.dam,taol daig sakar dam
ZL3b-n,f67v2,"f67v2.8,+Pb",solair.cphey.solal.daly<$>,solair cphey solal daly
ZL3b-n,f67v2,"f67v2.9,@Pb",<%>okeal.o?ol.ar.okaldam,okeal ar okaldam
ZL3b-n,f67v2,"f67v2.10,+Pb",koain.opal.ol.of[o:y]lain.oar<$>,koain opal ol ofolain oar
ZL3b-n,f67v2,"f67v2.11,@Ro",dcheeor.ochepalain,dcheeor ochepalain
ZL3b-n,f67v2,"f67v2.12,@Ri",oeolales.ai[s:r]ar,oeolales aisar
ZL3b-n,f67v2,"f67v2.13,@Ro",okydseog.oeepoaly,okydseog oeepoaly
ZL3b-n,f67v2,"f67v2.14,@Ri",o?r.ykaly.char,ykaly char
ZL3b-n,f67v2,"f67v2.15,@Ro",o.chekais.okolaim,o chekais okolaim
ZL3b-n,f67v2,"f67v2.16,@Ri",okar.alet.olkao,okar alet olkao
ZL3b-n,f67v2,"f67v2.17,@Ro",qokoaiin.ocfhhy,qokoaiin ocfhhy
ZL3b-n,f67v2,"f67v2.18,@Ri",okeeey.oekchdy,okeeey oekchdy
ZL3b-n,f67v2,"f67v2.19,@La",soaiin.dalam,soaiin dalam
ZL3b-n,f67v2,"f67v2.20,+La",sary.okora[l:n],sary okoral
ZL3b-n,f67v2,"f67v2.22,@La","okchos,am",okchos am
ZL3b-n,f67v1,"f67v1.1,@L0",damamm<!long tail m>,damamm
ZL3b-n,f67v1,"f67v1.2,&L0",dairkal,dairkal
ZL3b-n,f67v1,"f67v1.3,&L0",okal.ary,okal ary
ZL3b-n,f67v1,"f67v1.4,&L0",dar.echkalal,dar echkalal
ZL3b-n,f67v1,"f67v1.5,&L0",okol.aldy,okol aldy
ZL3b-n,f67v1,"f67v1.6,&L0",dchesykchy,dchesykchy
ZL3b-n,f67v1,"f67v1.7,&L0",ykeodar,ykeodar
ZL3b-n,f67v1,"f67v1.8,&L0",deeeoskol,deeeoskol
ZL3b-n,f67v1,"f67v1.9,&L0",ockhosam,ockhosam
ZL3b-n,f67v1,"f67v1.10,&L0",kochardy,kochardy
ZL3b-n,f67v1,"f67v1.11,&L0",ochodare,ochodare
ZL3b-n,f67v1,"f67v1.12,&L0","ols,aiiny",ols aiiny
ZL3b-n,f67v1,"f67v1.13,@Ro",otorkeol.orsheey.dary,otorkeol orsheey dary
ZL3b-n,f67v1,"f67v1.14,@Ro",okechey.cheody.cheky,okechey cheody cheky
ZL3b-n,f67v1,"f67v1.15,@Ro",otechodor.odcheey,otechodor odcheey
ZL3b-n,f67v1,"f67v1.16,@Ro",chockhey.chockhy,chockhey chockhy
ZL3b-n,f67v1,"f67v1.17,@Ro",yteeey.keeochy.dair.ockey,yteeey keeochy dair ockey
ZL3b-n,f67v1,"f67v1.18,@Ro",keechey.chy.koldy,keechey chy koldy
ZL3b-n,f67v1,"f67v1.19,@Ro",pchodaiin.otch.oekeey.dy,pchodaiin otch oekeey dy
ZL3b-n,f67v1,"f67v1.20,@Ro",dcheeos.qokeeeody.eeis.olcheeg,dcheeos qokeeeody eeis olcheeg
ZL3b-n,f67v1,"f67v1.21,@Ro",ykeeo.cheo.daiin.ypcheg.oty,ykeeo cheo daiin ypcheg oty
ZL3b-n,f67v1,"f67v1.22,@Ro",opcheey.chso.cheey.chedaly,opcheey chso cheey chedaly
ZL3b-n,f67v1,"f67v1.23,@Ro",ykeeey.qokeey.olokeey.s,ykeeey qokeey olokeey s
ZL3b-n,f67v1,"f67v1.24,@Ro",osheey.keeody.cheedals,osheey keeody cheedals
ZL3b-n,f67v1,"f67v1.25,@Ro",okar.shey.qokche[o:a]r.daiiin,okar shey qokcheor daiiin
ZL3b-n,f67v1,"f67v1.26,@Ro","oeees.ote[ch:ee]y.o,keey",oeees otechy o keey
ZL3b-n,f67v1,"f67v1.27,@Ro",okeeodaiin.saii.dairal,okeeodaiin saii dairal
ZL3b-n,f67v1,"f67v1.28,@Ro",oksheeody.or.aral,oksheeody or aral
ZL3b-n,f67v1,"f67v1.29,@Ro",olar.aroky,olar aroky
ZL3b-n,f68r1,"f68r1.1,@P0",<%>shokchy.chteey.choteey.cphol.cheor.opcheeol.otor.choctheeey.okchoal,shokchy chteey choteey cphol cheor opcheeol otor choctheeey okchoal
ZL3b-n,f68r1,"f68r1.2,+P0",tochso.otchl.qokeeedy.cheey.cheeteey.yteody.chpor.cheokorchey.chod,tochso otchl qokeeedy cheey cheeteey yteody chpor cheokorchey chod
ZL3b-n,f68r1,"f68r1.3,+P0",ykor.shey.qocheey.chokal<->okeey.ror.eckhear.daram,ykor shey qocheey chokalokeey ror eckhear daram
ZL3b-n,f68r1,"f68r1.4,+P0",dchor.okaiiin<$>,dchor okaiiin
ZL3b-n,f68r1,"f68r1.5,@Pb",yky,yky
ZL3b-n,f68r1,"f68r1.6,+Pb",dary,dary
ZL3b-n,f68r1,"f68r1.7,+Pb",chkchykoly,chkchykoly
ZL3b-n,f68r1,"f68r1.8,@Ls",okodaly,okodaly
ZL3b-n,f68r1,"f68r1.9,@Ls",odchecthy,odchecthy
ZL3b-n,f68r1,"f68r1.10,@Ls",otcheody,otcheody
ZL3b-n,f68r1,"f68r1.11,@Ls",okoaly,okoaly
ZL3b-n,f68r1,"f68r1.12,@Ls",chocfhy,chocfhy
ZL3b-n,f68r1,"f68r1.13,@Ls",octhey,octhey
ZL3b-n,f68r1,"f68r1.14,@Ls",otshey,otshey
ZL3b-n,f68r1,"f68r1.15,@Ls",otydy,otydy
ZL3b-n,f68r1,"f68r1.16,@Ls",okear,okear
ZL3b-n,f68r1,"f68r1.17,@Ls",cphocthy,cphocthy
ZL3b-n,f68r1,"f68r1.18,@Ls",ytchody,ytchody
ZL3b-n,f68r1,"f68r1.19,@Ls",otys,otys
ZL3b-n,f68r1,"f68r1.20,@Ls",olor,olor
ZL3b-n,f68r1,"f68r1.21,@Ls",ockhy,ockhy
ZL3b-n,f68r1,"f68r1.22,@Ls",ofcheor,ofcheor
ZL3b-n,f68r1,"f68r1.23,@Ls",otchdy,otchdy
ZL3b-n,f68r1,"f68r1.24,@Ls",otykchs,otykchs
ZL3b-n,f68r1,"f68r1.25,@Ls",otol,otol
ZL3b-n,f68r1,"f68r1.26,@Ls",otor,otor
ZL3b-n,f68r1,"f68r1.27,@Ls",oiinar,oiinar
ZL3b-n,f68r1,"f68r1.28,@Ls",okoldy,okoldy
ZL3b-n,f68r1,"f68r1.29,@Ls",ykchdy,ykchdy
ZL3b-n,f68r1,"f68r1.30,@Ls",@167;oeeod{c@196;h}y,oeeody
ZL3b-n,f68r1,"f68r1.31,@Ls",ocphy,ocphy
ZL3b-n,f68r1,"f68r1.32,@Ls",okeeodal,okeeodal
ZL3b-n,f68r1,"f68r1.33,@Ls",okshor,okshor
ZL3b-n,f68r1,"f68r1.34,@Ls",osdaiin,osdaiin
ZL3b-n,f68r1,"f68r1.35,@Ls",otochedy,otochedy
ZL3b-n,f68r1,"f68r1.36,@Ls",dolchedy,dolchedy
ZL3b-n,f68r1,"f68r1.37,@Cc",<!08:30>oky.okchdy.okardy.q[?:k]ear.oygy,oky okchdy okardy oygy
ZL3b-n,f68r2,"f68r2.1,@P0","<%>tsheeor.chor.sheal,dar.opchey.oeecthy.sheol.dokechy.otcheoly",tsheeor chor sheal dar opchey oeecthy sheol dokechy otcheoly
ZL3b-n,f68r2,"f68r2.2,+P0",dchy.ykeechy.dchyky.okeeody.rcheodal.chokeey.cheor.oram,dchy ykeechy dchyky okeeody rcheodal chokeey cheor oram
ZL3b-n,f68r2,"f68r2.3,+P0",tcheos.otchoky.okchol.okol.sheeor.chodchy.qokchdar,tcheos otchoky okchol okol sheeor chodchy qokchdar
ZL3b-n,f68r2,"f68r2.4,+P0",chor.chesy.or[ee:a]d.qoeeckhy.qockheol.qokeol.cheoal.dcholal,chor chesy oreed qoeeckhy qockheol qokeol cheoal dcholal
ZL3b-n,f68r2,"f68r2.5,+P0",kcheoey.cheody<->sain.ykeody.chykchy<$>,kcheoey cheodysain ykeody chykchy
ZL3b-n,f68r2,"f68r2.6,@Cc",<!09:30>okeo.ok[a:?]r.ok[y:o].okozy.okaesy.qokool.chio.qoiol,okeo okar oky okozy okaesy qokool chio qoiol
ZL3b-n,f68r2,"f68r2.7,@Ls",o@167;olch{c@133;h}y,oolchy
ZL3b-n,f68r2,"f68r2.8,@Ls",cheorol,cheorol
ZL3b-n,f68r2,"f68r2.9,@Ls",odaiin,odaiin
ZL3b-n,f68r2,"f68r2.10,@Ls",ochory,ochory
ZL3b-n,f68r2,"f68r2.11,@Ls",shdar,shdar
ZL3b-n,f68r2,"f68r2.12,@Ls",dchol,dchol
ZL3b-n,f68r2,"f68r2.13,@Ls",todaraiily,todaraiily
ZL3b-n,f68r2,"f68r2.14,@Ls",olcheesey,olcheesey
ZL3b-n,f68r2,"f68r2.15,@Ls",okchor,okchor
ZL3b-n,f68r2,"f68r2.16,@Ls",oteool,oteool
ZL3b-n,f68r2,"f68r2.17,@Ls",oydchy,oydchy
ZL3b-n,f68r2,"f68r2.18,@Ls",okeeeody,okeeeody
ZL3b-n,f68r2,"f68r2.19,@Ls",cholar,cholar
ZL3b-n,f68r2,"f68r2.20,@Ls",dcheoldy,dcheoldy
ZL3b-n,f68r2,"f68r2.21,@Ls",oteeear,oteeear
ZL3b-n,f68r2,"f68r2.22,@Ls",otoeeo,otoeeo
ZL3b-n,f68r2,"f68r2.23,@Ls",ofcheody,ofcheody
ZL3b-n,f68r2,"f68r2.24,@Ls",otcheodar,otcheodar
ZL3b-n,f68r2,"f68r2.25,@Ls",odair.chol,odair chol
ZL3b-n,f68r2,"f68r2.26,@Ls",opocphor,opocphor
ZL3b-n,f68r2,"f68r2.27,@Ls",otoshol,otoshol
ZL3b-n,f68r2,"f68r2.28,@Ls",chodar,chodar
ZL3b-n,f68r2,"f68r2.29,@Ls",sheey,sheey
ZL3b-n,f68r2,"f68r2.30,@Ls",ok[eeee:eech]or,okeeeeor
ZL3b-n,f68r2,"f68r2.31,@Cc","<!09:30>okey.okoaiin.okol.o,ky.oeeeo.r.okey.okeeol.cheo.o.@231;@232;@233;@234;",okey okoaiin okol o ky oeeeo r okey okeeol cheo o
ZL3b-n,f68r3,"f68r3.1,@Cc","<!09:30>odeed.oteedy,cheoteey.oshchey.chokol.cheody.chedy.oteodaiin.otchodal.sol.cheor.oteo.choteey.oeteody.opcheody.dchedy.daiin.oteeody.dascheedy.oteeody.qoeee{ct}{c@204;}g.dcheeo.okeodly.do.ls.oschaiin.cheockhedchy.chodal.cheod[a:y].chol,al.oteodched.okedy.qokeey.shoky.dol.daleeed.okeoeiiir",odeed oteedy cheoteey oshchey chokol cheody chedy oteodaiin otchodal sol cheor oteo choteey oeteody opcheody dchedy daiin oteeody dascheedy oteeody qoeeectg dcheeo okeodly do ls oschaiin cheockhedchy chodal cheoda chol al oteodched okedy qokeey shoky dol daleeed okeoeiiir
ZL3b-n,f68r3,"f68r3.2,@Ri","toees.ykeo,she.qokolchey.qokchdy",toees ykeo she qokolchey qokchdy
ZL3b-n,f68r3,"f68r3.3,@Ri",tochedy.chocphy.qokchdy.dyl.okald,tochedy chocphy qokchdy dyl okald
ZL3b-n,f68r3,"f68r3.4,@Ri","dchy,kchy.daiir.chok.ockhydar",dchy kchy daiir chok ockhydar
ZL3b-n,f68r3,"f68r3.5,@Ri","qokol.chdchol.qoteey.che,kechy.okchdy",qokol chdchol qoteey che kechy okchdy
ZL3b-n,f68r3,"f68r3.6,@Ri",dchokchy.{c'hh}y.okey.oteos.okolshy,dchokchy y okey oteos okolshy
ZL3b-n,f68r3,"f68r3.7,@Ri","pchody.qokchy.dshol.d{c'y},o,tgolg?",pchody qokchy dshol d o
ZL3b-n,f68r3,"f68r3.8,@Ri",keeoty.oteey.daiin.dcheeody.oteey,keeoty oteey daiin dcheeody oteey
ZL3b-n,f68r3,"f68r3.9,@Ri",dchey.qokeey.dcheey.daiir.otchal,dchey qokeey dcheey daiir otchal
ZL3b-n,f68r3,"f68r3.10,@Ls","dchol,day",dchol day
ZL3b-n,f68r3,"f68r3.11,@Ls",doaro,doaro
ZL3b-n,f68r3,"f68r3.12,@La",oalcheol,oalcheol
ZL3b-n,f68r3,"f68r3.13,@Ls",okos,okos
ZL3b-n,f68r3,"f68r3.14,=Ls",otary,otary
ZL3b-n,f68r3,"f68r3.15,@Ls",chky.oky,chky oky
ZL3b-n,f68r3,"f68r3.16,+Ls",e.cphy,e cphy
ZL3b-n,f68r3,"f68r3.17,+Ls",okolchy,okolchy
ZL3b-n,f68r3,"f68r3.18,@Ls",o.cthyd,o cthyd
ZL3b-n,f68r3,"f68r3.19,+Ls",otydg,otydg
ZL3b-n,f68r3,"f68r3.20,=Ls",darall,darall
ZL3b-n,f68r3,"f68r3.21,*Ls",okchody,okchody
ZL3b-n,f68r3,"f68r3.22,@Cc",<!09:30>otcheody.chokchy.okol.cheol.dar.cho.keol.dolaiin.okeol.oly,otcheody chokchy okol cheol dar cho keol dolaiin okeol oly
ZL3b-n,f68v3,"f68v3.1,@P0",<%>tchedy.chepchy.daiidy.shol.kcheoly.choteol.shol.s.chey.shodaiin.chetshedy.otsho.qooto.seeey,tchedy chepchy daiidy shol kcheoly choteol shol s chey shodaiin chetshedy otsho qooto seeey
ZL3b-n,f68v3,"f68v3.2,+P0","sshey.kcheol.sheey.qety.sheey.otchol.chal,sheey.daiin.sheody.qokol.aiir.chor.cheoty.oty",sshey kcheol sheey qety sheey otchol chal sheey daiin sheody qokol aiir chor cheoty oty
ZL3b-n,f68v3,"f68v3.3,+P0",sho.chokar.sor.chor.cheky.daiin.dar.aiiin<->ytey.tol.cheeetchol.sam,sho chokar sor chor cheky daiin dar aiiinytey tol cheeetchol sam
ZL3b-n,f68v3,"f68v3.4,+P0",dcheey.qo{ckhh}y.chydy<$>,dcheey qockhhy chydy
ZL3b-n,f68v3,"f68v3.5,@Cc","<!08:30>oky.otol.ees.choty.cheda[s:r].otchdy.s.ar.oekaiin.oteol.dar.cheo.dais.qoeeo,kaiin.okchey.dal.cheky.ykos.[y:q]akeg.s.ol.ay.ykoees.yty.dy.dy.chody.otol.ol,ees.oty.dar.qotay.otoy.chey.kodar.dar.sheody.shees.daiin.oteeoaly.oteeosol.ol.okol.olsey.tol.cheol.okeey.choekcheey.okchy.qokchshy.dchol.chshek",oky otol ees choty chedas otchdy s ar oekaiin oteol dar cheo dais qoeeo kaiin okchey dal cheky ykos yakeg s ol ay ykoees yty dy dy chody otol ol ees oty dar qotay otoy chey kodar dar sheody shees daiin oteeoaly oteeosol ol okol olsey tol cheol okeey choekcheey okchy qokchshy dchol chshek
ZL3b-n,f68v3,"f68v3.6,@Ri",ocheal.qoeey.keody.cheoky.okeey.chody.dy.ote?m,ocheal qoeey keody cheoky okeey chody dy
ZL3b-n,f68v3,"f68v3.7,@Ri",r.al.chdail.schekol.okeody,r al chdail schekol okeody
ZL3b-n,f68v3,"f68v3.8,@Ri",okeol.cheody.qoekeey.ocheky.eeody.okchdy.oko.okos,okeol cheody qoekeey ocheky eeody okchdy oko okos
ZL3b-n,f68v3,"f68v3.9,@Ri",shoekechy.sheky.okolchey.okol[m:k]om,shoekechy sheky okolchey okolmom
ZL3b-n,f68v3,"f68v3.10,@Ri","qokeody.okeey.chekchy.chckhy.okal,ody.chedy",qokeody okeey chekchy chckhy okal ody chedy
ZL3b-n,f68v3,"f68v3.11,@Ri",ycheeo.key.qokal.okeeg,ycheeo key qokal okeeg
ZL3b-n,f68v3,"f68v3.12,@Ri",ochey.chekchy.dkeeeg.cheekey.teokechey.saiir,ochey chekchy dkeeeg cheekey teokechey saiir
ZL3b-n,f68v3,"f68v3.13,@Ri",ydaiil.ol.chek.okchyd,ydaiil ol chek okchyd
ZL3b-n,f68v3,"f68v3.14,@Cc",<!09:00>okosy.okchy.okol.choekey.okeoeeey.ol.yko[?n:in].otairo[s:r].orol.orkeeey.olkeeoly.ykeeol,okosy okchy okol choekey okeoeeey ol otairos orol orkeeey olkeeoly ykeeol
ZL3b-n,f68v3,"f68v3.15,@L0",otodol,otodol
ZL3b-n,f68v3,"f68v3.16,=L0",opcholdg,opcholdg
ZL3b-n,f68v3,"f68v3.17,@Pb",<%>roar.ykeol.<!space>darol.daly,roar ykeol darol daly
ZL3b-n,f68v3,"f68v3.18,+Pb",solaiin.{ckhh}y.olekeey.dy,solaiin ckhhy olekeey dy
ZL3b-n,f68v3,"f68v3.19,+Pb",ykeol.ctheepoey.dar<$>,ykeol ctheepoey dar
ZL3b-n,f68v2,"f68v2.1,@P0",<%>teeody.shcthey.psheody.shocthy.ykeody.shdy.shot.ytchy,teeody shcthey psheody shocthy ykeody shdy shot ytchy
ZL3b-n,f68v2,"f68v2.2,+P0",dchaiin.shey.dcheedy.qokeey.shckeey.dal.dy.sheetey.daldy,dchaiin shey dcheedy qokeey shckeey dal dy sheetey daldy
ZL3b-n,f68v2,"f68v2.3,+P0",qoeeey.shekeey.shkeey.s.alchey.cthy.shteody.qoteeody.dam,qoeeey shekeey shkeey s alchey cthy shteody qoteeody dam
ZL3b-n,f68v2,"f68v2.4,+P0",okeey.sheoy.keol.ycheety.okeody.shey.qokey.chol.chekody,okeey sheoy keol ycheety okeody shey qokey chol chekody
ZL3b-n,f68v2,"f68v2.5,+P0","scheos.seekey.okey.chody<->okeos.cheo.sal,ar.oallchdm<$>",scheos seekey okey chodyokeos cheo sal ar oallchdm
ZL3b-n,f68v2,"f68v2.6,@Cc","<!10:30>okeadaiin.ykeeody.shsdy.shyokeey.dalches.oko[s:r].cheky.otees.oteydy.okechoy.yteody.chetedy.cheda[d:m]y.[@150;:ch]eectheey.otychdy.oteey.cpheeo,dy.otey.[ch:ee]key.daiin.chey.da[iir:iis].oteeys.sar.o[ckhee:{ck}eee]y.dor,chy.okchy.qokeechy.dal.chy.chokeeey.sary",okeadaiin ykeeody shsdy shyokeey dalches okos cheky otees oteydy okechoy yteody chetedy chedady eectheey otychdy oteey cpheeo dy otey chkey daiin chey daiir oteeys sar ockheey dor chy okchy qokeechy dal chy chokeeey sary
ZL3b-n,f68v2,"f68v2.7,@Ro",otey.dalar,otey dalar
ZL3b-n,f68v2,"f68v2.8,@Ro",otosey<!star><->sary,otoseysary
ZL3b-n,f68v2,"f68v2.9,@Ro",yshesas.ar.shy,yshesas ar shy
ZL3b-n,f68v2,"f68v2.10,@Ro",socths.chety,socths chety
ZL3b-n,f68v2,"f68v2.11,@Ro",oteoys<!star><->orasaly,oteoysorasaly
ZL3b-n,f68v2,"f68v2.12,@Ro",yteody.chetey,yteody chetey
ZL3b-n,f68v2,"f68v2.13,@Ro",oteeos.alamchy,oteeos alamchy
ZL3b-n,f68v2,"f68v2.14,@Ro",otchdy<!star><->chetal,otchdychetal
ZL3b-n,f68v2,"f68v2.15,@Ro",adairchdy.aiin,adairchdy aiin
ZL3b-n,f68v2,"f68v2.16,@Ro",dchedal.daiin,dchedal daiin
ZL3b-n,f68v2,"f68v2.17,@Ro",ykeeepol<!star><->ypchy,ykeeepolypchy
ZL3b-n,f68v2,"f68v2.18,@Ro",choteey.dary,choteey dary
ZL3b-n,f68v1,"f68v1.1,@Cc","<!10:30>shes.ol.keey.shes.chteey.sheely.shes.yee[g:j].shokeolls.ees.aiir.ol.cho.aiin.ykeeykeey.ches.chotey.y,keey.shes.aiin.okeyteey.cthody.ches[o:y]kcho,teody.chockhy.otol.okeody.cheos.chkorchy.dy.dy.shety.oteey.dair.chotedy.chey.dal.daiin.dokeey",shes ol keey shes chteey sheely shes yeeg shokeolls ees aiir ol cho aiin ykeeykeey ches chotey y keey shes aiin okeyteey cthody chesokcho teody chockhy otol okeody cheos chkorchy dy dy shety oteey dair chotedy chey dal daiin dokeey
ZL3b-n,f68v1,"f68v1.2,@Cc","<!10:00 cf ThP>chear.s.oteey.dain.dycheckhy.oteeos.oteol.okeo[r:s].okeeody.sho.ykeod.oteeol.okeeos.or.chos.or.o{cko}.aiin.chol.ykeey.sheo.s.cheoekeey.cheodaiir.cheekchey.chkeody.okchy.teeos.[sh:e'e].cheo,eky.okey.d?leed.s.aly.oteotey.otechs.opain",chear s oteey dain dycheckhy oteeos oteol okeor okeeody sho ykeod oteeol okeeos or chos or ocko aiin chol ykeey sheo s cheoekeey cheodaiir cheekchey chkeody okchy teeos sh cheo eky okey s aly oteotey otechs opain
ZL3b-n,f68v1,"f68v1.3,@Ro",dair.apeeety.dy,dair apeeety dy
ZL3b-n,f68v1,"f68v1.4,@Ro",sair.aroy[s:r]er,sair aroyser
ZL3b-n,f68v1,"f68v1.5,@Ro",oteeor.ara[n:?]y,oteeor arany
ZL3b-n,f68v1,"f68v1.6,@Ro",okechdaral,okechdaral
ZL3b-n,f68v1,"f68v1.7,@Ro",otol.ches.otaly,otol ches otaly
ZL3b-n,f68v1,"f68v1.8,@Ro",okeey.chek<!k on top of e>.chekeys,okeey chek chekeys
ZL3b-n,f68v1,"f68v1.9,@Ro",dar.shes.shokey,dar shes shokey
ZL3b-n,f68v1,"f68v1.10,@Ro",oteodain.sam,oteodain sam
ZL3b-n,f69r,"f69r.1,@P0",<%>tcheeos.shey.opaiin.chey.shey.qokeeyshdy.ol.ot.otal.sar,tcheeos shey opaiin chey shey qokeeyshdy ol ot otal sar
ZL3b-n,f69r,"f69r.2,+P0",daiin.shey.okaiin.shkechy.sheey.tey.chy.cthy.otol.cham,daiin shey okaiin shkechy sheey tey chy cthy otol cham
ZL3b-n,f69r,"f69r.3,+P0","sheos,aiin.{c@178;}ar.choetey.okal.chy.ykar.ytchey.cheotam",sheos aiin ar choetey okal chy ykar ytchey cheotam
ZL3b-n,f69r,"f69r.4,+P0",ycheoraiin.ychey.otaiin.okchor.yty.chkal.shol<$>,ycheoraiin ychey otaiin okchor yty chkal shol
ZL3b-n,f69r,"f69r.5,@L0",oteos.ch[o:?]p.otaike,oteos chop otaike
ZL3b-n,f69r,"f69r.6,&L0",ar.odair.chtaly,ar odair chtaly
ZL3b-n,f69r,"f69r.7,&L0",oto.dar.archol,oto dar archol
ZL3b-n,f69r,"f69r.8,&L0","okeey.chey,dy",okeey chey dy
ZL3b-n,f69r,"f69r.9,&L0","dcho,char,ar",dcho char ar
ZL3b-n,f69r,"f69r.10,&L0",ytal.air.al,ytal air al
ZL3b-n,f69r,"f69r.11,&L0",shy.chtairy,shy chtairy
ZL3b-n,f69r,"f69r.12,&L0",yt.oetear,yt oetear
ZL3b-n,f69r,"f69r.13,&L0",ytey.cholam,ytey cholam
ZL3b-n,f69r,"f69r.14,&L0",dair.ar.yteey.chdy,dair ar yteey chdy
ZL3b-n,f69r,"f69r.15,&L0","okair.os,air",okair os air
ZL3b-n,f69r,"f69r.16,&L0",chytos.[o:a]ly,chytos oly
ZL3b-n,f69r,"f69r.17,&L0",chetar.araly,chetar araly
ZL3b-n,f69r,"f69r.18,&L0","dair,alody",dair alody
ZL3b-n,f69r,"f69r.19,&L0","dal,daiin.otalam",dal daiin otalam
ZL3b-n,f69r,"f69r.20,&L0",ytcheodytor,ytcheodytor
ZL3b-n,f69r,"f69r.21,@Ro",<!09:15>chodchy.chotal,chodchy chotal
ZL3b-n,f69r,"f69r.22,@Ro",<!10:00>okeo.sho.qotam,okeo sho qotam
ZL3b-n,f69r,"f69r.23,@Ro",<!10:30>okeodar.oteody,okeodar oteody
ZL3b-n,f69r,"f69r.24,@Ro","<!11:00>ykeeos.al,dair,dar",ykeeos al dair dar
ZL3b-n,f69r,"f69r.25,@Ro",<!11:30>ykeey.dal.oky,ykeey dal oky
ZL3b-n,f69r,"f69r.26,@Ro",<!00:00>doly.dal.dar.chyky,doly dal dar chyky
ZL3b-n,f69r,"f69r.27,@Ro",<!00:30>okchol.qokol.daly,okchol qokol daly
ZL3b-n,f69r,"f69r.28,@Ro",<!01:00>ykechody.otar,ykechody otar
ZL3b-n,f69r,"f69r.29,@Ro",<!01:30>dary.dar.aloly,dary dar aloly
ZL3b-n,f69r,"f69r.30,@Ro",<!02:30>okeeocthy.okar.ar,okeeocthy okar ar
ZL3b-n,f69r,"f69r.31,@Ro",<!03:00>chey.ar.cthorary,chey ar cthorary
ZL3b-n,f69r,"f69r.32,@Ro",<!03:30>sair.chekey.sairam,sair chekey sairam
ZL3b-n,f69r,"f69r.33,@Ro",<!04:00>okeeo.dal.okar.a[r:s],okeeo dal okar ar
ZL3b-n,f69r,"f69r.34,@Ro",<!05:00>sol.aiir.okeytam,sol aiir okeytam
ZL3b-n,f69r,"f69r.35,@Ro","<!05:30>okeos.ar,ald",okeos ar ald
ZL3b-n,f69r,"f69r.36,@Ro",<!05:45>docheeo.kody.sar,docheeo kody sar
ZL3b-n,f69r,"f69r.37,@Ro",<!06:15>dchokey.shkchodyal,dchokey shkchodyal
ZL3b-n,f69r,"f69r.38,@Ro",<!06:45>chor.al.[a:y]lchy.ral,chor al alchy ral
ZL3b-n,f69r,"f69r.39,@Ro","<!07:00>sair,al.okody.otedy",sair al okody otedy
ZL3b-n,f69r,"f69r.40,@Ro",<!07:30>okody.cheody.sar,okody cheody sar
ZL3b-n,f69r,"f69r.41,@Ro",<!08:00>chokeod.okeey,chokeod okeey
ZL3b-n,f69r,"f69r.42,@Ro",<!08:45>dkochy.cthody.dy,dkochy cthody dy
ZL3b-n,f69r,"f69r.43,@Cc","<!10:30>okoeese.daiikey.oees.chear,yteey.oteeodar.ch[y:o].okeeos.alaiin",okoeese daiikey oees chear yteey oteeodar chy okeeos alaiin
ZL3b-n,f69r,"f69r.44,@L0",<!1>y,y
ZL3b-n,f69r,"f69r.45,@L0",<!2>d,d
ZL3b-n,f69r,"f69r.46,@L0",<!3>o,o
ZL3b-n,f69r,"f69r.47,@L0",<!4>l,l
ZL3b-n,f69r,"f69r.48,@L0",<!5>s,s
ZL3b-n,f69r,"f69r.49,@L0",<!6>e[d:g],ed
ZL3b-n,f69v,"f69v.1,@Cc","<!11:00>dair.cheyky.otaza.sar,ar,chykar.okoirsh,ar.chetody.okeeos.o,tey.otokeeey.okeeody.okeey.doiir.{c@204;}teeo.y.chey.ot.y.okedy.chsdy.okeod.y.dy.choaiin.okar.okar.chol.chees.yto.odair.oty.oteeo.dar.o,eykeody.dchor.char",dair cheyky otaza sar ar chykar okoirsh ar chetody okeeos o tey otokeeey okeeody okeey doiir teeo y chey ot y okedy chsdy okeod y dy choaiin okar okar chol chees yto odair oty oteeo dar o eykeody dchor char
ZL3b-n,f69v,"f69v.2,@Cc","<!11:00>yka{c@204;}.chol.ykar.dal.ykady.[i:?]okeeor.cheey.choly.ykeeal.cheo[?:s].oaram.ockhy.sheey.aiin,y.daii[a:?]l.cheody.cheal.yetey.chear,y,dy.ykey.ch.y.dy.chol.ykar.ol,y.ykeeody,chey.dal,ody.airchy.choky.ychey.chey",yka chol ykar dal ykady iokeeor cheey choly ykeeal oaram ockhy sheey aiin y daiial cheody cheal yetey chear y dy ykey ch y dy chol ykar ol y ykeeody chey dal ody airchy choky ychey chey
ZL3b-n,f69v,"f69v.3,@Cc","<!11:00>doair.otaldal.dair.@240;.chdy.otoar.ar,@240;,chy.qoteor.cho.qotair.chda.oteeal.cheor,ar,air.oteody.ytyd,a.dchy.otoly.okeodal.oteoarar.cheteese?r.dair.chey.okody.dal.oteey.oteey",doair otaldal dair chdy otoar ar chy qoteor cho qotair chda oteeal cheor ar air oteody ytyd a dchy otoly okeodal oteoarar dair chey okody dal oteey oteey
ZL3b-n,f69v,"f69v.4,@Ri","<!09:30>okeey,sar",okeey sar
ZL3b-n,f69v,"f69v.5,@Ri","<!10:00>okeo,dy",okeo dy
ZL3b-n,f69v,"f69v.6,@Ri",<!10:30>ochoyk,ochoyk
ZL3b-n,f69v,"f69v.7,@Ri",<!11:00>ykeey,ykeey
ZL3b-n,f69v,"f69v.8,@Ri",<!11:30>ytory,ytory
ZL3b-n,f69v,"f69v.9,@Ri",<!00:00>oeesy,oeesy
ZL3b-n,f69v,"f69v.10,@Ri",<!00:15>ytody,ytody
ZL3b-n,f69v,"f69v.11,@Ri",<!00:30>okody,okody
ZL3b-n,f69v,"f69v.12,@Ri",<!01:00>otody,otody
ZL3b-n,f69v,"f69v.13,@Ri",<!01:30>oke[a:o]l,okeal
ZL3b-n,f69v,"f69v.14,@Ri",<!02:00>okeod,okeod
ZL3b-n,f69v,"f69v.15,@Ri",<!02:15>oteeys,oteeys
ZL3b-n,f69v,"f69v.16,@Ri",<!02:45>oteol,oteol
ZL3b-n,f69v,"f69v.17,@Ri",<!03:00>ykeydy,ykeydy
ZL3b-n,f69v,"f69v.18,@Ri",<!03:15>okeod,okeod
ZL3b-n,f69v,"f69v.19,@Ri",<!03:30>saral,saral
ZL3b-n,f69v,"f69v.20,@Ri",<!04:00>saiir,saiir
ZL3b-n,f69v,"f69v.21,@Ri",<!04:30>okolar,okolar
ZL3b-n,f69v,"f69v.22,@Ri",<!05:00>ykeody,ykeody
ZL3b-n,f69v,"f69v.23,@Ri",<!05:15>sarydy,sarydy
ZL3b-n,f69v,"f69v.24,@Ri",<!05:45>otchy,otchy
ZL3b-n,f69v,"f69v.25,@Ri","<!06:00>okeey,dy",okeey dy
ZL3b-n,f69v,"f69v.26,@Ri","<!06:30>okey,[d:g]",okey d
ZL3b-n,f69v,"f69v.27,@Ri",<!07:00>okeod,okeod
ZL3b-n,f69v,"f69v.28,@Ri",<!07:30>okodchy,okodchy
ZL3b-n,f69v,"f69v.29,@Ri",<!08:00>okeody,okeody
ZL3b-n,f69v,"f69v.30,@Ri",<!08:30>okchey[s:r],okcheys
ZL3b-n,f69v,"f69v.31,@Ri",<!08:45>oar.alys,oar alys
ZL3b-n,f70r1,"f70r1.1,@Cc",<!11:00>???ooooooooolar.sasa,sasa
ZL3b-n,f70r1,"f70r1.2,@Cc","<!10:30>oteody.choekeeos.alair,dy.okol.okeey.dasy.ot[a:o]rsheod.okchody.oteos.okes.okeys.[e:i]y.okchol.sairody.o.chopcheopchy.chol,air.shekchy.choteody.oteeshs.opcheody.otol.choky.chody.chotey.sheal,ar.ykeody.oteey.chedaiin.chotar.soly",oteody choekeeos alair dy okol okeey dasy otarsheod okchody oteos okes okeys ey okchol sairody o chopcheopchy chol air shekchy choteody oteeshs opcheody otol choky chody chotey sheal ar ykeody oteey chedaiin chotar soly
ZL3b-n,f70r1,"f70r1.3,+Cc","<!09:30>okeodar.chy.oteody.tochady.okchody.ytar.ytory.okeol.choly.yk,y.okchedy.chkal.ofchon.qokal.opolaiin.okeos.oty.dal.cheokeey,dal.cheo.al.oteeoky.chety.chodalar.okal.chear.aly.oteos,ar.os,al.okolair.dy",okeodar chy oteody tochady okchody ytar ytory okeol choly yk y okchedy chkal ofchon qokal opolaiin okeos oty dal cheokeey dal cheo al oteeoky chety chodalar okal chear aly oteos ar os al okolair dy
ZL3b-n,f70r1,"f70r1.4,@Ri",<!09:30>yfcheodly,yfcheodly
ZL3b-n,f70r1,"f70r1.5,@Ri","<!10:30>ytcheos,aly",ytcheos aly
ZL3b-n,f70r1,"f70r1.6,@Ri",<!00:00>otchy.dar.yky,otchy dar yky
ZL3b-n,f70r1,"f70r1.7,@Ri",<!01:30>opar.ykchy,opar ykchy
ZL3b-n,f70r1,"f70r1.8,@Ri","<!03:00>y,saikchy.dam",y saikchy dam
ZL3b-n,f70r1,"f70r1.9,@Ri","<!04:30>otair,oroldy",otair oroldy
ZL3b-n,f70r1,"f70r1.10,@Ri",<!06:00>dchal.daim,dchal daim
ZL3b-n,f70r1,"f70r1.11,@Ri",<!07:30>yteody.sam,yteody sam
ZL3b-n,f70r1,"f70r1.12,@Ri","<!08:45>okchy,daldy",okchy daldy
ZL3b-n,f70r1,"f70r1.13,@Cc","<!11:00>tshey.ol.oteey.ched,ar.oteos.cheor.alal.otar.ar,y.oteodchey.keody.oteos,al.oteeed",tshey ol oteey ched ar oteos cheor alal otar ar y oteodchey keody oteos al oteeed
ZL3b-n,f70r1,"f70r1.14,@Ri",<!09:30>ykeal,ykeal
ZL3b-n,f70r1,"f70r1.15,@Ri",<!11:30>okeody,okeody
ZL3b-n,f70r1,"f70r1.16,@Ri",<!01:30>otody,otody
ZL3b-n,f70r1,"f70r1.17,@Ri",<!03:30>ypolol,ypolol
ZL3b-n,f70r1,"f70r1.18,@Ri",<!05:30>chodal,chodal
ZL3b-n,f70r1,"f70r1.19,@Ri",<!08:30>okasd,okasd
ZL3b-n,f70r2,"f70r2.1,@P1",<%>otchey.sheol.chkey.shep.al.r.ar.chly.sheteal.aram,otchey sheol chkey shep al r ar chly sheteal aram
ZL3b-n,f70r2,"f70r2.2,+P1","dair,cheey.s,cheotey.dshy.dam.chchet.al.yke{c'}y",dair cheey s cheotey dshy dam chchet al ykey
ZL3b-n,f70r2,"f70r2.3,+P1","ykeeo.y.s.ald.shey.cthy.shekey.qokal,aiir.oteog",ykeeo y s ald shey cthy shekey qokal aiir oteog
ZL3b-n,f70r2,"f70r2.4,+P1",daiin.okeey.shoaiin.{ckhh}ey.otal.shshy.tal.dam,daiin okeey shoaiin ckhhey otal shshy tal dam
ZL3b-n,f70r2,"f70r2.5,+P1",tal.cheeog.dal.chcthy.qotal.ddl[a:o]r.chal.dal,tal cheeog dal chcthy qotal ddlar chal dal
ZL3b-n,f70r2,"f70r2.6,+P1",ytar.ar.al.yol.al.aloees.ytaiir.otaldal,ytar ar al yol al aloees ytaiir otaldal
ZL3b-n,f70r2,"f70r2.7,+P1",daiin.daiin.she.tal.qokal.chol{ckhh}y.dy,daiin daiin she tal qokal cholckhhy dy
ZL3b-n,f70r2,"f70r2.8,+P1",ytals.alal.dalam.dal.cthol.oparam,ytals alal dalam dal cthol oparam
ZL3b-n,f70r2,"f70r2.9,+P1","dolshol.shol.shol.sho{cthh}y.dalal,y",dolshol shol shol shocthhy dalal y
ZL3b-n,f70r2,"f70r2.10,+P1","shokal.chol,kshody.tol.cheey.okal",shokal chol kshody tol cheey okal
ZL3b-n,f70r2,"f70r2.11,+P1",daiin.chotal.qokal.chol.chotals,daiin chotal qokal chol chotals
ZL3b-n,f70r2,"f70r2.12,+P1",qokal.shkal.dal.shy.qokal.chdy,qokal shkal dal shy qokal chdy
ZL3b-n,f70r2,"f70r2.13,+P1","qotal,che,y.key.okechy.chdy.cham",qotal che y key okechy chdy cham
ZL3b-n,f70r2,"f70r2.14,+P1",okaiin.ch{cthh}y.s.or.ary<$>,okaiin chcthhy s or ary
ZL3b-n,f70r2,"f70r2.15,@Cc","<!10:00>sal.air.am.shedy.chokal.cho{ikh}y.shokeey.choky.chol.dy.okeeal.o,teedy.dgr.dair,aiin.okees.okeear.ar,alekeey.ar,kam.oteoodalry.chekeoar.chokey.dar.dcheoky.otai.do{ith}y.dair.otchetchar.okear.okeeo.lal.kch[g:?].okar.ar,dar",sal air am shedy chokal choikhy shokeey choky chol dy okeeal o teedy dgr dair aiin okees okeear ar alekeey ar kam oteoodalry chekeoar chokey dar dcheoky otai doithy dair otchetchar okear okeeo lal kchg okar ar dar
ZL3b-n,f70r2,"f70r2.16,+Cc","<!10:00>otar.ar.chedal.oaral.aldaiin.ykeeedaiis.sheo.l,dar.chol.ykees.aiir,dl.cheey.[s:r]keeod.oteeodar.aiin.aral.daiir.sheedal.sheodaiin.choar.chol.chot[e:i]oly.cho.oteey.chotey.choeky.chedy.choteosam.oteodar.o{ckhh}",otar ar chedal oaral aldaiin ykeeedaiis sheo l dar chol ykees aiir dl cheey skeeod oteeodar aiin aral daiir sheedal sheodaiin choar chol choteoly cho oteey chotey choeky chedy choteosam oteodar ockhh
ZL3b-n,f70r2,"f70r2.17,+Cc","<!09:15>oches,air.chese.ctheey.sheeody.shopcho.yteody.ykaldy.oteeos.aiin.sh[e:?]y.shee.farar.aim.cheoteeodal.sho.choetchaldy.dal.aiir,ches.otesar.dalol.chtam.opaiir.chokeo.oteedy.oteeo.okol.chotal.otol,al.dl",oches air chese ctheey sheeody shopcho yteody ykaldy oteeos aiin shey shee farar aim cheoteeodal sho choetchaldy dal aiir ches otesar dalol chtam opaiir chokeo oteedy oteeo okol chotal otol al dl
ZL3b-n,f70r2,"f70r2.18,+Cc","<!09:15>otoy.ar,arodchedy.cheocphey.oteeos.ees.cheal.sheeey.okeedaly.cheeoekey.yk[ee:ei]d[{cr}:ar].oteey.s.al.s.air.oteody.oteody.dar.aiir.ody.cheeos,chey.daiin.otoeeseor.air.chedy.okodar.al.sho.chotol.dal,dy",otoy ar arodchedy cheocphey oteeos ees cheal sheeey okeedaly cheeoekey ykeedcr oteey s al s air oteody oteody dar aiir ody cheeos chey daiin otoeeseor air chedy okodar al sho chotol dal dy
ZL3b-n,f70r2,"f70r2.19,@Cc","<!12:00>oteesy.ol,chy.oteo.sal.ol.keey.oteol.choky.otcho[sh:ch]a",oteesy ol chy oteo sal ol keey oteol choky otchosha
ZL3b-n,f70v2,"f70v2.1,@Cc","<!10:30>okcheo.dar.otey.ykeey.tchy.otsheo.oteotey.she[y:o].shecth.opcheoldair.dateey.sal.ody.choteey.choeteedy.oteoteotsho.yteos.alain.sheodaly.{c@162;h}o.aiin.cholkal.chokear.oteody.cholaiin.oteeoal.al.sheeos.okey.chol,dy.otees.cho.s.ola[r:n].otoaiin.oteeody.sos.todaiin.chokain.otalal.oteeam",okcheo dar otey ykeey tchy otsheo oteotey shey shecth opcheoldair dateey sal ody choteey choeteedy oteoteotsho yteos alain sheodaly o aiin cholkal chokear oteody cholaiin oteeoal al sheeos okey chol dy otees cho s olar otoaiin oteeody sos todaiin chokain otalal oteeam
ZL3b-n,f70v2,"f70v2.2,@Lz",<!09:00>otalalg,otalalg
ZL3b-n,f70v2,"f70v2.3,&Lz",<!10:00>ykary,ykary
ZL3b-n,f70v2,"f70v2.5,&Lz",<!11:00>oty,oty
ZL3b-n,f70v2,"f70v2.6,&Lz",<!11:30>oky.ody,oky ody
ZL3b-n,f70v2,"f70v2.7,&Lz",<!00:00>oty.ar,oty ar
ZL3b-n,f70v2,"f70v2.8,&Lz",<!00:30>okala,okala
ZL3b-n,f70v2,"f70v2.9,&Lz",<!01:00>otody,otody
ZL3b-n,f70v2,"f70v2.10,&Lz",<!01:30>otald,otald
ZL3b-n,f70v2,"f70v2.11,&Lz",<!02:00>otaldar,otaldar
ZL3b-n,f70v2,"f70v2.12,&Lz",<!02:45>okody,okody
ZL3b-n,f70v2,"f70v2.13,&Lz",<!03:15>opysam,opysam
ZL3b-n,f70v2,"f70v2.14,&Lz",<!04:00>ch{ckhh}y,chckhhy
ZL3b-n,f70v2,"f70v2.15,&Lz",<!04:30>otaly,otaly
ZL3b-n,f70v2,"f70v2.16,&Lz",<!05:30>otal.arar,otal arar
ZL3b-n,f70v2,"f70v2.17,&Lz",<!06:30>otaldy,otaldy
ZL3b-n,f70v2,"f70v2.18,&Lz",<!07:00>okeoly,okeoly
ZL3b-n,f70v2,"f70v2.19,&Lz",<!08:00>okydy,okydy
ZL3b-n,f70v2,"f70v2.20,&Lz",<!08:30>okee[s:r],okees
ZL3b-n,f70v2,"f70v2.21,@Cc","<!09:00>daii@197;amdy.otar.am.aral.otair,chedaiin.oteey.dair.shchey.daiin.chalaly.oteody.chotol.chedy.oteotey.oteeeor,ar.alody.daiir.oteedar.oteey.teey.dalal.cheoltey.oteedy.sheeteey.?okeeol.ykeeos.shey.ykair.arar.alos",daiiamdy otar am aral otair chedaiin oteey dair shchey daiin chalaly oteody chotol chedy oteotey oteeeor ar alody daiir oteedar oteey teey dalal cheoltey oteedy sheeteey ykeeos shey ykair arar alos
ZL3b-n,f70v2,"f70v2.22,@Lz",<!10:00>otar.am,otar am
ZL3b-n,f70v2,"f70v2.23,&Lz","<!11:00>otar,al",otar al
ZL3b-n,f70v2,"f70v2.24,&Lz",<!00:00>otalar,otalar
ZL3b-n,f70v2,"f70v2.25,&Lz",<!01:30>otalam,otalam
ZL3b-n,f70v2,"f70v2.26,&Lz",<!03:00>dolaram,dolaram
ZL3b-n,f70v2,"f70v2.27,&Lz",<!04:00>okaram,okaram
ZL3b-n,f70v2,"f70v2.28,&Lz",<!05:00>oteosal,oteosal
ZL3b-n,f70v2,"f70v2.29,&Lz",<!06:30>salols,salols
ZL3b-n,f70v2,"f70v2.30,&Lz",<!08:00>okaldal,okaldal
ZL3b-n,f70v2,"f70v2.31,&Lz",<!09:00>ykolaiin,ykolaiin
ZL3b-n,f70v2,"f70v2.32,@Cc","<!09:00>otal.daly.oteoal.dal,aildy.otaiin.ar.oteey.shal.o.qoteeal.ar.al.otaiin.al.teodaiin.oteeo,cthey.oteeos.oteos.aiin.daim",otal daly oteoal dal aildy otaiin ar oteey shal o qoteeal ar al otaiin al teodaiin oteeo cthey oteeos oteos aiin daim
ZL3b-n,f70v2,"f70v2.33,@Lz",otolal,otolal
ZL3b-n,f70v1,"f70v1.1,@Cc","<!11:00>dalalody.oteoshey.okoksheo.shokey.raiin.otor.ochy.s.a[ir:is].cheody.cheey.oteo,[ch:ee]y.daiir.chcthy.dlal.oteodaiin.ykeody.oteody.sheo.daiin.oteedy.chetalchs.zar.shoteeody.okeeo,dal.cheody.okchoteees.oteeody.cheokeo.otaiin.shes.to,ar.oly.daly.sheal",dalalody oteoshey okoksheo shokey raiin otor ochy s air cheody cheey oteo chy daiir chcthy dlal oteodaiin ykeody oteody sheo daiin oteedy chetalchs zar shoteeody okeeo dal cheody okchoteees oteeody cheokeo otaiin shes to ar oly daly sheal
ZL3b-n,f70v1,"f70v1.2,@Lz",<!10:30>otalchy.tar.am.dy,otalchy tar am dy
ZL3b-n,f70v1,"f70v1.3,&Lz",<!00:00>opchey.sal,opchey sal
ZL3b-n,f70v1,"f70v1.4,&Lz",<!01:00>otakaizan,otakaizan
ZL3b-n,f70v1,"f70v1.5,&Lz",<!02:30>okalal,okalal
ZL3b-n,f70v1,"f70v1.6,&Lz",<!03:30>otaly,otaly
ZL3b-n,f70v1,"f70v1.7,&Lz",<!04:30>oalcheg,oalcheg
ZL3b-n,f70v1,"f70v1.8,&Lz",<!06:00>otchodals,otchodals
ZL3b-n,f70v1,"f70v1.9,&Lz",<!07:00>okolshy,okolshy
ZL3b-n,f70v1,"f70v1.10,&Lz",<!08:00>otshshdy,otshshdy
ZL3b-n,f70v1,"f70v1.11,&Lz",<!09:00>otal.ypsharal,otal ypsharal
ZL3b-n,f70v1,"f70v1.12,@Cc","<!11:00>daiin.okey.otodal.cheokeeo.okeodal.shol.olaiin.saiin.sheo.qokeeol.otchykey.chekeal.oteosaiin.chekey.okeolol.chees.o?eey.opotey.dal,al,s.otecheo.dal",daiin okey otodal cheokeeo okeodal shol olaiin saiin sheo qokeeol otchykey chekeal oteosaiin chekey okeolol chees opotey dal al s otecheo dal
ZL3b-n,f70v1,"f70v1.13,@Lz",<!10:30>okoly,okoly
ZL3b-n,f70v1,"f70v1.14,&Lz",<!00:00>otalaiin,otalaiin
ZL3b-n,f70v1,"f70v1.15,&Lz",<!02:00>oteo.alals.araly,oteo alals araly
ZL3b-n,f70v1,"f70v1.16,&Lz",<!05:00>oteoeey.otal.okealar,oteoeey otal okealar
ZL3b-n,f70v1,"f70v1.17,&Lz",<!08:00>otear.araydy,otear araydy
ZL3b-n,f71r,"f71r.1,@Cc","<!10:00>olkeeody.okody.okeeedy.oky,chy.okeodar.okeoky.oteody.oto.otol.oteeyar.yko,oar.aiin.oekeeey.okeo,keo,keody.okeodar,chy.s.aiin.otokeoar.or.ar.al.otol.al.shckhy.oteeeodar.oteody.otol,aiin.shoekey.solalald.cheeokeeo.[ch:?]oe[k:t]y.choly",olkeeody okody okeeedy oky chy okeodar okeoky oteody oto otol oteeyar yko oar aiin oekeeey okeo keo keody okeodar chy s aiin otokeoar or ar al otol al shckhy oteeeodar oteody otol aiin shoekey solalald cheeokeeo choeky choly
ZL3b-n,f71r,"f71r.2,@Lz",<!10:00>oteos.arar,oteos arar
ZL3b-n,f71r,"f71r.3,&Lz",<!11:00>okldam,okldam
ZL3b-n,f71r,"f71r.4,&Lz",<!00:00>oteoaldy,oteoaldy
ZL3b-n,f71r,"f71r.5,&Lz",<!01:00>oteolar,oteolar
ZL3b-n,f71r,"f71r.6,&Lz",<!02:00>okeoaly,okeoaly
ZL3b-n,f71r,"f71r.7,&Lz",<!03:00>otaleky,otaleky
ZL3b-n,f71r,"f71r.8,&Lz",<!04:30>otalsar,otalsar
ZL3b-n,f71r,"f71r.9,&Lz",<!05:30>cheary,cheary
ZL3b-n,f71r,"f71r.10,&Lz",<!07:00>oteotey.rary,oteotey rary
ZL3b-n,f71r,"f71r.11,&Lz",<!08:30>otalaly,otalaly
ZL3b-n,f71r,"f71r.12,@Cc","<!10:00>oteody.oteos.o{ckhh}y.oteeschey.lsheotey.okalody.shs.shey.oteey.otechar.chek[a:?]l.okody.eeedy.oteodal.eeokol.lkchol.daiin.okeeees.ykees.al.ok[ee:a]y.otey.oteo,shaly.o",oteody oteos ockhhy oteeschey lsheotey okalody shs shey oteey otechar chekal okody eeedy oteodal eeokol lkchol daiin okeeees ykees al okeey otey oteo shaly o
ZL3b-n,f71r,"f71r.13,@Lz",<!11:00>otolchdy,otolchdy
ZL3b-n,f71r,"f71r.14,&Lz",<!00:30>otoloaram,otoloaram
ZL3b-n,f71r,"f71r.15,&Lz",<!03:30>oteeol,oteeol
ZL3b-n,f71r,"f71r.16,&Lz",<!05:30>otolchd,otolchd
ZL3b-n,f71r,"f71r.17,&Lz",<!08:00>otaldar,otaldar
ZL3b-n,f71r,"f71r.18,@Cc","<!10:00>oteeol.otal,chs.char.cheky.chotshy.okeeody.oteey.chekea'.okeol",oteeol otal chs char cheky chotshy okeeody oteey chekea okeol
ZL3b-n,f71v,"f71v.1,@Cc","<!10:30>osheo.parar.oteeodaiin.she.ateey.daiin.oteokeey.dal.al.oteey.teey,dy.otchy.keey.sheeo.ochey.?chey.otcheodal.sheealody.cheol.otar.okam.oteodar.chpchy.{cp}ar.al.aiin.oteoshar.okeodaly.oteey.teeey.oteey.keor.or.arol.cheols.okaikaly",osheo parar oteeodaiin she ateey daiin oteokeey dal al oteey teey dy otchy keey sheeo ochey otcheodal sheealody cheol otar okam oteodar chpchy cpar al aiin oteoshar okeodaly oteey teeey oteey keor or arol cheols okaikaly
ZL3b-n,f71v,"f71v.2,@Lz",<!10:00>char.arom,char arom
ZL3b-n,f71v,"f71v.3,&Lz",<!11:00>chfaly,chfaly
ZL3b-n,f71v,"f71v.4,&Lz",<!00:00>okolar,okolar
ZL3b-n,f71v,"f71v.5,&Lz",<!01:00>otchody,otchody
ZL3b-n,f71v,"f71v.6,&Lz",<!02:00>alcphy,alcphy
ZL3b-n,f71v,"f71v.7,&Lz",<!03:00>otaiin,otaiin
ZL3b-n,f71v,"f71v.8,&Lz",<!04:30>okaraiin,okaraiin
ZL3b-n,f71v,"f71v.9,&Lz","<!05:30>otar.ar,aly",otar ar aly
ZL3b-n,f71v,"f71v.10,&Lz",<!07:00>opalar.am.dan,opalar am dan
ZL3b-n,f71v,"f71v.11,&Lz",<!09:00>opalor.ar,opalor ar
ZL3b-n,f71v,"f71v.12,@Cc","<!11:00>chal.oteeos.al.sheky.okalar,ar,okeo,dar.oty.oto,kaiin.chey.tal.otchr.chtos.cheor.shepchol.otor.sheo.shopcho.ar.aly.okeo.cheey.otal.al.shldy.otaly.okol.sheeor",chal oteeos al sheky okalar ar okeo dar oty oto kaiin chey tal otchr chtos cheor shepchol otor sheo shopcho ar aly okeo cheey otal al shldy otaly okol sheeor
ZL3b-n,f71v,"f71v.13,@Lz",<!10:00>ofa{if}om,ofaifom
ZL3b-n,f71v,"f71v.14,&Lz",<!00:00>otalody,otalody
ZL3b-n,f71v,"f71v.15,&Lz",<!03:00>otalaiin,otalaiin
ZL3b-n,f71v,"f71v.16,&Lz",<!05:30>otar.sh[a:o]r,otar shar
ZL3b-n,f71v,"f71v.17,&Lz",<!08:30>sholshdy,sholshdy
ZL3b-n,f71v,"f71v.18,@Cc",<!11:30>okeey.okeosar.otaiin.chkeeal.okal.cheekaiin.okaiin.okchor.dar.oteey.kal,okeey okeosar otaiin chkeeal okal cheekaiin okaiin okchor dar oteey kal
ZL3b-n,f72r1,"f72r1.1,@Cc",<!11:00>oteeo.cthey.chlol.cheol.olcheor.al.oteey.chedal.oteedy.okeodaly.chol.chokeol.cheo?ky.okaiir.okeedy.sheoltey.cheor.aiin.ydal.okochey.sho.okalshey.shol.chalaiin.chekeol.kol.otos.ar.aiin.otam.otam.chotam.sal.okeo.dar.ar.a[d:j]al.dar.okeeas.aiin.oteey.okaiin,oteeo cthey chlol cheol olcheor al oteey chedal oteedy okeodaly chol chokeol okaiir okeedy sheoltey cheor aiin ydal okochey sho okalshey shol chalaiin chekeol kol otos ar aiin otam otam chotam sal okeo dar ar adal dar okeeas aiin oteey okaiin
ZL3b-n,f72r1,"f72r1.2,@Lz",<!09:30>oshod[a:o]dy,oshodady
ZL3b-n,f72r1,"f72r1.3,&Lz",<!10:30>chdaiirdainy,chdaiirdainy
ZL3b-n,f72r1,"f72r1.4,&Lz","<!00:00>oaiin,ar,ary",oaiin ar ary
ZL3b-n,f72r1,"f72r1.5,&Lz",<!01:00>okalam,okalam
ZL3b-n,f72r1,"f72r1.6,&Lz",<!02:00>ytalshdy,ytalshdy
ZL3b-n,f72r1,"f72r1.7,&Lz",<!03:00>char.alif,char alif
ZL3b-n,f72r1,"f72r1.8,&Lz",<!03:30>otaraldy,otaraldy
ZL3b-n,f72r1,"f72r1.9,&Lz",<!05:00>otaiin.otain,otaiin otain
ZL3b-n,f72r1,"f72r1.10,&Lz","<!07:00>otalef,ys.ainam",otalef ys ainam
ZL3b-n,f72r1,"f72r1.11,&Lz","<!08:30>ochol,sharam",ochol sharam
ZL3b-n,f72r1,"f72r1.12,@Cc","<!09:00>oteodar.ytey.otey.shetey.chokshor.okalal.otaiin.sheolaiin.otaiin.chetey.cheolor.oteo,teeody.otar.chokaiin.okaiin.al.alo.cheedy.otear,ar.cheky.chokal.otar.al,o,qokar",oteodar ytey otey shetey chokshor okalal otaiin sheolaiin otaiin chetey cheolor oteo teeody otar chokaiin okaiin al alo cheedy otear ar cheky chokal otar al o qokar
ZL3b-n,f72r1,"f72r1.13,@Lz",<!09:00>ofaralar,ofaralar
ZL3b-n,f72r1,"f72r1.14,&Lz",<!00:00>otchoshy,otchoshy
ZL3b-n,f72r1,"f72r1.15,&Lz",<!02:00>otchdal,otchdal
ZL3b-n,f72r1,"f72r1.16,&Lz",<!04:00>okeey.ary,okeey ary
ZL3b-n,f72r1,"f72r1.17,&Lz",<!07:00>otainy,otainy
ZL3b-n,f72r1,"f72r1.18,@Cc",<!11:30>okeeols.aroly.okees.alaiin.okeor.chol.o.oteos.aiin.chal.otaiin.[a:o]tchor.chckhy,okeeols aroly okees alaiin okeor chol o oteos aiin chal otaiin atchor chckhy
ZL3b-n,f72r2,"f72r2.1,@Lz",<!10:30>ofchdamy,ofchdamy
ZL3b-n,f72r2,"f72r2.2,&Lz",<!11:00>oklairdy,oklairdy
ZL3b-n,f72r2,"f72r2.3,&Lz",<!00:00>okaram,okaram
ZL3b-n,f72r2,"f72r2.4,&Lz",<!00:30>okairy,okairy
ZL3b-n,f72r2,"f72r2.5,&Lz",<!01:00>okealar,okealar
ZL3b-n,f72r2,"f72r2.6,@Cc","<!10:00>oteos.aiin.okeo,daiin.okeey.cheo.keodal.chol.okeol.ol{ckhh}y.oteeykeey.tey.okalaiin.okalchal,chey.al.<!long gap>o.keey.daiin.otar.al.chotaiin.otchey.qoeeeo,s.[ckh:?]al.chekaiin.otaiin.chy.d.r.aiin.al.y.{chh}o.chekaiin.okedal.qokeodal.saiin.otois.otees",oteos aiin okeo daiin okeey cheo keodal chol okeol olckhhy oteeykeey tey okalaiin okalchal chey al o keey daiin otar al chotaiin otchey qoeeeo s ckhal chekaiin otaiin chy d r aiin al y chho chekaiin okedal qokeodal saiin otois otees
ZL3b-n,f72r2,"f72r2.7,@Lz",<!10:00>otaraldy,otaraldy
ZL3b-n,f72r2,"f72r2.8,&Lz",<!11:00>okalar,okalar
ZL3b-n,f72r2,"f72r2.9,&Lz",<!11:45>okal,okal
ZL3b-n,f72r2,"f72r2.10,&Lz",<!00:15>okaly,okaly
ZL3b-n,f72r2,"f72r2.11,&Lz",<!01:00>okal,okal
ZL3b-n,f72r2,"f72r2.12,&Lz",<!02:00>okeey.ary,okeey ary
ZL3b-n,f72r2,"f72r2.13,&Lz",<!03:00>oteeary,oteeary
ZL3b-n,f72r2,"f72r2.14,&Lz","<!04:00>otair,dy",otair dy
ZL3b-n,f72r2,"f72r2.15,&Lz",<!05:00>okaircham,okaircham
ZL3b-n,f72r2,"f72r2.16,&Lz",<!06:00>okeal,okeal
ZL3b-n,f72r2,"f72r2.17,&Lz",<!06:30>otar{cr},otarcr
ZL3b-n,f72r2,"f72r2.18,&Lz",<!07:30>okaly,okaly
ZL3b-n,f72r2,"f72r2.19,&Lz",<!08:00>orary,orary
ZL3b-n,f72r2,"f72r2.20,&Lz",<!09:00>okyd,okyd
ZL3b-n,f72r2,"f72r2.21,&Lz",<!09:30>otolam,otolam
ZL3b-n,f72r2,"f72r2.22,@Cc","<!10:00>oteey.tey.teodal.chokaly.ol.cheol.ol.aiin.oteo,daiin.shokal.otey.otaiin.otaly,dal.okaly.dalchdy.{ch'}eteeey.okal.shey.qoteeody.sheycthy.chotal,chas.otoees.aiin",oteey tey teodal chokaly ol cheol ol aiin oteo daiin shokal otey otaiin otaly dal okaly dalchdy eteeey okal shey qoteeody sheycthy chotal chas otoees aiin
ZL3b-n,f72r2,"f72r2.23,@Lz",<!10:30>otal,otal
ZL3b-n,f72r2,"f72r2.24,&Lz",<!11:30>ralal,ralal
ZL3b-n,f72r2,"f72r2.25,&Lz",<!00:30>okam,okam
ZL3b-n,f72r2,"f72r2.26,&Lz",<!02:00>otalshy,otalshy
ZL3b-n,f72r2,"f72r2.27,&Lz",<!03:30>okaldy,okaldy
ZL3b-n,f72r2,"f72r2.28,&Lz",<!05:00>chosar,chosar
ZL3b-n,f72r2,"f72r2.29,&Lz",<!06:30>otam,otam
ZL3b-n,f72r2,"f72r2.30,&Lz",<!08:00>ainaly,ainaly
ZL3b-n,f72r2,"f72r2.31,&Lz",<!09:00>okarcham,okarcham
ZL3b-n,f72r2,"f72r2.32,@Cc","<!09:30>otoar.air,aloy.oka[iin:ii?].otees.chs.chchs,ar.aly.taly.dar.otchey.okaiin.olaiin.@211;y",otoar air aloy okaiin otees chs chchs ar aly taly dar otchey okaiin olaiin y
ZL3b-n,f72r3,"f72r3.1,@Cc","<!10:00 after wide gap>okeey.chekoy.oteo.ykeey.chedaiin.okeeol.cheeor.chocthar.ar.oteody.oteedy.okeolaiin.oteey.okarar.???.???teo.sheol.al.alaiiin.okeos.alaiin.okor.o,keodar.okee.s,ar,aiin.chekackhy.chokees.oteedy.chekar.okar,choly.ches,os.oiin.okeeey.cheey.ches.okeody.chealdy.shocthy.choteey.sheoly.{oh}eol.sheey.chorain",okeey chekoy oteo ykeey chedaiin okeeol cheeor chocthar ar oteody oteedy okeolaiin oteey okarar sheol al alaiiin okeos alaiin okor o keodar okee s ar aiin chekackhy chokees oteedy chekar okar choly ches os oiin okeeey cheey ches okeody chealdy shocthy choteey sheoly oheol sheey chorain
ZL3b-n,f72r3,"f72r3.2,@Lz",<!10:30>olkalaiin,olkalaiin
ZL3b-n,f72r3,"f72r3.3,&Lz",<!11:00>olalsy,olalsy
ZL3b-n,f72r3,"f72r3.4,&Lz",<!00:00>oraiinam,oraiinam
ZL3b-n,f72r3,"f72r3.5,&Lz",<!01:00>osarsheeeo,osarsheeeo
ZL3b-n,f72r3,"f72r3.6,&Lz",<!02:00>oto@192;aiin,otoaiin
ZL3b-n,f72r3,"f72r3.7,&Lz","<!02:30>opoiiin[o:?]in.al,[ch:a]es",opoiiinoin al ches
ZL3b-n,f72r3,"f72r3.8,&Lz",<!04:00>ypaiin.alaly,ypaiin alaly
ZL3b-n,f72r3,"f72r3.9,&Lz","<!05:00>oteey,daiin",oteey daiin
ZL3b-n,f72r3,"f72r3.10,&Lz",<!06:30>oeeodaiin,oeeodaiin
ZL3b-n,f72r3,"f72r3.11,&Lz",<!07:00>ofsholdy,ofsholdy
ZL3b-n,f72r3,"f72r3.12,&Lz",<!07:00>opoeey.okaiin,opoeey okaiin
ZL3b-n,f72r3,"f72r3.13,&Lz",<!10:00>ykolairol,ykolairol
ZL3b-n,f72r3,"f72r3.14,@Cc","<!09:00>otochedy.otey.o,koey.sheedy.oteodar.ykeolol.y,air.oteos.cheo,l,aiin.ykeeoly.otaiin.shear.oiiin.oral.o,tealy.cheokeor.oteody.o{ck}es.otees,chteos,doteey.sosor.oteol.shol.cheeg.okeody.{ch'}eol.shey.sheysy.shoteey.cheor.yoeteey.okeeol.chy.okeeo.ykoly",otochedy otey o koey sheedy oteodar ykeolol y air oteos cheo l aiin ykeeoly otaiin shear oiiin oral o tealy cheokeor oteody ockes otees chteos doteey sosor oteol shol cheeg okeody eol shey sheysy shoteey cheor yoeteey okeeol chy okeeo ykoly
ZL3b-n,f72r3,"f72r3.15,@Lz",<!11:00>oralkam,oralkam
ZL3b-n,f72r3,"f72r3.16,&Lz",<!00:00>ytairal,ytairal
ZL3b-n,f72r3,"f72r3.17,&Lz",<!01:00>oeee[s:r]aiin,oeeesaiin
ZL3b-n,f72r3,"f72r3.18,&Lz",<!01:30>ory,ory
ZL3b-n,f72r3,"f72r3.19,&Lz","<!02:30>ochey,fydy",ochey fydy
ZL3b-n,f72r3,"f72r3.20,&Lz",<!03:30>of???.o.eeesaly,o eeesaly
ZL3b-n,f72r3,"f72r3.21,&Lz",<!05:00>ykaraiin.airal,ykaraiin airal
ZL3b-n,f72r3,"f72r3.22,&Lz",<!06:30>okalar,okalar
ZL3b-n,f72r3,"f72r3.23,&Lz",<!08:00>orara,orara
ZL3b-n,f72r3,"f72r3.24,&Lz",<!09:00>olaiin.ola{ikh}y,olaiin olaikhy
ZL3b-n,f72r3,"f72r3.25,&Lz",<!10:00>olfsheoral,olfsheoral
ZL3b-n,f72r3,"f72r3.26,@Cc","<!09:00>oteey.[a:?]rary.eee[r:s],che@212;shees.opcholalaiin.oteeor.am.sheal.o[k:t]aipchy.oteees,ar.am.olaiin.otedar.olol.choty.oteol.sheshdy.chedy.chedy.dy.shes.eedy.sheol.shy,ckhol",oteey arary eeer cheshees opcholalaiin oteeor am sheal okaipchy oteees ar am olaiin otedar olol choty oteol sheshdy chedy chedy dy shes eedy sheol shy ckhol
ZL3b-n,f72r3,"f72r3.27,@Lz",<!10:30>opalal,opalal
ZL3b-n,f72r3,"f72r3.28,&Lz",<!00:00>yfary,yfary
ZL3b-n,f72r3,"f72r3.29,&Lz",<!01:30>oraiiral,oraiiral
ZL3b-n,f72r3,"f72r3.30,&Lz",<!03:00>ytoar.shar,ytoar shar
ZL3b-n,f72r3,"f72r3.31,&Lz",<!06:00>octho,octho
ZL3b-n,f72r3,"f72r3.32,&Lz",<!07:30>aral,aral
ZL3b-n,f72r3,"f72r3.33,&Lz",<!09:00>oletal,oletal
ZL3b-n,f72r3,"f72r3.34,@Cc","<!09:00>okeos.aiin,olaiin.oraiin.octheolarl.okeeody.oteos.aiin,koly",okeos aiin olaiin oraiin octheolarl okeeody oteos aiin koly
ZL3b-n,f72v3,"f72v3.1,@Cc","<!09:00>soees,otchs.otedar.oteody.oteodal.oteos.oteokchd?.oteody.sheokeey.sheody.shedykeal.ckhodys.okoleeolar.okeey.shedy.otey,sho.shol.teody.okolshey.ykeed?y.y.okechdy.olaiin.shokeedy.chol.choepchey.teey,teody.ches.okechedy.otechol.cheor.cheey.daiin.oyteeedar.???.shecthy.otycheedy.oteeoly.chokary",soees otchs otedar oteody oteodal oteos oteody sheokeey sheody shedykeal ckhodys okoleeolar okeey shedy otey sho shol teody okolshey y okechdy olaiin shokeedy chol choepchey teey teody ches okechedy otechol cheor cheey daiin oyteeedar shecthy otycheedy oteeoly chokary
ZL3b-n,f72v3,"f72v3.2,@Lz",<!10:00>ocham,ocham
ZL3b-n,f72v3,"f72v3.3,&Lz",<!11:00>orchey,orchey
ZL3b-n,f72v3,"f72v3.4,&Lz",<!11:30>okam,okam
ZL3b-n,f72v3,"f72v3.5,&Lz",<!00:00>okey,okey
ZL3b-n,f72v3,"f72v3.6,&Lz",<!00:30>otcheody,otcheody
ZL3b-n,f72v3,"f72v3.7,&Lz",<!01:00>okyeeshy,okyeeshy
ZL3b-n,f72v3,"f72v3.8,&Lz",<!01:30>[{c'y}:??]ofaiin,ofaiin
ZL3b-n,f72v3,"f72v3.9,&Lz",<!02:00>okaly,okaly
ZL3b-n,f72v3,"f72v3.10,&Lz",<!02:45>ot[o:a]ly,otoly
ZL3b-n,f72v3,"f72v3.11,&Lz",<!03:30>ofalals,ofalals
ZL3b-n,f72v3,"f72v3.12,&Lz",<!04:00>sheeos.o{cfhh}y,sheeos ocfhhy
ZL3b-n,f72v3,"f72v3.13,&Lz","<!05:00>daiin,chepy",daiin chepy
ZL3b-n,f72v3,"f72v3.14,&Lz",<!06:00>oteey.deeal,oteey deeal
ZL3b-n,f72v3,"f72v3.15,&Lz",<!07:00>chealpy,chealpy
ZL3b-n,f72v3,"f72v3.16,&Lz",<!07:30>okeeol,okeeol
ZL3b-n,f72v3,"f72v3.17,&Lz",<!08:30>okaly,okaly
ZL3b-n,f72v3,"f72v3.18,&Lz",<!09:00>okaldy,okaldy
ZL3b-n,f72v3,"f72v3.19,&Lz",<!09:30>okeolyd,okeolyd
ZL3b-n,f72v3,"f72v3.20,@Cc","<!09:00>ototeey.r.chlyiintee.or.oteey.oteeody.cheokey.okeoekol.oteor.aiin.yoleeedy.okeos,alyshy.okeey.okeeey.okeedaly.cholainy.okedy.chees,y.okeeol.chey.otey.oldy.chdy,del.okeeoloky.oty.aiin.chas.oteey.okea???",ototeey r chlyiintee or oteey oteeody cheokey okeoekol oteor aiin yoleeedy okeos alyshy okeey okeeey okeedaly cholainy okedy chees y okeeol chey otey oldy chdy del okeeoloky oty aiin chas oteey
ZL3b-n,f72v3,"f72v3.21,@Lz",<!10:30>choleey,choleey
ZL3b-n,f72v3,"f72v3.22,&Lz",<!11:30>oky,oky
ZL3b-n,f72v3,"f72v3.23,&Lz",<!00:30>ch{cthh}y,chcthhy
ZL3b-n,f72v3,"f72v3.24,&Lz",<!01:00>laly,laly
ZL3b-n,f72v3,"f72v3.25,&Lz",<!02:00>oeedy,oeedy
ZL3b-n,f72v3,"f72v3.26,&Lz",<!03:00>odairan,odairan
ZL3b-n,f72v3,"f72v3.27,&Lz",<!04:00>okary,okary
ZL3b-n,f72v3,"f72v3.28,&Lz",<!05:00>oeesaiin,oeesaiin
ZL3b-n,f72v3,"f72v3.29,&Lz",<!06:30>oteesed,oteesed
ZL3b-n,f72v3,"f72v3.30,&Lz",<!07:30>opal,opal
ZL3b-n,f72v3,"f72v3.31,&Lz",<!08:30>otaly,otaly
ZL3b-n,f72v3,"f72v3.32,&Lz","<!09:30>otaly,yty",otaly yty
ZL3b-n,f72v3,"f72v3.33,@Cc","<!08:45>okesee[s:r],ar,chkeeol.okeolaiin.chalal.ykeeodarar.oleeody,shedy.solar.aldy.oteor.cheor",okesees ar chkeeol okeolaiin chalal ykeeodarar oleeody shedy solar aldy oteor cheor
ZL3b-n,f72v2,"f72v2.1,@Cc","<!09:30>otos,chs.oty.oteos.oty.chotey.dchy.chopchy.otychal.ctheo,l,shey.tchol,s.choraiin.cheka{iph}y.oteeos,aly.okeedy.cheockhy.ar?k?aly.che??.okedl.okedy.sheos.okeeor.cheey.okeey.teey.cheeey.okeolol.sheeoeky.oekeeo,r,aiin.olalka[in:ir].okolsaiin",otos chs oty oteos oty chotey dchy chopchy otychal ctheo l shey tchol s choraiin chekaiphy oteeos aly okeedy cheockhy okedl okedy sheos okeeor cheey okeey teey cheeey okeolol sheeoeky oekeeo r aiin olalkain okolsaiin
ZL3b-n,f72v2,"f72v2.2,@Lz",<!10:00>oeedey,oeedey
ZL3b-n,f72v2,"f72v2.3,&Lz",<!11:00>oeeodaiin,oeeodaiin
ZL3b-n,f72v2,"f72v2.4,&Lz",<!11:45>okeoram,okeoram
ZL3b-n,f72v2,"f72v2.5,&Lz","<!00:30>air,aim",air aim
ZL3b-n,f72v2,"f72v2.6,&Lz",<!01:00>oshesy,oshesy
ZL3b-n,f72v2,"f72v2.7,&Lz",<!02:00>oke[a:o]ry,okeary
ZL3b-n,f72v2,"f72v2.8,&Lz",<!02:30>cheoetey,cheoetey
ZL3b-n,f72v2,"f72v2.9,&Lz",<!03:00>cheol[d:?]y,cheoldy
ZL3b-n,f72v2,"f72v2.10,&Lz",<!04:00>sheoeky,sheoeky
ZL3b-n,f72v2,"f72v2.11,&Lz",<!04:30>oteodar,oteodar
ZL3b-n,f72v2,"f72v2.12,&Lz",<!05:30>ofchdysd,ofchdysd
ZL3b-n,f72v2,"f72v2.13,&Lz",<!06:00>oteoyd,oteoyd
ZL3b-n,f72v2,"f72v2.14,&Lz",<!06:30>yteody,yteody
ZL3b-n,f72v2,"f72v2.15,&Lz",<!07:00>okeody,okeody
ZL3b-n,f72v2,"f72v2.16,&Lz",<!08:00>okeoldy,okeoldy
ZL3b-n,f72v2,"f72v2.17,&Lz",<!08:30>ykeeor,ykeeor
ZL3b-n,f72v2,"f72v2.18,&Lz",<!09:00>opaiina[m:r],opaiinam
ZL3b-n,f72v2,"f72v2.19,&Lz",<!09:30>cheoldy,cheoldy
ZL3b-n,f72v2,"f72v2.20,@Cc","<!10:00>oteesody.otey.oteeos.sheoty.yteeg.dchsaiin.shol.okeees.air,am,shey.qokeodal.oteotey.oteoldy.oteal,chedy.chotalal.okal,cheol.sar,aiin.cheokealy.sardy.otol.chekar.alteol.oltar,ar",oteesody otey oteeos sheoty yteeg dchsaiin shol okeees air am shey qokeodal oteotey oteoldy oteal chedy chotalal okal cheol sar aiin cheokealy sardy otol chekar alteol oltar ar
ZL3b-n,f72v2,"f72v2.21,@Lz",<!10:30>okaiin[:y],okaiin
ZL3b-n,f72v2,"f72v2.22,&Lz",<!11:30>ockhol,ockhol
ZL3b-n,f72v2,"f72v2.23,&Lz",<!00:30>oeedy,oeedy
ZL3b-n,f72v2,"f72v2.24,&Lz",<!01:00>opalg<!nymph has no star>,opalg
ZL3b-n,f72v2,"f72v2.25,&Lz",<!02:00>okeeom,okeeom
ZL3b-n,f72v2,"f72v2.26,&Lz",<!03:00>olkar,olkar
ZL3b-n,f72v2,"f72v2.27,&Lz",<!04:00>oeedaly<!nymph stands on barrel>,oeedaly
ZL3b-n,f72v2,"f72v2.28,&Lz",<!05:00>cheosy,cheosy
ZL3b-n,f72v2,"f72v2.29,&Lz",<!06:30>ofcheay,ofcheay
ZL3b-n,f72v2,"f72v2.30,&Lz",<!07:30>yteedy,yteedy
ZL3b-n,f72v2,"f72v2.31,&Lz",<!08:30>o[n:r]aiin,onaiin
ZL3b-n,f72v2,"f72v2.32,&Lz",<!09:30>okeorar,okeorar
ZL3b-n,f72v2,"f72v2.33,@Cc","<!09:00>otaiin.otshedy.chokeedy.otes,al,al,ar.chetolain.sheodaly.sheokey.okealy.rary",otaiin otshedy chokeedy otes al al ar chetolain sheodaly sheokey okealy rary
ZL3b-n,f72v1,"f72v1.1,@Cc","<!09:30>oteos.alar.otar.air.chpaly.oteody.okchesal.otear.alshey.oleealy.sh?tey.oteos.alal.dals,alchol.ytolaiin.ydaiin.chotar.y,tal.oto.shoty.otey.okchedaly.chdar,y.s,ar,otedy.otorar.shedy.opsheytey.opairaly.choshydy.otar.cheedy.otaraiin.cheeky.okolar.ychey.otechety",oteos alar otar air chpaly oteody okchesal otear alshey oleealy oteos alal dals alchol ytolaiin ydaiin chotar y tal oto shoty otey okchedaly chdar y s ar otedy otorar shedy opsheytey opairaly choshydy otar cheedy otaraiin cheeky okolar ychey otechety
ZL3b-n,f72v1,"f72v1.2,@Lz",<!08:45>oeeoty,oeeoty
ZL3b-n,f72v1,"f72v1.3,&Lz",<!09:30>octhy,octhy
ZL3b-n,f72v1,"f72v1.4,&Lz",<!10:00>oteoly,oteoly
ZL3b-n,f72v1,"f72v1.5,&Lz",<!10:30>okeoly,okeoly
ZL3b-n,f72v1,"f72v1.6,&Lz",<!11:00>oeees,oeees
ZL3b-n,f72v1,"f72v1.7,&Lz",<!11:30>o{cfh'h}y,oy
ZL3b-n,f72v1,"f72v1.8,&Lz",<!01:45>oees,oees
ZL3b-n,f72v1,"f72v1.9,&Lz",<!01:00>okeeoly,okeeoly
ZL3b-n,f72v1,"f72v1.10,&Lz",<!01:30>odal,odal
ZL3b-n,f72v1,"f72v1.11,&Lz",<!02:00>aiinod,aiinod
ZL3b-n,f72v1,"f72v1.13,&Lz",<!03:15>oteod,oteod
ZL3b-n,f72v1,"f72v1.14,&Lz",<!03:45>yteod,yteod
ZL3b-n,f72v1,"f72v1.16,&Lz",<!05:00>okal,okal
ZL3b-n,f72v1,"f72v1.17,&Lz",<!05:30>ytaly,ytaly
ZL3b-n,f72v1,"f72v1.18,&Lz",<!06:00>oeeeos,oeeeos
ZL3b-n,f72v1,"f72v1.19,&Lz",<!06:30>oteofy,oteofy
ZL3b-n,f72v1,"f72v1.20,&Lz",<!07:30>cheoepy,cheoepy
ZL3b-n,f72v1,"f72v1.21,&Lz",<!08:00>ykeedy,ykeedy
ZL3b-n,f72v1,"f72v1.22,@Cc","<!08:30>otar,ar.otol,topar.oteolaiin.ofa[r:s]al.otshedy.ofalar.alshdy.chpar,aiin.okaly.oka?<!hole>.yaly.opcheolfy.opar.cheo{ck}ey.otolopaiin.shaldy.chepchy.otey.tea[n:r]",otar ar otol topar oteolaiin ofaral otshedy ofalar alshdy chpar aiin okaly yaly opcheolfy opar cheockey otolopaiin shaldy chepchy otey tean
ZL3b-n,f72v1,"f72v1.23,@Lz",<!08:45>oeeoly,oeeoly
ZL3b-n,f72v1,"f72v1.24,&Lz",<!10:00>okydy,okydy
ZL3b-n,f72v1,"f72v1.25,&Lz",<!11:30>okeey,okeey
ZL3b-n,f72v1,"f72v1.26,&Lz",<!00:00>oiiny,oiiny
ZL3b-n,f72v1,"f72v1.27,&Lz",<!01:00>oeey,oeey
ZL3b-n,f72v1,"f72v1.28,&Lz",<!03:00>okedy,okedy
ZL3b-n,f72v1,"f72v1.29,&Lz",<!04:30>ypaim,ypaim
ZL3b-n,f72v1,"f72v1.30,&Lz",<!05:30>okalair,okalair
ZL3b-n,f72v1,"f72v1.31,&Lz",<!06:30>oeeody,oeeody
ZL3b-n,f72v1,"f72v1.32,&Lz",<!07:30>okeol,okeol
ZL3b-n,f72v1,"f72v1.33,@Cc","<!09:30>otalal.dalal.ykeols.oteo,r,aiin.yotoam.oteey.saiin.oteeos,am",otalal dalal ykeols oteo r aiin yotoam oteey saiin oteeos am
ZL3b-n,f73r,"f73r.1,@Lz",<!11:15>otaly,otaly
ZL3b-n,f73r,"f73r.2,&Lz",<!11:45>chockhy,chockhy
ZL3b-n,f73r,"f73r.3,&Lz",<!00:30>otedy,otedy
ZL3b-n,f73r,"f73r.4,&Lz",<!01:00>yteeody,yteeody
ZL3b-n,f73r,"f73r.5,@Cc","<!11:00>ypolcheey.salchedal.chepchey.daraly.oteos,air,ar.oteosdal.chot[oe:ee]y.soteees,alshey.[{oh}:ch]es.al,chees.che[o:a]ly.jeiii?.choteey.cheteey.cheteeeos,aiin.chetchody.chedar.ar.cheteey.ote{co}s,ar.airalor.shetee.yteey.cheody.ykeydam.oteos.alar.alcheky",ypolcheey salchedal chepchey daraly oteos air ar oteosdal chotoey soteees alshey ohes al chees cheoly choteey cheteey cheteeeos aiin chetchody chedar ar cheteey otecos ar airalor shetee yteey cheody ykeydam oteos alar alcheky
ZL3b-n,f73r,"f73r.6,@Lz",<!11:00>otaly,otaly
ZL3b-n,f73r,"f73r.7,&Lz",<!11:30>okeody,okeody
ZL3b-n,f73r,"f73r.8,&Lz",<!00:00>oteedyl,oteedyl
ZL3b-n,f73r,"f73r.9,&Lz",<!00:30>[y:o]keedy,ykeedy
ZL3b-n,f73r,"f73r.10,&Lz",<!01:00>okeey,okeey
ZL3b-n,f73r,"f73r.11,&Lz",<!02:00>okeedy,okeedy
ZL3b-n,f73r,"f73r.12,&Lz",<!02:30>ykeeory,ykeeory
ZL3b-n,f73r,"f73r.13,&Lz",<!03:30>oteeosy,oteeosy
ZL3b-n,f73r,"f73r.14,&Lz",<!04:30>shekal,shekal
ZL3b-n,f73r,"f73r.15,&Lz",<!05:30>oteedyy,oteedyy
ZL3b-n,f73r,"f73r.16,&Lz",<!06:30>oked[a:o]l,okedal
ZL3b-n,f73r,"f73r.17,&Lz",<!07:00>chdy,chdy
ZL3b-n,f73r,"f73r.18,&Lz",<!08:00>dalshey,dalshey
ZL3b-n,f73r,"f73r.19,&Lz",<!08:45>opaiin,opaiin
ZL3b-n,f73r,"f73r.20,&Lz",<!09:30>okeos,okeos
ZL3b-n,f73r,"f73r.21,&Lz",<!10:00>otey,otey
ZL3b-n,f73r,"f73r.22,@Cc","<!10:30>oteey.dar.al.opaiin.olalaiin.s.air,am.chopchedy.chdar.oram.otareees.olteey.okees.otar,chey.oteas,ochor.oparchey.daiin.qocheey.s,cheey.dal.cheesy",oteey dar al opaiin olalaiin s air am chopchedy chdar oram otareees olteey okees otar chey oteas ochor oparchey daiin qocheey s cheey dal cheesy
ZL3b-n,f73r,"f73r.23,@Lz",<!11:30>okary,okary
ZL3b-n,f73r,"f73r.24,&Lz",<!01:00>okeeody,okeeody
ZL3b-n,f73r,"f73r.25,&Lz",<!02:00>oyteedy,oyteedy
ZL3b-n,f73r,"f73r.26,&Lz",<!03:00>oky,oky
ZL3b-n,f73r,"f73r.27,&Lz",<!04:30>chefy,chefy
ZL3b-n,f73r,"f73r.28,&Lz",<!06:00>otal,otal
ZL3b-n,f73r,"f73r.29,&Lz",<!07:00>chek,chek
ZL3b-n,f73r,"f73r.30,&Lz",<!08:30>ar,ar
ZL3b-n,f73r,"f73r.31,&Lz",<!09:30>kar,kar
ZL3b-n,f73r,"f73r.32,&Lz",<!10:30>okeeos,okeeos
ZL3b-n,f73r,"f73r.33,@Cc",<!10:00>osaiin.chedain.oteey.chedaly.okechs.chepcheesaly.oteodal,osaiin chedain oteey chedaly okechs chepcheesaly oteodal
ZL3b-n,f73v,"f73v.1,@Lz",<!11:00>okol,okol
ZL3b-n,f73v,"f73v.2,&Lz",<!11:45>oteody,oteody
ZL3b-n,f73v,"f73v.3,&Lz",<!00:30>oteedy,oteedy
ZL3b-n,f73v,"f73v.4,&Lz",<!01:00>eeeody,eeeody
ZL3b-n,f73v,"f73v.5,@Cc","<!09:30>otoar.ykeody.okodeey.qopchey.opaiin.qoteedy.dpy.otedy,shedy.qokeody.cheor,al.okegal.oteody.shedy.otesalod.air,chy.ykeesaly.y.keoly,dys.opchey.dy.toly.chfaikchy.ytedar.eeey.qokeey.oty.yteedy.choldy.qokalaiin.ykaipy.orary",otoar ykeody okodeey qopchey opaiin qoteedy dpy otedy shedy qokeody cheor al okegal oteody shedy otesalod air chy ykeesaly y keoly dys opchey dy toly chfaikchy ytedar eeey qokeey oty yteedy choldy qokalaiin ykaipy orary
ZL3b-n,f73v,"f73v.6,@Lz",<!10:00>okeody,okeody
ZL3b-n,f73v,"f73v.7,&Lz",<!10:30>sheol,sheol
ZL3b-n,f73v,"f73v.8,&Lz",<!11:30>odees,odees
ZL3b-n,f73v,"f73v.9,&Lz",<!00:00>ee[r:n]y,eery
ZL3b-n,f73v,"f73v.10,&Lz",<!01:00>okeor,okeor
ZL3b-n,f73v,"f73v.11,&Lz",<!01:30>ofals,ofals
ZL3b-n,f73v,"f73v.12,&Lz",<!02:00>ykeody,ykeody
ZL3b-n,f73v,"f73v.13,&Lz",<!03:00>oteody,oteody
ZL3b-n,f73v,"f73v.14,&Lz",<!03:30>ypaiin,ypaiin
ZL3b-n,f73v,"f73v.15,&Lz","<!04:00>yfaiin,y",yfaiin y
ZL3b-n,f73v,"f73v.16,&Lz",<!05:00>ofcheesy,ofcheesy
ZL3b-n,f73v,"f73v.17,&Lz",<!06:00>oraiiny,oraiiny
ZL3b-n,f73v,"f73v.18,&Lz",<!07:00>ykeeody,ykeeody
ZL3b-n,f73v,"f73v.19,&Lz",<!07:30>okeos,okeos
ZL3b-n,f73v,"f73v.20,&Lz",<!08:30>ykeear,ykeear
ZL3b-n,f73v,"f73v.21,&Lz",<!09:00>qokeoly,qokeoly
ZL3b-n,f73v,"f73v.22,@Cc","<!10:00>oteoto[s:r].alshy.oteolain.chokeedam.otody.qoty.shedy.chdy.tchol.oteody.cheytey.choty.o[k:t]ey,dy.okecholy.otey.chodaiin.chey.okeedy.saly.ar.daly",oteotos alshy oteolain chokeedam otody qoty shedy chdy tchol oteody cheytey choty okey dy okecholy otey chodaiin chey okeedy saly ar daly
ZL3b-n,f73v,"f73v.23,@Lz",<!09:30>otedy,otedy
ZL3b-n,f73v,"f73v.24,&Lz",<!11:00>eeed,eeed
ZL3b-n,f73v,"f73v.25,&Lz",<!01:00>oky,oky
ZL3b-n,f73v,"f73v.27,&Lz",<!02:30>okal,okal
ZL3b-n,f73v,"f73v.28,&Lz",<!03:30>ykey,ykey
ZL3b-n,f73v,"f73v.29,&Lz",<!05:00>ykeee,ykeee
ZL3b-n,f73v,"f73v.30,&Lz",<!06:00>okeod,okeod
ZL3b-n,f73v,"f73v.31,&Lz",<!07:30>ykey,ykey
ZL3b-n,f73v,"f73v.32,&Lz",<!08:30>ypal,ypal
ZL3b-n,f73v,"f73v.33,@Cc","<!09:30>otedchor.alar.olkcho.otolam.o,kees,char,y.ytaly.alaly.otaram",otedchor alar olkcho otolam o kees char y ytaly alaly otaram
ZL3b-n,f75r,"f75r.1,@P0","<%>kchedykary<->okeey.qokar.shyk,chedy.qotar.shedy",kchedykaryokeey qokar shyk chedy qotar shedy
ZL3b-n,f75r,"f75r.2,+P0",dain.shey.ly<->ssheol.qol{chh}dy.chedykar.chekeedy.ror,dain shey lyssheol qolchhdy chedykar chekeedy ror
ZL3b-n,f75r,"f75r.3,+P0",qokain.chal<->orchey.qey.kain.sheeky.ltain.olkar.or,qokain chalorchey qey kain sheeky ltain olkar or
ZL3b-n,f75r,"f75r.4,+P0",dackhy.lkamo<->ykeey.lshey.kal.dy.shey.ok.shey.qokeedy,dackhy lkamoykeey lshey kal dy shey ok shey qokeedy
ZL3b-n,f75r,"f75r.5,+P0","shey,kar.chey<->ckhey.r.ain.ol.olsheedy.qokeey.qoky",shey kar cheyckhey r ain ol olsheedy qokeey qoky
ZL3b-n,f75r,"f75r.6,+P0",pcheykeeor.olky<->dar.okey.qokain.chcthy.qokeedy.qoky,pcheykeeor olkydar okey qokain chcthy qokeedy qoky
ZL3b-n,f75r,"f75r.7,+P0",pchedy.qokshdy<->ytain.chedy.qokar.chy.lol.chedy.qoky,pchedy qokshdyytain chedy qokar chy lol chedy qoky
ZL3b-n,f75r,"f75r.8,+P0",sor.chey.qokardy<->dsheckhy.qokain.chckhy.lshedy.okeedy,sor chey qokardydsheckhy qokain chckhy lshedy okeedy
ZL3b-n,f75r,"f75r.9,+P0",qokchdy.chcthy.lo<->qokedy.qokan.checkhy.qokar.olchedy.sal,qokchdy chcthy loqokedy qokan checkhy qokar olchedy sal
ZL3b-n,f75r,"f75r.10,+P0",dshor.qotar.chdy<->shey.qokain.chckhy.dy.otey.tedy.lchedy,dshor qotar chdyshey qokain chckhy dy otey tedy lchedy
ZL3b-n,f75r,"f75r.11,+P0",qokeedy.qokair.oly<->qokeedy.dy.qokal.okar.shedy.dor.chekam,qokeedy qokair olyqokeedy dy qokal okar shedy dor chekam
ZL3b-n,f75r,"f75r.12,+P0","ssheckhy.qokal.oly<->shey.r.ol.cheey.shey.dy,olshedy.qoky",ssheckhy qokal olyshey r ol cheey shey dy olshedy qoky
ZL3b-n,f75r,"f75r.13,+P0",pchedy.keedy.qokedy<->qokedy.qokedy.qokedy.qokain.olshedy,pchedy keedy qokedyqokedy qokedy qokedy qokain olshedy
ZL3b-n,f75r,"f75r.14,+P0","sain.al,keishy.qokain,dy<->olshedy.qokain.chckhy.qokain.otar,aly",sain al keishy qokain dyolshedy qokain chckhy qokain otar aly
ZL3b-n,f75r,"f75r.15,+P0",sain.qokain.qolkeeoly<->saiin.chedy<->sol.or.shedy.okchdy.qoky,sain qokain qolkeeolysaiin chedysol or shedy okchdy qoky
ZL3b-n,f75r,"f75r.16,+P0",dshedy.qokar.sheedy.lch<->shokain.chy<->okshedy.qokain.chedy,dshedy qokar sheedy lchshokain chyokshedy qokain chedy
ZL3b-n,f75r,"f75r.17,+P0","pchedar.shepchy.lshedary<->dal<->shal<->shy,kol.shedy.qokam",pchedar shepchy lshedarydalshalshy kol shedy qokam
ZL3b-n,f75r,"f75r.18,+P0",sol.sheedy.qol.shedy.qol<->otain.char.sar.oly,sol sheedy qol shedy qolotain char sar oly
ZL3b-n,f75r,"f75r.19,+P0","qokshedy.qol,shey.qoky<->shey.{ith}ey.qokain.ar",qokshedy qol shey qokyshey ithey qokain ar
ZL3b-n,f75r,"f75r.20,+P0","ry,shey.qor.chey.lchey,lo<->ydain.shey.qokain",ry shey qor chey lchey loydain shey qokain
ZL3b-n,f75r,"f75r.21,+P0",oqokain.chey.qckhsy.or<->ysheor.ol.lor.am,oqokain chey qckhsy orysheor ol lor am
ZL3b-n,f75r,"f75r.22,+P0","odar,shey.qokain.chedy<->or,shey.kar.chedy,sar",odar shey qokain chedyor shey kar chedy sar
ZL3b-n,f75r,"f75r.23,+P0","pchey,kshey.qokeey.qokal<->sshey.qol.chedyqokam",pchey kshey qokeey qokalsshey qol chedyqokam
ZL3b-n,f75r,"f75r.24,+P0",qokain.olkeey.qolkary<->sain.checthy.lor.ol,qokain olkeey qolkarysain checthy lor ol
ZL3b-n,f75r,"f75r.25,+P0",sain.shckhy.qokeedy.shy.dy<->qokeedy.lchedy.ram,sain shckhy qokeedy shy dyqokeedy lchedy ram
ZL3b-n,f75r,"f75r.26,+P0","dain.ol.sheol.dain.ol.qoly<->dar,ajy<$>",dain ol sheol dain ol qolydar ajy
ZL3b-n,f75r,"f75r.27,+P0",<%>pdalshor.shtol.qoty.pshar.shedy.okaldy<->dar.otar.otody.dy.rol,pdalshor shtol qoty pshar shedy okaldydar otar otody dy rol
ZL3b-n,f75r,"f75r.28,+P0",tchedy.pchedy.qokeey.sol.oldair.shecthy.qol<->l.sheedy.qokeedy.lolchedy,tchedy pchedy qokeey sol oldair shecthy qoll sheedy qokeedy lolchedy
ZL3b-n,f75r,"f75r.29,+P0","dain.chkal.dy.lo,lkaiin.ol.okeedyqol.dain.olchey.qokeedy.chedy.qotan",dain chkal dy lo lkaiin ol okeedyqol dain olchey qokeedy chedy qotan
ZL3b-n,f75r,"f75r.30,+P0","qo,dain.cheeky.qokey.qokain.cheky.qokal.dain.chedy.o,kalol,shedy.okar,olom",qo dain cheeky qokey qokain cheky qokal dain chedy o kalol shedy okar olom
ZL3b-n,f75r,"f75r.31,+P0",dshedy.qokey.chckhy.qokar.shedy.chey.qoked.qokedy.daldy<$>,dshedy qokey chckhy qokar shedy chey qoked qokedy daldy
ZL3b-n,f75r,"f75r.32,+P0",<%>polshy.dal.shedy.qokain.dar.chsdy.shedy.qotar.shedy.ldy,polshy dal shedy qokain dar chsdy shedy qotar shedy ldy
ZL3b-n,f75r,"f75r.33,+P0","qokeey.l,shedy.qo,l.chedy.qokain.chcthedy.ltedy.darom",qokeey l shedy qo l chedy qokain chcthedy ltedy darom
ZL3b-n,f75r,"f75r.34,+P0","s,olkedy.okal.dar.oty.okar.otar.ol,kain.oltedy",s olkedy okal dar oty okar otar ol kain oltedy
ZL3b-n,f75r,"f75r.35,+P0",qokain.sheety.qokain.dar.dar.shedy.qoka[in:r].oldy,qokain sheety qokain dar dar shedy qokain oldy
ZL3b-n,f75r,"f75r.36,+P0",sol.keedy.qokeedy.qokey.okar.otar.dardardy,sol keedy qokeedy qokey okar otar dardardy
ZL3b-n,f75r,"f75r.37,+P0",qokedy.dy.sheety.qokedy.qokeedy.qokechdy.lol,qokedy dy sheety qokedy qokeedy qokechdy lol
ZL3b-n,f75r,"f75r.38,+P0",qokeedy.qokeedy.qokedy.qokedy.qokeedy.ldy,qokeedy qokeedy qokedy qokedy qokeedy ldy
ZL3b-n,f75r,"f75r.39,+P0",yshedy.qokeedy.qokeedy.olkeedy.otey.koldy,yshedy qokeedy qokeedy olkeedy otey koldy
ZL3b-n,f75r,"f75r.40,+P0","dar.shedy.qokain.shedy.dal,keedy.rshedy",dar shedy qokain shedy dal keedy rshedy
ZL3b-n,f75r,"f75r.41,+P0","sokeedy.qokeedy.oteedy.qoky.dy,keedy.sy",sokeedy qokeedy oteedy qoky dy keedy sy
ZL3b-n,f75r,"f75r.42,+P0",dshedy.qokedy.qokeedy.qoteey.qoteedy.d[o:a]r,dshedy qokedy qokeedy qoteey qoteedy dor
ZL3b-n,f75r,"f75r.43,+P0","yshedy.chekar.oldy.qokain.chkar.otar,oldy",yshedy chekar oldy qokain chkar otar oldy
ZL3b-n,f75r,"f75r.44,+P0",dchedy.sain.okedy.qokedy.otedy.okoldy.otar.otam.olaiin.ch<->dar.dy,dchedy sain okedy qokedy otedy okoldy otar otam olaiin chdar dy
ZL3b-n,f75r,"f75r.45,+P0",sshedy.shckhy.qokey.okedy.sarol.oty.otedy.qotedy.otedy.okaiin,sshedy shckhy qokey okedy sarol oty otedy qotedy otedy okaiin
ZL3b-n,f75r,"f75r.46,+P0","qokey.qokedy.sheol.qokedy.dain.shedy.otol,chedy.ol[o:a]r<$>",qokey qokedy sheol qokedy dain shedy otol chedy olor
ZL3b-n,f75r,"f75r.47,@Pb",<%>sal.okeedy,sal okeedy
ZL3b-n,f75r,"f75r.48,+Pb",daly.ychey,daly ychey
ZL3b-n,f75r,"f75r.49,+Pb",sols.dara,sols dara
ZL3b-n,f75r,"f75r.50,+Pb",ychty,ychty
ZL3b-n,f75r,"f75r.51,+Pb",saino,saino
ZL3b-n,f75r,"f75r.52,+Pb",saldy,saldy
ZL3b-n,f75r,"f75r.53,+Pb",dainy<$>,dainy
ZL3b-n,f75v,"f75v.1,@P0",<%>pchedar.opchedy.qokedy.opchedy.qopdy<->dain.chetas.ch{cphh}y.qotam,pchedar opchedy qokedy opchedy qopdydain chetas chcphhy qotam
ZL3b-n,f75v,"f75v.2,=L0",s,s
ZL3b-n,f75v,"f75v.3,*P0","sor.sheky.qokain.okal.dal.olchedy<->daiin.chckhy.lkar.chckhy,rom",sor sheky qokain okal dal olchedydaiin chckhy lkar chckhy rom
ZL3b-n,f75v,"f75v.4,=L0",l,l
ZL3b-n,f75v,"f75v.5,*P0","dl.shckhy.kain.olchey.qokain.dalyrd<->dl,shedy.qoteedy.cthedy.loly",dl shckhy kain olchey qokain dalyrddl shedy qoteedy cthedy loly
ZL3b-n,f75v,"f75v.6,=L0",l,l
ZL3b-n,f75v,"f75v.7,*P0",qokchdy.qokal.dal.ol.chety.lchdy<->shedy.ched.otedy.qotedy.otar,qokchdy qokal dal ol chety lchdyshedy ched otedy qotedy otar
ZL3b-n,f75v,"f75v.8,~L0",o,o
ZL3b-n,f75v,"f75v.9,+L0",r,r
ZL3b-n,f75v,"f75v.10,*P0","qokeed.chedy,ky.okedy.lchedy.dar,ody<->dchedy.dar.olchedy.otedy.qoky",qokeed chedy ky okedy lchedy dar odydchedy dar olchedy otedy qoky
ZL3b-n,f75v,"f75v.11,=L0",s,s
ZL3b-n,f75v,"f75v.12,*P0","qokedy.rshey.qol.chey.ol.chey.keed<->sol.key.dy,kedy.qokal.dar.oly",qokedy rshey qol chey ol chey keedsol key dy kedy qokal dar oly
ZL3b-n,f75v,"f75v.13,+P0",ocheain.cheedy.qokal.dain.sheeky.qoky<->sshedy.tedy.otedy.tedy.taral,ocheain cheedy qokal dain sheeky qokysshedy tedy otedy tedy taral
ZL3b-n,f75v,"f75v.14,+P0","qol.sheckhy.qokedy.qokedy.qokaly<->sor,chedy.qoky.olshty.qokydy",qol sheckhy qokedy qokedy qokalysor chedy qoky olshty qokydy
ZL3b-n,f75v,"f75v.15,+P0","sal.ol.olain.olkey.olshed.qokaly<->qokar.chedy.qokain.ty.lshdy,qo",sal ol olain olkey olshed qokalyqokar chedy qokain ty lshdy qo
ZL3b-n,f75v,"f75v.16,+P0","odchedy.qolshdy.shokshdy.qokain.?<->or.shedy.qolol,keedy.qokalom",odchedy qolshdy shokshdy qokain shedy qolol keedy qokalom
ZL3b-n,f75v,"f75v.17,+P0","sal.shed,ykain.qokain.sheckhy.ld<->saiin.ckhy.lshedy<$>",sal shed ykain qokain sheckhy ldsaiin ckhy lshedy
ZL3b-n,f75v,"f75v.18,@Ln",okshy,okshy
ZL3b-n,f75v,"f75v.19,+Ln",saral,saral
ZL3b-n,f75v,"f75v.20,@Ln",dokal,dokal
ZL3b-n,f75v,"f75v.21,+Ln",darol,darol
ZL3b-n,f75v,"f75v.22,@Ln",daldy,daldy
ZL3b-n,f75v,"f75v.23,+Ln","dal,shd",dal shd
ZL3b-n,f75v,"f75v.24,@Ln",dalkar,dalkar
ZL3b-n,f75v,"f75v.25,+Ln",qokal,qokal
ZL3b-n,f75v,"f75v.26,@Ln",dly,dly
ZL3b-n,f75v,"f75v.27,+Ln",ory,ory
ZL3b-n,f75v,"f75v.28,@Ln",oty,oty
ZL3b-n,f75v,"f75v.29,+Ln",lchy,lchy
ZL3b-n,f75v,"f75v.30,@Ln",dary,dary
ZL3b-n,f75v,"f75v.31,+Ln",dal,dal
ZL3b-n,f75v,"f75v.32,@Ln",daldy,daldy
ZL3b-n,f75v,"f75v.33,+Ln",qoted,qoted
ZL3b-n,f75v,"f75v.34,@Ln",rkal,rkal
ZL3b-n,f75v,"f75v.35,+Ln",ykedy,ykedy
ZL3b-n,f75v,"f75v.36,@Ln",olkchy,olkchy
ZL3b-n,f75v,"f75v.37,+Ln",otoly,otoly
ZL3b-n,f75v,"f75v.38,@P0",<%>tolsheor.qokal.dar.olked.orol.kchey.okain.olchey.okar.sheky.dedy.kedy,tolsheor qokal dar olked orol kchey okain olchey okar sheky dedy kedy
ZL3b-n,f75v,"f75v.39,+P0","qoqokeey.olkain.qol,sheedy.qokeor.sheedy.qokal.or.chey.qokar.ol.aiin",qoqokeey olkain qol sheedy qokeor sheedy qokal or chey qokar ol aiin
ZL3b-n,f75v,"f75v.40,+P0","dlshedy.qokain.dal.qol.qol.ol.sheedy.cheey.dol.ol,sheey.qokain.olol",dlshedy qokain dal qol qol ol sheedy cheey dol ol sheey qokain olol
ZL3b-n,f75v,"f75v.41,+P0","sal.shedy.qokain.shey.qoin.ol,shey.ol.shey.qoky.qol,cheey.chl.or,sheolo",sal shedy qokain shey qoin ol shey ol shey qoky qol cheey chl or sheolo
ZL3b-n,f75v,"f75v.42,+P0","o,l.sheey.qolshey.qokain.okaiin.charor<$>",o l sheey qolshey qokain okaiin charor
ZL3b-n,f75v,"f75v.43,+P0","<%>pokain.okeedy.or.chesy.solshey.qokeey.qotedy.olkedy.chey,tal.dy.qol",pokain okeedy or chesy solshey qokeey qotedy olkedy chey tal dy qol
ZL3b-n,f75v,"f75v.44,+P0","olshees.ol,sheckhy.qokain.ol.chedy.qol.chedy.qol,keey.qolchedy.chealy",olshees ol sheckhy qokain ol chedy qol chedy qol keey qolchedy chealy
ZL3b-n,f75v,"f75v.45,+P0",yshey.qokar.olchedy.qor.oiin.okeedy.qokeed.qokeey.qokeey.otey.qoky.dy,yshey qokar olchedy qor oiin okeedy qokeed qokeey qokeey otey qoky dy
ZL3b-n,f75v,"f75v.46,+P0",ychey.qotain.sheckhy.qokedy.qokedy.lsheckhy.qokain.dal.tol.olchedy,ychey qotain sheckhy qokedy qokedy lsheckhy qokain dal tol olchedy
ZL3b-n,f75v,"f75v.47,+P0",qokain.olshey.qokain.dar.ol.shedy.qokedy.qokeedy.qotar.olshedy.oldy,qokain olshey qokain dar ol shedy qokedy qokeedy qotar olshedy oldy
ZL3b-n,f75v,"f75v.48,+P0",qokear.chedy.shckhy.dol.ycheedy.saino.ol.cheedy.qokar.otar.dal.daiin,qokear chedy shckhy dol ycheedy saino ol cheedy qokar otar dal daiin
ZL3b-n,f75v,"f75v.49,+P0",por.shey.okain.chedy.qolsheol.olchedy<$>,por shey okain chedy qolsheol olchedy
ZL3b-n,f75v,"f75v.50,@Lt",otal.opal,otal opal
ZL3b-n,f75v,"f75v.51,=Lt",okeey.lol,okeey lol
ZL3b-n,f75v,"f75v.52,=Lt",olol,olol
ZL3b-n,f75v,"f75v.53,*Lt",ytedy,ytedy
ZL3b-n,f75v,"f75v.54,+Lt",otedy,otedy
ZL3b-n,f75v,"f75v.55,+Lt",oteey,oteey
ZL3b-n,f75v,"f75v.56,+Lt",qotedy,qotedy
ZL3b-n,f75v,"f75v.57,+Pb","<%>okedy.qek,y,tedar.oly",okedy qek y tedar oly
ZL3b-n,f75v,"f75v.58,+Pb","s,alchedy.solkedy",s alchedy solkedy
ZL3b-n,f75v,"f75v.59,+Pb",qokeedy.qok[o:a]l.olkol<$>,qokeedy qokol olkol
ZL3b-n,f75v,"f75v.60,@P1",<%>kolkedy.qokedy.qoky.lpchdy.qotchdy.lol,kolkedy qokedy qoky lpchdy qotchdy lol
ZL3b-n,f75v,"f75v.61,+P1",oksheyqolkeey.lchdy.soiin.ol.otchdy,oksheyqolkeey lchdy soiin ol otchdy
ZL3b-n,f75v,"f75v.62,+P1",ykeechy.qokeedy.daiin.ol.olsheey.qoly,ykeechy qokeedy daiin ol olsheey qoly
ZL3b-n,f75v,"f75v.63,+P1","oteey.qol,chey.qokey.oldy.olyly",oteey qol chey qokey oldy olyly
ZL3b-n,f75v,"f75v.64,+P1",sshey.qol.dy.qokar.shey.ldy,sshey qol dy qokar shey ldy
ZL3b-n,f75v,"f75v.65,+P1","qokal.dain.dain.o,qoky.daiin",qokal dain dain o qoky daiin
ZL3b-n,f75v,"f75v.66,+P1","okal.sheedy.qoteedy.qokchy,ly",okal sheedy qoteedy qokchy ly
ZL3b-n,f75v,"f75v.67,+P1",ykeedy.qokain.otain.shety,ykeedy qokain otain shety
ZL3b-n,f75v,"f75v.68,+P1","o,cthey.shedy.otol.chckhey.ldy",o cthey shedy otol chckhey ldy
ZL3b-n,f75v,"f75v.69,+P1","okeshey.olkedy.olkedy.qol,chey",okeshey olkedy olkedy qol chey
ZL3b-n,f75v,"f75v.70,+P1",qokey.olchedy.otey.orol<$>,qokey olchedy otey orol
ZL3b-n,f76r,"f76r.1,@P0","<%>potchokor.chcfhdy.opshdy.qolp.chcphy.chcphdy.opshey.qofshy.opchdy.sain.as,y",potchokor chcfhdy opshdy qolp chcphy chcphdy opshey qofshy opchdy sain as y
ZL3b-n,f76r,"f76r.2,+P0","dshedy.qotddyar.cthar.chep.dain.okain.qokeor.shedy.qol.ain.sheals,qokeey",dshedy qotddyar cthar chep dain okain qokeor shedy qol ain sheals qokeey
ZL3b-n,f76r,"f76r.3,+P0","yshey.qokeey.qokey.qokeed.okedy.shky.qotedy.otedy.shol,qoty.ol,chedy.aiiny",yshey qokeey qokey qokeed okedy shky qotedy otedy shol qoty ol chedy aiiny
ZL3b-n,f76r,"f76r.4,*L0",s,s
ZL3b-n,f76r,"f76r.5,=P0","qokedy.qokeey.or,or.or.chkorol.otey.qokedy.lkedy.chdy.qokchdy.qokal.chdam",qokedy qokeey or or or chkorol otey qokedy lkedy chdy qokchdy qokal chdam
ZL3b-n,f76r,"f76r.6,+P0",solchedy.qokeedy.qopchedy.qokeeo.rol.shedy.qokedy.sheey.okees.al.al.chedain.dar,solchedy qokeedy qopchedy qokeeo rol shedy qokedy sheey okees al al chedain dar
ZL3b-n,f76r,"f76r.7,*L0",d,d
ZL3b-n,f76r,"f76r.8,=P0",qoaiin.ches.okeedal.qoked.qokeey.shedy.chey.lkeedy.okey.dar.aiin.chekain.oldy,qoaiin ches okeedal qoked qokeey shedy chey lkeedy okey dar aiin chekain oldy
ZL3b-n,f76r,"f76r.9,+P0","shed.al,shckhy.[r:s],ain.chcphedy.ain.olkeey.lkar.ain.otchy.lkain.chedy.dar.daly",shed al shckhy r ain chcphedy ain olkeey lkar ain otchy lkain chedy dar daly
ZL3b-n,f76r,"f76r.10,*L0",q,q
ZL3b-n,f76r,"f76r.11,=P0","qotedshedy.qorain.oteedy.chedy.ol.chdy.raiiin.chekain.dain.chckhy,sal.oty",qotedshedy qorain oteedy chedy ol chdy raiiin chekain dain chckhy sal oty
ZL3b-n,f76r,"f76r.12,+P0","solshedy.qool.qctheed.shdy.qa.ol.keey.dain.saiin.s.ar.shedy.qokeor,okeedy",solshedy qool qctheed shdy qa ol keey dain saiin s ar shedy qokeor okeedy
ZL3b-n,f76r,"f76r.13,+P0","qokeedy.checthy.chckhey.okal.okaiin.sheckhey.okeedy.otey.dal.y,kal.chedy,sar",qokeedy checthy chckhey okal okaiin sheckhey okeedy otey dal y kal chedy sar
ZL3b-n,f76r,"f76r.14,*L0",s,s
ZL3b-n,f76r,"f76r.15,=P0","chorshedy.qoked.okees,al.ar.aiin.ar,ain.chckheed,lchedy.shedy.qolair.chedy",chorshedy qoked okees al ar aiin ar ain chckheed lchedy shedy qolair chedy
ZL3b-n,f76r,"f76r.16,+P0",qotes.chedy.shckhy.qokeey.okeey.kain.checkhy.qokeedy.qotey.qotain.chekair,qotes chedy shckhy qokeey okeey kain checkhy qokeedy qotey qotain chekair
ZL3b-n,f76r,"f76r.17,+P0",chey.chckh.shey.qeeey.chol.lkain.shedy.qokeedy.okain.chedy.okeed.qokaloro,chey chckh shey qeeey chol lkain shedy qokeedy okain chedy okeed qokaloro
ZL3b-n,f76r,"f76r.18,*L0",o,o
ZL3b-n,f76r,"f76r.19,=P0",dcheedy.qolchey.qokeey.qokeey.chedy.qokar.shedy.shedy.lshedy.qolchedy.otedyl,dcheedy qolchey qokeey qokeey chedy qokar shedy shedy lshedy qolchedy otedyl
ZL3b-n,f76r,"f76r.20,+P0",dshedy.qo.chedy.lchedy.qokey.qolchey.qotain.chckhy.shckhy.lchar.okar.alchdy,dshedy qo chedy lchedy qokey qolchey qotain chckhy shckhy lchar okar alchdy
ZL3b-n,f76r,"f76r.21,+P0","qokch[s:?]dy.okeey,lchedy.qo.olain.ot.shedy.qotaly.dar.sain.shedy.oleeed",qokchsdy okeey lchedy qo olain ot shedy qotaly dar sain shedy oleeed
ZL3b-n,f76r,"f76r.22,*L0",l,l
ZL3b-n,f76r,"f76r.23,=P0","sheedy.qokedy.chedy.chedy.qokain.chckhy.olchy.l,ain.shedy.olaiin.chedy,qokey",sheedy qokedy chedy chedy qokain chckhy olchy l ain shedy olaiin chedy qokey
ZL3b-n,f76r,"f76r.24,+P0","dalshedy.qol,sheedy.qokaldy.chepy.dain.alolor.olain.chedy.shecthy.qokey.lor",dalshedy qol sheedy qokaldy chepy dain alolor olain chedy shecthy qokey lor
ZL3b-n,f76r,"f76r.25,+P0","qoloin.chey.qokeey.lchedy.chckhy.chey,ky.chey.qolal.lklchey.lchedy.chey.llaiir,y",qoloin chey qokeey lchedy chckhy chey ky chey qolal lklchey lchedy chey llaiir y
ZL3b-n,f76r,"f76r.26,+P0","shedal.shey.qokey.qolchedy.qolain.ain.chey.qokaiin.okain.cheedy.lchey,l,oly.dy",shedal shey qokey qolchedy qolain ain chey qokaiin okain cheedy lchey l oly dy
ZL3b-n,f76r,"f76r.27,*L0",k,k
ZL3b-n,f76r,"f76r.28,=P0","soin.sheey.chear.ol,aiin.chodaiin.qokaiin.chey.qokalchey.dal,chdy.dal.ytal",soin sheey chear ol aiin chodaiin qokaiin chey qokalchey dal chdy dal ytal
ZL3b-n,f76r,"f76r.29,+P0","qokar.shedy.shedy.qokar.shedy.qokain.dar.shey.lshcthy.okar.okain.y,laiin,y",qokar shedy shedy qokar shedy qokain dar shey lshcthy okar okain y laiin y
ZL3b-n,f76r,"f76r.30,+P0",darchey.cheolchey.shcthy.chedy.qo.qokey.dalaiin.sheeky.qokain.olky.sain.chy,darchey cheolchey shcthy chedy qo qokey dalaiin sheeky qokain olky sain chy
ZL3b-n,f76r,"f76r.31,*L0",r,r
ZL3b-n,f76r,"f76r.32,=P0","che[o:a],r.ain.okaiin.dain.chey.dalshedy.qokaiin.che[o:a]l.shy.chedy.rain.chedy.shy",cheo r ain okaiin dain chey dalshedy qokaiin cheol shy chedy rain chedy shy
ZL3b-n,f76r,"f76r.33,+P0","qokedy.lkey.kal.shedy.qopchey.qo,l,pchedy.okchy.chckhy.shey.lol.r,ol.sheey.dar",qokedy lkey kal shedy qopchey qo l pchedy okchy chckhy shey lol r ol sheey dar
ZL3b-n,f76r,"f76r.34,+P0","cheor.shey.qoolkal,shedy.shedy.shey.shedy.ollchy.shlches.shcthy.sain.oly",cheor shey qoolkal shedy shedy shey shedy ollchy shlches shcthy sain oly
ZL3b-n,f76r,"f76r.35,+P0",sain.shedy.lshey.qokal.chcthy.okeolor.cheol.otar.chedy.qol.chcthy.chckhy,sain shedy lshey qokal chcthy okeolor cheol otar chedy qol chcthy chckhy
ZL3b-n,f76r,"f76r.36,+P0","qok[a:o]l.shedy.sheol.cheol.alshy.chol,chdy.talor.ol,alor.chol.okeor,ar,o.oly",qokal shedy sheol cheol alshy chol chdy talor ol alor chol okeor ar o oly
ZL3b-n,f76r,"f76r.37,*L0",s,s
ZL3b-n,f76r,"f76r.38,=P0",oteey.lchey.chey.olsheol.qokal.chal<$>,oteey lchey chey olsheol qokal chal
ZL3b-n,f76r,"f76r.39,+P0","<%>polalchdy.pshedy.opchedy.qokas.yksheol.qokeedy.oty,lshed.chpsheedy.ytal",polalchdy pshedy opchedy qokas yksheol qokeedy oty lshed chpsheedy ytal
ZL3b-n,f76r,"f76r.40,+P0",qolchey.shckhy.qokey.lchy.opchey.dain.shdy.qokedar.olchdy.sor.oty.dy.lchedy,qolchey shckhy qokey lchy opchey dain shdy qokedar olchdy sor oty dy lchedy
ZL3b-n,f76r,"f76r.41,+P0","sain.ar.okedy.lcheey.qokey.shckhy.otedy.qokal.shey,qoky.dain.chedy.qokchd[y:a]l",sain ar okedy lcheey qokey shckhy otedy qokal shey qoky dain chedy qokchdyl
ZL3b-n,f76r,"f76r.42,+P0",dain.chey.lsh.daiin.chey.lchedy.qol[a:o]in.qotal.shedy.dy.shecthy.otalam,dain chey lsh daiin chey lchedy qolain qotal shedy dy shecthy otalam
ZL3b-n,f76r,"f76r.43,+P0",sor.shey.qokey.qokar.sheeoldy.chol.oly.chaly.lol.chdy<$>,sor shey qokey qokar sheeoldy chol oly chaly lol chdy
ZL3b-n,f76r,"f76r.44,+P0","<%>poleedaran.shckhy.qoty.ykar.alol.lkaiin.ol,shedy.otain.okar.opar.kolpy",poleedaran shckhy qoty ykar alol lkaiin ol shedy otain okar opar kolpy
ZL3b-n,f76r,"f76r.45,+P0","y,shedy.qo.or.okain.shey.qokaiin.okeedy.qochy.as.[o:a]in.sheey.chckhy",y shedy qo or okain shey qokaiin okeedy qochy as oin sheey chckhy
ZL3b-n,f76r,"f76r.46,+P0",dain.shear.okedy.otedy.okedy.lchedy.chedy.okar.chedy.otarain,dain shear okedy otedy okedy lchedy chedy okar chedy otarain
ZL3b-n,f76r,"f76r.47,+P0","dain.chckhy.[o:a]r,aiin.sheey.qockhey.olchdar.sheey.otedy.olain.oky",dain chckhy or aiin sheey qockhey olchdar sheey otedy olain oky
ZL3b-n,f76r,"f76r.48,+P0",saiin.shckhy.lkeedy.qoky.okain.ytain.oteedy.okedor.shedy.qokal,saiin shckhy lkeedy qoky okain ytain oteedy okedor shedy qokal
ZL3b-n,f76r,"f76r.49,+P0","saiin.olaiin.oky.shol.sain.oky.l,kar.chedy.lkar.al.loral",saiin olaiin oky shol sain oky l kar chedy lkar al loral
ZL3b-n,f76r,"f76r.50,+P0",[p:f]chedy.@174;.sal.dol.shdy.olkedy.qokaiin.otal.rory<$>,pchedy sal dol shdy olkedy qokaiin otal rory
ZL3b-n,f76r,"f76r.51,+P0","<%>qkor.shedy.shey.keedy.sal.raiin.opchdy.dar,chedy.qopchedy.ro[r:s]ol",qkor shedy shey keedy sal raiin opchdy dar chedy qopchedy rorol
ZL3b-n,f76r,"f76r.52,+P0",olsheed.qokedy.qokeedy.qokedy.lkedy.lsheedy.okar.shedy.otain,olsheed qokedy qokeedy qokedy lkedy lsheedy okar shedy otain
ZL3b-n,f76r,"f76r.53,+P0",saiin.qol.shedy.ol.chedor.chal.shed.qoteedy.dshdy.okal.chedyl,saiin qol shedy ol chedor chal shed qoteedy dshdy okal chedyl
ZL3b-n,f76r,"f76r.54,+P0","dal,or,chedy.qolaiin.okedal.olchedy.chdol.olchedy.choly.aiin,y",dal or chedy qolaiin okedal olchedy chdol olchedy choly aiin y
ZL3b-n,f76r,"f76r.55,+P0",sain.sheey.or.ar.al.solshey.okeedy.ldaiin.checkhey.okedalor,sain sheey or ar al solshey okeedy ldaiin checkhey okedalor
ZL3b-n,f76r,"f76r.56,+P0",qokaiin.ol.shedy.qokeey.or.shdy<$>,qokaiin ol shedy qokeey or shdy
ZL3b-n,f76v,"f76v.1,@P0","<%>polarar.okor.opcheey.yteey.opchaly.lshedy.qofchdal.lkodol<->opa,korols",polarar okor opcheey yteey opchaly lshedy qofchdal lkodolopa korols
ZL3b-n,f76v,"f76v.2,+P0",sshedy.keedy.cholkeeey.otedor.okor.shedy.chedy.qokeedy.oly<->shey.qoyky,sshedy keedy cholkeeey otedor okor shedy chedy qokeedy olyshey qoyky
ZL3b-n,f76v,"f76v.3,+P0",dchedy.qokeedy.oteedy.chedaiin.chey.qokeedy.olkedy.ror<->oteedy.okal,dchedy qokeedy oteedy chedaiin chey qokeedy olkedy roroteedy okal
ZL3b-n,f76v,"f76v.4,+P0","salkeey.sor.shecthy.daiin.okor.chpchedy.{cp}chy.oty.olor<->otchy.r,alchl",salkeey sor shecthy daiin okor chpchedy cpchy oty olorotchy r alchl
ZL3b-n,f76v,"f76v.5,+P0",s.otain.okain.chcthedy.qoteed.y.kedy.okedy.chedy<->otedy.teyteg,s otain okain chcthedy qoteed y kedy okedy chedyotedy teyteg
ZL3b-n,f76v,"f76v.6,+P0",qotees.olkeey.okeedy.qoeeedy.chckhey.sheor.aiin.otar<->cheedy.lchedy,qotees olkeey okeedy qoeeedy chckhey sheor aiin otarcheedy lchedy
ZL3b-n,f76v,"f76v.7,+P0",doteey.qo.okaiin.oteedy.otedy.cheolchdy.okeedy.otedy.qokedy.okedar.da,doteey qo okaiin oteedy otedy cheolchdy okeedy otedy qokedy okedar da
ZL3b-n,f76v,"f76v.8,+P0","qokeedy.ochedy.roiin.sheedy.qokeedy.okeedy.olor.okeedy.qolkchey.r,[o:a]l",qokeedy ochedy roiin sheedy qokeedy okeedy olor okeedy qolkchey r ol
ZL3b-n,f76v,"f76v.9,+P0",sheor.chey.ral.cheey.r.al.cheedy<$>,sheor chey ral cheey r al cheedy
ZL3b-n,f76v,"f76v.10,+P0",<%>cphdor.shedal.qopchdy.dshedy.shedy.tchedy.lsheetal.shecphy.daiin.dy,cphdor shedal qopchdy dshedy shedy tchedy lsheetal shecphy daiin dy
ZL3b-n,f76v,"f76v.11,+P0",cheor.sheedy.daiin.oekeedy.qokeey.qokedy.oteedy.shedy.qokedy.shedam,cheor sheedy daiin oekeedy qokeey qokedy oteedy shedy qokedy shedam
ZL3b-n,f76v,"f76v.12,+P0",solsheol.sheey.lteedy.qokeedy.qotal.chedy.checthy.otedeey.qokol.chedy.deey,solsheol sheey lteedy qokeedy qotal chedy checthy otedeey qokol chedy deey
ZL3b-n,f76v,"f76v.13,+P0",saiin.sheedy.qol.sheedy.okeeedy.qoteedy.chedy.qotedy.oleeedy.qoteedy.lo,saiin sheedy qol sheedy okeeedy qoteedy chedy qotedy oleeedy qoteedy lo
ZL3b-n,f76v,"f76v.14,+P0",qokeedy.qol.cheedy.otedy.cthedy.otedy.qoteedy.shcthedy.qoeekeedy.deedy,qokeedy qol cheedy otedy cthedy otedy qoteedy shcthedy qoeekeedy deedy
ZL3b-n,f76v,"f76v.15,+P0",tchedy.lsheedy.chedal.chedy.checthey<$>,tchedy lsheedy chedal chedy checthey
ZL3b-n,f76v,"f76v.16,+P0",<%>polshdal.otedair.opshedal.qokedy.shedy.fschedal.tsheokeedy.oshepols,polshdal otedair opshedal qokedy shedy fschedal tsheokeedy oshepols
ZL3b-n,f76v,"f76v.17,+P0",sar.olkeey.shokaiin.sheolol.otedy.qekchdy.qoeeedy.qokedy.lkedy.chdy,sar olkeey shokaiin sheolol otedy qekchdy qoeeedy qokedy lkedy chdy
ZL3b-n,f76v,"f76v.18,+P0",lshey.qockhedy.qodeey.qolkeedy.qokedy.chol.chedchey.daiin.olkedy,lshey qockhedy qodeey qolkeedy qokedy chol chedchey daiin olkedy
ZL3b-n,f76v,"f76v.19,+P0","or,as.sheey.otar.shedy.otchedy.checkhey.olchedy.checkhy.checkhy.lky",or as sheey otar shedy otchedy checkhey olchedy checkhy checkhy lky
ZL3b-n,f76v,"f76v.20,+P0",dol.sheetey.qokedy.ol.checkhy.lshedy.qokeedy.cheedy.qokeedy.shl.loiii@175;,dol sheetey qokedy ol checkhy lshedy qokeedy cheedy qokeedy shl loiii
ZL3b-n,f76v,"f76v.21,+P0",cthedy.oteol.chdar.chckhy.chees.s[a:o]lkchdy.chey.lcheedy.lchedy.qoteedy,cthedy oteol chdar chckhy chees salkchdy chey lcheedy lchedy qoteedy
ZL3b-n,f76v,"f76v.22,+P0","sol,shey.qotedy.chey.dytey.teedy.lchey.qokedy.chedy.lal,chedy.lchedy",sol shey qotedy chey dytey teedy lchey qokedy chedy lal chedy lchedy
ZL3b-n,f76v,"f76v.23,+P0",dchedy.qokeedy.qotchy.qokol.shedy.shedy.chedy.olched[?:r].shetey.saiin,dchedy qokeedy qotchy qokol shedy shedy chedy shetey saiin
ZL3b-n,f76v,"f76v.24,+P0",qokeey.lsheey.dal.lchedy.olshey<$>,qokeey lsheey dal lchedy olshey
ZL3b-n,f76v,"f76v.25,+P0","<%>psheoldy.opalshedy.qokshedy.qokedy.dor.shey.opchedy.dal.so,fcham",psheoldy opalshedy qokshedy qokedy dor shey opchedy dal so fcham
ZL3b-n,f76v,"f76v.26,+P0","dshol.qokaiin.ches.daiin.checkhy.oteoldy.qokeey.chckhy.lar,aly",dshol qokaiin ches daiin checkhy oteoldy qokeey chckhy lar aly
ZL3b-n,f76v,"f76v.27,+P0",daiin.shckhey.qokeedy.saiin.chek.ain.r.ain.o.kan.chl[a:o]iiin,daiin shckhey qokeedy saiin chek ain r ain o kan chlaiiin
ZL3b-n,f76v,"f76v.28,+P0","saiin.sheckhy.cheolchey.qokedy.sair.sheckhy.l,keedy.lchedy",saiin sheckhy cheolchey qokedy sair sheckhy l keedy lchedy
ZL3b-n,f76v,"f76v.29,+P0","sar.sheedy.qokeedy.qolkey.lchdy.schees.shees.al,ches.okaiin.alaldy",sar sheedy qokeedy qolkey lchdy schees shees al ches okaiin alaldy
ZL3b-n,f76v,"f76v.30,+P0","tchedy.lshees,aiin.chees.tchy.rshed.chkaiin.sheky.shtal,cheedy.lsan",tchedy lshees aiin chees tchy rshed chkaiin sheky shtal cheedy lsan
ZL3b-n,f76v,"f76v.31,+P0",sair.shekaiiin.shets.aiiin.shety.otey.okaiin.otedy.qotar.chedy,sair shekaiiin shets aiiin shety otey okaiin otedy qotar chedy
ZL3b-n,f76v,"f76v.32,+P0",tain.sheey.qotain.chedy.qokaiin.chedy.taiin.chckhedy.otol.oty,tain sheey qotain chedy qokaiin chedy taiin chckhedy otol oty
ZL3b-n,f76v,"f76v.33,+P0",saiin.otaiin.shckhedy<$>,saiin otaiin shckhedy
ZL3b-n,f76v,"f76v.34,+P0","<%>sakaiin.okeedy.chedy.qotain.cphey.opcheey.oty,saiin.otary",sakaiin okeedy chedy qotain cphey opcheey oty saiin otary
ZL3b-n,f76v,"f76v.35,+P0",ychees.alchedy.qokeedy.lshedy.tolchedy.lchedy.qoky.saiin.olor,ychees alchedy qokeedy lshedy tolchedy lchedy qoky saiin olor
ZL3b-n,f76v,"f76v.36,+P0",daiin.cheol.teey.lshety.okeey.qeedy<$>,daiin cheol teey lshety okeey qeedy
ZL3b-n,f76v,"f76v.37,+P0","<%>qoeedy.lchedy.chees.ol,oiiin.chchky.shekeey.qokey.qoky.saiin,sy",qoeedy lchedy chees ol oiiin chchky shekeey qokey qoky saiin sy
ZL3b-n,f76v,"f76v.38,+P0","saiin.chedy,shedy.qokeedy.lol,saiiin.qokain.chey.r.al.r.aiin.dl",saiin chedy shedy qokeedy lol saiiin qokain chey r al r aiin dl
ZL3b-n,f76v,"f76v.39,+P0","sshey.lshedy.qokaiin.shedy.okedy.san,ol,keedy.sor.qoky,dedy",sshey lshedy qokaiin shedy okedy san ol keedy sor qoky dedy
ZL3b-n,f76v,"f76v.40,+P0","sol,shedy.qoky.daiin.shedy.chey.qokaiin.cheedy.qo.char,aiin",sol shedy qoky daiin shedy chey qokaiin cheedy qo char aiin
ZL3b-n,f76v,"f76v.41,+P0",sol.shey.chedy.qokedy.chedy.qol.r.aiin.shedy<$>,sol shey chedy qokedy chedy qol r aiin shedy
ZL3b-n,f77r,"f77r.1,@Ln",darchdar,darchdar
ZL3b-n,f77r,"f77r.2,+Lt",olkchs,olkchs
ZL3b-n,f77r,"f77r.3,=Lt",otedy,otedy
ZL3b-n,f77r,"f77r.4,~Lt",otork,otork
ZL3b-n,f77r,"f77r.5,=Lt",otol,otol
ZL3b-n,f77r,"f77r.6,~Lt",dchdy,dchdy
ZL3b-n,f77r,"f77r.7,~Lt",soral,soral
ZL3b-n,f77r,"f77r.8,~Ln",dotedy,dotedy
ZL3b-n,f77r,"f77r.9,@P0","<%>poldarais,ol.qokol.chey.qopchedy.qopchedy.dylches.olkedy.loly",poldarais ol qokol chey qopchedy qopchedy dylches olkedy loly
ZL3b-n,f77r,"f77r.10,+P0","tolchd,ar.shey.qotaiin.qotedy.qokol.chdy.qokain.chetey.sal",tolchd ar shey qotaiin qotedy qokol chdy qokain chetey sal
ZL3b-n,f77r,"f77r.11,+P0",qoteedy.qokaiin.shedy.chol.shedy.shcthey.qokeedy.oteedy.cham,qoteedy qokaiin shedy chol shedy shcthey qokeedy oteedy cham
ZL3b-n,f77r,"f77r.12,+P0",solteedy.qoteedy.qodeedy.chedaiin.chedy.shedaiin.she[a:o]lol.ched,solteedy qoteedy qodeedy chedaiin chedy shedaiin shealol ched
ZL3b-n,f77r,"f77r.13,+P0","qokeedy.qol,sheedy.shol.tedy.chedy.lsheedy.qokedy.qolal.chedy",qokeedy qol sheedy shol tedy chedy lsheedy qokedy qolal chedy
ZL3b-n,f77r,"f77r.14,+P0",sokcheey.sain.sheeol.qoteedy.qokaiin.shedy.qokeedy.qotedy,sokcheey sain sheeol qoteedy qokaiin shedy qokeedy qotedy
ZL3b-n,f77r,"f77r.15,+P0","qokeedy.shedy.qotol.shedy.qokaiin.sheety.qokeed,y.lchedy,lol",qokeedy shedy qotol shedy qokaiin sheety qokeed y lchedy lol
ZL3b-n,f77r,"f77r.16,+P0",sshedy.qotaiin.chedy.qokaiin.shedy.qolcheedy.qokeedy.lol,sshedy qotaiin chedy qokaiin shedy qolcheedy qokeedy lol
ZL3b-n,f77r,"f77r.17,+P0","qoteedy.qoteedy.qokedy.sheed.qeey.saiin.sheety.qokeedy,lol",qoteedy qoteedy qokedy sheed qeey saiin sheety qokeedy lol
ZL3b-n,f77r,"f77r.18,+P0","daiin.cheedy.lshey.qo,l,or.chees.sheckhedy.qol.cheedy.qotaiin",daiin cheedy lshey qo l or chees sheckhedy qol cheedy qotaiin
ZL3b-n,f77r,"f77r.19,+P0",qokeedy.lchey.lsheey.qokeedy.qokeedy.qokar.qokeey.laiin.chey,qokeedy lchey lsheey qokeedy qokeedy qokar qokeey laiin chey
ZL3b-n,f77r,"f77r.20,+P0",qotain.sheal.qokeedy.qoteey.qokain.sheey.qotedy.dalchedy,qotain sheal qokeedy qoteey qokain sheey qotedy dalchedy
ZL3b-n,f77r,"f77r.21,+P0",chedaiin.shedy.qokeedy.qokedy.qokeey.chedy.shear.olaiiny,chedaiin shedy qokeedy qokedy qokeey chedy shear olaiiny
ZL3b-n,f77r,"f77r.22,+P0",qoteedy.al.lchedy.r.oin.chy.chedaiin.cheey.okedy.qoky,qoteedy al lchedy r oin chy chedaiin cheey okedy qoky
ZL3b-n,f77r,"f77r.23,+P0",sheoky.qokaiin.chedy.lchedy.olshedy.qokeedy.chedy.qok[a:o]l,sheoky qokaiin chedy lchedy olshedy qokeedy chedy qokal
ZL3b-n,f77r,"f77r.24,+P0","daiin.dol,shor.cphey.lfcheal.shear.qolchy<$>",daiin dol shor cphey lfcheal shear qolchy
ZL3b-n,f77r,"f77r.25,+P0","<%>otedy.qokar,shedy.qokal.shedar.dal,chedy.daror",otedy qokar shedy qokal shedar dal chedy daror
ZL3b-n,f77r,"f77r.26,+P0",qoteedy.qokeedy.qokaiin.chcthy.lchedy.qokaly,qoteedy qokeedy qokaiin chcthy lchedy qokaly
ZL3b-n,f77r,"f77r.27,+P0",solchedy.qokain.okaiin.shedy.qokeedy.qotedy,solchedy qokain okaiin shedy qokeedy qotedy
ZL3b-n,f77r,"f77r.28,+P0",olchey.qotey.qokain.olcheedy.sar.lom,olchey qotey qokain olcheedy sar lom
ZL3b-n,f77r,"f77r.29,+P0",saiin.cheeol.qokeedy.qokeedy.qotal,saiin cheeol qokeedy qokeedy qotal
ZL3b-n,f77r,"f77r.30,+P0","qokaiin.chckhey.sa,iin.qolkain.cheeky.lol",qokaiin chckhey sa iin qolkain cheeky lol
ZL3b-n,f77r,"f77r.31,+P0",qokain.chckhy.qokeey.qotedy.qotedy.qotary,qokain chckhy qokeey qotedy qotedy qotary
ZL3b-n,f77r,"f77r.32,+P0",qor.ain.cheol.ol.chealor.cheey.qet[eiiin:aiin].d[a:y]ry,qor ain cheol ol chealor cheey qeteiiin dary
ZL3b-n,f77r,"f77r.33,+P0","daiin.chedy.qol,keedy.qoteeedy.sar.oiiiin.cheety.dy",daiin chedy qol keedy qoteeedy sar oiiiin cheety dy
ZL3b-n,f77r,"f77r.34,+P0",qokaiin.shedy.chedy.qolchedy.qokaiin.qokaiin.checkhy.raiin,qokaiin shedy chedy qolchedy qokaiin qokaiin checkhy raiin
ZL3b-n,f77r,"f77r.35,+P0",solkeey.okaiin.chedy.qokain.sheedy.qokaiin.chedaiin.chealy,solkeey okaiin chedy qokain sheedy qokaiin chedaiin chealy
ZL3b-n,f77r,"f77r.36,+P0","dshedy.pchedy.qotain.chedy.d[o:a]lchl.qokeedy.qokol,olchey",dshedy pchedy qotain chedy dolchl qokeedy qokol olchey
ZL3b-n,f77r,"f77r.37,+P0",teeolain.chey.qoteedy.qokain.cheedy.cheey.lchedy<$>,teeolain chey qoteedy qokain cheedy cheey lchedy
ZL3b-n,f77r,"f77r.38,+P0",<%>pol.shedy.qoeedy.qokaiin.chcphey.qol.ltaiin.shedy.qol,pol shedy qoeedy qokaiin chcphey qol ltaiin shedy qol
ZL3b-n,f77r,"f77r.39,+P0",olaiin.cheey.sheckhey.lsheey.qykaiin.sheedy.laiin,olaiin cheey sheckhey lsheey qykaiin sheedy laiin
ZL3b-n,f77r,"f77r.40,+P0","daiiin.ol,eeedy.okaiin.sheeol.qotaiin.shody.qoty",daiiin ol eeedy okaiin sheeol qotaiin shody qoty
ZL3b-n,f77r,"f77r.41,+P0","daiin,sh.qolchey.qotedy.qotal.r,ain.chl.s.arol",daiin sh qolchey qotedy qotal r ain chl s arol
ZL3b-n,f77r,"f77r.42,+P0","qokeedy.qotedy.qokeedy.qokeedy.qokeey.[s:r],aiin.al",qokeedy qotedy qokeedy qokeedy qokeey s aiin al
ZL3b-n,f77r,"f77r.43,+P0","d,chee,ol.cheedy.qotaiin.qoteedy.qotedy.raiin",d chee ol cheedy qotaiin qoteedy qotedy raiin
ZL3b-n,f77r,"f77r.44,+P0",sheey.qepchedy.qol.cheedy.qokear.cheey.loly.dy,sheey qepchedy qol cheedy qokear cheey loly dy
ZL3b-n,f77r,"f77r.45,+P0","qokaiin.ches.lchear.dal.chr.sl,s,ain.ol.raiin.lod",qokaiin ches lchear dal chr sl s ain ol raiin lod
ZL3b-n,f77r,"f77r.46,+P0","daiin.chlchpsheey.tal.cheol.dag.as,otey.daiin",daiin chlchpsheey tal cheol dag as otey daiin
ZL3b-n,f77r,"f77r.47,+P0",ysheey.dal.saiis[o:a]l.sal.dalo.tain.dary.dalo,ysheey dal saiisol sal dalo tain dary dalo
ZL3b-n,f77r,"f77r.48,+P0",sodar.oloky<$>,sodar oloky
ZL3b-n,f77r,"f77r.49,@Ln",otchdy,otchdy
ZL3b-n,f77r,"f77r.50,@Lt","otolaiin,o",otolaiin o
ZL3b-n,f77v,"f77v.1,@Lt","okain.y,kal",okain y kal
ZL3b-n,f77v,"f77v.2,=Lt",otol.shedy,otol shedy
ZL3b-n,f77v,"f77v.3,=Lt",olkeedal,olkeedal
ZL3b-n,f77v,"f77v.4,@Lt",otolor,otolor
ZL3b-n,f77v,"f77v.5,=Lt",[o:a]rchedal,orchedal
ZL3b-n,f77v,"f77v.6,@P0",<%>qetedy.shedy.qotol.odal.chal.dar.qopshedy.qotedy.qotedy.qokedy.dal,qetedy shedy qotol odal chal dar qopshedy qotedy qotedy qokedy dal
ZL3b-n,f77v,"f77v.7,+P0","olshedy.qolsheedy.qy,r{oh}r.ycheedy.okedy.lshedy.chs.shdal.chedy.qolky",olshedy qolsheedy qy rohr ycheedy okedy lshedy chs shdal chedy qolky
ZL3b-n,f77v,"f77v.8,+P0",qokeeey.shedy.qokeedy.qodykey.qokedy.rsheedy.taiiin.sheol.teedy.yry,qokeeey shedy qokeedy qodykey qokedy rsheedy taiiin sheol teedy yry
ZL3b-n,f77v,"f77v.9,+P0","dcheol.kshey.qolchshy.cheol.olchedy.ol.chs.ol,sheedy.qokedy.chedy",dcheol kshey qolchshy cheol olchedy ol chs ol sheedy qokedy chedy
ZL3b-n,f77v,"f77v.10,+P0",tchedar.alain.checkhy.sal.shedy.qokal.chedy.qokedy.qol.shedy.lol,tchedar alain checkhy sal shedy qokal chedy qokedy qol shedy lol
ZL3b-n,f77v,"f77v.11,+P0","qockhy.dol,chdy.dsheedal.qokal.chedy.dal,shedy.qokeedy.dal.olchy",qockhy dol chdy dsheedal qokal chedy dal shedy qokeedy dal olchy
ZL3b-n,f77v,"f77v.12,+P0",lchedy.shedal.qokedy.okal.chedy.qokal.shedy.chedy.qol.chdy.lam,lchedy shedal qokedy okal chedy qokal shedy chedy qol chdy lam
ZL3b-n,f77v,"f77v.13,+P0",sor.sheol.chdy.qokeedy.dar.shedy.chedy.qokal.chedy.qokey.lshedy.dal,sor sheol chdy qokeedy dar shedy chedy qokal chedy qokey lshedy dal
ZL3b-n,f77v,"f77v.14,+P0","darcheedal.qeedy.qeedeey.olchey.lchey.qedy.or,cheey.qol.rar.ar",darcheedal qeedy qeedeey olchey lchey qedy or cheey qol rar ar
ZL3b-n,f77v,"f77v.15,+P0","qol,kaiin.shey<$>",qol kaiin shey
ZL3b-n,f77v,"f77v.16,+P0",<%>tedal.daiin.okaiin.shedy.qokedy.qokain.otedy.dasy,tedal daiin okaiin shedy qokedy qokain otedy dasy
ZL3b-n,f77v,"f77v.17,+P0","olchedy.qol,shedy.qokchedy.qokeey.daiin.olol",olchedy qol shedy qokchedy qokeey daiin olol
ZL3b-n,f77v,"f77v.18,+P0",qokaiin.sheol.ekedy.qokey.qokal.dal.daly,qokaiin sheol ekedy qokey qokal dal daly
ZL3b-n,f77v,"f77v.19,+P0","qoraiin.shey.qokaiin.chal,aiiin.chedy.qol",qoraiin shey qokaiin chal aiiin chedy qol
ZL3b-n,f77v,"f77v.20,+P0","daiin.salchedy.qokedy.qokal.shed,keoly",daiin salchedy qokedy qokal shed keoly
ZL3b-n,f77v,"f77v.21,+P0","qokal.salchedy.shey.fchor.qotas,olky.darory",qokal salchedy shey fchor qotas olky darory
ZL3b-n,f77v,"f77v.22,+P0",dalchey.qol.chedy.oqokain.olkaiin.chckhy.qokal.dar,dalchey qol chedy oqokain olkaiin chckhy qokal dar
ZL3b-n,f77v,"f77v.23,+P0","qokal.chees.ol.shedy.doraiin.ol.qoky.ches.ol,dal",qokal chees ol shedy doraiin ol qoky ches ol dal
ZL3b-n,f77v,"f77v.24,+P0",daiin.sheekey.qokeedy.daiin.dail.qokedy.qokedy.[r:s]ol,daiin sheekey qokeedy daiin dail qokedy qokedy rol
ZL3b-n,f77v,"f77v.25,+P0",lchor.oiiin.shedy.qokaiin.saiin.dal.sheedy.qokeedy.[r:s]al,lchor oiiin shedy qokaiin saiin dal sheedy qokeedy ral
ZL3b-n,f77v,"f77v.26,+P0",dairol.shedy.rchy.sheor.qokedy.qoky.chckhy.qokchy.ldol,dairol shedy rchy sheor qokedy qoky chckhy qokchy ldol
ZL3b-n,f77v,"f77v.27,+P0",tshedy.qokain.chedal.fchedy.cheky.sain.chedy.qokain.ol,tshedy qokain chedal fchedy cheky sain chedy qokain ol
ZL3b-n,f77v,"f77v.28,+P0","ychedy.qokedy.qoked.ol,sheor.olchdy<$>",ychedy qokedy qoked ol sheor olchdy
ZL3b-n,f77v,"f77v.29,+P0","<%>tch[a:y]dchy.lshedy.daly.dal.dsheedy.pcheol.lfol.ol,cheedy.qoty",tchadchy lshedy daly dal dsheedy pcheol lfol ol cheedy qoty
ZL3b-n,f77v,"f77v.30,+P0",shey.ol.sheey.qokedy.lchedy.qokaiin.dal.daiin.chedy,shey ol sheey qokedy lchedy qokaiin dal daiin chedy
ZL3b-n,f77v,"f77v.31,+P0",qoa[s:r].shedy.qokaiin.shcthy.qotedy.rchr.oltedy.lchy,qoas shedy qokaiin shcthy qotedy rchr oltedy lchy
ZL3b-n,f77v,"f77v.32,+P0",ycheey.qolshedy.qokalchedy.qokaiin.checkhy.qokal,ycheey qolshedy qokalchedy qokaiin checkhy qokal
ZL3b-n,f77v,"f77v.33,+P0",qokaiin.cheky.rar.chedy.qokal.dar.y.qotal.dal.rain,qokaiin cheky rar chedy qokal dar y qotal dal rain
ZL3b-n,f77v,"f77v.34,+P0",solkchedy.shar.ytal.dy.dychedy.lkchey.qokedy.rched,solkchedy shar ytal dy dychedy lkchey qokedy rched
ZL3b-n,f77v,"f77v.35,+P0","tcho[r:s],sheey.qokain.qokain.sheol.qokeedy.qokal.dary",tchor sheey qokain qokain sheol qokeedy qokal dary
ZL3b-n,f77v,"f77v.36,+P0",qotchy.qokal.shedy.qokedy.lchedy.qokedy.qol.raiin.chey,qotchy qokal shedy qokedy lchedy qokedy qol raiin chey
ZL3b-n,f77v,"f77v.37,+P0",schedy.qotar.sarolsheedy.qokain.cheey.roiin.daiin.shey,schedy qotar sarolsheedy qokain cheey roiin daiin shey
ZL3b-n,f77v,"f77v.38,+P0",toldal.shedy.qokedy.qokain.dolcheedy.[r:s]olchedy.qokedy,toldal shedy qokedy qokain dolcheedy rolchedy qokedy
ZL3b-n,f77v,"f77v.39,+P0",dcheol.kchedy.so{ikh}ey.qokal.qokal.shedy.sholdy.qotal.dar,dcheol kchedy soikhey qokal qokal shedy sholdy qotal dar
ZL3b-n,f77v,"f77v.40,+P0",qokeey.rol.chdor.cheey.qokaiin.saiin.shedy.qokeedy.qokam,qokeey rol chdor cheey qokaiin saiin shedy qokeedy qokam
ZL3b-n,f77v,"f77v.41,+P0","chedy.lchedy.lkaiin.dy.qokal.dar.chdain.ldchey.ol,raiin.oldy",chedy lchedy lkaiin dy qokal dar chdain ldchey ol raiin oldy
ZL3b-n,f77v,"f77v.42,+P0",tcheey.qokeey.qokal.lchedy.cheolkaiin.okol<$>,tcheey qokeey qokal lchedy cheolkaiin okol
ZL3b-n,f77v,"f77v.43,@Ln",saroral,saroral
ZL3b-n,f77v,"f77v.44,@Lt",okalo,okalo
ZL3b-n,f78r,"f78r.1,@Lt",<!16>okchdldlo,okchdldlo
ZL3b-n,f78r,"f78r.2,@Lt",<!17>okchdy,okchdy
ZL3b-n,f78r,"f78r.3,@P0","<%>tshedor.shedy.qopchedy.qokedy.dy,qokol.oky",tshedor shedy qopchedy qokedy dy qokol oky
ZL3b-n,f78r,"f78r.4,+P0",qokeedy.qokedy.shedy.tchedy.otar.olkedy.dam,qokeedy qokedy shedy tchedy otar olkedy dam
ZL3b-n,f78r,"f78r.5,+P0",qckhedy.cheky.dol.chedy.qokedy.qokain.olkedy,qckhedy cheky dol chedy qokedy qokain olkedy
ZL3b-n,f78r,"f78r.6,+P0","yteedy.qotal.dol,shedy.qokedar.chcthey.otor.dor.or",yteedy qotal dol shedy qokedar chcthey otor dor or
ZL3b-n,f78r,"f78r.7,+P0","qokal.otedy.qokedy.qokedy.dal.qokedy.qokedy.s,@176;am",qokal otedy qokedy qokedy dal qokedy qokedy s am
ZL3b-n,f78r,"f78r.8,+P0",dshedy.qokedy.okar.qokedy.shedy.ykedy.shedy.qoky,dshedy qokedy okar qokedy shedy ykedy shedy qoky
ZL3b-n,f78r,"f78r.9,+P0",schedy.keedy.qokedy.chckhd.qokain.chedy.qotedy.dy,schedy keedy qokedy chckhd qokain chedy qotedy dy
ZL3b-n,f78r,"f78r.10,+P0",dshedy.deedy.qokeedy.otedy.otal.tedy.otey.ol[o:a]iin,dshedy deedy qokeedy otedy otal tedy otey oloiin
ZL3b-n,f78r,"f78r.11,+P0",qoky.okeedy.sheety.qoteedy.otey.shckhedy.sokol.or,qoky okeedy sheety qoteedy otey shckhedy sokol or
ZL3b-n,f78r,"f78r.12,+P0",dor.shekedy.qokol.kechdy.otedy.ol.tedy.chckhedy,dor shekedy qokol kechdy otedy ol tedy chckhedy
ZL3b-n,f78r,"f78r.13,+P0","qokedy.ol,kedy.qokain.okedy.kedy.tol,dy.qot[ee:ch]dy,dy",qokedy ol kedy qokain okedy kedy tol dy qoteedy dy
ZL3b-n,f78r,"f78r.14,+P0",sor.checkhy.or.chckhdy.dol.kedy.qokededy.qokan.ol,sor checkhy or chckhdy dol kedy qokededy qokan ol
ZL3b-n,f78r,"f78r.15,+P0","dchckhedy.qokchdy.qokedy.okedy.dal,or.okeed.olkain",dchckhedy qokchdy qokedy okedy dal or okeed olkain
ZL3b-n,f78r,"f78r.16,+P0",qokol.oted.okain.ched.ar.alory,qokol oted okain ched ar alory
ZL3b-n,f78r,"f78r.17,+P0",soiin.kar.kedy.pche'y.tchdoltdy,soiin kar kedy pchey tchdoltdy
ZL3b-n,f78r,"f78r.18,+P0","o,l,chedy.qokain.dar.ar.okain",o l chedy qokain dar ar okain
ZL3b-n,f78r,"f78r.19,+P0",y.che[s:?].aiin.okeedy.qokain.chl,y ches aiin okeedy qokain chl
ZL3b-n,f78r,"f78r.20,+P0","sol,shedy.dalshdy.qokychdy",sol shedy dalshdy qokychdy
ZL3b-n,f78r,"f78r.21,+P0",lchedy.qokain.cheeky.lokedy,lchedy qokain cheeky lokedy
ZL3b-n,f78r,"f78r.22,+P0",yched.qokain.daiin.chckhdy.lr,yched qokain daiin chckhdy lr
ZL3b-n,f78r,"f78r.23,+P0",sain.sheor.olkchdy.roiin.okeedy,sain sheor olkchdy roiin okeedy
ZL3b-n,f78r,"f78r.24,+P0",qokeedy.kedy.qokeey.qokedy.olol,qokeedy kedy qokeey qokedy olol
ZL3b-n,f78r,"f78r.25,+P0",sokeedy.keol.lorain.olkeey.raiin,sokeedy keol lorain olkeey raiin
ZL3b-n,f78r,"f78r.26,+P0","sol,shey.kary.or,shedy.qeedar.ain,anl",sol shey kary or shedy qeedar ain anl
ZL3b-n,f78r,"f78r.27,+P0","daiin.chckhal.daiil,aldy<$>",daiin chckhal daiil aldy
ZL3b-n,f78r,"f78r.28,+P0","<%>@176;orain.ol.qokeedy.kchol.tchal,olkee.yfchey.ofchedy.taly",orain ol qokeedy kchol tchal olkee yfchey ofchedy taly
ZL3b-n,f78r,"f78r.29,+P0","ssheky.ol,kedy.chckhy.dain.oty.qokor.oky.dain.chy.<!corr?>ol",ssheky ol kedy chckhy dain oty qokor oky dain chy ol
ZL3b-n,f78r,"f78r.30,+P0",qokeedy.qokey.daiin.olkain.dal.chedy.ololdal.chcht[y:?].tedy,qokeedy qokey daiin olkain dal chedy ololdal chchty tedy
ZL3b-n,f78r,"f78r.31,+P0","solkeedy.sheckhy.qokedy.otal,shedy.otar.olchedy.cthdy",solkeedy sheckhy qokedy otal shedy otar olchedy cthdy
ZL3b-n,f78r,"f78r.32,+P0",qokedy.ckhdy.qokain.chedy.dalky.lkain.ykeedy.okaly.dy,qokedy ckhdy qokain chedy dalky lkain ykeedy okaly dy
ZL3b-n,f78r,"f78r.33,+P0","ytedy.daiin.ykedy.y,olsheey.qokeey.okal.ol,keedy.dyky",ytedy daiin ykedy y olsheey qokeey okal ol keedy dyky
ZL3b-n,f78r,"f78r.34,+P0","dshedy.qokeedy.qopchedy.qokaly.dar.okaiin.o,keeal.am",dshedy qokeedy qopchedy qokaly dar okaiin o keeal am
ZL3b-n,f78r,"f78r.35,+P0","y.sain.checkhy.qokain.cheeky.daiin.daiin.y,tees.ol,y",y sain checkhy qokain cheeky daiin daiin y tees ol y
ZL3b-n,f78r,"f78r.36,+P0",qotchedy.lchedy.lchedykedy.qol<->saiin.ckhain.or,qotchedy lchedy lchedykedy qolsaiin ckhain or
ZL3b-n,f78r,"f78r.37,+P0",osal.ol.s.aiin.shee'.aiin.oly,osal ol s aiin shee aiin oly
ZL3b-n,f78r,"f78r.38,+P0","sar,aiin.oteedy.ol.aiin.chedy",sar aiin oteedy ol aiin chedy
ZL3b-n,f78r,"f78r.39,+P0","qotaiin.qokaiin.o[t:k]edy.l,keedy",qotaiin qokaiin otedy l keedy
ZL3b-n,f78r,"f78r.40,+P0","shedy.qol.shedy.qokaiin.d,@206;ol",shedy qol shedy qokaiin d ol
ZL3b-n,f78r,"f78r.41,+P0",ykain.chdar.chedy.qokain.dy,ykain chdar chedy qokain dy
ZL3b-n,f78r,"f78r.42,+P0",dain.chfaiin.opaly.kotaly,dain chfaiin opaly kotaly
ZL3b-n,f78r,"f78r.43,+P0",lchedy.pchedy.qokaiin.d[a:o]r<$>,lchedy pchedy qokaiin dar
ZL3b-n,f78r,"f78r.44,@Lt","<!18>dar,alo{ifh}y",dar aloifhy
ZL3b-n,f78r,"f78r.45,@Lt",<!19>dchedaly,dchedaly
ZL3b-n,f78r,"f78r.46,@Lt",<!20>otarodla'y<-><!21>orory,otarodlayorory
ZL3b-n,f78r,"f78r.47,@Lt",<!22>okaral,okaral
ZL3b-n,f78v,"f78v.1,@P0",<%>@177;ykedy.olfchedy.qokedy.spchy.chedy.rol.dor.ofchedy.qokedy,ykedy olfchedy qokedy spchy chedy rol dor ofchedy qokedy
ZL3b-n,f78v,"f78v.2,+P0","olshedy.qokedy.rshedy.cthdy.otedy.kedy.dal,dal.dol.oty.dal",olshedy qokedy rshedy cthdy otedy kedy dal dal dol oty dal
ZL3b-n,f78v,"f78v.3,+P0","qokedy.chety.qolshedy.okedy.dol,eesolchey.qotedy.ol,dam",qokedy chety qolshedy okedy dol eesolchey qotedy ol dam
ZL3b-n,f78v,"f78v.4,+P0","ol,chy.lshdy.lcheckhy.ol.keedy.lcheckhey.l,olkedykain,ol",ol chy lshdy lcheckhy ol keedy lcheckhey l olkedykain ol
ZL3b-n,f78v,"f78v.5,+P0",qor.olkeey.olkain.ol.chsey.ol.cheeky.dar.okal.dal.olchedy,qor olkeey olkain ol chsey ol cheeky dar okal dal olchedy
ZL3b-n,f78v,"f78v.6,+P0","ety.okeey.or.{ch'}eey.ykeey.lchey.qokain.okedy.qokedy,qol",ety okeey or eey ykeey lchey qokain okedy qokedy qol
ZL3b-n,f78v,"f78v.7,+P0","otor.y,shedy.otedy.shedy.qokeedy.qokedy.otar.otedy",otor y shedy otedy shedy qokeedy qokedy otar otedy
ZL3b-n,f78v,"f78v.8,+P0",qokedy.otedy.qokain.oteedy.qokeedy.dar.okedy.dkedy.dain,qokedy otedy qokain oteedy qokeedy dar okedy dkedy dain
ZL3b-n,f78v,"f78v.9,+P0","y,cheolk,o,lkeedy.qokedy.ol,chedol.okeedy.qotedy.rorarol",y cheolk o lkeedy qokedy ol chedol okeedy qotedy rorarol
ZL3b-n,f78v,"f78v.10,+P0","dshedy.qokedy.or,shedy.pchedy.qoke[@166;:ee]dy.okedy.opchedy",dshedy qokedy or shedy pchedy qokedy okedy opchedy
ZL3b-n,f78v,"f78v.11,+P0",qol.chedy.qol.okeey.ykal.ol.chdy.qokain.chcthy.daiin,qol chedy qol okeey ykal ol chdy qokain chcthy daiin
ZL3b-n,f78v,"f78v.12,+P0","sheor.ol.qokaiin.shckhy.otaly.qolsheey.qokal,sain",sheor ol qokaiin shckhy otaly qolsheey qokal sain
ZL3b-n,f78v,"f78v.13,+P0",dchokol.chedy.qokedy.qokey.qol.chedy.qokeedy.lchey,dchokol chedy qokedy qokey qol chedy qokeedy lchey
ZL3b-n,f78v,"f78v.14,+P0","qolkeshdy.qol.shedy.olkedy.okol,chedy.qokain.dal",qolkeshdy qol shedy olkedy okol chedy qokain dal
ZL3b-n,f78v,"f78v.15,+P0",cheey.qolchedy.qokey.or.cheef.chckhey.tedy.qokedy.ls,cheey qolchedy qokey or cheef chckhey tedy qokedy ls
ZL3b-n,f78v,"f78v.16,+P0","lshey.r,shedy.d,qokedy.okey.lchedy.qokdy.daiin.oly",lshey r shedy d qokedy okey lchedy qokdy daiin oly
ZL3b-n,f78v,"f78v.17,+P0",qol.sheedy.qol.lcheol.lchdy.dchdy.da.qar.olkal.dy,qol sheedy qol lcheol lchdy dchdy da qar olkal dy
ZL3b-n,f78v,"f78v.18,+P0","chedy.shckhy.qokedy.dal.lshckhy.qol,qol.oteedy.qor",chedy shckhy qokedy dal lshckhy qol qol oteedy qor
ZL3b-n,f78v,"f78v.19,+P0",lchedy.ol.chedar.shedy.lor.shedaldy.orain<$>,lchedy ol chedar shedy lor shedaldy orain
ZL3b-n,f78v,"f78v.20,+P0","<%>qofcheol.opchedy.qokain.op,chedy,lchey.cphar.ol.okalor",qofcheol opchedy qokain op chedy lchey cphar ol okalor
ZL3b-n,f78v,"f78v.21,+P0",chedy.lshedy.olshedy.otaiin.ol.qokar.shedy.yteedy,chedy lshedy olshedy otaiin ol qokar shedy yteedy
ZL3b-n,f78v,"f78v.22,+P0","[o:y]kol.shey.ol.shedy.okal.okchey.okeol.ol,chedy.qol",okol shey ol shedy okal okchey okeol ol chedy qol
ZL3b-n,f78v,"f78v.23,+P0","qol.chedy.okeshy.qoteedy.okeedy.ol,shedy.qokedy,dy",qol chedy okeshy qoteedy okeedy ol shedy qokedy dy
ZL3b-n,f78v,"f78v.24,+P0",ytaiin.shedy.ol.sheedy.olshdy.shey.kshdy.shol.kedy,ytaiin shedy ol sheedy olshdy shey kshdy shol kedy
ZL3b-n,f78v,"f78v.25,+P0",teeol.olkeshey.qolcheol.ol.or.sheckhedy<-><!next line intruding>or.ol.sham,teeol olkeshey qolcheol ol or sheckhedyor ol sham
ZL3b-n,f78v,"f78v.26,+P0",qokaiin.or.sheedy.otain.ol.shedy.sol.fchedy.otaldy,qokaiin or sheedy otain ol shedy sol fchedy otaldy
ZL3b-n,f78v,"f78v.27,+P0",lol.kar.shr.r.ol.ols.sheey.ol.chedy.oltar.olkaiin,lol kar shr r ol ols sheey ol chedy oltar olkaiin
ZL3b-n,f78v,"f78v.28,+P0","olkain.shey.qokey.okar.ol.oteedy.chcthy.los.aiin,d",olkain shey qokey okar ol oteedy chcthy los aiin d
ZL3b-n,f78v,"f78v.29,+P0",lchedy.otchey.qol.chedy.lr.al.s.aiiin.ol.shedy.ary,lchedy otchey qol chedy lr al s aiiin ol shedy ary
ZL3b-n,f78v,"f78v.30,+P0",sal.shol.sain.sheety.or.oiiin.okal.oltal.qokar.ary,sal shol sain sheety or oiiin okal oltal qokar ary
ZL3b-n,f78v,"f78v.31,+P0","sor,ar,or.dchor.otaiin.otain.ytedy.olshdy.sholkal",sor ar or dchor otaiin otain ytedy olshdy sholkal
ZL3b-n,f78v,"f78v.32,+P0",lol.cheor.sheol.dy.qokar.otalor<$>,lol cheor sheol dy qokar otalor
ZL3b-n,f79r,"f79r.1,@P0","<%>torain.shedy,pchor.or.shek.otarpchdy.opcholor.otal.shedy",torain shedy pchor or shek otarpchdy opcholor otal shedy
ZL3b-n,f79r,"f79r.2,+P0","qoteedy.lshdy.otchedy.olshey.olshee.qol,sheey.qoteey.loly",qoteedy lshdy otchedy olshey olshee qol sheey qoteey loly
ZL3b-n,f79r,"f79r.3,+P0","yshealdy.rshedy.qoteedy.chckhey.qo,y.chey.lchey.qokeey.rchedy",yshealdy rshedy qoteedy chckhey qo y chey lchey qokeey rchedy
ZL3b-n,f79r,"f79r.4,+P0","teey.dar.qotar,sheds.sheekeey.qokeey.okey.qolshy.olchey.qoky.ol",teey dar qotar sheds sheekeey qokeey okey qolshy olchey qoky ol
ZL3b-n,f79r,"f79r.5,+P0","qokal.shedy.chcthy.or,chear.salchey.qol.shal.chey,l,cheol.chol,chy",qokal shedy chcthy or chear salchey qol shal chey l cheol chol chy
ZL3b-n,f79r,"f79r.6,+P0","shol.okar.ol,olkeey.qokey.sain.olcheey.qol.chey<$>",shol okar ol olkeey qokey sain olcheey qol chey
ZL3b-n,f79r,"f79r.7,+P0",<%>polchedy.qokar.shey.qokl.ol.cheey.qokain.chey.qoty.qokar,polchedy qokar shey qokl ol cheey qokain chey qoty qokar
ZL3b-n,f79r,"f79r.8,+P0",qokol.cheedy.qokal.shed.ykchedy.chcthy.yoky.qokal.cholo,qokol cheedy qokal shed ykchedy chcthy yoky qokal cholo
ZL3b-n,f79r,"f79r.9,+P0",saiin.shedy.psheedy.qokar.sheol.qolchey.qoty.qokal.qokam,saiin shedy psheedy qokar sheol qolchey qoty qokal qokam
ZL3b-n,f79r,"f79r.10,+P0",qokshedy.qokain.cheor.okol.sheeol.qote{cr}y.choty.otechys,qokshedy qokain cheor okol sheeol qotecry choty otechys
ZL3b-n,f79r,"f79r.11,+P0",sho{ikh}y.chedy.tshey.dshdy.otch[a:?]r.shek.chcthy.otal.ory,shoikhy chedy tshey dshdy otchar shek chcthy otal ory
ZL3b-n,f79r,"f79r.12,+P0",qokchy.qotchey.ldain.shedy.qotaiin.sal<$>,qokchy qotchey ldain shedy qotaiin sal
ZL3b-n,f79r,"f79r.13,+P0","<%>pshorol.shckhy.qotshdy.qokaldy.opchedy.qotar.or,aiin,ol",pshorol shckhy qotshdy qokaldy opchedy qotar or aiin ol
ZL3b-n,f79r,"f79r.14,+P0","saral.qokain.checkhy.qotal.qol.cheey.chey.dain.chedy,qol",saral qokain checkhy qotal qol cheey chey dain chedy qol
ZL3b-n,f79r,"f79r.15,+P0",qokl.shey.qokal.chedy.okol.dyty.r.aiin.ol.sheol.lchey,qokl shey qokal chedy okol dyty r aiin ol sheol lchey
ZL3b-n,f79r,"f79r.16,+P0",shain.shckhy.qoly.kshedy.otal.sheey.qokain.shey.qokam,shain shckhy qoly kshedy otal sheey qokain shey qokam
ZL3b-n,f79r,"f79r.17,+P0","qokaiin.shy.lsheey.ls,air.or.aror.otaiin.ches.olol.ol",qokaiin shy lsheey ls air or aror otaiin ches olol ol
ZL3b-n,f79r,"f79r.18,+P0","solor.olshey.qokaiin.chey.qokain.otain.otain.otal,ol,dam",solor olshey qokaiin chey qokain otain otain otal ol dam
ZL3b-n,f79r,"f79r.19,+P0","sol,cheey.chol.sain.oral.shey.qokain.sheyky.sho[t:k]y.oly",sol cheey chol sain oral shey qokain sheyky shoty oly
ZL3b-n,f79r,"f79r.20,+P0","y.shal.y,chedar.o{ikh}y.scthey.tal.chear<$>",y shal y chedar oikhy scthey tal chear
ZL3b-n,f79r,"f79r.21,+P0",<%>pol.shar.sharpchey.otshey.okaos<!corr?>.aiin.okshey.dalkeeeyry,pol shar sharpchey otshey okaos aiin okshey dalkeeeyry
ZL3b-n,f79r,"f79r.22,+P0","lchey.dal,sheedy.efchedy.otain.shey.qofchey.ol.dorchedchey",lchey dal sheedy efchedy otain shey qofchey ol dorchedchey
ZL3b-n,f79r,"f79r.23,+P0",da[s:r].shear.qotaiin.ol.lkain.otchedy.or.olkl.o.tshedy.otory,das shear qotaiin ol lkain otchedy or olkl o tshedy otory
ZL3b-n,f79r,"f79r.24,+P0",qokshedy.qolkeey.qolkeedy.qokedy.otain.otchey.okain.y,qokshedy qolkeey qolkeedy qokedy otain otchey okain y
ZL3b-n,f79r,"f79r.25,+P0","cholchey.qotshy.qol,shey.qokar.shedy.oteey.chcthy<$>",cholchey qotshy qol shey qokar shedy oteey chcthy
ZL3b-n,f79r,"f79r.26,+P0",<%>polaiin.olteedy.qotchey.dykeedy.qokchdy.opchedy.shol.ory,polaiin olteedy qotchey dykeedy qokchdy opchedy shol ory
ZL3b-n,f79r,"f79r.27,+P0",qokeedy.sheey.kas.cheey.olkaiin.ol.ory.cholor.oty.oky,qokeedy sheey kas cheey olkaiin ol ory cholor oty oky
ZL3b-n,f79r,"f79r.28,+P0","y.dolsheey.qokain.o,dain.yteey.chyteey.otoldy,lchey",y dolsheey qokain o dain yteey chyteey otoldy lchey
ZL3b-n,f79r,"f79r.29,+P0",lcheey.qochey.qody.qokal.olor.okchd.dchol.dchy.oly,lcheey qochey qody qokal olor okchd dchol dchy oly
ZL3b-n,f79r,"f79r.30,+P0","y,shedy.qotal.ysheey.olor<$>",y shedy qotal ysheey olor
ZL3b-n,f79r,"f79r.31,+P0","<%>polshey.oltshedy.sheol.ykeey.okeey.cheor,sheedy.ol",polshey oltshedy sheol ykeey okeey cheor sheedy ol
ZL3b-n,f79r,"f79r.32,+P0","sol.cheedy.qoteedy.okaiin.ol,olaiin.shey.daiin.ch?[y:?].ol",sol cheedy qoteedy okaiin ol olaiin shey daiin ol
ZL3b-n,f79r,"f79r.33,+P0",daiin.shedy.qotshedy.oteeedy.oteedy.chey.qoka[in:i?].ol,daiin shedy qotshedy oteeedy oteedy chey qokain ol
ZL3b-n,f79r,"f79r.34,+P0","lcheol,kchedy.qotas.sheey.teol.oteedy<$>",lcheol kchedy qotas sheey teol oteedy
ZL3b-n,f79r,"f79r.35,+P0",<%>polchedy.shedy.qoteedy.qotain.ody.chckhes.otal,polchedy shedy qoteedy qotain ody chckhes otal
ZL3b-n,f79r,"f79r.36,+P0",sol.sheeol.ol.cheey.o[s:d].sheky.sheol.or.shear.oly,sol sheeol ol cheey os sheky sheol or shear oly
ZL3b-n,f79r,"f79r.37,+P0","lcheol.ol.ol,sheey.olsheey.sholkeey.okchey.dain",lcheol ol ol sheey olsheey sholkeey okchey dain
ZL3b-n,f79r,"f79r.38,+P0",pol.olkeeey.sheol.qokeey<$>,pol olkeeey sheol qokeey
ZL3b-n,f79r,"f79r.39,+P0",<%>polkeey.qokol.otshdy.olky.orkor.she{cphh}edy.olkal,polkeey qokol otshdy olky orkor shecphhedy olkal
ZL3b-n,f79r,"f79r.40,+P0","y,shedy.qokched.oltchey.otchot[a:o]r.ol.okaiin.chckhy",y shedy qokched oltchey otchotar ol okaiin chckhy
ZL3b-n,f79r,"f79r.41,+P0",qokain.shedy.qotain.oteedy.chkain.ol.ol.chedy.oly,qokain shedy qotain oteedy chkain ol ol chedy oly
ZL3b-n,f79r,"f79r.42,+P0",sain.ok[a:?]io.chedy.lkchedy.aiin.okain.oly.cheedy,sain okaio chedy lkchedy aiin okain oly cheedy
ZL3b-n,f79r,"f79r.43,+P0","y,shey.qokain.cheol.qoky.daiin.chka[g:m].ar.cheedy.ldy",y shey qokain cheol qoky daiin chkag ar cheedy ldy
ZL3b-n,f79r,"f79r.44,+P0","ody.aran.okeey.dar,cheory<$>",ody aran okeey dar cheory
ZL3b-n,f79v,"f79v.1,@P0","<%>poldshedy.olkory.qotolol.otaldy.[y:o]tedol,or.olorol",poldshedy olkory qotolol otaldy ytedol or olorol
ZL3b-n,f79v,"f79v.2,+P0",qoteedy.qokchey.qoty.lshey.qokain.shey.qorchedy,qoteedy qokchey qoty lshey qokain shey qorchedy
ZL3b-n,f79v,"f79v.3,+P0",dolsheol.okchy.qokain.sheedy.qokshedy.qokeedy.otaram,dolsheol okchy qokain sheedy qokshedy qokeedy otaram
ZL3b-n,f79v,"f79v.4,+P0",qokeedy.qokeedy.qotain.sol.chedy.rchey.qoky.lchedy,qokeedy qokeedy qotain sol chedy rchey qoky lchedy
ZL3b-n,f79v,"f79v.5,+P0",qolkeedy.qokedy.qotal.saiin.ory.qokedy.oteedy.lcheam,qolkeedy qokedy qotal saiin ory qokedy oteedy lcheam
ZL3b-n,f79v,"f79v.6,+P0","ycheckhey.r.ain.chedy.qokain.chedy.ol,shedy.dar,ytam",ycheckhey r ain chedy qokain chedy ol shedy dar ytam
ZL3b-n,f79v,"f79v.7,+P0","qokshey.qokeedy.qol,kedy.qokeedy.qokain.solchedy",qokshey qokeedy qol kedy qokeedy qokain solchedy
ZL3b-n,f79v,"f79v.8,+P0",ychedy.qotey.okedy.tedyol.sheedy.qokeey.qoteedy.lol,ychedy qotey okedy tedyol sheedy qokeey qoteedy lol
ZL3b-n,f79v,"f79v.9,+P0",sar.ol.sheey.qokeedy.qokechey.qol<$>,sar ol sheey qokeedy qokechey qol
ZL3b-n,f79v,"f79v.10,+P0","<%>pchedy.lsheckhedy.qokeey.qokaiin.olky.opchedy,pchedy",pchedy lsheckhedy qokeey qokaiin olky opchedy pchedy
ZL3b-n,f79v,"f79v.11,+P0",olcheey.lchedy.qolkeedy.qokain.chckhy.otar.olkam<$>,olcheey lchedy qolkeedy qokain chckhy otar olkam
ZL3b-n,f79v,"f79v.12,+P0",<%>pshdy.ofchdy.qokedy.qoteedy.qokedy.qoltedy.qotedy.oky,pshdy ofchdy qokedy qoteedy qokedy qoltedy qotedy oky
ZL3b-n,f79v,"f79v.13,+P0",dain.ar.olshey.dytain.qokain.checthy.okeedy.qokeedy.ror,dain ar olshey dytain qokain checthy okeedy qokeedy ror
ZL3b-n,f79v,"f79v.14,+P0",qokeey.qokedy.okeey.qokol.sheedy.qokeedy.rolchey.qokeedy,qokeey qokedy okeey qokol sheedy qokeedy rolchey qokeedy
ZL3b-n,f79v,"f79v.15,+P0","yteedy.qokeedy.qokain.olkeey.cheokain.dy,teey.qokain",yteedy qokeedy qokain olkeey cheokain dy teey qokain
ZL3b-n,f79v,"f79v.16,+P0",dol.sheey.qol.olkshey.qokeedy.olkeedy.qol.okaiin.oly,dol sheey qol olkshey qokeedy olkeedy qol okaiin oly
ZL3b-n,f79v,"f79v.17,+P0",qol.sheey.chol.ol.dar.qokaiin.cheekey.qoky.otain.oram,qol sheey chol ol dar qokaiin cheekey qoky otain oram
ZL3b-n,f79v,"f79v.18,+P0",qokain.sheey.qokeey.teey.oteey.lcheey.qokeey.olkeedy.rchey,qokain sheey qokeey teey oteey lcheey qokeey olkeedy rchey
ZL3b-n,f79v,"f79v.19,+P0","ykail,shy.qolar,shey.qokedy.qokedy.qokedy.dar.olkain.cham",ykail shy qolar shey qokedy qokedy qokedy dar olkain cham
ZL3b-n,f79v,"f79v.20,+P0","dchedy.lchey.qety.shedy.okain,ykees,olkey.oty.shey.qoly",dchedy lchey qety shedy okain ykees olkey oty shey qoly
ZL3b-n,f79v,"f79v.21,+P0",dshey.qokal.sheedy.sheky.orain.otshdy.dain.cther.aror,dshey qokal sheedy sheky orain otshdy dain cther aror
ZL3b-n,f79v,"f79v.22,+P0","tshey.ykeey.r,ch,[?:k]ain.oroiiin<$>",tshey ykeey r ch oroiiin
ZL3b-n,f79v,"f79v.23,+P0",<%>tolkey.okar.ol.okaiin.otylor.qokol.okeedy.dalary,tolkey okar ol okaiin otylor qokol okeedy dalary
ZL3b-n,f79v,"f79v.24,+P0","ycheear.o.oiin.oeedy.qotain.chedy.qokeey.oteey.qokeey,lol",ycheear o oiin oeedy qotain chedy qokeey oteey qokeey lol
ZL3b-n,f79v,"f79v.25,+P0",qokeey.ol.olshdy.qotain.oteedy.olkain.otshey.sain.ol,qokeey ol olshdy qotain oteedy olkain otshey sain ol
ZL3b-n,f79v,"f79v.26,+P0","ykeedy.okaiin.dykaiin.otedy.dkeey,tar.ol.otol.oiiiny",ykeedy okaiin dykaiin otedy dkeey tar ol otol oiiiny
ZL3b-n,f79v,"f79v.27,+P0",odchey.kar.akain.opar.otain.olkey<$>,odchey kar akain opar otain olkey
ZL3b-n,f79v,"f79v.28,+P0",<%>pchey.ksheol.qokain.ofchedy.otalshdy.olkair.otaiin.okeedy,pchey ksheol qokain ofchedy otalshdy olkair otaiin okeedy
ZL3b-n,f79v,"f79v.29,+P0",dain.sheyteedy.lk[y:a].opchedy.qotedy.otey.tal.dain.oteey.oty,dain sheyteedy lky opchedy qotedy otey tal dain oteey oty
ZL3b-n,f79v,"f79v.30,+P0","qokain.sheeky.okar,okey.qokey.tedy.skain.oteedy,qoky",qokain sheeky okar okey qokey tedy skain oteedy qoky
ZL3b-n,f79v,"f79v.31,+P0",yshees.aiin.o.ykeedy.qokeedy.qokar.oteedy.roltain,yshees aiin o ykeedy qokeedy qokar oteedy roltain
ZL3b-n,f79v,"f79v.32,+P0","olkeey.ol,or.ocheey.ol.ol,o,keeedy.checkhy.aror<$>",olkeey ol or ocheey ol ol o keeedy checkhy aror
ZL3b-n,f79v,"f79v.33,+P0","<%>por,ar,or.yteey.teey.okar.oshey.qoky,chey.okeey.ldy.oral",por ar or yteey teey okar oshey qoky chey okeey ldy oral
ZL3b-n,f79v,"f79v.34,+P0","ykeeey.qokeey.lshey.qoky,tchedy.orsheedy.otain.sheor.oly",ykeeey qokeey lshey qoky tchedy orsheedy otain sheor oly
ZL3b-n,f79v,"f79v.35,+P0",qor.cheey.kain.chl.ol.otol.dain.otain.ol.oteedy.qokan,qor cheey kain chl ol otol dain otain ol oteedy qokan
ZL3b-n,f79v,"f79v.36,+P0","ysheey.ol,shey.oltshsey.sheepshey<$>",ysheey ol shey oltshsey sheepshey
ZL3b-n,f79v,"f79v.37,+P0","<%>pol.ol.shal,kain.okeey.lkeey.qokal.otchsdy.okeshdy",pol ol shal kain okeey lkeey qokal otchsdy okeshdy
ZL3b-n,f79v,"f79v.38,+P0",olkeeey.qokeey.okeedy.shedy.qokeey.okain.sheckhdy.dag,olkeeey qokeey okeedy shedy qokeey okain sheckhdy dag
ZL3b-n,f79v,"f79v.39,+P0",qokeedy.ykeey.sheey.or.or.aiin.yefaiin.ch{cthh}y.dor.yty,qokeedy ykeey sheey or or aiin yefaiin chcthhy dor yty
ZL3b-n,f79v,"f79v.40,+P0",qokees.aiin.okain.ol.oiin.qokoin.sheky.qokeedy.qokar.ol,qokees aiin okain ol oiin qokoin sheky qokeedy qokar ol
ZL3b-n,f79v,"f79v.41,+P0","yshedy.qokeey.okain.ol,keey.daldy.chedy.raiin.orain",yshedy qokeey okain ol keey daldy chedy raiin orain
ZL3b-n,f79v,"f79v.42,+P0","okchedy.qokain.sheky.chedy.ol,ain,y,daral<$>",okchedy qokain sheky chedy ol ain y daral
ZL3b-n,f80r,"f80r.1,@Ln",toroly,toroly
ZL3b-n,f80r,"f80r.2,=Ln",olchdy,olchdy
ZL3b-n,f80r,"f80r.3,=Ln",okaly,okaly
ZL3b-n,f80r,"f80r.4,=Ln",okolo,okolo
ZL3b-n,f80r,"f80r.5,=Ln",okary,okary
ZL3b-n,f80r,"f80r.6,=Ln",opor,opor
ZL3b-n,f80r,"f80r.7,~Ln",olky,olky
ZL3b-n,f80r,"f80r.8,=Ln",otalshedy,otalshedy
ZL3b-n,f80r,"f80r.9,~Ln",okar,okar
ZL3b-n,f80r,"f80r.10,+Ln",okan,okan
ZL3b-n,f80r,"f80r.11,@P0","<%>pdol.fshedy.{q@207;}polkain.octhor.okchdy.qokeedy.qopcheol<->olkoiin.y,darshey",pdol fshedy polkain octhor okchdy qokeedy qopcheololkoiin y darshey
ZL3b-n,f80r,"f80r.12,+P0","dykshy.ol,otchedy.qokain.qotain.chckhey.qokain.okal.qotain.okedy.qo,l,r",dykshy ol otchedy qokain qotain chckhey qokain okal qotain okedy qo l r
ZL3b-n,f80r,"f80r.13,+P0",tchedy.qotair.cheol.qokal.qokal.cheety.qokaiin.qokar.qokain.chedy.qokam,tchedy qotair cheol qokal qokal cheety qokaiin qokar qokain chedy qokam
ZL3b-n,f80r,"f80r.14,+P0",solkain.shl.lky.chcthy.qokain.qotchy.qotal.dy.chckhy.lchey.qotar.otal,solkain shl lky chcthy qokain qotchy qotal dy chckhy lchey qotar otal
ZL3b-n,f80r,"f80r.15,+P0",qokedy.qokeedy.checkhy.olchedy.qokain.chey.qokechckhy.otar.cheoltain.sy,qokedy qokeedy checkhy olchedy qokain chey qokechckhy otar cheoltain sy
ZL3b-n,f80r,"f80r.16,+P0",solchedy.qokeedy.qokar.ol.chedy.qokain.shecthy.qokeedy.saltar.chkain.oty,solchedy qokeedy qokar ol chedy qokain shecthy qokeedy saltar chkain oty
ZL3b-n,f80r,"f80r.17,+P0",solky.sheckhy.sheky.shkeol.qokar.sheky.chetain.ol.olkar.okain.sheky.qokal.da[?:y],solky sheckhy sheky shkeol qokar sheky chetain ol olkar okain sheky qokal
ZL3b-n,f80r,"f80r.18,+P0",paiin.sheol.qokain.chety.qokeedy.qokar.shcthy.qotol.shecthy.qokain.olkam,paiin sheol qokain chety qokeedy qokar shcthy qotol shecthy qokain olkam
ZL3b-n,f80r,"f80r.19,+P0",dcheol.shedy.qok[ee:a]l.qotaiin.chtal.schcthy.qokal.chcthy.qokain.okain.oloky,dcheol shedy qokeel qotaiin chtal schcthy qokal chcthy qokain okain oloky
ZL3b-n,f80r,"f80r.20,+P0","qoteedy,keey.qokain.chckhy.qoty.dalched.otain.shedy.qokair.shey.dalom",qoteedy keey qokain chckhy qoty dalched otain shedy qokair shey dalom
ZL3b-n,f80r,"f80r.21,+P0",shedy.qokey.shckhey.qotar.chckhy.otol.teol.sheol.qotal.oltain.chcthy,shedy qokey shckhey qotar chckhy otol teol sheol qotal oltain chcthy
ZL3b-n,f80r,"f80r.22,+P0",qokeedy.qol.shecthy.qokalkeol.qoky.qokal.shedy.sal.olkain.shey.qokl,qokeedy qol shecthy qokalkeol qoky qokal shedy sal olkain shey qokl
ZL3b-n,f80r,"f80r.23,+P0","yshey.l.shey,kaiin.lor.aiiin.shcthy.pchey,ty.ol.keedy,tar.oky.lar",yshey l shey kaiin lor aiiin shcthy pchey ty ol keedy tar oky lar
ZL3b-n,f80r,"f80r.24,+P0","lol.chey.[r:?]chy.r,ol.dain.oty.qoty.otalor.sheckhy.olkeey.ral.chedy[o:a]r",lol chey rchy r ol dain oty qoty otalor sheckhy olkeey ral chedyor
ZL3b-n,f80r,"f80r.25,+P0",dar.sheal.cheeky.okain.sol.lshedy.dol.checthy.orol.eeesal.olo.teol.ory,dar sheal cheeky okain sol lshedy dol checthy orol eeesal olo teol ory
ZL3b-n,f80r,"f80r.26,+P0",lchol.dar.shecthy.otedy.qol.olcheedy.opcheeky.qotchy.qokaiin.otair.olky,lchol dar shecthy otedy qol olcheedy opcheeky qotchy qokaiin otair olky
ZL3b-n,f80r,"f80r.27,+P0",lol.shar.otaiin.olkaiin.ol.olkain.oraiin.olor.checthy.olor<$>,lol shar otaiin olkaiin ol olkain oraiin olor checthy olor
ZL3b-n,f80r,"f80r.28,+P0",<%>pcheolkal.dal.korchy.qotey.qoty.rchedy.qokal.olkolshedy.chty,pcheolkal dal korchy qotey qoty rchedy qokal olkolshedy chty
ZL3b-n,f80r,"f80r.29,+P0","okchey.qoky.chedy.qokain.shedy.qol.sheey.qokal.dar,ary",okchey qoky chedy qokain shedy qol sheey qokal dar ary
ZL3b-n,f80r,"f80r.30,+P0",dshedy.qokal.chcthy.qokain.shedy.okaiin.shey.dainol,dshedy qokal chcthy qokain shedy okaiin shey dainol
ZL3b-n,f80r,"f80r.31,+P0",qokal.checthy.sol.chey.okalol.okaly.qokeedy.oly,qokal checthy sol chey okalol okaly qokeedy oly
ZL3b-n,f80r,"f80r.32,+P0",solchey.qoky.r.cheykain.sheckhy.qokain.okain.ol,solchey qoky r cheykain sheckhy qokain okain ol
ZL3b-n,f80r,"f80r.33,+P0",solchey.qokeey.lkar.otal.olkeey.okain.shecthy.ol<$>,solchey qokeey lkar otal olkeey okain shecthy ol
ZL3b-n,f80r,"f80r.34,+P0",<%>{c@132;h}{c@133;h}ey.rcheky.shepchedy.qokar.ol.qockhey.olchey.qokedy.koroiin.y,ey rcheky shepchedy qokar ol qockhey olchey qokedy koroiin y
ZL3b-n,f80r,"f80r.35,+P0","olkeey.l,sheol.qokeey.shedy.qol.shedy.qokain.shey.qoty.qokain.qokady",olkeey l sheol qokeey shedy qol shedy qokain shey qoty qokain qokady
ZL3b-n,f80r,"f80r.36,+P0",qokeey.rchey.tain.oteey.qokain.shekaiin.sheckhy.qolshey.qokain.ol.lom,qokeey rchey tain oteey qokain shekaiin sheckhy qolshey qokain ol lom
ZL3b-n,f80r,"f80r.37,+P0","sol.olkeeey.otar.orchey.qokeey.ltalor.olor.qokaiin.ol.shey.qotor,alom",sol olkeeey otar orchey qokeey ltalor olor qokaiin ol shey qotor alom
ZL3b-n,f80r,"f80r.38,+P0","sor.olky.qoty,ty,tor.sheyky.t,otol.opchedy.qokain.sheky.qokain.ol",sor olky qoty ty tor sheyky t otol opchedy qokain sheky qokain ol
ZL3b-n,f80r,"f80r.39,+P0",qokeedy.qokail.oteey.otain.shedy.ykeey.rar.[a:o]lshees<$>,qokeedy qokail oteey otain shedy ykeey rar alshees
ZL3b-n,f80r,"f80r.40,+P0",<%>torolshsdy.opchey.shepchy.qotain.shcthy.qokedy.daly,torolshsdy opchey shepchy qotain shcthy qokedy daly
ZL3b-n,f80r,"f80r.41,+P0","tolkain.otal.chedy.qokar.ol.shedy.checkhy.or,oly",tolkain otal chedy qokar ol shedy checkhy or oly
ZL3b-n,f80r,"f80r.42,+P0","y,cheeytal.checthy.qokain.qokain.checthy.qokain.ol",y cheeytal checthy qokain qokain checthy qokain ol
ZL3b-n,f80r,"f80r.43,+P0",sor.sheckhy.qokar.checkhy.okain.sheckhy.qokeey.ly,sor sheckhy qokar checkhy okain sheckhy qokeey ly
ZL3b-n,f80r,"f80r.44,+P0",qokain.shckhy.qokolkain.chedy.qokain.checthy.lor,qokain shckhy qokolkain chedy qokain checthy lor
ZL3b-n,f80r,"f80r.45,+P0",okain.shedy.qokan.chedy.qotain.cheky.lteey.lolom,okain shedy qokan chedy qotain cheky lteey lolom
ZL3b-n,f80r,"f80r.46,+P0",qokain.cheey.olkain.shedy.qokain.orol.s<$>,qokain cheey olkain shedy qokain orol s
ZL3b-n,f80r,"f80r.47,+P0","<%>polchy.efaloir.okain.okaiin.cheey,kaiin.ylor.olkeey.qokal",polchy efaloir okain okaiin cheey kaiin ylor olkeey qokal
ZL3b-n,f80r,"f80r.48,+P0",sal.shy.loiin.cheey.qotl.shety.sheoky.qokaiin.cheey.ram,sal shy loiin cheey qotl shety sheoky qokaiin cheey ram
ZL3b-n,f80r,"f80r.49,+P0","t[iiin:ain].chey.ral,k[ar:ir].chey.lkl.ol.shees.okaiin.olky,oklor",tiiin chey ral kar chey lkl ol shees okaiin olky oklor
ZL3b-n,f80r,"f80r.50,+P0",lol.chey.saiin.shety.okaiiin.sheor.tchey.lkaiin.okainy,lol chey saiin shety okaiiin sheor tchey lkaiin okainy
ZL3b-n,f80r,"f80r.51,+P0","talkl.ol.s,al.cheoly.daiin.otaly.otain.chey.lkain.olom",talkl ol s al cheoly daiin otaly otain chey lkain olom
ZL3b-n,f80r,"f80r.52,+P0","sol,tl.shey.qoklcheey.lkaiin.ol.olor.aiin,y,daiin.cheol,kain",sol tl shey qoklcheey lkaiin ol olor aiin y daiin cheol kain
ZL3b-n,f80r,"f80r.53,+P0",lol.eey.lchey.qokal.cheol.lchor.otlol<$>,lol eey lchey qokal cheol lchor otlol
ZL3b-n,f80v,"f80v.1,@P0",<%>pchedy.dolfchedy.qokeedy.qotedy.qotolfchedy.roly,pchedy dolfchedy qokeedy qotedy qotolfchedy roly
ZL3b-n,f80v,"f80v.2,+P0",tshedy.qotedy.olkain.otal.chckhy.qoky.daiin.doly,tshedy qotedy olkain otal chckhy qoky daiin doly
ZL3b-n,f80v,"f80v.3,+P0",schedy.qolchedy.qokaiin.chcthy.otaiin.sheeky.qol,schedy qolchedy qokaiin chcthy otaiin sheeky qol
ZL3b-n,f80v,"f80v.4,+P0",qokedy.qokar.qokain.chedy.qol.qol.she{ctyh}y.qoly,qokedy qokar qokain chedy qol qol shectyhy qoly
ZL3b-n,f80v,"f80v.5,+P0","okeedy.chedy.olkeedy.o{ith}y.qokaiin.shckhy.qotain,ol",okeedy chedy olkeedy oithy qokaiin shckhy qotain ol
ZL3b-n,f80v,"f80v.6,+P0",tcheol.kedy.pcheol.kain.shedy.qokaiin.otey.qokedy.chedy<$>,tcheol kedy pcheol kain shedy qokaiin otey qokedy chedy
ZL3b-n,f80v,"f80v.7,+P0",<%>polshol.tchey.qokol.shedy.qotshey.saly.kchey.stolpchy,polshol tchey qokol shedy qotshey saly kchey stolpchy
ZL3b-n,f80v,"f80v.8,+P0","olteedy.qokaiin.shedy.qokain.sheol.qokchdy.qokchdy.qoty,dy",olteedy qokaiin shedy qokain sheol qokchdy qokchdy qoty dy
ZL3b-n,f80v,"f80v.9,+P0","tchdy.qol.tol,tal.taldain.chckhy.qokal.dol.checthy.qokal,ly",tchdy qol tol tal taldain chckhy qokal dol checthy qokal ly
ZL3b-n,f80v,"f80v.10,+P0","sol,sheey.qokaiin.shcthy.dolshedy.qokal.shecthy.qotainol",sol sheey qokaiin shcthy dolshedy qokal shecthy qotainol
ZL3b-n,f80v,"f80v.11,+P0","tol,sheedy.qokar.olky.rorcheey.sheckhy.qotain.chedy.rol",tol sheedy qokar olky rorcheey sheckhy qotain chedy rol
ZL3b-n,f80v,"f80v.12,+P0","ycheol,kain.shey.qokain.chedy.qokol.olkain.sh{cthh}y,l",ycheol kain shey qokain chedy qokol olkain shcthhy l
ZL3b-n,f80v,"f80v.13,+P0",lor.ar.ol.olor.chey.koldy<$>,lor ar ol olor chey koldy
ZL3b-n,f80v,"f80v.14,+P0",<%>tshedy.qokain.shedy.qokas.otal.qopshedy.qoty.lchedy.qopalor,tshedy qokain shedy qokas otal qopshedy qoty lchedy qopalor
ZL3b-n,f80v,"f80v.15,+P0","qotaiin.chty.lchedy.s,aly,tol.chey.qoteedy.otal.dain.ol,dal",qotaiin chty lchedy s aly tol chey qoteedy otal dain ol dal
ZL3b-n,f80v,"f80v.16,+P0","cheol.key.qotar.dy.qotal.dy.keedy.qokain.oty.loldy,tal",cheol key qotar dy qotal dy keedy qokain oty loldy tal
ZL3b-n,f80v,"f80v.17,+P0","solcheol.qokaiin.shecthy.qokal.cheol,dy.qotlolkal.chedyr",solcheol qokaiin shecthy qokal cheol dy qotlolkal chedyr
ZL3b-n,f80v,"f80v.18,+P0",ychedy.qol.okaiin.olkedy.or.okain<$>,ychedy qol okaiin olkedy or okain
ZL3b-n,f80v,"f80v.19,+P0",<%>psheoldy.dkshey.qokopy.ror.[o:a]por.olpo{ikh}y.oltydy,psheoldy dkshey qokopy ror opor olpoikhy oltydy
ZL3b-n,f80v,"f80v.20,+P0",ysheeyqorar.ol.cheey.daiin.shey.qokaiin.ol.okaiin,ysheeyqorar ol cheey daiin shey qokaiin ol okaiin
ZL3b-n,f80v,"f80v.21,+P0","tar,kain.okal.y,rchey.qokal.olor,aiin.okal.otam",tar kain okal y rchey qokal olor aiin okal otam
ZL3b-n,f80v,"f80v.22,+P0",dchedy.qokal.ol.chey.dal.or.shedy.lshedy<$>,dchedy qokal ol chey dal or shedy lshedy
ZL3b-n,f80v,"f80v.23,+P0",<%>polteshol.opy.shey.qopshedy.qoteedy.qotol.shy.kolshd.qoky,polteshol opy shey qopshedy qoteedy qotol shy kolshd qoky
ZL3b-n,f80v,"f80v.24,+P0",yshedy.qokeey.qokey.qoty.qotol.otaiin.ol.chedy.qoky.daiin,yshedy qokeey qokey qoty qotol otaiin ol chedy qoky daiin
ZL3b-n,f80v,"f80v.25,+P0","lshedy.qoty.olol.cheey.qokain.okalchy.tal.or.checthy,sar",lshedy qoty olol cheey qokain okalchy tal or checthy sar
ZL3b-n,f80v,"f80v.26,+P0",qoty.cheyqytaiin.chey.lchedy.shedy.olchey<$>,qoty cheyqytaiin chey lchedy shedy olchey
ZL3b-n,f80v,"f80v.27,+P0",<%>pshol.kain.olkar.shey.qokain.dal.oltaiin.okain.shal.qoty,pshol kain olkar shey qokain dal oltaiin okain shal qoty
ZL3b-n,f80v,"f80v.28,+P0","olcheol.qokain.or.al.chain.qokain.ol.kaiin.okeedy.qokey,ly",olcheol qokain or al chain qokain ol kaiin okeedy qokey ly
ZL3b-n,f80v,"f80v.29,+P0",qokain.olkain.olkain.ol.keeol<$>,qokain olkain olkain ol keeol
ZL3b-n,f80v,"f80v.30,+P0",<%>pol.or.olkain.o{ikh}y.qokaiin.okain.okar.shey.qolky,pol or olkain oikhy qokaiin okain okar shey qolky
ZL3b-n,f80v,"f80v.31,+P0","qol.ol,oiin.olkain.ol.chedy.qokain.olshey.qokain",qol ol oiin olkain ol chedy qokain olshey qokain
ZL3b-n,f80v,"f80v.32,+P0","s,olkain.shol.kair.or.arolkeedy.olky.qolkain.shedy",s olkain shol kair or arolkeedy olky qolkain shedy
ZL3b-n,f80v,"f80v.33,+P0",qokeedy.qoker.olkain.olshedy.qokey.qokeey.tchcthy.lom,qokeedy qoker olkain olshedy qokey qokeey tchcthy lom
ZL3b-n,f80v,"f80v.34,+P0","dol,sheyr.shey.olshey.cthor.ylchdy.olkain.shcthy.qoly",dol sheyr shey olshey cthor ylchdy olkain shcthy qoly
ZL3b-n,f80v,"f80v.35,+P0","tol.oltain.olkar.y.qol.qol.kain.okiin.ol,kain.shey,ldy",tol oltain olkar y qol qol kain okiin ol kain shey ldy
ZL3b-n,f80v,"f80v.36,+P0","soin.okain.sheor.ol.shey.daly.olshedy.olal,shedy.lchy",soin okain sheor ol shey daly olshedy olal shedy lchy
ZL3b-n,f80v,"f80v.37,+P0",polshdy.qokeedy.shky.ololchey<$>,polshdy qokeedy shky ololchey
ZL3b-n,f80v,"f80v.38,+P0",<%>polkedy.lsheckhy.olky.ot.olkchy.rchey.qcthy.rchey.ral,polkedy lsheckhy olky ot olkchy rchey qcthy rchey ral
ZL3b-n,f80v,"f80v.39,+P0",sol.aiin.chey.qokain.ches.ol.chckhy.qokeedy.tchdy.aral,sol aiin chey qokain ches ol chckhy qokeedy tchdy aral
ZL3b-n,f80v,"f80v.40,+P0",qokain.ol.cheeor.olar.chey.t[ch:?]ar.ol.chedy.qotal.olchedy,qokain ol cheeor olar chey tchar ol chedy qotal olchedy
ZL3b-n,f80v,"f80v.41,+P0","tor.arol,ar.shckhy.lkol.otol.chedy.qokain.chckhy,qokal",tor arol ar shckhy lkol otol chedy qokain chckhy qokal
ZL3b-n,f80v,"f80v.42,+P0","pol.ol,aiin.olkal,shar.shedy.qokol.chdy.ldol.dar.al",pol ol aiin olkal shar shedy qokol chdy ldol dar al
ZL3b-n,f80v,"f80v.43,+P0",sor.ain.shkain.shar.okshey.dalar.shokal.dy,sor ain shkain shar okshey dalar shokal dy
ZL3b-n,f80v,"f80v.44,+P0",qokal.orol<$>,qokal orol
ZL3b-n,f81r,"f81r.1,@P0",<%>polchoy.qokedy.shol.opchedy.olpchedy.ofshdy.oly,polchoy qokedy shol opchedy olpchedy ofshdy oly
ZL3b-n,f81r,"f81r.2,+P0","dchey.lshl.alched.qokol.chol.otar,chedy.oky",dchey lshl alched qokol chol otar chedy oky
ZL3b-n,f81r,"f81r.3,+P0","qotey.l,chees.olkal.ol,chedy.okar.shedy",qotey l chees olkal ol chedy okar shedy
ZL3b-n,f81r,"f81r.4,+P0","dchedy.qokain.ol.ol.chcthy.ykeedy,al",dchedy qokain ol ol chcthy ykeedy al
ZL3b-n,f81r,"f81r.5,+P0","qol.cheol.okeey.ol.ol.olaiin.ol.or,ain",qol cheol okeey ol ol olaiin ol or ain
ZL3b-n,f81r,"f81r.6,+P0","sar.ol,eses.oteey.shor.qokeey.ol",sar ol eses oteey shor qokeey ol
ZL3b-n,f81r,"f81r.7,+P0",dshees.okain.chcthy.otey.okain,dshees okain chcthy otey okain
ZL3b-n,f81r,"f81r.8,+P0",pchedy.qokeey.oty.qotey.oteey.oly,pchedy qokeey oty qotey oteey oly
ZL3b-n,f81r,"f81r.9,+P0",qoteesy.qotedy.qokeedy.chcphey,qoteesy qotedy qokeedy chcphey
ZL3b-n,f81r,"f81r.10,+P0",chol.dain.otedy.cheey.qotain.ly,chol dain otedy cheey qotain ly
ZL3b-n,f81r,"f81r.11,+P0",olsheol.olkedy.sheckhedy.oltedy,olsheol olkedy sheckhedy oltedy
ZL3b-n,f81r,"f81r.12,+P0",ychedy.tedy.ol.sheedy.qokeey.loly,ychedy tedy ol sheedy qokeey loly
ZL3b-n,f81r,"f81r.13,+P0",dchol.shedy.qotedy.qol.chedy.chetyry,dchol shedy qotedy qol chedy chetyry
ZL3b-n,f81r,"f81r.14,+P0","qokechedy.qolsheedy.or,ain.arol.oeeedy",qokechedy qolsheedy or ain arol oeeedy
ZL3b-n,f81r,"f81r.15,+P0",sain.ol.cheedy.qokeedy.otedy<$>,sain ol cheedy qokeedy otedy
ZL3b-n,f81r,"f81r.16,+P0",<%>polchdy.qopchol.qokor.olpchedy.opol.oraisy,polchdy qopchol qokor olpchedy opol oraisy
ZL3b-n,f81r,"f81r.17,+P0","y,checthy.okeedy.shey.qokedy.ol.ochedar",y checthy okeedy shey qokedy ol ochedar
ZL3b-n,f81r,"f81r.18,+P0",osheedy.shedy.ol.shedy.okeedy.oror,osheedy shedy ol shedy okeedy oror
ZL3b-n,f81r,"f81r.19,+P0",qokedy.sheedy.chedy.qoteedy.olam,qokedy sheedy chedy qoteedy olam
ZL3b-n,f81r,"f81r.20,+P0",qopchedy.qol.chedy.qokeey.odaiin.rain.daly,qopchedy qol chedy qokeey odaiin rain daly
ZL3b-n,f81r,"f81r.21,+P0","dshedy.qokal.olkeey.oteey.olshey.otey,lol",dshedy qokal olkeey oteey olshey otey lol
ZL3b-n,f81r,"f81r.22,+P0","qotal.chedy.qol.ol.daiin.ol,chedar.ol.oly",qotal chedy qol ol daiin ol chedar ol oly
ZL3b-n,f81r,"f81r.23,+P0",[ch:sh]ey.okain.sheckhy.soiin.chey.lchey,chey okain sheckhy soiin chey lchey
ZL3b-n,f81r,"f81r.24,+P0","par,ody.shecphy.cheol.qotaldar.otedy.oly",par ody shecphy cheol qotaldar otedy oly
ZL3b-n,f81r,"f81r.25,+P0","sar.shedy.qol,otain.okair.okal.chedy.dy",sar shedy qol otain okair okal chedy dy
ZL3b-n,f81r,"f81r.26,+P0",pchedy.qokey.oteol.qol.sheor.shedy.qcthdys,pchedy qokey oteol qol sheor shedy qcthdys
ZL3b-n,f81r,"f81r.27,+P0",sol.chedy.qokedy.olkedy.dol.qokchedy,sol chedy qokedy olkedy dol qokchedy
ZL3b-n,f81r,"f81r.28,+P0",qokesdy.chedy.qokar.chey.taiin.otey.lchl,qokesdy chedy qokar chey taiin otey lchl
ZL3b-n,f81r,"f81r.29,+P0","y,sheedy.shy.chey.l,chcthy.ytar.olkaiin.ol",y sheedy shy chey l chcthy ytar olkaiin ol
ZL3b-n,f81r,"f81r.30,+P0","l.shedy.qokedy.sor.olkar.ol,kaiin.olkshdy",l shedy qokedy sor olkar ol kaiin olkshdy
ZL3b-n,f81r,"f81r.31,+P0","sol,shedy.ol.lchedy.shedy.shy.olkedy.ches.ar.or.oraiiin<$>",sol shedy ol lchedy shedy shy olkedy ches ar or oraiiin
ZL3b-n,f81v,"f81v.1,@P0","<%>par.shey.keedy.shekal.dal.dar.ol,pchedy.shek,dain.ofalsheky",par shey keedy shekal dal dar ol pchedy shek dain ofalsheky
ZL3b-n,f81v,"f81v.2,+P0",qokedy.okaiin.kair.okal.sar.ol.kain.olkain.al.ol.rol.dl,qokedy okaiin kair okal sar ol kain olkain al ol rol dl
ZL3b-n,f81v,"f81v.3,+P0",saiin.daiin.olkeedy.okedy.dykain.shek.chdy.dalal.oldy,saiin daiin olkeedy okedy dykain shek chdy dalal oldy
ZL3b-n,f81v,"f81v.4,+P0","qokaiin.okain.cheeky.dy.ol,kaiin.dain.dy.daiin.chcthy",qokaiin okain cheeky dy ol kaiin dain dy daiin chcthy
ZL3b-n,f81v,"f81v.5,+P0",okaiin.daiin.otain.chckhy.okeedy.qoky.kar.daiin.okar,okaiin daiin otain chckhy okeedy qoky kar daiin okar
ZL3b-n,f81v,"f81v.6,+P0","qokain.okaiin.ol,chedy.cheol.lky.l.s.aiin.okain.daldy",qokain okaiin ol chedy cheol lky l s aiin okain daldy
ZL3b-n,f81v,"f81v.7,+P0","olor,ol.sheckhal.daiin.qokeedal.daiin.chckhy.schedy.qol",olor ol sheckhal daiin qokeedal daiin chckhy schedy qol
ZL3b-n,f81v,"f81v.8,+P0","ykol.or,shedy.sheedy.qolkeedy.daiin.dkain.cphedy.oldy",ykol or shedy sheedy qolkeedy daiin dkain cphedy oldy
ZL3b-n,f81v,"f81v.9,+P0","yar,olchey,kaiin.okeey.daiin.olor.checkhy.daiidy<$>",yar olchey kaiin okeey daiin olor checkhy daiidy
ZL3b-n,f81v,"f81v.10,+P0",<%>polshy.[a:o]shyteed.qop.okeedy.otedy.okshedy.qoty.dairam,polshy ashyteed qop okeedy otedy okshedy qoty dairam
ZL3b-n,f81v,"f81v.11,+P0",[y:?]shey.qokeey.okeey.oky.ykeey.qoky.oky.lky.olchy.ky.dsholyd,yshey qokeey okeey oky ykeey qoky oky lky olchy ky dsholyd
ZL3b-n,f81v,"f81v.12,+P0",qol.ol.chdy.shedy.qokedy.ytedy.chetedy.lkedey.ytedy,qol ol chdy shedy qokedy ytedy chetedy lkedey ytedy
ZL3b-n,f81v,"f81v.13,+P0","ykeshey.dch[s:]ed<!s above e>,ytedy.ytedy.dar.ykeda{iph}y.qoty.ykedy.okal",ykeshey dchsed ytedy ytedy dar ykedaiphy qoty ykedy okal
ZL3b-n,f81v,"f81v.14,+P0",dshedy.ykeedy.sheeky.daiin.okedy.qokeed.qokedy.lchpchdy,dshedy ykeedy sheeky daiin okedy qokeed qokedy lchpchdy
ZL3b-n,f81v,"f81v.15,+P0",qokal.chedy.ol.sheey.salshcthdy.qofchedy.r.chedy.ltary,qokal chedy ol sheey salshcthdy qofchedy r chedy ltary
ZL3b-n,f81v,"f81v.16,+P0",lor.shedy.qoeedy.ol.chy.rshdy.lshedy.dar.chdy.pchdy,lor shedy qoeedy ol chy rshdy lshedy dar chdy pchdy
ZL3b-n,f81v,"f81v.17,+P0",sshkchdy.chedy.ol.shedy.qolchedy.qokain.{ch'}ckhy.dl.ral,sshkchdy chedy ol shedy qolchedy qokain ckhy dl ral
ZL3b-n,f81v,"f81v.18,+P0",qokchdy.chey.ol.cheky.ol.shedy.qokedy.qokedy.chckhy.qoky,qokchdy chey ol cheky ol shedy qokedy qokedy chckhy qoky
ZL3b-n,f81v,"f81v.19,+P0","solkeey.ol.shedy.qokar.shckhy.d{ch'}edy.qokar.qokal.dol,chy",solkeey ol shedy qokar shckhy dedy qokar qokal dol chy
ZL3b-n,f81v,"f81v.20,+P0",qocthey.chekal.chedy.qokedy.lshety.qoldy.ltedy.qotain,qocthey chekal chedy qokedy lshety qoldy ltedy qotain
ZL3b-n,f81v,"f81v.21,+P0",lsho.qokey.lshedy.lshedy.chedy.qolky.lchedal.qol.otar,lsho qokey lshedy lshedy chedy qolky lchedal qol otar
ZL3b-n,f81v,"f81v.22,+P0",qokal.qol.oiin.cheey.dal.lchedy.chedy.salchtedytar,qokal qol oiin cheey dal lchedy chedy salchtedytar
ZL3b-n,f81v,"f81v.23,+P0",shol.qe[t:k]chy.ykaiin.olkain.shedy.qoky.dchedy.rol.olcthdy,shol qetchy ykaiin olkain shedy qoky dchedy rol olcthdy
ZL3b-n,f81v,"f81v.24,+P0",ytey.okchedy.qokal.okeey.qol.cheedy.sal.teol.dchdy.ly,ytey okchedy qokal okeey qol cheedy sal teol dchdy ly
ZL3b-n,f81v,"f81v.25,+P0","oshedy.qotedy.sh[o:a]l.chedy.y,shchey.ol,chey.qol,chedy,tchd.oky",oshedy qotedy shol chedy y shchey ol chey qol chedy tchd oky
ZL3b-n,f81v,"f81v.26,+P0",[?:q]ol.checholtar.oiin.okedy.dal.shey.olkeol.olkeedy.okeol,checholtar oiin okedy dal shey olkeol olkeedy okeol
ZL3b-n,f81v,"f81v.27,+P0",dsheol.oiiin.olkeedy.tedy.cheky.shckhedy.chal<$>,dsheol oiiin olkeedy tedy cheky shckhedy chal
ZL3b-n,f81v,"f81v.28,@Lt",otain.olkal,otain olkal
ZL3b-n,f82r,"f82r.1,@P0",<%>qosheedy.qokeol.daiin.shckhy<->okeeor.cheey.daiin.shey,qosheedy qokeol daiin shckhyokeeor cheey daiin shey
ZL3b-n,f82r,"f82r.2,+P0",dchedy.qolchedy.qokain.dy<->qokeedy.qokal.lcheckhy.lched,dchedy qolchedy qokain dyqokeedy qokal lcheckhy lched
ZL3b-n,f82r,"f82r.3,+P0",qokeey.lcheckhedy.qokaly<->solkaiin.chckhy.qokaiin,qokeey lcheckhedy qokalysolkaiin chckhy qokaiin
ZL3b-n,f82r,"f82r.4,+P0",qokaiin.octheol.chkeey.ldy<->oteey.qokal.sheckhy.qoky,qokaiin octheol chkeey ldyoteey qokal sheckhy qoky
ZL3b-n,f82r,"f82r.5,+P0",sol.lkchedy.qokeedy.qokal<->cthol.chedy.qoteedy.qokal,sol lkchedy qokeedy qokalcthol chedy qoteedy qokal
ZL3b-n,f82r,"f82r.6,+P0",sar.shedy.qol.shedaiin.sheckhy.okal.sheky.qotaiin.chedol,sar shedy qol shedaiin sheckhy okal sheky qotaiin chedol
ZL3b-n,f82r,"f82r.7,+P0",dshedy.sotaiin.qokar.shedy.solshedy.qokeey.qoky.ls.cheey,dshedy sotaiin qokar shedy solshedy qokeey qoky ls cheey
ZL3b-n,f82r,"f82r.8,+P0","qekeey.sheedy.qokedy.lcho,r.cheey.qokey.qotal.chedy.qoteor",qekeey sheedy qokedy lcho r cheey qokey qotal chedy qoteor
ZL3b-n,f82r,"f82r.9,+P0",ssholshecthy.qokaiin.chkedy.rchey.dairchey.qokaiin<$>,ssholshecthy qokaiin chkedy rchey dairchey qokaiin
ZL3b-n,f82r,"f82r.10,@Lt",orolda[ir:in],oroldair
ZL3b-n,f82r,"f82r.11,@P0","<%>kolchdy.qokedy.qopol.qotedor.chopchedy.qotal,chedy.kam",kolchdy qokedy qopol qotedor chopchedy qotal chedy kam
ZL3b-n,f82r,"f82r.12,+P0","otedy.qodched.olqo.dar.checkho,lolol.okal.okarchedy",otedy qodched olqo dar checkho lolol okal okarchedy
ZL3b-n,f82r,"f82r.13,+P0",tcheol.olchedy.qokeedy.qotedy.chedar.cheey.lchey.solarol,tcheol olchedy qokeedy qotedy chedar cheey lchey solarol
ZL3b-n,f82r,"f82r.14,+P0","r,olchy.qokal.chey.qokain.deeedy.qokeey.qokaiin.olchedy",r olchy qokal chey qokain deeedy qokeey qokaiin olchedy
ZL3b-n,f82r,"f82r.15,+P0","kedy.lchedy.qokedy.qok[ee:ch]dy.lkeedy.qokaiin.dy.daiin.chdy,dy",kedy lchedy qokedy qokeedy lkeedy qokaiin dy daiin chdy dy
ZL3b-n,f82r,"f82r.16,+P0","qokeedy.lchedy.qokeedy.cheey.r.or.ol.s,aiin.chey.ra{cty}.dam",qokeedy lchedy qokeedy cheey r or ol s aiin chey racty dam
ZL3b-n,f82r,"f82r.17,+P0",dshedy.qoteey.chedy.qokeeey.qokedy.lteedy.qokeedy.ralchey,dshedy qoteey chedy qokeeey qokedy lteedy qokeedy ralchey
ZL3b-n,f82r,"f82r.18,+P0","polched.otain.shedy.shedy.dal.chedar.qokeey.ykeey.l,s,araiin,ory",polched otain shedy shedy dal chedar qokeey ykeey l s araiin ory
ZL3b-n,f82r,"f82r.19,+Pr",okain.char.okain.qokeedy.lchy<$>,okain char okain qokeedy lchy
ZL3b-n,f82r,"f82r.20,*P0","<%>posalshy.qokedy.cphal.shedy.sheol,keeedy.lkaiin.shedy.qoly",posalshy qokedy cphal shedy sheol keeedy lkaiin shedy qoly
ZL3b-n,f82r,"f82r.21,+P0",daiin.cheoky.lkedy.salshey.daiin.chey.qol.chedy.qokeey.dal,daiin cheoky lkedy salshey daiin chey qol chedy qokeey dal
ZL3b-n,f82r,"f82r.22,+P0","qokaiin.cheor.sheey.qokaiin.shckhey.qol,keeedy.qokeeey.ra[s:r]y",qokaiin cheor sheey qokaiin shckhey qol keeedy qokeeey rasy
ZL3b-n,f82r,"f82r.23,+P0",cheey.qcthey.qokeey.lcheey.daiin.chey.qokeeedy.lchedy.lar,cheey qcthey qokeey lcheey daiin chey qokeeedy lchedy lar
ZL3b-n,f82r,"f82r.24,+P0",qokeedy.lcheedy.qokeoy.sal.raiin.qokeey.lkeey.qokeey.raiin.ydy,qokeedy lcheedy qokeoy sal raiin qokeey lkeey qokeey raiin ydy
ZL3b-n,f82r,"f82r.25,+P0",dol.qoesedy.sheea'l.sheedy.lshed.qockhey.lchedy.lar.sheey.ry,dol qoesedy sheeal sheedy lshed qockhey lchedy lar sheey ry
ZL3b-n,f82r,"f82r.26,+P0",tshey.qokeedy.cheal.lchedar.ches.aiin.oteey.qokaiin.okey,tshey qokeedy cheal lchedar ches aiin oteey qokaiin okey
ZL3b-n,f82r,"f82r.27,+P0",pchedy.rsheal.daldy.qokeedy.rshedy.qoteedy.qokeedy.lochedy,pchedy rsheal daldy qokeedy rshedy qoteedy qokeedy lochedy
ZL3b-n,f82r,"f82r.28,+P0","qokoiin.shedy.qokeedy.qotaiin.chcthey.qoteeol,chey.qokaiin.oly",qokoiin shedy qokeedy qotaiin chcthey qoteeol chey qokaiin oly
ZL3b-n,f82r,"f82r.29,+P0","d,cheey.lchedy.qokeedy.lchedy.rchedy.ok{chh}y.qotedy.qoty.qoty",d cheey lchedy qokeedy lchedy rchedy okchhy qotedy qoty qoty
ZL3b-n,f82r,"f82r.30,+P0",qoteey.raiin.cheol.qoteey.shedy.qokeey.lshedy.qokeedy.rag,qoteey raiin cheol qoteey shedy qokeey lshedy qokeedy rag
ZL3b-n,f82r,"f82r.31,+P0",cheol.ol.rsheedy.lchedy.qoty.lcheeor.qokain.cheedy.lched,cheol ol rsheedy lchedy qoty lcheeor qokain cheedy lched
ZL3b-n,f82r,"f82r.32,+P0",taiin.shedaiin.chckhey.lchey.lcheckhy.sheey.lr.chey.rain,taiin shedaiin chckhey lchey lcheckhy sheey lr chey rain
ZL3b-n,f82r,"f82r.33,+P0","sain.ol,cheol.{ikh}ey.cheor.chey<$>",sain ol cheol ikhey cheor chey
ZL3b-n,f82r,"f82r.34,@Ln",okor,okor
ZL3b-n,f82r,"f82r.35,@Lt",darol,darol
ZL3b-n,f82r,"f82r.36,@Ln",okal,okal
ZL3b-n,f82r,"f82r.37,@Ln",okaldy,okaldy
ZL3b-n,f82r,"f82r.38,@Lt",darary,darary
ZL3b-n,f82r,"f82r.39,+Ln",okaira[d:j]y,okairady
ZL3b-n,f82r,"f82r.40,*Ln",sororl,sororl
ZL3b-n,f82r,"f82r.41,=Ln",olk[o:a]ky,olkoky
ZL3b-n,f82r,"f82r.42,=Ln",sokoly,sokoly
ZL3b-n,f82r,"f82r.43,=Ln",dolol,dolol
ZL3b-n,f82r,"f82r.44,=Ln",olaiin,olaiin
ZL3b-n,f82r,"f82r.45,=Ln",okeear,okeear
ZL3b-n,f82v,"f82v.1,@Ln",otechdy,otechdy
ZL3b-n,f82v,"f82v.2,=Ln",otedy,otedy
ZL3b-n,f82v,"f82v.3,@Lt",daiinoty,daiinoty
ZL3b-n,f82v,"f82v.4,@Lt",otedal,otedal
ZL3b-n,f82v,"f82v.5,@P0","<%>tokol.olfchedy.qokeedy.qokedal.shol.qotal.otdal,dal.olshedy",tokol olfchedy qokeedy qokedal shol qotal otdal dal olshedy
ZL3b-n,f82v,"f82v.6,+P0","qokedy.lshedy.qotol.dol,shedy.shedy,dy.darotedy.chetedy.lokam",qokedy lshedy qotol dol shedy shedy dy darotedy chetedy lokam
ZL3b-n,f82v,"f82v.7,+P0","dair.o,l,chedy.qotedy.qotedy.chsdy.qotal.qoty.qokal.qokedy.lo",dair o l chedy qotedy qotedy chsdy qotal qoty qokal qokedy lo
ZL3b-n,f82v,"f82v.8,+P0",qokain.sheol.qoteedy.chedy.qokey.qokedy.qokol.chedy.chedy.lchy,qokain sheol qoteedy chedy qokey qokedy qokol chedy chedy lchy
ZL3b-n,f82v,"f82v.9,+P0",solshedy.lchedy.dolshedy.qokal.sheckhy.shey.teeol.oteedy.qokedy,solshedy lchedy dolshedy qokal sheckhy shey teeol oteedy qokedy
ZL3b-n,f82v,"f82v.10,+P0",qotey.qokal.shoky.qokal.chedy.qotalchedy<$>,qotey qokal shoky qokal chedy qotalchedy
ZL3b-n,f82v,"f82v.11,+P0",<%>pcheol.dar.qokeey.cheeky.qokal.dal.shedy.pchdy.rol.qotedy.rol,pcheol dar qokeey cheeky qokal dal shedy pchdy rol qotedy rol
ZL3b-n,f82v,"f82v.12,+P0","dal.shol.dar.ol,qoky.qol.chedy.qokar.qoteytyqoky.chcthy.qoky",dal shol dar ol qoky qol chedy qokar qoteytyqoky chcthy qoky
ZL3b-n,f82v,"f82v.13,+P0",tchedy.qocthes.qokar.chckhy.qokain.cholkaiin.chckhdy.qokoldy,tchedy qocthes qokar chckhy qokain cholkaiin chckhdy qokoldy
ZL3b-n,f82v,"f82v.14,+P0","dalchedy.lchey.rol.rol.cheey.s,ain.shey<$>",dalchedy lchey rol rol cheey s ain shey
ZL3b-n,f82v,"f82v.15,+P0",<%>tar.sheckhy.qokal.qokain.cheol.tedy.rchedy.pchedy.rsheol.dal,tar sheckhy qokal qokain cheol tedy rchedy pchedy rsheol dal
ZL3b-n,f82v,"f82v.16,+P0",qokedy.lchey.cheey.raiin.shes.qokchey.qokain.okal.dy.lchedam,qokedy lchey cheey raiin shes qokchey qokain okal dy lchedam
ZL3b-n,f82v,"f82v.17,+P0","or,ain.shedy.qok,char.okai.qokeedy.rcheey.qotedy.chtedy.rches,aly",or ain shedy qok char okai qokeedy rcheey qotedy chtedy rches aly
ZL3b-n,f82v,"f82v.18,+P0",ykeedy.qokeedy.chedy.qokar.okeey.lkedy.qokal.olkeedy.qokeedy.oky,ykeedy qokeedy chedy qokar okeey lkedy qokal olkeedy qokeedy oky
ZL3b-n,f82v,"f82v.19,+P0","qokol.chedy.cheal.chedy.oty,chdy.dy.checkhy.otal,chl,s<$>",qokol chedy cheal chedy oty chdy dy checkhy otal chl s
ZL3b-n,f82v,"f82v.20,+P0",<%>tolsheol.qokedy.qolkedy.rshedy.qokedy.rsheedar.oinoly,tolsheol qokedy qolkedy rshedy qokedy rsheedar oinoly
ZL3b-n,f82v,"f82v.21,+P0","dain.chey.qokeeey.qoky.okaiin.okain.olkain.otain.okar,aly",dain chey qokeeey qoky okaiin okain olkain otain okar aly
ZL3b-n,f82v,"f82v.22,+P0","qokain.chedy.qolkshey.qotal.shey.qokain.ol,checkhy.ly",qokain chedy qolkshey qotal shey qokain ol checkhy ly
ZL3b-n,f82v,"f82v.23,+P0",yshedy.qolchey.qolaiin.otain.olkeedy.qotshedy.oll,yshedy qolchey qolaiin otain olkeedy qotshedy oll
ZL3b-n,f82v,"f82v.24,+P0","dshedy.qokaiin.olchedy.qokal.shedy.qotal.dytar,y,l@152;l",dshedy qokaiin olchedy qokal shedy qotal dytar y ll
ZL3b-n,f82v,"f82v.25,+P0",qok.sheol.kechey.qoty.ral.tchdarol.sheytchdy.qokal,qok sheol kechey qoty ral tchdarol sheytchdy qokal
ZL3b-n,f82v,"f82v.26,+P0",saiin.shey.qokol.chol.qol.sheedy.qokal.shedy.qokaiin,saiin shey qokol chol qol sheedy qokal shedy qokaiin
ZL3b-n,f82v,"f82v.27,+P0",qokain.sheal.qolchedy.qokaiir.olkaiin.shedy<$>,qokain sheal qolchedy qokaiir olkaiin shedy
ZL3b-n,f82v,"f82v.28,*P0",<%>tchal.olkair.sheeky.qolchey.qokar.shey.qokain.otshedy,tchal olkair sheeky qolchey qokar shey qokain otshedy
ZL3b-n,f82v,"f82v.29,+P0",daiin.chey.qoky.shedy.qokaiin.olkeedy.qokechedy.qotar,daiin chey qoky shedy qokaiin olkeedy qokechedy qotar
ZL3b-n,f82v,"f82v.30,+P0",pol.olor.chey.qokain.shedy.qokaiin.olchesy.ol.r.aindar,pol olor chey qokain shedy qokaiin olchesy ol r aindar
ZL3b-n,f82v,"f82v.31,+P0","qokeey.r,ain.chey.qolkain.oky.otaly.qokal,{i'h},olshalsy",qokeey r ain chey qolkain oky otaly qokal olshalsy
ZL3b-n,f82v,"f82v.32,+P0","sar.al.loraiin.chey.qokain.o,roiiin<$>",sar al loraiin chey qokain o roiiin
ZL3b-n,f82v,"f82v.33,+P0",<%>qody.shar.a{ith}y.qokchey.kchey.olkain.opchedy.qfol.shty.oral,qody shar aithy qokchey kchey olkain opchedy qfol shty oral
ZL3b-n,f82v,"f82v.34,+P0",yckhey.qokain.cheky.otaiin.olor.okain.qolkeey.qotar.olkain,yckhey qokain cheky otaiin olor okain qolkeey qotar olkain
ZL3b-n,f82v,"f82v.35,+P0",cthor.chey.qsain.qokeey.qokain.otain.otal.okeedy.qokal.dym,cthor chey qsain qokeey qokain otain otal okeedy qokal dym
ZL3b-n,f82v,"f82v.36,+P0",saiin.shey.qokeedy.qokar.sheecthey.qokaiin.daltedy.rcheald,saiin shey qokeedy qokar sheecthey qokaiin daltedy rcheald
ZL3b-n,f82v,"f82v.37,+P0",sol.chey.r.alchey.chol.olkol.chckhy.dalchckhy.olkain.olkeeyr,sol chey r alchey chol olkol chckhy dalchckhy olkain olkeeyr
ZL3b-n,f82v,"f82v.38,+P0",pcheol.shedy.qokaiin.sholdy<$>,pcheol shedy qokaiin sholdy
ZL3b-n,f82v,"f82v.39,@Ln",olkeedy,olkeedy
ZL3b-n,f82v,"f82v.40,@Ln",okalchy,okalchy
ZL3b-n,f82v,"f82v.41,@Ln",okain,okain
ZL3b-n,f82v,"f82v.42,~Lt",ok[a:e]oky,okaoky
ZL3b-n,f82v,"f82v.43,~Lt",okedor,okedor
ZL3b-n,f82v,"f82v.44,~Ln",okol,okol
ZL3b-n,f82v,"f82v.45,@Lt",okoldy,okoldy
ZL3b-n,f82v,"f82v.46,@Lt",olkol,olkol
ZL3b-n,f82v,"f82v.47,@Lt",otedol,otedol
ZL3b-n,f82v,"f82v.48,+Lt",oteedy,oteedy
ZL3b-n,f83r,"f83r.1,@P0",<%>tchedy.lpchedy.op{ch'}edy.chepol.pchedar.shedy.qopchedy,tchedy lpchedy opedy chepol pchedar shedy qopchedy
ZL3b-n,f83r,"f83r.2,+P0",sol.cheey.qokaiin.shol.lchs.shey.qoteedy.rches.ar.chedy.dor,sol cheey qokaiin shol lchs shey qoteedy rches ar chedy dor
ZL3b-n,f83r,"f83r.3,+P0",olkeedy.qotal.chkeedy.chey.daiin.chey.lchedy.qokaiin.qotal.dar,olkeedy qotal chkeedy chey daiin chey lchedy qokaiin qotal dar
ZL3b-n,f83r,"f83r.4,+P0",qokshedy.chedy.qokedy.chkedy.daiin.shetar.shedy.qekaiin.chedy,qokshedy chedy qokedy chkedy daiin shetar shedy qekaiin chedy
ZL3b-n,f83r,"f83r.5,+P0",d{ch'}eey.qotaiin.checkhy.qoty.che[g:d].shedy.qokeey.rchedy.qoteedy.lo,deey qotaiin checkhy qoty cheg shedy qokeey rchedy qoteedy lo
ZL3b-n,f83r,"f83r.6,+P0",schedy.chedchy.qokal.olchedy.qokaiin.chedy.qokeedy.lchedy.qoky,schedy chedchy qokal olchedy qokaiin chedy qokeedy lchedy qoky
ZL3b-n,f83r,"f83r.7,+P0","solshed.lsheedy.qeeedy.qoky.o,qol.rsheedy.qokedy.qoteedy.qoteedy",solshed lsheedy qeeedy qoky o qol rsheedy qokedy qoteedy qoteedy
ZL3b-n,f83r,"f83r.8,+P0",pchedal.otedy.shecthedchy.qoky.chedy.chary<$>,pchedal otedy shecthedchy qoky chedy chary
ZL3b-n,f83r,"f83r.9,+P0","<%>pchor.checphedy.qokedy.lsheedy.qokchdy.r.shedkedy.qopshdy,qopy",pchor checphedy qokedy lsheedy qokchdy r shedkedy qopshdy qopy
ZL3b-n,f83r,"f83r.10,+P0","olkeey.rchs.cheeb.ols.aiin.skal.dain.cthal,s,aiin.chky.lal.sam",olkeey rchs cheeb ols aiin skal dain cthal s aiin chky lal sam
ZL3b-n,f83r,"f83r.11,+P0",sor.shedy.qokaiin.chkain.shcthey.qokedy.okair.sheedy.lchedy.lo,sor shedy qokaiin chkain shcthey qokedy okair sheedy lchedy lo
ZL3b-n,f83r,"f83r.12,+P0",qockhol.sheckhy.otal.qokeal.sheckhdy.{ck}al.okedy.qokedy.qokal,qockhol sheckhy otal qokeal sheckhdy ckal okedy qokedy qokal
ZL3b-n,f83r,"f83r.13,+P0","salcheol.tar.shedy.s,altedy.sair.qokedy.q{cphh}edy.lchcphedy.ldar",salcheol tar shedy s altedy sair qokedy qcphhedy lchcphedy ldar
ZL3b-n,f83r,"f83r.14,+P0",qokchedy.qokeedy.shedy.qokshedy.dal.lchedy.qokaiin.shcthy.dal.sy,qokchedy qokeedy shedy qokshedy dal lchedy qokaiin shcthy dal sy
ZL3b-n,f83r,"f83r.15,+P0","saiin.shedal.shecthy.chey,tal.shcthy.dalchdy.qotchedy.lchedy",saiin shedal shecthy chey tal shcthy dalchdy qotchedy lchedy
ZL3b-n,f83r,"f83r.16,+P0",tchedy.qokchdy.cheedar.chldaiin.chedy.qokain.checthy.chealror,tchedy qokchdy cheedar chldaiin chedy qokain checthy chealror
ZL3b-n,f83r,"f83r.17,+P0",dche[o:?]kedy.lkeed.shckhey.ytaiin.shechy.schety<$>,dcheokedy lkeed shckhey ytaiin shechy schety
ZL3b-n,f83r,"f83r.18,+P0",<%>pdalshdy.shocphedy.otor.shedy.opshedy.otshdy.qokedol.shdy.soldy,pdalshdy shocphedy otor shedy opshedy otshdy qokedol shdy soldy
ZL3b-n,f83r,"f83r.19,+P0",sar.shedaiin.ockhey.sain.ched.shedy.qetal.dal.shedy.shey.lchedy,sar shedaiin ockhey sain ched shedy qetal dal shedy shey lchedy
ZL3b-n,f83r,"f83r.20,+P0",solkeedy.qoteedy.qokeey.qokedy.sol.cheeety.qokedy.qoky.saiin,solkeedy qoteedy qokeey qokedy sol cheeety qokedy qoky saiin
ZL3b-n,f83r,"f83r.21,+P0","solkeedy.qokedy.otedy.sol,chedy.lkedy.qokchedy.qokedy.chckhdy.sar",solkeedy qokedy otedy sol chedy lkedy qokchedy qokedy chckhdy sar
ZL3b-n,f83r,"f83r.22,+P0",schedair.otchedy.qokeedy.chedain.chedy.qotedaiin.otaiin.otedy.ldy,schedair otchedy qokeedy chedain chedy qotedaiin otaiin otedy ldy
ZL3b-n,f83r,"f83r.23,+P0",tchedy.qotedy.qokal.shedy.qokedy.shecthedy.shecthy.otor.chedy,tchedy qotedy qokal shedy qokedy shecthedy shecthy otor chedy
ZL3b-n,f83r,"f83r.24,+P0",soiiin.checthy.chety.otaiin.olsaly.shedy<$>,soiiin checthy chety otaiin olsaly shedy
ZL3b-n,f83r,"f83r.25,@P1",<%>qokeedy.qolchey.qokeey.qokedy.chedy.otal,qokeedy qolchey qokeey qokedy chedy otal
ZL3b-n,f83r,"f83r.26,+P1",otchey.qokeey.qoky.tol.shedy.qokylddy,otchey qokeey qoky tol shedy qokylddy
ZL3b-n,f83r,"f83r.27,+P1",dain.chedy.qokeedy.shckhedy.shckhedy,dain chedy qokeedy shckhedy shckhedy
ZL3b-n,f83r,"f83r.28,+P1",saiin.cheeky.sheey.qokedy.shedy.oldy,saiin cheeky sheey qokedy shedy oldy
ZL3b-n,f83r,"f83r.29,+P1",salche'dy.cheey.qody.kesd.oldy,salchedy cheey qody kesd oldy
ZL3b-n,f83r,"f83r.30,+P1","s,okeedy.qokeedy.qoky.saii@208;<$>",s okeedy qokeedy qoky saii
ZL3b-n,f83r,"f83r.31,+P1","<%>techedy.qotchedy.okeedy,ldy",techedy qotchedy okeedy ldy
ZL3b-n,f83r,"f83r.32,+P1",[?:s]cheol.qokchedy.lchedy.qokey,qokchedy lchedy qokey
ZL3b-n,f83r,"f83r.33,+P1","sy.s,aiin.sheekchy.qokey.sain",sy s aiin sheekchy qokey sain
ZL3b-n,f83r,"f83r.34,+P1",shky.lchedy.dolshed.qokchy,shky lchedy dolshed qokchy
ZL3b-n,f83r,"f83r.35,+P1",saiin.cheky.okeeol.okain.chdy,saiin cheky okeeol okain chdy
ZL3b-n,f83r,"f83r.36,+P1","so[r:s],aiin.shy.shey.lshedy,qoky",sor aiin shy shey lshedy qoky
ZL3b-n,f83r,"f83r.37,+P1",sol.lkedy.lchedy.qokol.shedy,sol lkedy lchedy qokol shedy
ZL3b-n,f83r,"f83r.38,+P1",or.chey.qockhey.dairydy,or chey qockhey dairydy
ZL3b-n,f83r,"f83r.39,+P1",qokain.shey.kain.chckhal,qokain shey kain chckhal
ZL3b-n,f83r,"f83r.40,+P1",solchedy.olchedy.chedaiin,solchedy olchedy chedaiin
ZL3b-n,f83r,"f83r.41,+P1",solkey.lchedy.qolkain.dal,solkey lchedy qolkain dal
ZL3b-n,f83r,"f83r.42,+P1",sol.ol.chcthdy.l.chedy.lchdy,sol ol chcthdy l chedy lchdy
ZL3b-n,f83r,"f83r.43,+P1",daiin.sheol.chedy.qotal.sar,daiin sheol chedy qotal sar
ZL3b-n,f83r,"f83r.44,+P1",skar.shedy<$>,skar shedy
ZL3b-n,f83r,"f83r.45,@Lt",chtorol,chtorol
ZL3b-n,f83r,"f83r.46,=Lt",olsaiin,olsaiin
ZL3b-n,f83r,"f83r.47,@Pb",<%>otchdy.qokchdy.shedal,otchdy qokchdy shedal
ZL3b-n,f83r,"f83r.48,+Pb",dal.cheol.lol.chdal.aiin,dal cheol lol chdal aiin
ZL3b-n,f83r,"f83r.49,+Pb",sol.daiiin.chedy<$>,sol daiiin chedy
ZL3b-n,f83r,"f83r.50,@Lt",sasoldal,sasoldal
ZL3b-n,f83r,"f83r.51,+Lt",darolsy,darolsy
ZL3b-n,f83r,"f83r.52,@Pb",<%>solkeey.qekey.raly.ol,solkeey qekey raly ol
ZL3b-n,f83r,"f83r.53,+Pb",solchkal.cheol.qotar.ol,solchkal cheol qotar ol
ZL3b-n,f83r,"f83r.54,+Pb",daiin.ol.dain.chey.ldalor,daiin ol dain chey ldalor
ZL3b-n,f83r,"f83r.55,+Pb",sol.rtain.cthal<$>,sol rtain cthal
ZL3b-n,f83v,"f83v.1,@P0",<%>poldaky.dalol.otedy.chtair.opchedy.qotal.chedy.chepchedy.opchey,poldaky dalol otedy chtair opchedy qotal chedy chepchedy opchey
ZL3b-n,f83v,"f83v.2,+P0",dol.shedy.qokedy.shedy.qotedar.checthedy.qokedy.qotal.chey.dar,dol shedy qokedy shedy qotedar checthedy qokedy qotal chey dar
ZL3b-n,f83v,"f83v.3,+P0","qotain.chcthy.dal,olkedy.shedy.qotaldy.qokaiin.dair.shedy.oteey",qotain chcthy dal olkedy shedy qotaldy qokaiin dair shedy oteey
ZL3b-n,f83v,"f83v.4,+P0","dain.sheedy.oteeody.doldy.qotedy.qokeedy.qokedar.sheoldy.qol,oly",dain sheedy oteeody doldy qotedy qokeedy qokedar sheoldy qol oly
ZL3b-n,f83v,"f83v.5,+P0",qokal.shedy.qotain.chedy.chedol.daiin.otaiin.shedy.qokeedy.okaiin,qokal shedy qotain chedy chedol daiin otaiin shedy qokeedy okaiin
ZL3b-n,f83v,"f83v.6,+P0",chedy.qoteedy.otalshedy.sol.chl.?es.okeol.shedy.qokolchedy.qokal,chedy qoteedy otalshedy sol chl okeol shedy qokolchedy qokal
ZL3b-n,f83v,"f83v.7,+P0",qokeey.oteey.qokalol.chedy.dy.dol.qokal.olkshedy.qokeedy.qokal,qokeey oteey qokalol chedy dy dol qokal olkshedy qokeedy qokal
ZL3b-n,f83v,"f83v.8,+P0",rolkeedy.qokaiin.okaiin.ched.okchey<$>,rolkeedy qokaiin okaiin ched okchey
ZL3b-n,f83v,"f83v.9,@Lt",ololary,ololary
ZL3b-n,f83v,"f83v.10,@Lt",okarchy,okarchy
ZL3b-n,f83v,"f83v.11,@P0",<%>pchedar.shedal.qokar.shedal<->okchdy.qokedy.okail.shedy.qoky.lsheg,pchedar shedal qokar shedalokchdy qokedy okail shedy qoky lsheg
ZL3b-n,f83v,"f83v.12,+P0",daiin.shckhy.qoeeo.lldar.cheey.qoal.qokeedy.olkar.sheedy.qokain.olal,daiin shckhy qoeeo lldar cheey qoal qokeedy olkar sheedy qokain olal
ZL3b-n,f83v,"f83v.13,+P0","qol,chey.qo.lched.qolky.qokal.chedy.chedy.daiin.chckhy.cheor.ol.lal",qol chey qo lched qolky qokal chedy chedy daiin chckhy cheor ol lal
ZL3b-n,f83v,"f83v.14,+P0","salched.qol,shedy.qolchedy.qolchdy.qol.rchedy.cheol,qokeor.sholdy",salched qol shedy qolchedy qolchdy qol rchedy cheol qokeor sholdy
ZL3b-n,f83v,"f83v.15,+P0",qokaiin.cheol.shey.qokeey.cheol.dal.cheeaiin.olkeedy.qokal.chaloly,qokaiin cheol shey qokeey cheol dal cheeaiin olkeedy qokal chaloly
ZL3b-n,f83v,"f83v.16,+P0",daiin.qokal.sheckhey.qokeey.chal.qokeey.qokaiin.chedy.sar.al,daiin qokal sheckhey qokeey chal qokeey qokaiin chedy sar al
ZL3b-n,f83v,"f83v.17,+P0",qokain.cheeal.qokaiin.sheol.qokear.cheedy.olcheey.qokal.qoka[?:n]y,qokain cheeal qokaiin sheol qokear cheedy olcheey qokal
ZL3b-n,f83v,"f83v.18,+P0","s,olkeedy.qokeedy.qokeedy.saiin.okaiin.chedy.qokeedy.qolkeedy",s olkeedy qokeedy qokeedy saiin okaiin chedy qokeedy qolkeedy
ZL3b-n,f83v,"f83v.19,+P0",qolchedy.qolteedy.qokeedy.qokal.okaiin.chear.checkhy.dal.checkhdy,qolchedy qolteedy qokeedy qokal okaiin chear checkhy dal checkhdy
ZL3b-n,f83v,"f83v.20,+P0",tocthey.cheor.olol.cheol.tedy.sheckhal.sheeckhy.cheal<$>,tocthey cheor olol cheol tedy sheckhal sheeckhy cheal
ZL3b-n,f83v,"f83v.21,+P0","<%>qokeed.qokaiin.sheolkain.sheol.olkeedy,l,shedy",qokeed qokaiin sheolkain sheol olkeedy l shedy
ZL3b-n,f83v,"f83v.22,+P0","char.qokar.cheolkain.shckhey.qokal.cheor,ols",char qokar cheolkain shckhey qokal cheor ols
ZL3b-n,f83v,"f83v.23,+P0","qol,aiiin.chckhedy.sheol.qokaiin.shckhy.lchey",qol aiiin chckhedy sheol qokaiin shckhy lchey
ZL3b-n,f83v,"f83v.24,+P0","ol,cheedy.qokeedy.qokain.dalshal.shldy.lor",ol cheedy qokeedy qokain dalshal shldy lor
ZL3b-n,f83v,"f83v.25,+P0",y.shey.otechd.ar.okol.dal.shedy.qokaly,y shey otechd ar okol dal shedy qokaly
ZL3b-n,f83v,"f83v.26,+P0",sal.chear.shey.qokar.shedy.qokain.ollchy,sal chear shey qokar shedy qokain ollchy
ZL3b-n,f83v,"f83v.27,+P0",dsheol.cheol.shedy.qokaiin.cheeky.lols,dsheol cheol shedy qokaiin cheeky lols
ZL3b-n,f83v,"f83v.28,+P0",qol.shol.cheedy.qol.oqo.qokain.olsheam,qol shol cheedy qol oqo qokain olsheam
ZL3b-n,f83v,"f83v.29,+P0","ol.cheal.shedy.chey,tal.shedal.dalshdy",ol cheal shedy chey tal shedal dalshdy
ZL3b-n,f83v,"f83v.30,+P0","qokaiin.chedy.qokal.otal,chedy.qotals",qokaiin chedy qokal otal chedy qotals
ZL3b-n,f83v,"f83v.31,+P0","oy[ch:sh]ey.qol.qokal.chedy,qoty",oychey qol qokal chedy qoty
ZL3b-n,f83v,"f83v.32,+P0",qol.olain.sheol.qo.qokal.sheol,qol olain sheol qo qokal sheol
ZL3b-n,f83v,"f83v.33,+P0",shey.opchey.cthey.ol{oh}y<$>,shey opchey cthey olohy
ZL3b-n,f83v,"f83v.34,@Ln",okchdy,okchdy
ZL3b-n,f83v,"f83v.35,@Lt",okaiin,okaiin
ZL3b-n,f84r,"f84r.1,@Lt",<!1>ololal,ololal
ZL3b-n,f84r,"f84r.2,@Ln",<!2>or.shekar,or shekar
ZL3b-n,f84r,"f84r.3,+Ln",<!3/low>ydy,ydy
ZL3b-n,f84r,"f84r.4,@Ln",<!3/high>okedy,okedy
ZL3b-n,f84r,"f84r.5,=Ln",<!3/high>loly,loly
ZL3b-n,f84r,"f84r.6,@Ln",<!4>doiir,doiir
ZL3b-n,f84r,"f84r.7,=Ln",<!4>olshy,olshy
ZL3b-n,f84r,"f84r.8,@Ln",<!5>otedy,otedy
ZL3b-n,f84r,"f84r.9,=Ln",<!5>lkol,lkol
ZL3b-n,f84r,"f84r.10,@Ln",<!6>okolshy,okolshy
ZL3b-n,f84r,"f84r.11,@Ln",<!7>otoly,otoly
ZL3b-n,f84r,"f84r.12,@Ln",<!8>dshedy,dshedy
ZL3b-n,f84r,"f84r.13,@P0",<%>kol.chedy.qokeey.otedy.dytedy.okeedy.olshed.opshed.ykshedy.qotedy.opoly,kol chedy qokeey otedy dytedy okeedy olshed opshed ykshedy qotedy opoly
ZL3b-n,f84r,"f84r.14,+P0","tol.or,sheey.chckhdy.schckhy.dal.y,shedy.otedy.qol.or.ol.eedy.qokeey.or,oly",tol or sheey chckhdy schckhy dal y shedy otedy qol or ol eedy qokeey or oly
ZL3b-n,f84r,"f84r.15,+P0",qokeey.dar.shedy.qokedy.qokeedy.qokedy.chedy.okain.chey.qokedy.dar.olardy,qokeey dar shedy qokedy qokeedy qokedy chedy okain chey qokedy dar olardy
ZL3b-n,f84r,"f84r.16,+P0","tor.shedytedy.o'l.ol,cheol.shedy.shckhy.qokal.olkedy<$>",tor shedytedy ol ol cheol shedy shckhy qokal olkedy
ZL3b-n,f84r,"f84r.17,+P0","<%>pchol.cphol.sol,teol.tedy.qotedy.qokeedy.qokeey.ol,keedy.teyqokedy.qopor.oly",pchol cphol sol teol tedy qotedy qokeedy qokeey ol keedy teyqokedy qopor oly
ZL3b-n,f84r,"f84r.18,+P0",otchy.olshedy.qokedy.shedy.okedy.shckhy.chckhy.olchey.schey.dal.chckhy.ral,otchy olshedy qokedy shedy okedy shckhy chckhy olchey schey dal chckhy ral
ZL3b-n,f84r,"f84r.19,+P0",qokey.sol.yqokain.qolkeey.qotedy.qokain.shedy.salchedy<$>,qokey sol yqokain qolkeey qotedy qokain shedy salchedy
ZL3b-n,f84r,"f84r.20,+P0",<%>psholpchcfhdy.qokeedy.dy.qokedy.daiin.shckhedy.qokaiin.checthy.dar.checthy.am,psholpchcfhdy qokeedy dy qokedy daiin shckhedy qokaiin checthy dar checthy am
ZL3b-n,f84r,"f84r.21,+P0","qokaiin.chol.cheky.okal,y,chey.okal.chedy,tor,y.otshedy.qokey.l,shedy<$>",qokaiin chol cheky okal y chey okal chedy tor y otshedy qokey l shedy
ZL3b-n,f84r,"f84r.22,+P0","<%>qotchsdy.ykeedy.qokal.ol.shedy.qokedy.qokeedy.qokeedy.chedy.raiin.chey.otar,dar",qotchsdy ykeedy qokal ol shedy qokedy qokeedy qokeedy chedy raiin chey otar dar
ZL3b-n,f84r,"f84r.23,+P0","dar.sheor.shcthy.qokeor.qotedy.rshedy.qolchey.oteey.qol.shedy.ol.dain.ol,or",dar sheor shcthy qokeor qotedy rshedy qolchey oteey qol shedy ol dain ol or
ZL3b-n,f84r,"f84r.24,+P0","pol.tar.shedy,qokedy.okal.shey.qokar,chckhy.otchey.qokchedy.chey.qokaiin",pol tar shedy qokedy okal shey qokar chckhy otchey qokchedy chey qokaiin
ZL3b-n,f84r,"f84r.25,+P0","pchedy.qotchedy.otaiiin.chcthy.shedy.otedy.qoty.qotedy.ol,okedy.otedy.ram",pchedy qotchedy otaiiin chcthy shedy otedy qoty qotedy ol okedy otedy ram
ZL3b-n,f84r,"f84r.26,+P0",qotol.sh{cthh}y.oty.dar.shcthy.schdy.qokeedy.olkey<$>,qotol shcthhy oty dar shcthy schdy qokeedy olkey
ZL3b-n,f84r,"f84r.27,+P0","<%>p[a:o]lchd.@146;chedy.shcthy.olky.dar.opalkaiin.o,qofchedy.or,aiiin.ofoly.oroly",palchd chedy shcthy olky dar opalkaiin o qofchedy or aiiin ofoly oroly
ZL3b-n,f84r,"f84r.28,+P0","sar.ol.olaiin.y,qol,y,qor.or.ckhedy.chkedy.okain.shedy.qokolchedy.olain",sar ol olaiin y qol y qor or ckhedy chkedy okain shedy qokolchedy olain
ZL3b-n,f84r,"f84r.29,+P0",qokeedy.okeey.dar.olchedy.qsolkeedy.rar.checkhy.otar.chedy.olchcthy.lor,qokeedy okeey dar olchedy qsolkeedy rar checkhy otar chedy olchcthy lor
ZL3b-n,f84r,"f84r.30,+P0","dchdy.qokedy.ol,chckhy.olchdy.sar,or.ykeedy.chetey.rain.shedy.shekam",dchdy qokedy ol chckhy olchdy sar or ykeedy chetey rain shedy shekam
ZL3b-n,f84r,"f84r.31,+P0",ykchdar.or.arar.shedy.qokal.daiin.shedy.olkedy.qokedy.qoky.chedy.daiin,ykchdar or arar shedy qokal daiin shedy olkedy qokedy qoky chedy daiin
ZL3b-n,f84r,"f84r.32,+P0","qotar.ytedy.tedy.dar.olkedy.qotedy.shckhy.chtol.tedy.dar.or,oly",qotar ytedy tedy dar olkedy qotedy shckhy chtol tedy dar or oly
ZL3b-n,f84r,"f84r.33,+P0","shol.tchdy,tedy.ykain.shey.cheol,y,tedy.ol,kedy.okedar.ol,keed,ol,ary",shol tchdy tedy ykain shey cheol y tedy ol kedy okedar ol keed ol ary
ZL3b-n,f84r,"f84r.34,+P0","dsheyteey.sor.ol.shedy.daraldy.otedaiin.shckhchy.chckhy.daiin,aryly",dsheyteey sor ol shedy daraldy otedaiin shckhchy chckhy daiin aryly
ZL3b-n,f84r,"f84r.35,+P0","qokal.daiin.dain.otey.cheor.air.shckhy.or,air,oro<$>",qokal daiin dain otey cheor air shckhy or air oro
ZL3b-n,f84r,"f84r.36,+P0","<%>shey.dar.shey.dain.aiin.shedy.orol,ykar.okedy.qoky.chedy.okedar.chey.alol",shey dar shey dain aiin shedy orol ykar okedy qoky chedy okedar chey alol
ZL3b-n,f84r,"f84r.37,@P1","qoteedy.qokol.otedy.shedy.qokeedy.dal,ol,dam",qoteedy qokol otedy shedy qokeedy dal ol dam
ZL3b-n,f84r,"f84r.38,+P1","s,or,olchdy.lshedy.qokchy.dol.otedy.ytchor,olky",s or olchdy lshedy qokchy dol otedy ytchor olky
ZL3b-n,f84r,"f84r.39,+P1",dshedy.sheedy.qokedy.chedy.teedy.qokeedy,dshedy sheedy qokedy chedy teedy qokeedy
ZL3b-n,f84r,"f84r.40,+P1",qokeedy.dkedy.olshedy.qokal.shckhy.olkeedy,qokeedy dkedy olshedy qokal shckhy olkeedy
ZL3b-n,f84r,"f84r.41,+P1",dsheedy.oteedy.qotar.chekar.orshedy.saiin,dsheedy oteedy qotar chekar orshedy saiin
ZL3b-n,f84r,"f84r.42,+P1",okaiin.otchdy.qokain.shedy.qokeey.qotedy,okaiin otchdy qokain shedy qokeey qotedy
ZL3b-n,f84r,"f84r.43,+P1",qokain.otchedy.skeey.rcheky.dal.okeedy,qokain otchedy skeey rcheky dal okeedy
ZL3b-n,f84r,"f84r.44,+P1","ykedy.qotedy.chcthy.ol,chcthy.dar.ar,ory",ykedy qotedy chcthy ol chcthy dar ar ory
ZL3b-n,f84r,"f84r.45,+P1",yteolchedy.qokor.shekedy.okedy.{cthh}y.dam,yteolchedy qokor shekedy okedy cthhy dam
ZL3b-n,f84r,"f84r.46,+P1",d[ch:?]edy.qokedy.ar.oror.okedy.okedy<$>,dchedy qokedy ar oror okedy okedy
ZL3b-n,f84r,"f84r.47,@Lt",<!33>otaly,otaly
ZL3b-n,f84v,"f84v.1,@P1","<%>otdy.dar.chdy.dar,oram",otdy dar chdy dar oram
ZL3b-n,f84v,"f84v.2,+P1",soiin.okeeey.sol.okaly<$>,soiin okeeey sol okaly
ZL3b-n,f84v,"f84v.3,@P0",<%>kor.shedy.otedy.qotedy.otedar.cfhdarol,kor shedy otedy qotedy otedar cfhdarol
ZL3b-n,f84v,"f84v.4,+P0","oteey.qoteey.okey.chetain.sheeky.daiin,al",oteey qoteey okey chetain sheeky daiin al
ZL3b-n,f84v,"f84v.5,+P0","qokeey.oteedy.shedy.qokeed,or.okeedy.ry",qokeey oteedy shedy qokeed or okeedy ry
ZL3b-n,f84v,"f84v.6,+P0",ykeedy.qoeedy.olkeey.sheky.qokeey<$>,ykeedy qoeedy olkeey sheky qokeey
ZL3b-n,f84v,"f84v.7,+P0","<%>poiin.ol,kedy.okedy.qoky.ok[ch:ee]dy.qokey",poiin ol kedy okedy qoky okchdy qokey
ZL3b-n,f84v,"f84v.8,+P0",qokedy.okedy.qokeedy.okeedy.shedy.qoky,qokedy okedy qokeedy okeedy shedy qoky
ZL3b-n,f84v,"f84v.9,+P0",{ch'}eol.qolchey.okeedy.saiin.okeedy.chkeedy,eol qolchey okeedy saiin okeedy chkeedy
ZL3b-n,f84v,"f84v.10,+P0",qoteed.otedy.sheedy.qokeedy.qoeedy.okeedy.dam,qoteed otedy sheedy qokeedy qoeedy okeedy dam
ZL3b-n,f84v,"f84v.11,+P0",{ch'}edy.qoeedy.ol.cheey.daiin.chckhedy.dain.dy.daiin,edy qoeedy ol cheey daiin chckhedy dain dy daiin
ZL3b-n,f84v,"f84v.12,+P0",qokees.qokedy.otedy.shedy.qokedy.dol.olkeedy.dol.teedam,qokees qokedy otedy shedy qokedy dol olkeedy dol teedam
ZL3b-n,f84v,"f84v.13,+P0",shedol.chedy.okedy.otal.chckhedy.qotedy.dokedy.dol.lkeey.qokydy,shedol chedy okedy otal chckhedy qotedy dokedy dol lkeey qokydy
ZL3b-n,f84v,"f84v.14,+P0",dshey.olkeey.dol.ol.otedy.okedy.okedy.qokedy.dal.dar.ol.chedy.sain,dshey olkeey dol ol otedy okedy okedy qokedy dal dar ol chedy sain
ZL3b-n,f84v,"f84v.15,+P0","qokshedy.qokeed,y,daiin.checthy.okal.ol.kedy.chedy.dolkedy.okedam",qokshedy qokeed y daiin checthy okal ol kedy chedy dolkedy okedam
ZL3b-n,f84v,"f84v.16,+P0","soiiin.ol.chedy.qol.tedy.shey.qokedy.qokey.dol,y.ol,shedy.qokedy",soiiin ol chedy qol tedy shey qokedy qokey dol y ol shedy qokedy
ZL3b-n,f84v,"f84v.17,+P0","qokeey.otol.chedy.daiin.dol.sheedy.chedy.okedy.r,kchdy.kol.koldy",qokeey otol chedy daiin dol sheedy chedy okedy r kchdy kol koldy
ZL3b-n,f84v,"f84v.18,+P0",dsheey.qokeedy.ykedy.qokor.shedy.qoky.dol.shckhy.qokain.ol.koldy,dsheey qokeedy ykedy qokor shedy qoky dol shckhy qokain ol koldy
ZL3b-n,f84v,"f84v.19,+P0","solkes.olokar.sheky.shkol.qokar.chdy.tal,shedy.okar.okedy.shedy,dy",solkes olokar sheky shkol qokar chdy tal shedy okar okedy shedy dy
ZL3b-n,f84v,"f84v.20,+P0",tolshy.qoky.qokedy.shedy.qoteedy<$>,tolshy qoky qokedy shedy qoteedy
ZL3b-n,f84v,"f84v.21,+P0","<%>pcholshedy.shtol.okedy.opcholor.kchdy.ofched,y,r.aiin.cfheey.ols",pcholshedy shtol okedy opcholor kchdy ofched y r aiin cfheey ols
ZL3b-n,f84v,"f84v.22,+P0",oshey.tedy.okain.shey.qokedy.kchdy.okedy.okey.dy.okedy.olshdy,oshey tedy okain shey qokedy kchdy okedy okey dy okedy olshdy
ZL3b-n,f84v,"f84v.23,+P0","qokeey.olkaiin.okol.shedy.cthy,korol.oror",qokeey olkaiin okol shedy cthy korol oror
ZL3b-n,f84v,"f84v.24,+P0","y,cheey.okeedy.olkain.olchey.saiin.oly",y cheey okeedy olkain olchey saiin oly
ZL3b-n,f84v,"f84v.25,+P0","qokain.okain.olol.okal,chedy.chedy",qokain okain olol okal chedy chedy
ZL3b-n,f84v,"f84v.26,+P0",ol.qokar.shdy.qol.otedy.olchedy,ol qokar shdy qol otedy olchedy
ZL3b-n,f84v,"f84v.27,+P0",y.or.shedy.qolkeedy.olchedy.olkal,y or shedy qolkeedy olchedy olkal
ZL3b-n,f84v,"f84v.28,+P0",dal.shedy.qokedy.shedy.dain.daiin,dal shedy qokedy shedy dain daiin
ZL3b-n,f84v,"f84v.29,+P0",sain.shedy.qokeey.daiin.okedy.oldy,sain shedy qokeey daiin okedy oldy
ZL3b-n,f84v,"f84v.30,+P0",qokey.ol.keed.qokedy.qokey.qokeoly,qokey ol keed qokedy qokey qokeoly
ZL3b-n,f84v,"f84v.31,+P0",chal.daiin.otal.chdy.otal.chckhor.aly,chal daiin otal chdy otal chckhor aly
ZL3b-n,f84v,"f84v.32,+P0",qokedy.shey.kal.okedy.yfchedy.tedy.lolor,qokedy shey kal okedy yfchedy tedy lolor
ZL3b-n,f84v,"f84v.33,+P0",shedy.qokey.qokedy.chey.dar.okey.okeshy.olchy,shedy qokey qokedy chey dar okey okeshy olchy
ZL3b-n,f84v,"f84v.34,+P0","qokain.ol.chedy.alchey.s,al.or.chdy.dchey.okey.lchy",qokain ol chedy alchey s al or chdy dchey okey lchy
ZL3b-n,f84v,"f84v.35,+P0","shor.ol.okain.shedy.olshedy.tol,okeedy.chedy.okedy.lol",shor ol okain shedy olshedy tol okeedy chedy okedy lol
ZL3b-n,f84v,"f84v.36,+P0","qokey.sol,kedy.okey.lkain.shey.shes.ol.shedy.qokeey.ror",qokey sol kedy okey lkain shey shes ol shedy qokeey ror
ZL3b-n,f84v,"f84v.37,+P0",chckhy.qokaiin.shey.dain.qokeey.daiin.okaiin.qokal.dys,chckhy qokaiin shey dain qokeey daiin okaiin qokal dys
ZL3b-n,f84v,"f84v.38,+P0",qokchey.qokeedy.okedy.dolor.ol.chedy.oteol.olol,qokchey qokeedy okedy dolor ol chedy oteol olol
ZL3b-n,f84v,"f84v.39,+P0",lshedy.qol.aiin.okey.olchey.lchey.olshedy.shckhy.soly,lshedy qol aiin okey olchey lchey olshedy shckhy soly
ZL3b-n,f84v,"f84v.40,+P0","yteedar.olkeey.olchey.qokey.lkeoldy.daiin,olkedy.ykaiin",yteedar olkeey olchey qokey lkeoldy daiin olkedy ykaiin
ZL3b-n,f84v,"f84v.41,+P0",sor.otes.doltedy.otol.chedy<$>,sor otes doltedy otol chedy
ZL3b-n,f84v,"f84v.42,@Pb",okar,okar
ZL3b-n,f84v,"f84v.43,+Pb",ydairol,ydairol
ZL3b-n,f84v,"f84v.44,+Pb",ychckhy,ychckhy
ZL3b-n,f84v,"f84v.45,+Pb",dshedy,dshedy
ZL3b-n,f84v,"f84v.46,@Pb",okchdy,okchdy
ZL3b-n,f84v,"f84v.47,+Pb",solchey,solchey
ZL3b-n,f84v,"f84v.48,+Pb","dair,oldy",dair oldy
ZL3b-n,f84v,"f84v.49,+Pb",darchy,darchy
ZL3b-n,f84v,"f84v.50,+Pb",y{c'th}y,yy
ZL3b-n,f84v,"f84v.51,+Pb",ochedy,ochedy
ZL3b-n,f85r1,"f85r1.1,@P0","<%>pdsheody.shdol.shey.otchdy.dshedy.soeeedy.dchefoey.sair.shedy.sodair,shey",pdsheody shdol shey otchdy dshedy soeeedy dchefoey sair shedy sodair shey
ZL3b-n,f85r1,"f85r1.2,+P0","yoiin.cheey.qocthdy.otedy.dol.ar,aiin.okshd.okchedy.otedy.chckhdy.otam",yoiin cheey qocthdy otedy dol ar aiin okshd okchedy otedy chckhdy otam
ZL3b-n,f85r1,"f85r1.3,+P0",tarar.otedy.opcheey.ykdair.chy.qotedy.qokchdy.otedy.cheol.saiin.otedam,tarar otedy opcheey ykdair chy qotedy qokchdy otedy cheol saiin otedam
ZL3b-n,f85r1,"f85r1.4,+P0",odeedaiin.qokechy.daiin.chekchy.olshedy.qokeedy.doltshdy.otar.otchdy.ols,odeedaiin qokechy daiin chekchy olshedy qokeedy doltshdy otar otchdy ols
ZL3b-n,f85r1,"f85r1.5,+P0",tchedy.kchedy.qodaiin.olkeedy.oraiin.olshedy.okchy.kedy.tedy.tdam,tchedy kchedy qodaiin olkeedy oraiin olshedy okchy kedy tedy tdam
ZL3b-n,f85r1,"f85r1.6,+P0",roraiin.shey.pchey.qokeey.chor.ol.shedy<$>,roraiin shey pchey qokeey chor ol shedy
ZL3b-n,f85r1,"f85r1.7,+P0","<%>pchedy.oraiin.shefchdy.qopar.sheedy.qokedy.qotchedy.kchdar.ypchdy,ldo",pchedy oraiin shefchdy qopar sheedy qokedy qotchedy kchdar ypchdy ldo
ZL3b-n,f85r1,"f85r1.8,+P0",daiin.chckhdy.qotchdy.opchsd.qokchdy.otchy.qodal.daiin.dal.shdar.oram,daiin chckhdy qotchdy opchsd qokchdy otchy qodal daiin dal shdar oram
ZL3b-n,f85r1,"f85r1.9,+P0","tsheed.lchey.qokeshy.da[ir:in].shedar.sheol.qo,[ar:iir].chofchdy.qotd{c@178;}y.ofar",tsheed lchey qokeshy dair shedar sheol qo ar chofchdy qotdy ofar
ZL3b-n,f85r1,"f85r1.10,+P0",dair.chotaiin.cheod.cheolkeedy<$>,dair chotaiin cheod cheolkeedy
ZL3b-n,f85r1,"f85r1.11,+P0",<%>pdar.ol.shdair.qopcheedy.dal.chdal.chor.shefshoro.raiin.dolor.aiin.opakam,pdar ol shdair qopcheedy dal chdal chor shefshoro raiin dolor aiin opakam
ZL3b-n,f85r1,"f85r1.12,+P0",tdain.okeody.lchdy.lkor.oeeseary.dar.shedaiin.oto.daiin.dlar.am<!raised>,tdain okeody lchdy lkor oeeseary dar shedaiin oto daiin dlar am
ZL3b-n,f85r1,"f85r1.13,+P0","rsheodar.qocth[y:o].kar.okaiin.ykeeeody.qotal.ol,s,aiin.ol.daldy<!corr?>.shody",rsheodar qocthy kar okaiin ykeeeody qotal ol s aiin ol daldy shody
ZL3b-n,f85r1,"f85r1.14,+P0","daror.sheedy.keody.oteody.s,ar.aiin.cheedy.otaiin.dar.al.odaiiin",daror sheedy keody oteody s ar aiin cheedy otaiin dar al odaiiin
ZL3b-n,f85r1,"f85r1.15,+P0","qokeeodaiin.chey.okaiin.okal.al.dl.sheokey.cheokaiin.ol,keeo.dal.olky",qokeeodaiin chey okaiin okal al dl sheokey cheokaiin ol keeo dal olky
ZL3b-n,f85r1,"f85r1.16,+P0","shoiin.qokar.okar,y,cheey<$>",shoiin qokar okar y cheey
ZL3b-n,f85r1,"f85r1.17,+P0",<%>polky.shey.olkedaiin.shor.cphedy.dair.sh{cphh}y.opchey.shtor.aiinsham,polky shey olkedaiin shor cphedy dair shcphhy opchey shtor aiinsham
ZL3b-n,f85r1,"f85r1.18,+P0",olkeey.otchey.qokedy.qodaiin.ch{ctah}y.checphey.otshey.qokshey.schdy.dam,olkeey otchey qokedy qodaiin chctahy checphey otshey qokshey schdy dam
ZL3b-n,f85r1,"f85r1.19,+Pr",okchy.okchdy.otchedy.dam.lam<$>,okchy okchdy otchedy dam lam
ZL3b-n,f85r1,"f85r1.20,*P0","<%>pcheo,y,kshedy.qocphdy.qofol.shdaldy.dairar.cheeteey.otchedy.qokchdy.dy",pcheo y kshedy qocphdy qofol shdaldy dairar cheeteey otchedy qokchdy dy
ZL3b-n,f85r1,"f85r1.21,+P0",daiir.cheody.oraiin.ol.okaiin.cheocthey.olor.otedy.qotaiin.chor.chedy,daiir cheody oraiin ol okaiin cheocthey olor otedy qotaiin chor chedy
ZL3b-n,f85r1,"f85r1.22,+P0",ydair.tar.chedy.oraiin.ychedy.okedy<$>,ydair tar chedy oraiin ychedy okedy
ZL3b-n,f85r1,"f85r1.23,+P0","<%>pchdaiin.shodaiin.shofshedy.yteody.ypar.ches.aiin.chol,dy.qopar.shetam",pchdaiin shodaiin shofshedy yteody ypar ches aiin chol dy qopar shetam
ZL3b-n,f85r1,"f85r1.24,+P0",tedair.ykeedy.dain.cheedy.qokar.chedy.okar.shee[k:t]eey.qokedy.olchedy,tedair ykeedy dain cheedy qokar chedy okar sheekeey qokedy olchedy
ZL3b-n,f85r1,"f85r1.25,+P0",schedaiir.oteody.chcthdy.qokaiin.ykchedy<$>,schedaiir oteody chcthdy qokaiin ykchedy
ZL3b-n,f85r1,"f85r1.26,+P0","<%>pchdair.or.shshdar.qopchedy.opchdy.qofchdy.dar.s.aiin.chcphdy.dar,or,daiin",pchdair or shshdar qopchedy opchdy qofchdy dar s aiin chcphdy dar or daiin
ZL3b-n,f85r1,"f85r1.27,+P0","ychedy.shetshdy.qotar.okedy.qokal.saiin.ol,karar.odeeeg<$>",ychedy shetshdy qotar okedy qokal saiin ol karar odeeeg
ZL3b-n,f85r1,"f85r1.28,+P0","<%>kchedar.yteol.okchdy.q[e:o]kedy.otor.odor.ar.chedy.otechdy.dal,cphedy",kchedar yteol okchdy qekedy otor odor ar chedy otechdy dal cphedy
ZL3b-n,f85r1,"f85r1.29,+P0","oees.aiin.ol,keeody.or,s.cheey.qokchdy.qotol.okar.otar.otchy.okam",oees aiin ol keeody or s cheey qokchdy qotol okar otar otchy okam
ZL3b-n,f85r1,"f85r1.30,+P0",dorchdy.o[r:s]aiin.okeder.chcthy.okedy.chdy.chdy.otal.otchdy.otalom<$>,dorchdy oraiin okeder chcthy okedy chdy chdy otal otchdy otalom
ZL3b-n,f85r1,"f85r1.31,+P0","<%>podaiin.shdar.ypchdar.dar.ypchdy.qopol.dar.keshar.dchdal.chol,air,y",podaiin shdar ypchdar dar ypchdy qopol dar keshar dchdal chol air y
ZL3b-n,f85r1,"f85r1.32,+P0","ytor.chol.shdy,tody.qotchdy.otchol.chees.or.eeodaiin.or.aral.olkam",ytor chol shdy tody qotchdy otchol chees or eeodaiin or aral olkam
ZL3b-n,f85r1,"f85r1.33,+P0",raraiiin.shey.osaiin.otar.ytar.otedy.or.aiin.otar.olar.olkeedy,raraiiin shey osaiin otar ytar otedy or aiin otar olar olkeedy
ZL3b-n,f85r1,"f85r1.34,+P0",ysheedy.ksheey.qokor.or.chod.lkchedy.qotody.qokar.shty.otarar,ysheedy ksheey qokor or chod lkchedy qotody qokar shty otarar
ZL3b-n,f85r1,"f85r1.35,+Pc","s,ar,chedar.olpchdy.otol.otchedy<$>",s ar chedar olpchdy otol otchedy
ZL3b-n,f85r2,"f85r2.1,@Cc",<!09:00>odeedy.otedy.opaees.ar.chcthy.otchdy.otody.otar.chepaiin.otodar.otodaiin.opaiin.otaiin.qopchas.otchedy.olkaiin.odar.aloees.otchedy.qotedaiin.odar.octhody.shedaiin.olaiin.olfor.daiin.ol.lkech[ch:?].os.aiin.oteedy.dar.otees.opaiin.chcphdar,odeedy otedy opaees ar chcthy otchdy otody otar chepaiin otodar otodaiin opaiin otaiin qopchas otchedy olkaiin odar aloees otchedy qotedaiin odar octhody shedaiin olaiin olfor daiin ol lkechch os aiin oteedy dar otees opaiin chcphdar
ZL3b-n,f85r2,"f85r2.2,@Pb","<!N><%>sain.or.or,aiin.opchdy",sain or or aiin opchdy
ZL3b-n,f85r2,"f85r2.3,+Pb","<!N>qotor.sheedy.shodaiin.olfar,ary",qotor sheedy shodaiin olfar ary
ZL3b-n,f85r2,"f85r2.4,+Pb","<!N>dair.sheo.oraiin.chol,daiin",dair sheo oraiin chol daiin
ZL3b-n,f85r2,"f85r2.5,+Pb",<!N>ockhdar.olkar.shoral,ockhdar olkar shoral
ZL3b-n,f85r2,"f85r2.6,+Pb",<!N>roseer<$>,roseer
ZL3b-n,f85r2,"f85r2.7,@Pb",<!E><%>pchedeey.olkey.qokedy.sheos.fcheey,pchedeey olkey qokedy sheos fcheey
ZL3b-n,f85r2,"f85r2.8,+Pb",<!E>otchedy.chotey.qocthey.oteey.ol.oloqorain,otchedy chotey qocthey oteey ol oloqorain
ZL3b-n,f85r2,"f85r2.9,+Pb",<!E>daiin.qotaiin.tchedy.otedy.qotchdy.chckhey,daiin qotaiin tchedy otedy qotchdy chckhey
ZL3b-n,f85r2,"f85r2.10,+Pb","<!E>ytchedy,qodar.qotedar.qokar.qotchd.qotom",ytchedy qodar qotedar qokar qotchd qotom
ZL3b-n,f85r2,"f85r2.11,+Pb","<!E>soiis,aiin.shedaiin.chok{co}m<$>",soiis aiin shedaiin chokcom
ZL3b-n,f85r2,"f85r2.12,@Pb","<!S><%>otchs.shedor.chey,sorain",otchs shedor chey sorain
ZL3b-n,f85r2,"f85r2.13,+Pb",<!S>or.shedy.tedy.sodaiiin.chy,or shedy tedy sodaiiin chy
ZL3b-n,f85r2,"f85r2.14,+Pb",<!S>ytedar.chz[s:r].aiin.arody,ytedar chzs aiin arody
ZL3b-n,f85r2,"f85r2.15,+Pb","<!S>ypshedy.dar.chedy.or,am",ypshedy dar chedy or am
ZL3b-n,f85r2,"f85r2.16,+Pb",<!S>oteey.qodaiin.odain.an.chey,oteey qodaiin odain an chey
ZL3b-n,f85r2,"f85r2.17,+Pb",<!S>orar.oldar.ain<$>,orar oldar ain
ZL3b-n,f85r2,"f85r2.18,@Pb",<!W><%>okees.olaiin.qokal.chdy.sary,okees olaiin qokal chdy sary
ZL3b-n,f85r2,"f85r2.19,+Pb",<!W>qokshedy.qodain.chckhy.ykeedy.chedy,qokshedy qodain chckhy ykeedy chedy
ZL3b-n,f85r2,"f85r2.20,+Pb","<!W>or,aiin.ckhed[a:y].or.ain.olchey.qokal.shedy",or aiin ckheda or ain olchey qokal shedy
ZL3b-n,f85r2,"f85r2.21,+Pb",<!W>qokeody.qoekedy.dody.shedy.qodaiin,qokeody qoekedy dody shedy qodaiin
ZL3b-n,f85r2,"f85r2.22,+Pb","<!W>los,ar.shedy.qokshey.qose?y.or.aiin,og",los ar shedy qokshey or aiin og
ZL3b-n,f85r2,"f85r2.23,+Pb",<!W>ol.lcheol.chol.ol.sheoly<$>,ol lcheol chol ol sheoly
ZL3b-n,f85r2,"f85r2.24,@Cc",<!09:30>okees.ochar.oted[o:a]r.ochedy.otody.olchedy.oteedo.ar.or.airol.otees.ar.aram,okees ochar otedor ochedy otody olchedy oteedo ar or airol otees ar aram
ZL3b-n,fRos,"fRos.2,@Cc","<!10:30>oto.tosaes.adar.otar.otes,okaiin.dal,al,chdar.otdar.chefchs.okor.ol.om.olkeeodaiin.shol.okal.orshees.qoeey.okalol.otodr.ochs.ar,ol.oqokam.oteed.oteedy.okedy.lraiin.or,aiin.okor.okeedy",oto tosaes adar otar otes okaiin dal al chdar otdar chefchs okor ol om olkeeodaiin shol okal orshees qoeey okalol otodr ochs ar ol oqokam oteed oteedy okedy lraiin or aiin okor okeedy
ZL3b-n,fRos,"fRos.3,@L0","<!1:1>ofain,ain",ofain ain
ZL3b-n,fRos,"fRos.4,+L0","<!1:2>ych,?ais",ych
ZL3b-n,fRos,"fRos.5,+L0",<!1:3>ydekam,ydekam
ZL3b-n,fRos,"fRos.6,+L0",<!1:4>darchedy,darchedy
ZL3b-n,fRos,"fRos.7,+L0","<!1:5>otochedy,sy",otochedy sy
ZL3b-n,fRos,"fRos.8,+L0",<!1:6>soeedoy.olal,soeedoy olal
ZL3b-n,fRos,"fRos.9,+L0",<!1:7>dchor.orary,dchor orary
ZL3b-n,fRos,"fRos.10,+L0",<!1:8>sairo[j:d]am,sairojam
ZL3b-n,fRos,"fRos.11,@L0",<!1:9>okchdarar,okchdarar
ZL3b-n,fRos,"fRos.12,@L0",<!2:9>soiindy,soiindy
ZL3b-n,fRos,"fRos.13,@L0",<!2:10>ytedar,ytedar
ZL3b-n,fRos,"fRos.14,@L0",<!2:11>[d:?]dsschx,ddsschx
ZL3b-n,fRos,"fRos.15,@L0",<!2:13>daldar,daldar
ZL3b-n,fRos,"fRos.16,@L0",<!2:12>ofardy,ofardy
ZL3b-n,fRos,"fRos.17,@L0",<!1:10>orarol,orarol
ZL3b-n,fRos,"fRos.18,@L0",<!4:1>daldal,daldal
ZL3b-n,fRos,"fRos.19,@L0",<!4:2>da[r:s]aldy,daraldy
ZL3b-n,fRos,"fRos.20,@Cc","<!05:00>sais,od,r,ar.or.okal.okal.or.alal.ykal.ol.ar.ol.al.ol.al,lor.okan.okod.oked.okeo.ldy.opashs.otedy.chedchs.sheekedy.odal.shd.olkeedy.yky,kaiir.okchdy.otol,ar,y<->aiin.aiir.oeal.okchdy.oly<->okain.olkaiin.ody",sais od r ar or okal okal or alal ykal ol ar ol al ol al lor okan okod oked okeo ldy opashs otedy chedchs sheekedy odal shd olkeedy yky kaiir okchdy otol ar yaiin aiir oeal okchdy olyokain olkaiin ody
ZL3b-n,fRos,"fRos.21,@L0",<!4:3>oko,oko
ZL3b-n,fRos,"fRos.22,@L0",<!4:4>daiiny,daiiny
ZL3b-n,fRos,"fRos.23,@L0",<!4:5>do{cfhh}y,docfhhy
ZL3b-n,fRos,"fRos.24,@L0",<!4:6>okedy,okedy
ZL3b-n,fRos,"fRos.25,@L0",<!4:7>o[k:p]ary,okary
ZL3b-n,fRos,"fRos.26,@L0",<!4:8>opain,opain
ZL3b-n,fRos,"fRos.27,@L0",<!4:9>opar,opar
ZL3b-n,fRos,"fRos.28,@L0",<!4:10>adairy,adairy
ZL3b-n,fRos,"fRos.29,@L0",<!4:11>dxar,dxar
ZL3b-n,fRos,"fRos.30,@L0",<!4:12>okory,okory
ZL3b-n,fRos,"fRos.31,@L0",<!4:13>opo[k:t]chosody,opokchosody
ZL3b-n,fRos,"fRos.32,@L0",<!7:12>adashgasain,adashgasain
ZL3b-n,fRos,"fRos.33,@L0",<!7:13>cfair.o@213;ol{c@133;h}y,cfair ooly
ZL3b-n,fRos,"fRos.34,@L0",<!7:1>okody,okody
ZL3b-n,fRos,"fRos.35,@Cc","<!00:00>okos.{cp}or.air,u.oteoteedy.otos.otedar.ches.okodainol.ykedy.eedor.tchdaiin.sy.sarald.todar.chkar.odair.or.oal.okchdy.seedy.oteedy.ykchda.cheky.o.aiin.okees.olar.or.ykeedy.okeo,lodaiin.or.olaiiin.olar",okos cpor air u oteoteedy otos otedar ches okodainol ykedy eedor tchdaiin sy sarald todar chkar odair or oal okchdy seedy oteedy ykchda cheky o aiin okees olar or ykeedy okeo lodaiin or olaiiin olar
ZL3b-n,fRos,"fRos.36,@Cc","<!Spiral>o?ochs.octhey.osar,aram.arkeeody.ochdor,ol.oekairy.ytodaro.opalshy.or,arodar.ykodar.ykodar.ykary.opalxy",octhey osar aram arkeeody ochdor ol oekairy ytodaro opalshy or arodar ykodar ykodar ykary opalxy
ZL3b-n,fRos,"fRos.37,@L0","<!7:10>opoor,daly",opoor daly
ZL3b-n,fRos,"fRos.38,@L0",<!7:7>okas.oedady,okas oedady
ZL3b-n,fRos,"fRos.39,@Pb","<!7:5><%>kechy.qolchedar,ar",kechy qolchedar ar
ZL3b-n,fRos,"fRos.40,+Pb",<!7:6>otedy.chdaiin.oty<$>,otedy chdaiin oty
ZL3b-n,fRos,"fRos.41,@L0",<!7:3>o[s:r]al,osal
ZL3b-n,fRos,"fRos.42,@L0",<!7:2>{cp}eey,cpeey
ZL3b-n,fRos,"fRos.43,@L0",<!7:4>okor,okor
ZL3b-n,fRos,"fRos.44,@L0",<!7:8>sarchcphdy,sarchcphdy
ZL3b-n,fRos,"fRos.45,@L0",<!7:9>otchdy.otoldy,otchdy otoldy
ZL3b-n,fRos,"fRos.46,@L0",<!7:11>ofchedaiin,ofchedaiin
ZL3b-n,fRos,"fRos.47,@Cc","<!10:30>osar.otar.otodeedy.oty,daiin.sheor.oar.otedy,qotedy.oteey.otoraiin.chekad?r.ol.aiin.okedal.olor.op[o:a]iiral.eeealky.[y:?]tar.qokeo,l.tched.oiin.oteedaiin.odal.cheky.otchdor.or.olkoaiin.ok[a:o]l,o,laiin",osar otar otodeedy oty daiin sheor oar otedy qotedy oteey otoraiin ol aiin okedal olor opoiiral eeealky ytar qokeo l tched oiin oteedaiin odal cheky otchdor or olkoaiin okal o laiin
ZL3b-n,fRos,"fRos.48,@L0",<!2:1>otedal,otedal
ZL3b-n,fRos,"fRos.49,@L0","<!2:2>opaiin,o",opaiin o
ZL3b-n,fRos,"fRos.50,@L0",<!2:3>otchdy,otchdy
ZL3b-n,fRos,"fRos.51,@L0",<!2:4>okchy,okchy
ZL3b-n,fRos,"fRos.52,@L0",<!2:5>chkeedy,chkeedy
ZL3b-n,fRos,"fRos.53,@L0",<!2:6>opairar,opairar
ZL3b-n,fRos,"fRos.55,@L0",<!2:8>okody,okody
ZL3b-n,fRos,"fRos.56,@L0",<!3:22>depcheky,depcheky
ZL3b-n,fRos,"fRos.57,@L0",<!3:23>ot[ch:a],otch
ZL3b-n,fRos,"fRos.58,@L0",<!3:24>osy,osy
ZL3b-n,fRos,"fRos.59,@L0",<!3:25>[o:a]dl,odl
ZL3b-n,fRos,"fRos.60,@L0","<!3:26>d,dy",d dy
ZL3b-n,fRos,"fRos.61,@L0",<!3:27>oteey,oteey
ZL3b-n,fRos,"fRos.62,@Cc","<!00:00>otor.os.om.araiin.okeody.okar.odsheedy.odaiin.okchdy.okar.shor.okaiin.daiin.ofair.oly.olkair,odal.olkalor.olor<->s.y.o.d.esha,x.k.r.olar.oteedaiin.otes,ar.yqos.aiiin.ol.qotody.ol.oir.or.oroa.oteeedy.okal.okodar.otshe.okody.otedy.chdar.o'",otor os om araiin okeody okar odsheedy odaiin okchdy okar shor okaiin daiin ofair oly olkair odal olkalor olors y o d esha x k r olar oteedaiin otes ar yqos aiiin ol qotody ol oir or oroa oteeedy okal okodar otshe okody otedy chdar o
ZL3b-n,fRos,"fRos.63,@L0",<!5:1>oteedy,oteedy
ZL3b-n,fRos,"fRos.64,@L0",<!5:2>opy,opy
ZL3b-n,fRos,"fRos.65,@L0",<!5:3>odal,odal
ZL3b-n,fRos,"fRos.66,@L0",<!5:4>shdy,shdy
ZL3b-n,fRos,"fRos.67,@L0",<!5:5>opchees,opchees
ZL3b-n,fRos,"fRos.68,@L0",<!5:6>opar,opar
ZL3b-n,fRos,"fRos.69,@L0",<!5:7>daral,daral
ZL3b-n,fRos,"fRos.70,@L0",<!5:8>otdodar.oedy,otdodar oedy
ZL3b-n,fRos,"fRos.71,@L0",<!5:9>soshxor.arar,soshxor arar
ZL3b-n,fRos,"fRos.72,@L0",<!5:10>otedain.otedy,otedain otedy
ZL3b-n,fRos,"fRos.73,@L0",<!5:11>ytedar.ary,ytedar ary
ZL3b-n,fRos,"fRos.74,@L0",<!5:12>opcheda[iin:iir],opchedaiin
ZL3b-n,fRos,"fRos.75,@L0",<!5:13>ols,ols
ZL3b-n,fRos,"fRos.76,@L0",<!5:14>ypal,ypal
ZL3b-n,fRos,"fRos.77,@L0",<!5:15>opydsh,opydsh
ZL3b-n,fRos,"fRos.78,@L0",<!5:16>rshy,rshy
ZL3b-n,fRos,"fRos.79,@L0",<!5:17>olz,olz
ZL3b-n,fRos,"fRos.80,@L0",<!5:18>dtedg,dtedg
ZL3b-n,fRos,"fRos.81,@L0",<!5:19>opy,opy
ZL3b-n,fRos,"fRos.82,@L0",<!5:20>ofdaj,ofdaj
ZL3b-n,fRos,"fRos.83,@L0",<!5:21>ddary,ddary
ZL3b-n,fRos,"fRos.84,@L0",<!5:22>ot[o:e]dy,otody
ZL3b-n,fRos,"fRos.85,@L0",<!5:23>dairdy,dairdy
ZL3b-n,fRos,"fRos.86,@L0",<!5:24>rody,rody
ZL3b-n,fRos,"fRos.87,@Cc","<!07:30>yke.okees.olchedy.okal,y.dol.otodar.shekal<->olkar.cheykar.shal.qokal.okchr.otar.otody.otody.otody.otas.chfol.okshy.okem.okar.ar.okedy.okedy.okchedy.eeekchedy.ofchdor.qotchdy.kar.chdar,chekolko{iph}",yke okees olchedy okal y dol otodar shekalolkar cheykar shal qokal okchr otar otody otody otody otas chfol okshy okem okar ar okedy okedy okchedy eeekchedy ofchdor qotchdy kar chdar chekolkoiph
ZL3b-n,fRos,"fRos.88,@L0",<!8:1>ofary,ofary
ZL3b-n,fRos,"fRos.89,@L0",<!8:2>okady,okady
ZL3b-n,fRos,"fRos.90,@L0",<!8:3>okchdy.kary,okchdy kary
ZL3b-n,fRos,"fRos.91,@L0","<!8:4>oraiin,eey",oraiin eey
ZL3b-n,fRos,"fRos.92,@L0",<!9:3>opodchd[a:?]l,opodchdal
ZL3b-n,fRos,"fRos.93,@L0",<!9:2>dar[ch:ee]dy,darchdy
ZL3b-n,fRos,"fRos.94,@Cc","<!07:30>otchdaiin.otodar.otedar.otar,odaiin.olkaiin.otl.xasashe.ol.ar.a{ikh}e.chedaiin.ockhedy.shed[a:y].otody.okedal,d.or,aiin.otody.toor.chepar.ol.chckhy.opchdar.o,r.a,r.al.xar.opor.olchedy.okalm.or.afalairidy",otchdaiin otodar otedar otar odaiin olkaiin otl xasashe ol ar aikhe chedaiin ockhedy sheda otody okedal d or aiin otody toor chepar ol chckhy opchdar o r a r al xar opor olchedy okalm or afalairidy
ZL3b-n,fRos,"fRos.95,@L0",<!3:5>okaramal,okaramal
ZL3b-n,fRos,"fRos.96,@L0",<!3:6>opchdy,opchdy
ZL3b-n,fRos,"fRos.97,@L0",<!3:7>ofdora[m:?],ofdoram
ZL3b-n,fRos,"fRos.98,@L0",<!3:8>oda,oda
ZL3b-n,fRos,"fRos.99,@L0",<!3:16>ofchdar,ofchdar
ZL3b-n,fRos,"fRos.100,@L0",<!3:9>otedam,otedam
ZL3b-n,fRos,"fRos.101,@L0",<!3:10>lokedshs,lokedshs
ZL3b-n,fRos,"fRos.102,@L0",<!3:11>otodar,otodar
ZL3b-n,fRos,"fRos.103,@L0",<!3:12>otedaiin,otedaiin
ZL3b-n,fRos,"fRos.104,@L0",<!3:13>okedy,okedy
ZL3b-n,fRos,"fRos.105,@L0",<!3:14>xoltedy,xoltedy
ZL3b-n,fRos,"fRos.106,@L0",<!3:15>op[ch:a]dam,opchdam
ZL3b-n,fRos,"fRos.107,@L0","<!3:19>otedy,oporam",otedy oporam
ZL3b-n,fRos,"fRos.108,@L0",<!3:17>ot[ch:?]dy,otchdy
ZL3b-n,fRos,"fRos.109,+L0",<!3:18>otody,otody
ZL3b-n,fRos,"fRos.110,/L0",<!3:20>chdain,chdain
ZL3b-n,fRos,"fRos.111,+L0",<!3:21>oted[y:?],otedy
ZL3b-n,fRos,"fRos.112,@L0",<!left of clock>opa{i'h}efchdy,opaefchdy
ZL3b-n,fRos,"fRos.113,=Cc","<!above clock><!08:00>sar.odaiin,or",sar odaiin or
ZL3b-n,fRos,"fRos.114,+Ca",<!below clock><!06:30>o.dar.[aiird:???],o dar aiird
ZL3b-n,fRos,"fRos.115,=L0",<!right of clock>oteoly,oteoly
ZL3b-n,fRos,"fRos.116,@L0",<!3:1>ofod[a:y]dy,ofodady
ZL3b-n,fRos,"fRos.117,@L0",<!3:2>opd[a:y]dy,opdady
ZL3b-n,fRos,"fRos.118,@L0",<!3:3>otodey,otodey
ZL3b-n,fRos,"fRos.119,@L0",<!3:4>otodedy,otodedy
ZL3b-n,fRos,"fRos.120,@L0",<!6:1>opchdain,opchdain
ZL3b-n,fRos,"fRos.121,@L0",<!6:2>otdar.shed,otdar shed
ZL3b-n,fRos,"fRos.122,@Cc","<!06:30>okedar.okody.okair.ched[y:o].opar.ol.keeedy.s,ar,olkchedy.otedaiin.olky.or.aiin.ody.osain.xdar.odaiin.okedal.ol.ar.oekaiin.al,o.saldan.oteedy.otchdaiin.otedy.o[t:k]ar.aiin.yky.odaiin.okal.okalar",okedar okody okair chedy opar ol keeedy s ar olkchedy otedaiin olky or aiin ody osain xdar odaiin okedal ol ar oekaiin al o saldan oteedy otchdaiin otedy otar aiin yky odaiin okal okalar
ZL3b-n,fRos,"fRos.123,@L0",<!6:3>ofaraiin,ofaraiin
ZL3b-n,fRos,"fRos.124,@L0",<!6:4>okolar,okolar
ZL3b-n,fRos,"fRos.125,@L0",<!6:5>okchdy,okchdy
ZL3b-n,fRos,"fRos.126,@L0",<!6:6>ykedy,ykedy
ZL3b-n,fRos,"fRos.127,@L0",<!6:7>oteedy,oteedy
ZL3b-n,fRos,"fRos.128,@L0",<!6:8>otosaiin,otosaiin
ZL3b-n,fRos,"fRos.129,@L0",<!6:9>otchdam,otchdam
ZL3b-n,fRos,"fRos.130,@L0",<!6:10>[o:?]tedy,otedy
ZL3b-n,fRos,"fRos.131,@L0",<!6:11>okar,okar
ZL3b-n,fRos,"fRos.132,@L0",<!6:12>lashalg,lashalg
ZL3b-n,fRos,"fRos.133,@Cc","<!05:30>ok,ar,ar.okary.otodeed.odar.chekaiin.oees.???<!long gap>.oiin.okees.oiir.odaiin.okalol.aiiin.okal,ol.otar.chchdam.chetey.otodches.oteesey.chckhy.otody.otal.chedal.opal.olkar.okedaiin.oror",ok ar ar okary otodeed odar chekaiin oees oiin okees oiir odaiin okalol aiiin okal ol otar chchdam chetey otodches oteesey chckhy otody otal chedal opal olkar okedaiin oror
ZL3b-n,fRos,"fRos.134,@L0",<!9:6>o@214;alda,oalda
ZL3b-n,fRos,"fRos.135,@L0",<!9:1>osaram,osaram
ZL3b-n,fRos,"fRos.136,@L0",<!9:7>oparodam,oparodam
ZL3b-n,fRos,"fRos.137,@Pb",<!VI><%>otam.opchody.oteey,otam opchody oteey
ZL3b-n,fRos,"fRos.138,*Pb",?opar.chepchey.oteedy.olaiin.osshy<$>,chepchey oteedy olaiin osshy
ZL3b-n,fRos,"fRos.139,@Pb",<!VII><%>tol.ofar.chefaiin.ol,tol ofar chefaiin ol
ZL3b-n,fRos,"fRos.140,+Pb",okchy.qokedy.qokedy,okchy qokedy qokedy
ZL3b-n,fRos,"fRos.141,+Pb","tol.teoor.o,l,chekor<$>",tol teoor o l chekor
ZL3b-n,fRos,"fRos.142,@Pb",<!VIII><%>okar.olche[t:k]y.daiin,okar olchety daiin
ZL3b-n,fRos,"fRos.143,+Pb",ok[?:ee]dy.qokcho.chfady.oro,qokcho chfady oro
ZL3b-n,fRos,"fRos.144,+Pb",okeechy.okol.shee[o:y].tolf[ch:a]d,okeechy okol sheeo tolfchd
ZL3b-n,fRos,"fRos.145,+Pb",saiir.shodaiin<$>,saiir shodaiin
ZL3b-n,fRos,"fRos.146,@L0",<!I>dor,dor
ZL3b-n,fRos,"fRos.147,+L0",oky,oky
ZL3b-n,fRos,"fRos.148,+L0",roo,roo
ZL3b-n,fRos,"fRos.149,@L0",<!II>otol,otol
ZL3b-n,fRos,"fRos.150,+L0",ardas,ardas
ZL3b-n,fRos,"fRos.151,+L0","l,chdy",l chdy
ZL3b-n,fRos,"fRos.152,@L0",<!III>oparod,oparod
ZL3b-n,fRos,"fRos.153,+L0",shckhdy,shckhdy
ZL3b-n,fRos,"fRos.154,+L0",tshda,tshda
ZL3b-n,fRos,"fRos.155,@L0",<!IV>opchd,opchd
ZL3b-n,fRos,"fRos.156,+L0",opchdy,opchdy
ZL3b-n,fRos,"fRos.157,+L0",qokal,qokal
ZL3b-n,fRos,"fRos.159,+L0",opchsy,opchsy
ZL3b-n,f86v4,"f86v4.1,@Cc","<!09:00>opos.os.sheody.pch???ar.odsheo.qody.cheepchdy.lpchedy.olkar.shdar.dchdor.qopcher,ches.os,eeedar.odaiin.pcheodar.chdair.orarorchy.shar.opchsey.otedy.ch{cphh}y.chedy.sarshed.odar.sheey.scheor.al.cheefar.shetchy.qoteol.otor.shar.qoteshy.do???.ofor.arar.dl",opos os sheody odsheo qody cheepchdy lpchedy olkar shdar dchdor qopcher ches os eeedar odaiin pcheodar chdair orarorchy shar opchsey otedy chcphhy chedy sarshed odar sheey scheor al cheefar shetchy qoteol otor shar qoteshy ofor arar dl
ZL3b-n,f86v4,"f86v4.2,@Cc",<!09:00>oeeey.[o:y].daiin.otedaiin.otedy.oteey.chedaiin.octhedy.chy.shedaiin.chotaiin.oraiin.otodeee[?:o].ar.yteeody.oteedaraiin.shedaiin.chdar.shedy.qotedaiin.chedy.tchdy.chetdy.chedy.qotar.chedy.chckhy.daiin.otedy.seeedy.yteey.sam,oeeey o daiin otedaiin otedy oteey chedaiin octhedy chy shedaiin chotaiin oraiin ar yteeody oteedaraiin shedaiin chdar shedy qotedaiin chedy tchdy chetdy chedy qotar chedy chckhy daiin otedy seeedy yteey sam
ZL3b-n,f86v4,"f86v4.3,@Cc","<!09:00>tchey.dair,alody.shes.qeeor.or.odarchdy.chdy.orcheos.o[s:r],ain.or.otee[d:?].chedees.oteedy.qoty.otedy.shedy.otedy.dar,shd.shy,y.schdy.chdeedy.dodar.oiin.or.oiin.sar,orchedy.qotchdy.dchdes.ar.sheody.opcho.fcheom",tchey dair alody shes qeeor or odarchdy chdy orcheos os ain or oteed chedees oteedy qoty otedy shedy otedy dar shd shy y schdy chdeedy dodar oiin or oiin sar orchedy qotchdy dchdes ar sheody opcho fcheom
ZL3b-n,f86v4,"f86v4.4,@Cc",<!09:00>pchedar.ar.o{cp}or.otees.oes.a[iir:iin].olkeor.dar.ain.desy.doeedey.opchedy.shedaiin.dar.otedy.dain.otey.dam.otedy.daiin.chocthy.dtedair.chody.sheos.otedos.qokechy.pchdeedy.dan.ol.dol.oty.sho.pol.otoldyl,pchedar ar ocpor otees oes aiir olkeor dar ain desy doeedey opchedy shedaiin dar otedy dain otey dam otedy daiin chocthy dtedair chody sheos otedos qokechy pchdeedy dan ol dol oty sho pol otoldyl
ZL3b-n,f86v4,"f86v4.5,@P0","<%>pcheodar.oedy.qokeol.qoeol<->oqokeol.dar.ol.olair,am",pcheodar oedy qokeol qoeoloqokeol dar ol olair am
ZL3b-n,f86v4,"f86v4.6,+P0","ycheoltar.ol.ol,sheey.qokey.or.aiin.sheeor.sar.al.ol.sheey.qockheey",ycheoltar ol ol sheey qokey or aiin sheeor sar al ol sheey qockheey
ZL3b-n,f86v4,"f86v4.7,+P0","tol,sh,s,or.aiin.ol.keeod.lcheody.okedy.qokeody.qoain.a?",tol sh s or aiin ol keeod lcheody okedy qokeody qoain
ZL3b-n,f86v4,"f86v4.8,+P0","daiin.ol,keedy.otar.olshedy.okol,aiin.okal,cheockhy.sho{cthh}y.daiin",daiin ol keedy otar olshedy okol aiin okal cheockhy shocthhy daiin
ZL3b-n,f86v4,"f86v4.9,+Pc",dar.oleey.ol.yy<$>,dar oleey ol yy
ZL3b-n,f86v6,"f86v6.1,@P0","<%>pcheypchdar.op[o:a]r{c@179;h}y.ches,aiin.ofy.chedy.otedalol.orairody.qotchdaiin.qopy",pcheypchdar opory ches aiin ofy chedy otedalol orairody qotchdaiin qopy
ZL3b-n,f86v6,"f86v6.2,+P0",ochody.chol.chey.qotchdy.kchdy.qopchd.chpchy.qopchy.qoky.chedy.qokol.lray,ochody chol chey qotchdy kchdy qopchd chpchy qopchy qoky chedy qokol lray
ZL3b-n,f86v6,"f86v6.3,+P0","qolchy.olkeedy.chdal,chedy.chor.ar.arody.qokchdy.chdal.okar.chdy.otaiin",qolchy olkeedy chdal chedy chor ar arody qokchdy chdal okar chdy otaiin
ZL3b-n,f86v6,"f86v6.4,+P0","dshor.shdy.shor.ol,aiin.olkeedy.shdal.oteor.chdar.l,karchees.olkar.dalam",dshor shdy shor ol aiin olkeedy shdal oteor chdar l karchees olkar dalam
ZL3b-n,f86v6,"f86v6.5,+P0",tar.lol.chol.olkar.daiin.chear.or.otshey.qokar.opchey.taiky.qotar,tar lol chol olkar daiin chear or otshey qokar opchey taiky qotar
ZL3b-n,f86v6,"f86v6.6,+P0","daiin.sheol,keear.or.chedy.ar,sheeeb.qotain.odaiin.olkeshar.qokar.or",daiin sheol keear or chedy ar sheeeb qotain odaiin olkeshar qokar or
ZL3b-n,f86v6,"f86v6.7,+P0","qokaiin.y,lchedor.or.aiin.ol,or.olkal.or.shedy.qokal.s,ar.archey.dy",qokaiin y lchedor or aiin ol or olkal or shedy qokal s ar archey dy
ZL3b-n,f86v6,"f86v6.8,+P0",ykaiin.odaiin.chal.sair.ytar.chody.ldaly.chdal.ykchedy.ltchedy.dar,ykaiin odaiin chal sair ytar chody ldaly chdal ykchedy ltchedy dar
ZL3b-n,f86v6,"f86v6.9,+P0",dshor.ykaiin.dar.sheey.qokol.cheol.otar.ar.aiiin.qoteeos.aiin,dshor ykaiin dar sheey qokol cheol otar ar aiiin qoteeos aiin
ZL3b-n,f86v6,"f86v6.10,+P0",sarar.ykaiin.soldam.sheol.qckhy.dalor.olaiin.olkaiin.qodar.o@185;y,sarar ykaiin soldam sheol qckhy dalor olaiin olkaiin qodar oy
ZL3b-n,f86v6,"f86v6.11,+P0",qokaiin.olkeey.qokeor.or.cheeaiin.yteedy.qoko.lchdol.or.chcphar.ar,qokaiin olkeey qokeor or cheeaiin yteedy qoko lchdol or chcphar ar
ZL3b-n,f86v6,"f86v6.12,+P0",ykeealor.qokal.otar.ykairolky<$>,ykeealor qokal otar ykairolky
ZL3b-n,f86v6,"f86v6.13,+P0",<%>{c@132;h}ol{c@133;h}y.qopaiin.yfchdy.cpholkaiin.cholfchy.qopar.aroiiin.opchedy.opoly,oly qopaiin yfchdy cpholkaiin cholfchy qopar aroiiin opchedy opoly
ZL3b-n,f86v6,"f86v6.14,+P0","ykchy.cholkaiin.chey.ykeedy.okal.or.chcfhy.lkey.okar.dar.ol,a[in:iin]",ykchy cholkaiin chey ykeedy okal or chcfhy lkey okar dar ol ain
ZL3b-n,f86v6,"f86v6.15,+P0","shol.shotaiin.shckhor.olaiin.chdy.qokain.odaiiin.cheor.ol,kaiin.chey",shol shotaiin shckhor olaiin chdy qokain odaiiin cheor ol kaiin chey
ZL3b-n,f86v6,"f86v6.16,+P0",taiin.okaiin.qokaiin.ykeey.otain.chey.okam.qokar.qokain.okaiin,taiin okaiin qokaiin ykeey otain chey okam qokar qokain okaiin
ZL3b-n,f86v6,"f86v6.17,+P0","par.or,aiin.dar.aiiin.qckhear.sho{ifh}y.qotedy.opchdy.olain.ar.alkar.am",par or aiin dar aiiin qckhear shoifhy qotedy opchdy olain ar alkar am
ZL3b-n,f86v6,"f86v6.18,+P0","ytaiin.ytair.dalol.ytal.dar,aiiin.chol.olkchey.lkar.otal.qotardam",ytaiin ytair dalol ytal dar aiiin chol olkchey lkar otal qotardam
ZL3b-n,f86v6,"f86v6.19,+P0",pol.sheopchey.pchecfhey.or.aiiin.qokaiin.cholkar<$>,pol sheopchey pchecfhey or aiiin qokaiin cholkar
ZL3b-n,f86v6,"f86v6.20,+P0","<%>pdaiiiy<!corr?>.otol,podaiin.ocphey.opchor.olkshed.qofod.opdaiin.[o:a]dar.dairody",pdaiiiy otol podaiin ocphey opchor olkshed qofod opdaiin odar dairody
ZL3b-n,f86v6,"f86v6.21,+P0","oreeey.lkeeor.daiin.olteody.tar.otyteeodaiin.yty.sheey.tar.ar.am,ody",oreeey lkeeor daiin olteody tar otyteeodaiin yty sheey tar ar am ody
ZL3b-n,f86v6,"f86v6.22,+P0","lshechy.tshy.qokeedy.kain.ytaiin.chees.tairoar.qotar.ta{ikh}y.d,amom",lshechy tshy qokeedy kain ytaiin chees tairoar qotar taikhy d amom
ZL3b-n,f86v6,"f86v6.23,+P0","qokar.olkedy.otor.chedy.qokar.opchedy.dar.ykar,ar.dair.ain.ol.keodar",qokar olkedy otor chedy qokar opchedy dar ykar ar dair ain ol keodar
ZL3b-n,f86v6,"f86v6.24,+P0","chey,keody.choty.dal.ody.qokeedy.pchedy.ytsh[y:q],tody.dal,tchedy.qokar.oly",chey keody choty dal ody qokeedy pchedy ytshy tody dal tchedy qokar oly
ZL3b-n,f86v6,"f86v6.25,+P0","yteedy.qokar.olkar.qodar.ykaiin.or,okeeeey.ofchedy.qokaiin.araram",yteedy qokar olkar qodar ykaiin or okeeeey ofchedy qokaiin araram
ZL3b-n,f86v6,"f86v6.26,+P0",saiin.shor.shekaiin.chedy.cholkeog.qokchy.orchcthy.olteedydar.otar.aim,saiin shor shekaiin chedy cholkeog qokchy orchcthy olteedydar otar aim
ZL3b-n,f86v6,"f86v6.27,+P0","alshdr.lkar.dal.kshd.shdar.shedy,qody.sheey.qotedy.olkeey.qokchdy.ramshy",alshdr lkar dal kshd shdar shedy qody sheey qotedy olkeey qokchdy ramshy
ZL3b-n,f86v6,"f86v6.28,+P0","qokaiin.qokar.okar.qotar.lor.qokchdy.dar.shey.d,y,tshedy.qotol.dytshy.dy",qokaiin qokar okar qotar lor qokchdy dar shey d y tshedy qotol dytshy dy
ZL3b-n,f86v6,"f86v6.29,+P0","dchedy.chcthdy.shol.oky.ytaiin.ykaiin.chedy.dy,dal.shdaiin<$>",dchedy chcthdy shol oky ytaiin ykaiin chedy dy dal shdaiin
ZL3b-n,f86v6,"f86v6.30,+P0",<%>polkeey.tshed.qopchey.paroiin.chefchy.qopar.qopchedy.qopydaiin.qopary,polkeey tshed qopchey paroiin chefchy qopar qopchedy qopydaiin qopary
ZL3b-n,f86v6,"f86v6.31,+P0","dair.chepy.qokaiin.olkar.olkchdy.okar,al.dar.olkchey.otytam.orom",dair chepy qokaiin olkar olkchdy okar al dar olkchey otytam orom
ZL3b-n,f86v6,"f86v6.32,+P0","qokeey.qoeear.chsey.oky.qokar.or,chey.qotar.ol,kchedy.qokaiin.am",qokeey qoeear chsey oky qokar or chey qotar ol kchedy qokaiin am
ZL3b-n,f86v6,"f86v6.33,+P0","dar.olkaiin.ydy.lkchedy.okeeeykeey.dl.ld.lo,l.sheey.qokshey,taiin.g",dar olkaiin ydy lkchedy okeeeykeey dl ld lo l sheey qokshey taiin g
ZL3b-n,f86v6,"f86v6.34,+P0","soraiin.ar.shey.qoteody.or.aiiin.oeey.ldaiiin.or.oro.ol,kaiiin",soraiin ar shey qoteody or aiiin oeey ldaiiin or oro ol kaiiin
ZL3b-n,f86v6,"f86v6.35,+P0",sar.aiin.otar.cheody.qotaiin.qokaiin.ol.tey.qokaiin.okar.ol,sar aiin otar cheody qotaiin qokaiin ol tey qokaiin okar ol
ZL3b-n,f86v6,"f86v6.36,+P0","dairal.daiin.qokar.chol,tal.cthdy.qokeey.lkaiin.olkaiin.araiin",dairal daiin qokar chol tal cthdy qokeey lkaiin olkaiin araiin
ZL3b-n,f86v6,"f86v6.37,+P0",lshar.[o:y]kar.qoeedy.qotar.otal.olky.qokal.ol.kaiin.octhear.lo,lshar okar qoeedy qotar otal olky qokal ol kaiin octhear lo
ZL3b-n,f86v6,"f86v6.38,+P0","poiin.otal,kal.toror.olaiin.okeockhey.olkeey.qoedy.lkaiin.oltam",poiin otal kal toror olaiin okeockhey olkeey qoedy lkaiin oltam
ZL3b-n,f86v6,"f86v6.39,+P0","y,aiin,dar.otol.qokain.qoky.lkor.dal.oraiin.cheoty.qotaiin.olkam",y aiin dar otol qokain qoky lkor dal oraiin cheoty qotaiin olkam
ZL3b-n,f86v6,"f86v6.40,+P0","daiin.ar.qotal.tshdy.otar.shcthdy.qokol.chotal,kar.ol,kar.alky",daiin ar qotal tshdy otar shcthdy qokol chotal kar ol kar alky
ZL3b-n,f86v6,"f86v6.41,+P0",qokaiin.octhy.oltchey.qotal.lkalol.sheol.qotaiin.ytain.ytody,qokaiin octhy oltchey qotal lkalol sheol qotaiin ytain ytody
ZL3b-n,f86v6,"f86v6.42,+P0",otaiin.qokain.otal.otal.lt.al.lkar.chdy.qotol.qokain,otaiin qokain otal otal lt al lkar chdy qotol qokain
ZL3b-n,f86v6,"f86v6.43,+P0","qokaiin.choty.ytaiin.chokain.chocthy.chy,taiin.okaiin.okan",qokaiin choty ytaiin chokain chocthy chy taiin okaiin okan
ZL3b-n,f86v6,"f86v6.44,+P0","shor.qoky.chorolk.chokaiin.qoal,kaiin.qoaiin.or.aiiin.ykedy",shor qoky chorolk chokaiin qoal kaiin qoaiin or aiiin ykedy
ZL3b-n,f86v6,"f86v6.45,+P0",paiin.otar.otolkshy.qokshey.ar.otalky.chear.ai[o:a]dam<$>,paiin otar otolkshy qokshey ar otalky chear aiodam
ZL3b-n,f86v5,"f86v5.1,@P0","<%>pshdal.choky.sheody.lfchy.fyshey.qoty.opy.ypar.o,raiin.ytor.aiin.opy",pshdal choky sheody lfchy fyshey qoty opy ypar o raiin ytor aiin opy
ZL3b-n,f86v5,"f86v5.2,+P0",losair.yteody.qokar.shy.qokar.shor.qopchol.tal.ol.ytol.otam.otam,losair yteody qokar shy qokar shor qopchol tal ol ytol otam otam
ZL3b-n,f86v5,"f86v5.3,+P0",shedy.chdy.qokar.okeeey.sheokaiin.cheoky.oteeodail.otaiin.otain,shedy chdy qokar okeeey sheokaiin cheoky oteeodail otaiin otain
ZL3b-n,f86v5,"f86v5.4,+P0",ypchesy.oky.sheeey.qoty.qotaiin.sail.chepy.ltedy.dar.olkar.am,ypchesy oky sheeey qoty qotaiin sail chepy ltedy dar olkar am
ZL3b-n,f86v5,"f86v5.5,+P0",daiin.or.otol.otshey.otal.olkey.chcthody.ytar.dal.ar.okary,daiin or otol otshey otal olkey chcthody ytar dal ar okary
ZL3b-n,f86v5,"f86v5.6,+P0",olkeedy.shety.ytar.ytaiin.shdam.araiiin.ytaiin<$>,olkeedy shety ytar ytaiin shdam araiiin ytaiin
ZL3b-n,f86v5,"f86v5.7,+P0","<%>pdaiin.qoteedy.opchey.qopor.otol.kshdy.qopcheey.shdar,fchcfhy",pdaiin qoteedy opchey qopor otol kshdy qopcheey shdar fchcfhy
ZL3b-n,f86v5,"f86v5.8,+P0","octhal.shckhy.otshey.opor.shey.tor,ar.otar.aiin.chdy.tarcheeg",octhal shckhy otshey opor shey tor ar otar aiin chdy tarcheeg
ZL3b-n,f86v5,"f86v5.9,+P0","lkaiiin.otain.r.al.ykain.chaiin.y,tal.ykaiin.otal.ar,alkam",lkaiiin otain r al ykain chaiin y tal ykaiin otal ar alkam
ZL3b-n,f86v5,"f86v5.10,+P0","ykar.olkal.kar,shedy.shor.qokar.chor.or.ykaiin.otam.ytam",ykar olkal kar shedy shor qokar chor or ykaiin otam ytam
ZL3b-n,f86v5,"f86v5.11,+P0",taral.okar.octhey.sal.kaiin.ytal.chey.otal.aiiin.olkam<$>,taral okar octhey sal kaiin ytal chey otal aiiin olkam
ZL3b-n,f86v5,"f86v5.12,+P0","<%>poraiiidy.otshs.al.ar,shey.tair.sheody.qopchesy.lfar.air.amod",poraiiidy otshs al ar shey tair sheody qopchesy lfar air amod
ZL3b-n,f86v5,"f86v5.13,+P0","daiin.shar.otam.ytaiin.otal.teody.cthy.or.aiin.otar,aiiin",daiin shar otam ytaiin otal teody cthy or aiin otar aiiin
ZL3b-n,f86v5,"f86v5.14,+P0",qoar.aiiin.al.ody.ar.aiin.qokeeey.cheey.qotaiin.ykar.acthy,qoar aiiin al ody ar aiin qokeeey cheey qotaiin ykar acthy
ZL3b-n,f86v5,"f86v5.15,+P0",ykar.ar.alody.or.eees.aiin.okar.qokaiin.ykar.ar.ol.chsky,ykar ar alody or eees aiin okar qokaiin ykar ar ol chsky
ZL3b-n,f86v5,"f86v5.16,+P0","dcheytain.qoka.daiin.ykalkain.ykar.al,kaiin.dalkalytam",dcheytain qoka daiin ykalkain ykar al kaiin dalkalytam
ZL3b-n,f86v5,"f86v5.17,+P0","ockhedy.ched.y,taiin.ykaiin.qotal.yshey.otaiin.olkam<$>",ockhedy ched y taiin ykaiin qotal yshey otaiin olkam
ZL3b-n,f86v5,"f86v5.18,+P0",<%>poldaiin.shea.teraiin.otcho.lkaiin.os.al.ody.qotar.ytedy.daiin,poldaiin shea teraiin otcho lkaiin os al ody qotar ytedy daiin
ZL3b-n,f86v5,"f86v5.19,+P0","ycheeytydaiin.ykeeo,chey.shckhy.shoky.oty.oty.otain.olkchdy",ycheeytydaiin ykeeo chey shckhy shoky oty oty otain olkchdy
ZL3b-n,f86v5,"f86v5.20,+P0",ychor.ar.aiin.ytaly.otaiin.ykaiin.otal.ytar.aiin.ytaiiil,ychor ar aiin ytaly otaiin ykaiin otal ytar aiin ytaiiil
ZL3b-n,f86v5,"f86v5.21,+P0","oar.ar,aiin.okaiin.yteey.ytaiin.qokees.aiin.yteey.qotey.lkey",oar ar aiin okaiin yteey ytaiin qokees aiin yteey qotey lkey
ZL3b-n,f86v5,"f86v5.22,+P0","ykaiin.ykeey.ykal.chod,aiin.oeey.teodkaiin.otodaiin.okain",ykaiin ykeey ykal chod aiin oeey teodkaiin otodaiin okain
ZL3b-n,f86v5,"f86v5.23,+P0","ykaiin.or,aiin.okol.chokar.sheol.qokar.cheey.or,aiin.ody",ykaiin or aiin okol chokar sheol qokar cheey or aiin ody
ZL3b-n,f86v5,"f86v5.24,+P0",oar.aiin.ykain.okal.kchody.chckhy.otaiin.olkar.otaiin,oar aiin ykain okal kchody chckhy otaiin olkar otaiin
ZL3b-n,f86v5,"f86v5.25,+P0","sair.kain.ar,alosheey.qoeey.lkesy<$>",sair kain ar alosheey qoeey lkesy
ZL3b-n,f86v5,"f86v5.26,+P0",<%>pochor.aiir.shoar.pshody.shody.qopchy.ocfhdy.dar.olpshy.dam.shey,pochor aiir shoar pshody shody qopchy ocfhdy dar olpshy dam shey
ZL3b-n,f86v5,"f86v5.27,+P0",pchor.ypchor.aiin.otar.shody.pchykar.ytar.odar.oeees.aral.om,pchor ypchor aiin otar shody pchykar ytar odar oeees aral om
ZL3b-n,f86v5,"f86v5.28,+P0","odaiin.o,al.kar.ar.or.ytdar,qokeeey.teo,dy,tey,tar.a[?:n].ytarar",odaiin o al kar ar or ytdar qokeeey teo dy tey tar ytarar
ZL3b-n,f86v5,"f86v5.29,+P0",ysheoar.qoteody.qokar.shody.qokal.tchey.ytchy.tal.tar,ysheoar qoteody qokar shody qokal tchey ytchy tal tar
ZL3b-n,f86v5,"f86v5.30,+P0",odaiin.otchees.chey.chodaiin.shedy.otal.kchol.shy.olkeeeary,odaiin otchees chey chodaiin shedy otal kchol shy olkeeeary
ZL3b-n,f86v5,"f86v5.31,+P0",tol.kaiin.ytchdy.chol.ytedy.ytain.qodaiin.ytody.ykeshy.ar,tol kaiin ytchdy chol ytedy ytain qodaiin ytody ykeshy ar
ZL3b-n,f86v5,"f86v5.32,+P0",dshey.ytchy.dy.qotal.shdy.or.aiin.chody.chey.ol.teody.aiin,dshey ytchy dy qotal shdy or aiin chody chey ol teody aiin
ZL3b-n,f86v5,"f86v5.33,+P0","qokeey.ol,kaiin.ol.kain.olkeedy.qopcheey.oty.daiin.otam",qokeey ol kaiin ol kain olkeedy qopcheey oty daiin otam
ZL3b-n,f86v5,"f86v5.34,+P0",oteey.ol.tey.choaiin.ysheedy.ychedy.ytaiin.otam.aiin,oteey ol tey choaiin ysheedy ychedy ytaiin otam aiin
ZL3b-n,f86v5,"f86v5.35,+P0","ychey.or.aiin.ytair.ytaim.otal.shod.qokchy.qoody.s,aim",ychey or aiin ytair ytaim otal shod qokchy qoody s aim
ZL3b-n,f86v5,"f86v5.36,+P0",shody.qoty.chody.ytody.olkey.otoloty.oltal.oky.dam,shody qoty chody ytody olkey otoloty oltal oky dam
ZL3b-n,f86v5,"f86v5.37,+P0",dchol.chedy.qotain.otaiin.ol.cheody.olkeeody.oreeeg,dchol chedy qotain otaiin ol cheody olkeeody oreeeg
ZL3b-n,f86v5,"f86v5.38,+P0",sol.odaiin.ykeeshy.ytchey.lchody.ykar.shey.ytaiin,sol odaiin ykeeshy ytchey lchody ykar shey ytaiin
ZL3b-n,f86v5,"f86v5.39,+Pr",yteody.chedy.qoteey.octhy.dy<$>,yteody chedy qoteey octhy dy
ZL3b-n,f86v3,"f86v3.1,@Pb",<!N><%>tchedy.qokeedy.qoedy.qopchy.raiin.olpchey.qokaiin,tchedy qokeedy qoedy qopchy raiin olpchey qokaiin
ZL3b-n,f86v3,"f86v3.2,+Pb","<!N>rain.ychedy.qoeeey.otair.cheody.ytain.q[y:o],kaiin",rain ychedy qoeeey otair cheody ytain qy kaiin
ZL3b-n,f86v3,"f86v3.3,+Pb",<!N>taiin.ytaiin.ytaiin.ytaiin.or.ar.yta[s:r].am,taiin ytaiin ytaiin ytaiin or ar ytas am
ZL3b-n,f86v3,"f86v3.4,+Pb",<!N>ykaiin.qoeedy.q[a:o]r.aiin.yteeey.ar.aiin.ar.am,ykaiin qoeedy qar aiin yteeey ar aiin ar am
ZL3b-n,f86v3,"f86v3.5,+Pb",<!N>y{ch'}eey.qotaiin.chdy.yp{ch'}eor.ytain.otain.ytam,yeey qotaiin chdy ypeor ytain otain ytam
ZL3b-n,f86v3,"f86v3.6,+Pb","<!N>daiinls,aiin.chcthy.ykaiin.ykaiin.chdar.ar,aiin",daiinls aiin chcthy ykaiin ykaiin chdar ar aiin
ZL3b-n,f86v3,"f86v3.7,+Pb",<!N>sain.ytaiin.ytapy.odeeey.dal.dair.ytam,sain ytaiin ytapy odeeey dal dair ytam
ZL3b-n,f86v3,"f86v3.8,+Pb","<!N>sor,aiin.otey.otair<$>",sor aiin otey otair
ZL3b-n,f86v3,"f86v3.9,@Pb","<!W><%>tchol.olkey.cfhy,aiin.opchedy.okchedy.or,acheody.shol.shedy.yteey.daiin.dady",tchol olkey cfhy aiin opchedy okchedy or acheody shol shedy yteey daiin dady
ZL3b-n,f86v3,"f86v3.10,+Pb",<!W>ychey.olkeeey.qotchedy.qokeey.qotchedar.sheedy.qokaiin.qokedy.ykaiin.qotaiior.am,ychey olkeeey qotchedy qokeey qotchedar sheedy qokaiin qokedy ykaiin qotaiior am
ZL3b-n,f86v3,"f86v3.11,+Pb",<!W>tcheod.oteey.yteeody.chdy.chedos.shedy.cheos.[ol:?]s.aiir.sheey.ytee{ch'}eey.oteeodam,tcheod oteey yteeody chdy chedos shedy cheos ols aiir sheey yteeeey oteeodam
ZL3b-n,f86v3,"f86v3.12,+Pb",<!W>yteedy.ykeey.daim.choaiin.checkhy.{c'y}keeeochy.tcheey.otodaiin.opaiin.otchey.otam,yteedy ykeey daim choaiin checkhy keeeochy tcheey otodaiin opaiin otchey otam
ZL3b-n,f86v3,"f86v3.13,+Pb",<!W>osheey.orsheey.tcheody.qokain.qodaiin.olkar.chedaiin.y.chedy.qokady.cholkain,osheey orsheey tcheody qokain qodaiin olkar chedaiin y chedy qokady cholkain
ZL3b-n,f86v3,"f86v3.14,+Pb",<!W>ar.aiin.shodain.shor.chalkar.shekshol.okchor<$>,ar aiin shodain shor chalkar shekshol okchor
ZL3b-n,f86v3,"f86v3.15,@P0",<%>tshd{ch'}ey.dalkshdy.shocfhy.saiin.or.airody<->chedaly,tshdey dalkshdy shocfhy saiin or airodychedaly
ZL3b-n,f86v3,"f86v3.16,+P0","dcheody.skeeody.qokshey.cheodain.ykched<->sar,aldy",dcheody skeeody qokshey cheodain ykchedsar aldy
ZL3b-n,f86v3,"f86v3.17,+P0",dsheody.qokchey.dal.or.odaiin.sar<$>,dsheody qokchey dal or odaiin sar
ZL3b-n,f86v3,"f86v3.18,+P0",<%>pchedaiin.dchedy.qokchdy.qopchol.shol<->sheody.solkam,pchedaiin dchedy qokchdy qopchol sholsheody solkam
ZL3b-n,f86v3,"f86v3.19,+P0","dchey.otain.olkechy.qokam.chol.kchdy.chol.tchdy.dar,aiindy",dchey otain olkechy qokam chol kchdy chol tchdy dar aiindy
ZL3b-n,f86v3,"f86v3.20,+P0","lshodair.ykcho.dar.chody.ykeeody.qochey.chckhey.lkar,ary",lshodair ykcho dar chody ykeeody qochey chckhey lkar ary
ZL3b-n,f86v3,"f86v3.21,+P0",dshedy.kshey.tchdy.shdy.ralkchedy.ytchol.qoty.okshy.tam,dshedy kshey tchdy shdy ralkchedy ytchol qoty okshy tam
ZL3b-n,f86v3,"f86v3.22,+P0",ytchdy.dar.sholor.alor<$>,ytchdy dar sholor alor
ZL3b-n,f86v3,"f86v3.23,@Pb",<!E><%>tshedal.ypchey.shdy.qopcheeody.opchdy.olfchey.ypchey.qotaiin,tshedal ypchey shdy qopcheeody opchdy olfchey ypchey qotaiin
ZL3b-n,f86v3,"f86v3.24,+Pb",<!E>dshedy.qokeey.qotee[?:y].shedy.qokaiin.chdy.otar.otaiin.ykaiin,dshedy qokeey shedy qokaiin chdy otar otaiin ykaiin
ZL3b-n,f86v3,"f86v3.25,+Pb","<!E>qodaiin.y,ochedy.qotchey.qoky.daiin.chdy.oteedy.qoty.daiin.am",qodaiin y ochedy qotchey qoky daiin chdy oteedy qoty daiin am
ZL3b-n,f86v3,"f86v3.26,+Pb",<!E>shor.yteey.oteedy.shedaiin.sheey.otaiin.ytaiin.otodar.aiin,shor yteey oteedy shedaiin sheey otaiin ytaiin otodar aiin
ZL3b-n,f86v3,"f86v3.27,+Pb",<!E>teeos.aiin.yteey.qoteey.otchey.qoteeody.cheeor.cheedaiin,teeos aiin yteey qoteey otchey qoteeody cheeor cheedaiin
ZL3b-n,f86v3,"f86v3.28,+Pb",<!E>ycheeody.daii[s:r].oteey.qoedy.oteey.olteey<$>,ycheeody daiis oteey qoedy oteey olteey
ZL3b-n,f86v3,"f86v3.29,@Pb",<!S><%>toeeedchy.okchey.qokchedy.shedy.ytcheodar,toeeedchy okchey qokchedy shedy ytcheodar
ZL3b-n,f86v3,"f86v3.30,+Pb",<!S>ytchey.yteey.chdal.or.cheey.daiin.cheokaii[@175;:m],ytchey yteey chdal or cheey daiin cheokaii
ZL3b-n,f86v3,"f86v3.31,+Pb",<!S>tchedy.chy.tchey.otchedy.qokal.oeedy.lkam,tchedy chy tchey otchedy qokal oeedy lkam
ZL3b-n,f86v3,"f86v3.32,+Pb",<!S>oees.aiiin.yteeedy.chedy.qotaiin.cheody,oees aiiin yteeedy chedy qotaiin cheody
ZL3b-n,f86v3,"f86v3.33,+Pb","<!S>ytchey.otaiin.kshd.qotar.chear.or,am",ytchey otaiin kshd qotar chear or am
ZL3b-n,f86v3,"f86v3.34,+Pb","<!S>yteeo,dy.chedy.qokal.yteey.qokar.am",yteeo dy chedy qokal yteey qokar am
ZL3b-n,f86v3,"f86v3.35,+Pb",<!S>dcheey.teeody.oty.otchedy.daiiraii[@175;:m],dcheey teeody oty otchedy daiiraii
ZL3b-n,f86v3,"f86v3.36,+Pb",<!S>ykeeedy.qoteey.qodaiin.okeeey<$>,ykeeedy qoteey qodaiin okeeey
ZL3b-n,f87r,"f87r.1,@P0",<%>poalshsal.shocphor.ypcho.cpheo.saiin.oteodal.saiin,poalshsal shocphor ypcho cpheo saiin oteodal saiin
ZL3b-n,f87r,"f87r.2,+P0",dcheeckhos.chety.cthodal.yteodam.cphecthy.syty,dcheeckhos chety cthodal yteodam cphecthy syty
ZL3b-n,f87r,"f87r.3,+P0",tchor.oteedy.ykeey.{cthh}ody.keos.sheekchey.saiidy,tchor oteedy ykeey cthhody keos sheekchey saiidy
ZL3b-n,f87r,"f87r.4,+P0",soraiin.qockhos.cheodor.ckheokey.chcthody.s.odar,soraiin qockhos cheodor ckheokey chcthody s odar
ZL3b-n,f87r,"f87r.5,+P0","daiin.ctheey.ckheckhy.cthody.chor.s,al.dar.chor",daiin ctheey ckheckhy cthody chor s al dar chor
ZL3b-n,f87r,"f87r.6,+P0",tos.she.keodaiin.pcheos.sheo.so.shkeody.soraiin,tos she keodaiin pcheos sheo so shkeody soraiin
ZL3b-n,f87r,"f87r.7,+P0","y,teeodal.cho.keeody.shy.ko[o:l]<!corr?>,sols.chekol",y teeodal cho keeody shy koo sols chekol
ZL3b-n,f87r,"f87r.8,+P0",solsheor.ysaiin.chor.cheory.kchody,solsheor ysaiin chor cheory kchody
ZL3b-n,f87r,"f87r.9,+P0",sor.shocthey.oteody.dchol.saraiin,sor shocthey oteody dchol saraiin
ZL3b-n,f87r,"f87r.10,+P0",sho.cthos.cheodal.ctheody.qoty<$>,sho cthos cheodal ctheody qoty
ZL3b-n,f87r,"f87r.11,+P0",<%>psheodshy.dal.shee.saldal.shol.aldy,psheodshy dal shee saldal shol aldy
ZL3b-n,f87r,"f87r.12,+P0",ysheee[r:s].chetchy.teodar.otcheol.tockhy,ysheeer chetchy teodar otcheol tockhy
ZL3b-n,f87r,"f87r.13,+P0","keor.ckheey.shody.qoeeeety.s,chody.daiin",keor ckheey shody qoeeeety s chody daiin
ZL3b-n,f87r,"f87r.14,+P0","daiin.shol.cthey.okeol.cheor.okeeo,daiim",daiin shol cthey okeol cheor okeeo daiim
ZL3b-n,f87r,"f87r.15,+P0","shos.cheol.cheos.ckhey.saiin.q'ockheo,ldaiin",shos cheol cheos ckhey saiin qockheo ldaiin
ZL3b-n,f87r,"f87r.16,+P0",yteeo[r:s].cheol.dcheeol<$>,yteeor cheol dcheeol
ZL3b-n,f87v,"f87v.1,@P0",<%>@180;cheey.daiin.cpheodar.shody.dcheody.todor.oeeepchody<->oldar,cheey daiin cpheodar shody dcheody todor oeeepchodyoldar
ZL3b-n,f87v,"f87v.2,+P0","schey.ctheey.qocthsy.s<->dcheoky.s,cth",schey ctheey qocthsy sdcheoky s cth
ZL3b-n,f87v,"f87v.3,+P0","y,cheockhy.okey.cthy<->yteeor.{ct}os",y cheockhy okey cthyyteeor ctos
ZL3b-n,f87v,"f87v.4,+P0",dcheecthey.cthosy<->ykeeor.oky,dcheecthey cthosyykeeor oky
ZL3b-n,f87v,"f87v.5,+P0",ycheey.keeo.salckhy<->eoiin.scheom,ycheey keeo salckhyeoiin scheom
ZL3b-n,f87v,"f87v.6,+P0",dcheos.shey.solchiyd<->oteos.cthey,dcheos shey solchiydoteos cthey
ZL3b-n,f87v,"f87v.7,+P0",qotechoep.cheos.cthey<->qokeod.qokeog,qotechoep cheos ctheyqokeod qokeog
ZL3b-n,f87v,"f87v.8,+P0",shoeey.cthey.qo.cthodol<->yteodaiin.sheol,shoeey cthey qo cthodolyteodaiin sheol
ZL3b-n,f87v,"f87v.9,+P0",techol.qoscheody.otol<$>,techol qoscheody otol
ZL3b-n,f87v,"f87v.10,+P0","<%>opcheey.{cthh}y.cpheckhy<->cheo,r,chepcheol",opcheey cthhy cpheckhycheo r chepcheol
ZL3b-n,f87v,"f87v.11,+P0","kchor.ol.cheeol.qok,odal<->lseeey.keodam",kchor ol cheeol qok odallseeey keodam
ZL3b-n,f87v,"f87v.12,+P0","ytcheoq[o:y].chos.ckheos.cheoy<->s,cheol.sal.dain",ytcheoqo chos ckheos cheoys cheol sal dain
ZL3b-n,f87v,"f87v.13,+P0",ksheol.qoar.cfhs.ykaiin<->saral.aiim.am,ksheol qoar cfhs ykaiinsaral aiim am
ZL3b-n,f87v,"f87v.14,+P0","san.ainy.keol,dair.old<->ain.atolg",san ainy keol dair oldain atolg
ZL3b-n,f87v,"f87v.15,+P0",yksho.qos<->arolor.or<->al.daraiing,yksho qosarolor oral daraiing
ZL3b-n,f87v,"f87v.16,+P0",saiin.olcthr<!through plant><$>,saiin olcthr
ZL3b-n,f88r,"f88r.1,@Lc",otorchety,otorchety
ZL3b-n,f88r,"f88r.2,@Lf",osal,osal
ZL3b-n,f88r,"f88r.3,@Lf",orald,orald
ZL3b-n,f88r,"f88r.4,@Lf",oldar,oldar
ZL3b-n,f88r,"f88r.5,@Lf",otoky,otoky
ZL3b-n,f88r,"f88r.6,@Lf",otaly,otaly
ZL3b-n,f88r,"f88r.7,@P0",<%>dorsheoy.ctheol.qockhey.dory.sheor.sholfchor.dal.chcthol,dorsheoy ctheol qockhey dory sheor sholfchor dal chcthol
ZL3b-n,f88r,"f88r.8,+P0","[r:s]al,sheom.keol,chear.shekor.qokor.daiin.sar.s,aiin.oky.sam",ral sheom keol chear shekor qokor daiin sar s aiin oky sam
ZL3b-n,f88r,"f88r.9,+P0",oain.or.om.otam.okeom.cheeor.qokeody.dar.or.om.cheody,oain or om otam okeom cheeor qokeody dar or om cheody
ZL3b-n,f88r,"f88r.10,+P0",qokeol.cheol.saiin.cheos.cheol.doleeey.or.cheom.cheo[j:m]am,qokeol cheol saiin cheos cheol doleeey or cheom cheojam
ZL3b-n,f88r,"f88r.11,+P0",yokeody.cheom.qoor.cheeb.ykeor.shy.sam<$>,yokeody cheom qoor cheeb ykeor shy sam
ZL3b-n,f88r,"f88r.12,@Lc",otaldy,otaldy
ZL3b-n,f88r,"f88r.13,@Lf",oram,oram
ZL3b-n,f88r,"f88r.14,@Lf",dary,dary
ZL3b-n,f88r,"f88r.15,@Lf",okol,okol
ZL3b-n,f88r,"f88r.16,@Lf",sorory,sorory
ZL3b-n,f88r,"f88r.17,@Lf",otyda,otyda
ZL3b-n,f88r,"f88r.18,@P0",<%>koa{iphh}y.cphol.orchor.pcheoly.otchol.oldy.salsaly,koaiphhy cphol orchor pcheoly otchol oldy salsaly
ZL3b-n,f88r,"f88r.19,+P0",dchey.chokol.daiin.qoekol.qoekol.qockhol.okol.cheol,dchey chokol daiin qoekol qoekol qockhol okol cheol
ZL3b-n,f88r,"f88r.20,+P0","dsheol.qokeey.s.chy.s,aiin.chor.oteor.aiin.chosals",dsheol qokeey s chy s aiin chor oteor aiin chosals
ZL3b-n,f88r,"f88r.21,+P0",teol.chor.olsheody.qokeol.sho{ikh}y.ol.sheeol.sheoldg,teol chor olsheody qokeol shoikhy ol sheeol sheoldg
ZL3b-n,f88r,"f88r.22,+P0",ychey.okaiin.chol.cheor.ol.chorcholsal<$>,ychey okaiin chol cheor ol chorcholsal
ZL3b-n,f88r,"f88r.23,@Lc",ofyskydal,ofyskydal
ZL3b-n,f88r,"f88r.24,@Lf","otor,am",otor am
ZL3b-n,f88r,"f88r.25,@Lf",ofaldo,ofaldo
ZL3b-n,f88r,"f88r.26,@P0",<%>poeear.sheoky.olkeey.cthol.poldy.s<->okoldy,poeear sheoky olkeey cthol poldy sokoldy
ZL3b-n,f88r,"f88r.27,+P0",qokol.chol.qokol.qokol.chol.cheey.or.aiin.oldal,qokol chol qokol qokol chol cheey or aiin oldal
ZL3b-n,f88r,"f88r.28,+P0","ykar.cheol.chol.chey.ckhey.s,or.shear.ar,alsy",ykar cheol chol chey ckhey s or shear ar alsy
ZL3b-n,f88r,"f88r.29,+P0","kor,chey.qokol.cheol.chody.qokol.kchor.chol,dal",kor chey qokol cheol chody qokol kchor chol dal
ZL3b-n,f88r,"f88r.30,+P0",ykeeey.cheor.cheotey.cheol.qokeor.chetchy.ofal,ykeeey cheor cheotey cheol qokeor chetchy ofal
ZL3b-n,f88r,"f88r.31,+P0",dar.chear.chol.dol.qoekeor.cheom<$>,dar chear chol dol qoekeor cheom
ZL3b-n,f88v,"f88v.1,@Lc",okalyd,okalyd
ZL3b-n,f88v,"f88v.2,@Lf",cheocthy,cheocthy
ZL3b-n,f88v,"f88v.3,@Lf",cpheor,cpheor
ZL3b-n,f88v,"f88v.4,@Lf",otar.arody,otar arody
ZL3b-n,f88v,"f88v.5,@Lf",otokol,otokol
ZL3b-n,f88v,"f88v.6,@P0","<%>teodal.lkeo,cheor.roshckhy.sorshy<->aiin.cheokal.saldaiin",teodal lkeo cheor roshckhy sorshyaiin cheokal saldaiin
ZL3b-n,f88v,"f88v.7,+P0","dshor.shor.qokeody.qokeo,lchey.chkeor.qokeey.daiin.qokeom",dshor shor qokeody qokeo lchey chkeor qokeey daiin qokeom
ZL3b-n,f88v,"f88v.8,+P0",qoaiin.cheoy.olcheody.qoekeol.cho.chckhy.qoeey.key.cheokam,qoaiin cheoy olcheody qoekeol cho chckhy qoeey key cheokam
ZL3b-n,f88v,"f88v.9,+P0","choeey.keeod,y.s,aiin.chody.okearcheol.archeey.sairal",choeey keeod y s aiin chody okearcheol archeey sairal
ZL3b-n,f88v,"f88v.10,+P0","dar.cheorol.chekol,daraly<$>",dar cheorol chekol daraly
ZL3b-n,f88v,"f88v.11,@Lc",otoram,otoram
ZL3b-n,f88v,"f88v.12,@Lf",otor[a:y],otora
ZL3b-n,f88v,"f88v.13,@Lf",cheosdy,cheosdy
ZL3b-n,f88v,"f88v.14,@Lf",okaiin,okaiin
ZL3b-n,f88v,"f88v.15,@P0",<%>kosholdy.qotody.opykey.oldaiin.qoteody.yfolaiin.oraiin,kosholdy qotody opykey oldaiin qoteody yfolaiin oraiin
ZL3b-n,f88v,"f88v.16,+P0",ysheod.sheo.sheody.qokeody.qoky.chees.cheody.qokeody.dal,ysheod sheo sheody qokeody qoky chees cheody qokeody dal
ZL3b-n,f88v,"f88v.17,+P0",qokeey.qokeody.chor.oteody.qockhol.okol.cheedy.qokody,qokeey qokeody chor oteody qockhol okol cheedy qokody
ZL3b-n,f88v,"f88v.18,+P0",ykeeor.chockhy.otol.cheeol.cheody.qotody.soteol.ch[o:e]tam,ykeeor chockhy otol cheeol cheody qotody soteol chotam
ZL3b-n,f88v,"f88v.19,+P0","odaiin.sheo,ol.qokeey.olaiin.cheody.chocthey.oteody,dy",odaiin sheo ol qokeey olaiin cheody chocthey oteody dy
ZL3b-n,f88v,"f88v.20,+P0",[s:]qokeodaiin<!corr?>.cheody.oteol.cheockhy.chody<$>,sqokeodaiin cheody oteol cheockhy chody
ZL3b-n,f88v,"f88v.21,+P0","<%>toair{ch'}y.oteeody.cpheody.ykchey.dam.cheor.chaly,korain",toairy oteeody cpheody ykchey dam cheor chaly korain
ZL3b-n,f88v,"f88v.22,+P0","dairodain.ykeodain.dain.shedy.qoteo.lchdy.qokeo,r,ain",dairodain ykeodain dain shedy qoteo lchdy qokeo r ain
ZL3b-n,f88v,"f88v.23,+P0","tol,keeodaiin.qoky.sheol.daiin.chees.aiin.chokar.daim[d:g]",tol keeodaiin qoky sheol daiin chees aiin chokar daimd
ZL3b-n,f88v,"f88v.24,+P0",daiin.sheor.sheedy.daiin.sho{ikh}y.qokeody.do{ikh}y.dair,daiin sheor sheedy daiin shoikhy qokeody doikhy dair
ZL3b-n,f88v,"f88v.25,+P0",ykeey.sheor.tos.checkhy.dain.cheos.cheockhy.saldy,ykeey sheor tos checkhy dain cheos cheockhy saldy
ZL3b-n,f88v,"f88v.26,+P0",saiin.choky.cheor.shy<$>,saiin choky cheor shy
ZL3b-n,f88v,"f88v.27,@Lc",daramdal,daramdal
ZL3b-n,f88v,"f88v.28,@Lf",otydary,otydary
ZL3b-n,f88v,"f88v.29,@Lf",otdordy,otdordy
ZL3b-n,f89r1,"f89r1.1,@Lc",okchshy,okchshy
ZL3b-n,f89r1,"f89r1.2,@Lf",qkol,qkol
ZL3b-n,f89r1,"f89r1.3,@Lf",oldam,oldam
ZL3b-n,f89r1,"f89r1.4,@Lf",otoldy,otoldy
ZL3b-n,f89r1,"f89r1.5,@Lf",ararchodaiin,ararchodaiin
ZL3b-n,f89r1,"f89r1.6,@P0","<%>qoar,shar.qopcholy.qokod.chepy,dar.sheey.okor,sheeos.oldain",qoar shar qopcholy qokod chepy dar sheey okor sheeos oldain
ZL3b-n,f89r1,"f89r1.7,+P0",dshody.qocthy.chockhy.dal.chedy.qokeody.daldaiin.chodaiin.dal,dshody qocthy chockhy dal chedy qokeody daldaiin chodaiin dal
ZL3b-n,f89r1,"f89r1.8,+P0",qokeol.chol.qodaiin.chol.cheody.qokechy.daiin.ctheody.dam,qokeol chol qodaiin chol cheody qokechy daiin ctheody dam
ZL3b-n,f89r1,"f89r1.9,+P0",yshor.s<->oiiin.daiin.qokeey.daiin.ckhol.qokain.cheamy,yshor soiiin daiin qokeey daiin ckhol qokain cheamy
ZL3b-n,f89r1,"f89r1.10,+P0",tdain.s<->chol.cheoky.cheody.qokar.dal.chor.{ckhh}y.daiin<$>,tdain schol cheoky cheody qokar dal chor ckhhy daiin
ZL3b-n,f89r1,"f89r1.11,@Lc",ykyd,ykyd
ZL3b-n,f89r1,"f89r1.12,@Lf","chol,ches",chol ches
ZL3b-n,f89r1,"f89r1.13,@Lf",otorain,otorain
ZL3b-n,f89r1,"f89r1.14,@Lf","okaiin,dan",okaiin dan
ZL3b-n,f89r1,"f89r1.15,@P0","<%>tcheol.qoeair.sheol.qocphey.saiin.cheocphey.dal,darolg",tcheol qoeair sheol qocphey saiin cheocphey dal darolg
ZL3b-n,f89r1,"f89r1.16,+P0","om,sheey.qokey,l.daiin.dalchom.ch{ckhhh}y.chol.cheos.aiin.dy",om sheey qokey l daiin dalchom chckhhhy chol cheos aiin dy
ZL3b-n,f89r1,"f89r1.17,+P0",qeaiin.cheyl.seey.qotey.qokeeol.daiin.{ykh}edy.daiin.dam,qeaiin cheyl seey qotey qokeeol daiin ykhedy daiin dam
ZL3b-n,f89r1,"f89r1.18,+P0","dals,al.dal.cheody.dainaldy.al,daldal<$>",dals al dal cheody dainaldy al daldal
ZL3b-n,f89r1,"f89r1.19,+P0","<%>pshol.sheo.qoa{ith}y.cheocphy.s,sheyr.qokair,ydam.daly",pshol sheo qoaithy cheocphy s sheyr qokair ydam daly
ZL3b-n,f89r1,"f89r1.20,+P0",daim.cheom.qoa{ith}y.air.cheody.ldain.dal.chom.chtaii@197;,daim cheom qoaithy air cheody ldain dal chom chtaii
ZL3b-n,f89r1,"f89r1.21,+P0","taiin.dam.shoety.dal.qokchy.ykchdy.otcham.ol.sshr,aiin",taiin dam shoety dal qokchy ykchdy otcham ol sshr aiin
ZL3b-n,f89r1,"f89r1.22,+P0","ycheeo,r.sheol.qockhedy.yty.sheody.qotol.chead,chey.dal",ycheeo r sheol qockhedy yty sheody qotol chead chey dal
ZL3b-n,f89r1,"f89r1.23,+P0",dain.oteos.cheody.cheodain.daiin.chodaiin<$>,dain oteos cheody cheodain daiin chodaiin
ZL3b-n,f89r1,"f89r1.24,@Lc",ykocfhy,ykocfhy
ZL3b-n,f89r1,"f89r1.25,@Lf",saldam,saldam
ZL3b-n,f89r1,"f89r1.26,@Lf",[s:r]ydarary,sydarary
ZL3b-n,f89r1,"f89r1.27,@Lf",yd{cpo}dy,ydcpody
ZL3b-n,f89r2,"f89r2.1,@Lc",odory,odory
ZL3b-n,f89r2,"f89r2.2,@Lf",doly,doly
ZL3b-n,f89r2,"f89r2.3,@Lf",opchosam,opchosam
ZL3b-n,f89r2,"f89r2.4,@Lf",saloiinsheol,saloiinsheol
ZL3b-n,f89r2,"f89r2.5,@Lf",opcheor,opcheor
ZL3b-n,f89r2,"f89r2.6,@P0",<%>qokcheody.cheodal.dair.cholkeedy.qokedy.cheal.cheo.dal.qoaii[s:r].shey.cpheeedol.deey.qockhey.chaldy.daim,qokcheody cheodal dair cholkeedy qokedy cheal cheo dal qoaiis shey cpheeedol deey qockhey chaldy daim
ZL3b-n,f89r2,"f89r2.7,+P0","chos,aiin.cheodal.daiin.chy.chedain.dolchsyckheol.daiin.chody.cheedy.tchodol.chor.choldy.chos.dol.okcheeg",chos aiin cheodal daiin chy chedain dolchsyckheol daiin chody cheedy tchodol chor choldy chos dol okcheeg
ZL3b-n,f89r2,"f89r2.8,+P0",tol.daiin.daiin.daiinody.qokeey.cheoldy.qody.cheor.sain.daiin.oky.cheody.cheoky<$>,tol daiin daiin daiinody qokeey cheoldy qody cheor sain daiin oky cheody cheoky
ZL3b-n,f89r2,"f89r2.9,@Lc",otold[:y],otold
ZL3b-n,f89r2,"f89r2.10,@Lf",okol.shol.dy,okol shol dy
ZL3b-n,f89r2,"f89r2.11,@Lf",opchoroiin,opchoroiin
ZL3b-n,f89r2,"f89r2.12,@P0","<%>porachol.[y:q]ody.qoteol.oldaiin.otol.sheor.shor.oldaiin.otchol.cheol.<!gap>otolpchy.dar,cho.lkeopol.oeeor.or",porachol yody qoteol oldaiin otol sheor shor oldaiin otchol cheol otolpchy dar cho lkeopol oeeor or
ZL3b-n,f89r2,"f89r2.13,+P0","daiin.olkey.okeol.okey.<!tear>okeeol.qoor.ol.chor.cheky.chol.daiin.chol.cheol.koldam.olcheol.dol,cheol",daiin olkey okeol okey okeeol qoor ol chor cheky chol daiin chol cheol koldam olcheol dol cheol
ZL3b-n,f89r2,"f89r2.14,+P0",tos.ol.chor.ydaiin.chey.s.oiiin.chckhy.qokeol.okey.okeey.keey.{ca}eky.qokol.okeey.dal.cheeody.oeckhy,tos ol chor ydaiin chey s oiiin chckhy qokeol okey okeey keey caeky qokol okeey dal cheeody oeckhy
ZL3b-n,f89r2,"f89r2.15,+P0","ycheo,keeo,ckho.saiin.okeo.daiin.ockhy.s,ockhey.saiin.chchky<$>",ycheo keeo ckho saiin okeo daiin ockhy s ockhey saiin chchky
ZL3b-n,f89r2,"f89r2.16,@Lc",korainy,korainy
ZL3b-n,f89r2,"f89r2.17,@Lf",sodar,sodar
ZL3b-n,f89r2,"f89r2.18,@Lf",cheys,cheys
ZL3b-n,f89r2,"f89r2.19,@Lf",cheody,cheody
ZL3b-n,f89r2,"f89r2.20,@Lf",oporain,oporain
ZL3b-n,f89r2,"f89r2.21,@Lf",okshdchos,okshdchos
ZL3b-n,f89r2,"f89r2.22,@P0",<%>kolches.sheol.qokeoefy.sheey.opcheor.opcheol.shody.sholdy.<!gap>qokal.chey.oldy.sheodal.ytoldy,kolches sheol qokeoefy sheey opcheor opcheol shody sholdy qokal chey oldy sheodal ytoldy
ZL3b-n,f89r2,"f89r2.23,+P0","daiin.cheok,o,keol,daiin.dal.dair.qokeey.okeol.daiin.ykeody.<!gap>okeeey.as.cheey.okeol.cheo.cheky",daiin cheok o keol daiin dal dair qokeey okeol daiin ykeody okeeey as cheey okeol cheo cheky
ZL3b-n,f89r2,"f89r2.24,+P0","yokeeol.cheol.qokeey.qokeol.chey.cheokor.okeey,ky.daiin.<!gap>qokeol,cheey.qokeey.saiin.oteos",yokeeol cheol qokeey qokeol chey cheokor okeey ky daiin qokeol cheey qokeey saiin oteos
ZL3b-n,f89r2,"f89r2.25,+P0","daiin.dal.sheol.s.aiin.qocheey.daiiin.qokeeyl.qokeody.chol,cheol.<!gap>ykeo.qo.qol.cheo.loiiin.doigom",daiin dal sheol s aiin qocheey daiiin qokeeyl qokeody chol cheol ykeo qo qol cheo loiiin doigom
ZL3b-n,f89r2,"f89r2.26,+P0",scheor.sy.sorcheey.dol.cheor.cheey.keey.qokeey.daiin.ycheary.<!gap>okeey.keeokechy.cthey.daiin.dy,scheor sy sorcheey dol cheor cheey keey qokeey daiin ycheary okeey keeokechy cthey daiin dy
ZL3b-n,f89r2,"f89r2.27,+P0",qokol.cheor.okoiin.okeoy.qoeey.cheor.cheey.qokeol.cheal.s.aiin.<!gap and vertical jump>ocheol.soiiin.dair.chey.daiin,qokol cheor okoiin okeoy qoeey cheor cheey qokeol cheal s aiin ocheol soiiin dair chey daiin
ZL3b-n,f89r2,"f89r2.28,+P0","o,r,ain.ar.ain.ol,daiin.qoaiin.ol.chkaiin.daiin.okar.dair,y?dair<$>",o r ain ar ain ol daiin qoaiin ol chkaiin daiin okar dair
ZL3b-n,f89r2,"f89r2.29,@Lc",okain,okain
ZL3b-n,f89r2,"f89r2.30,+Lc",yorain,yorain
ZL3b-n,f89r2,"f89r2.31,@Lf",ofakal,ofakal
ZL3b-n,f89r2,"f89r2.32,@Lf",otalsy<!faint>,otalsy
ZL3b-n,f89r2,"f89r2.33,@Lf",ytarem,ytarem
ZL3b-n,f89r2,"f89r2.34,@Lf",otolarol,otolarol
ZL3b-n,f89v2,"f89v2.1,@Lc",choeesy,choeesy
ZL3b-n,f89v2,"f89v2.2,@Lf",okam,okam
ZL3b-n,f89v2,"f89v2.3,@Lf",darcheor,darcheor
ZL3b-n,f89v2,"f89v2.4,@Lf",chokaro,chokaro
ZL3b-n,f89v2,"f89v2.5,@Lf",sheol,sheol
ZL3b-n,f89v2,"f89v2.6,@Lf",chokam,chokam
ZL3b-n,f89v2,"f89v2.7,@P0","<%>kosar.sheol.s,aiin.koiin.chtodaiin.pdiin.choty.qofoiin.dy.qopdal.doiir.ofaiin.ol,cfheol,dam",kosar sheol s aiin koiin chtodaiin pdiin choty qofoiin dy qopdal doiir ofaiin ol cfheol dam
ZL3b-n,f89v2,"f89v2.8,+P0",dain.ykodaiir.okor.chear.otees.eeckhy.s.aiin.ckhey.otaiin.okar.dain.okol.ol.chor.dar,dain ykodaiir okor chear otees eeckhy s aiin ckhey otaiin okar dain okol ol chor dar
ZL3b-n,f89v2,"f89v2.9,+P0","ychey.okeey.qoeol.daiin.chor.chos.cheos.qol,e,eeey.dal.chody.cheor.chey.qoaiin.chody",ychey okeey qoeol daiin chor chos cheos qol e eeey dal chody cheor chey qoaiin chody
ZL3b-n,f89v2,"f89v2.10,+P0","dair.or.cheol.chom.qol.cheo.lcho.l.or.cheo,daiin.chkam<$>",dair or cheol chom qol cheo lcho l or cheo daiin chkam
ZL3b-n,f89v2,"f89v2.11,@Lc",otory,otory
ZL3b-n,f89v2,"f89v2.12,@Lf",otair.chody,otair chody
ZL3b-n,f89v2,"f89v2.13,@Lf",dykaran,dykaran
ZL3b-n,f89v2,"f89v2.14,@Lf",opcheedey,opcheedey
ZL3b-n,f89v2,"f89v2.15,@P0",<%>sor.oairar.sheety.chodor.kory.oeear.eais.sheotain.ytodaiin,sor oairar sheety chodor kory oeear eais sheotain ytodaiin
ZL3b-n,f89v2,"f89v2.16,+P0","o,cthos.okaiir.okeos.dar.s.siin.ykeody.dar.okal.dal.dosal.dar.am",o cthos okaiir okeos dar s siin ykeody dar okal dal dosal dar am
ZL3b-n,f89v2,"f89v2.17,+P0","y,{ch'}eo.qokeeol.chey.sair.dam.chy,for.opodaiin.dam.sa[s:r]y.qodam.yteos.aiin",y eo qokeeol chey sair dam chy for opodaiin dam sasy qodam yteos aiin
ZL3b-n,f89v2,"f89v2.18,+P0","yokor.chor.cthy.daiin.chos.chey.dar.aiin,choeeer.okar.chcthy.darai[?:l]s<$>",yokor chor cthy daiin chos chey dar aiin choeeer okar chcthy
ZL3b-n,f89v2,"f89v2.19,+P0","<%>toar.qokeeody.doef.shey.dair.olsheos.psheoepoain.daiin.qekor.okeor.otol,sheey.daldaiin",toar qokeeody doef shey dair olsheos psheoepoain daiin qekor okeor otol sheey daldaiin
ZL3b-n,f89v2,"f89v2.20,+P0",dol.dair.chey.okaiin.shy.daiin.odor.sheos.aiin.daikeody.qokorar.sheody.qoko.ltcheody.otal,dol dair chey okaiin shy daiin odor sheos aiin daikeody qokorar sheody qoko ltcheody otal
ZL3b-n,f89v2,"f89v2.21,+P0","dar.qockhy.qokal.okeoy.chockh[:y].daiin.odaiin.ykeody.okols,sheey.keeody.daiin.qokos.okeom",dar qockhy qokal okeoy chockh daiin odaiin ykeody okols sheey keeody daiin qokos okeom
ZL3b-n,f89v2,"f89v2.22,+P0","ockhody.daiin.ykam.s.chty,chy.cthey.dair,air.chool.loy.dair.cheo,daiin<$>",ockhody daiin ykam s chty chy cthey dair air chool loy dair cheo daiin
ZL3b-n,f89v2,"f89v2.23,@Lc",<!58a>opaloiiry,opaloiiry
ZL3b-n,f89v2,"f89v2.24,@Lf",<!58b>otaram,otaram
ZL3b-n,f89v2,"f89v2.25,@Lf",<!59a>chtchy,chtchy
ZL3b-n,f89v2,"f89v2.28,@Lf",<!61>daseky,daseky
ZL3b-n,f89v1,"f89v1.1,@Lc",okoraldy,okoraldy
ZL3b-n,f89v1,"f89v1.2,@Lf",oto{ikh}y,otoikhy
ZL3b-n,f89v1,"f89v1.3,@Lf",otchar,otchar
ZL3b-n,f89v1,"f89v1.4,@Lf",darshody,darshody
ZL3b-n,f89v1,"f89v1.5,@P0",<%>koldal.sfal.cfhey.ofcheol.opolsy.daiin.qopol.<!tear>oldaiin.octhody,koldal sfal cfhey ofcheol opolsy daiin qopol oldaiin octhody
ZL3b-n,f89v1,"f89v1.6,+P0",dor.sheey.qokol.cheol.cthody.qockhy.dain.yteey.otar.cthol,dor sheey qokol cheol cthody qockhy dain yteey otar cthol
ZL3b-n,f89v1,"f89v1.7,+P0","qokey.daiin.cheey.ctho,dy.qoor.shear.s,ol.chor.chearory",qokey daiin cheey ctho dy qoor shear s ol chor chearory
ZL3b-n,f89v1,"f89v1.8,+P0","shockhey.orarol.cheoky.qoy,chodair.choky.daiin.otarokar",shockhey orarol cheoky qoy chodair choky daiin otarokar
ZL3b-n,f89v1,"f89v1.9,+P0",to{chh}o.cthor.okol.chekaiin.os.aiin.ol.cheokchey.qokoiiin.du,tochho cthor okol chekaiin os aiin ol cheokchey qokoiiin du
ZL3b-n,f89v1,"f89v1.10,+P0",tor.sheor.cheeor.cthey.qokol.daiin.chekal.dals.chear.qotam,tor sheor cheeor cthey qokol daiin chekal dals chear qotam
ZL3b-n,f89v1,"f89v1.11,+P0","osheokaiin.s,ain.ol.shodain.qokar.ain.chekal.daiin.dar",osheokaiin s ain ol shodain qokar ain chekal daiin dar
ZL3b-n,f89v1,"f89v1.12,+P0",qokar.odaiin<$>,qokar odaiin
ZL3b-n,f89v1,"f89v1.13,+P0","<%>tosheo.fcheody.shekey.or,shos.oiir.cphey.qokeody.cheody.daldy",tosheo fcheody shekey or shos oiir cphey qokeody cheody daldy
ZL3b-n,f89v1,"f89v1.14,+P0","ykeey.ykeey.odal.shoky.okol.chody.okoaiin.dal,chdy.daldaldy",ykeey ykeey odal shoky okol chody okoaiin dal chdy daldaldy
ZL3b-n,f89v1,"f89v1.15,+P0",dcheo{cy}.daiin.cthol.daiin.daldy.okeor.ytey.keor.cheyty.ochy,dcheocy daiin cthol daiin daldy okeor ytey keor cheyty ochy
ZL3b-n,f89v1,"f89v1.16,+P0",qokaiin.ykchol.qockhy.okaldy.okal.dal.chodar.okaiin.dalg,qokaiin ykchol qockhy okaldy okal dal chodar okaiin dalg
ZL3b-n,f89v1,"f89v1.17,+P0",sal.shol.ykol.daram.sholckhy.dolchey.dalshdy.okeol.dalchy,sal shol ykol daram sholckhy dolchey dalshdy okeol dalchy
ZL3b-n,f89v1,"f89v1.18,+P0","qokol.sheol.qokol.dal.chol,dam.qoeey.saiin.ols.chokaiin",qokol sheol qokol dal chol dam qoeey saiin ols chokaiin
ZL3b-n,f89v1,"f89v1.19,+P0",sar.a.da[iin:?].ckhy.qotchy.okol.ycheo.cthody.okol.olkaycthy,sar a daiin ckhy qotchy okol ycheo cthody okol olkaycthy
ZL3b-n,f89v1,"f89v1.20,+P0","sol,chey.okchol.sair.daiin.okal,choldy<$>",sol chey okchol sair daiin okal choldy
ZL3b-n,f89v1,"f89v1.21,@Lc",koeeorain,koeeorain
ZL3b-n,f89v1,"f89v1.22,@Lf",otorshos,otorshos
ZL3b-n,f89v1,"f89v1.23,@Lf","opol,olaiin",opol olaiin
ZL3b-n,f89v1,"f89v1.24,@Lf",opaldaiin,opaldaiin
ZL3b-n,f90r1,"f90r1.1,@P0",<%>poleeol.qokeol.qokchod.choly.ctho[g:m],poleeol qokeol qokchod choly cthog
ZL3b-n,f90r1,"f90r1.2,+P0",yshol.tor.sheor.qotchor.qoky.darala,yshol tor sheor qotchor qoky darala
ZL3b-n,f90r1,"f90r1.3,+P0",dair.shkeea.s.sary.okar.ykorshy.lkaldy,dair shkeea s sary okar ykorshy lkaldy
ZL3b-n,f90r1,"f90r1.4,+P0",talchor.chodaiin.chocfhor.qokchor.chockhy<->okchod.qofchol,talchor chodaiin chocfhor qokchor chockhyokchod qofchol
ZL3b-n,f90r1,"f90r1.5,+P0",ytor.ckhy.lpychol.sho.ol.okachey.[r:s].sheom.kchol.dchy.dasady,ytor ckhy lpychol sho ol okachey r sheom kchol dchy dasady
ZL3b-n,f90r1,"f90r1.6,+P0","tol.otchol.shorydar.qokeos.okeoschso.chol,ytod.qokeos.dolshy",tol otchol shorydar qokeos okeoschso chol ytod qokeos dolshy
ZL3b-n,f90r1,"f90r1.7,+P0",dar.chos.qocthy.qokcha.shko.qokol.oteey.chofy.ykeody.qokod,dar chos qocthy qokcha shko qokol oteey chofy ykeody qokod
ZL3b-n,f90r1,"f90r1.8,+P0",kor.sheol.qodar.oko.ykeey.qokeey.qodar.qokeed.s.choky,kor sheol qodar oko ykeey qokeey qodar qokeed s choky
ZL3b-n,f90r1,"f90r1.9,+Pr",ykodar.qoekchy.shokol.okam<$>,ykodar qoekchy shokol okam
ZL3b-n,f90r2,"f90r2.1,@P0",<%>toealchs.shakol.sheo.qoekeey<->soeeol.qoteody,toealchs shakol sheo qoekeeysoeeol qoteody
ZL3b-n,f90r2,"f90r2.2,+P0","saiin.ckheo.saiin.qockhey.s.ykeeody<->s,cheey.chos.ckhs",saiin ckheo saiin qockhey s ykeeodys cheey chos ckhs
ZL3b-n,f90r2,"f90r2.3,+P0","dsheeos.qokeod.qokeo.chol.ol.okal<->saiin.ctheo,s,ar",dsheeos qokeod qokeo chol ol okalsaiin ctheo s ar
ZL3b-n,f90r2,"f90r2.4,+P0",al.s.oin.cheo.ro.sokeey.qokeeas<->al.aral.oy[r:s],al s oin cheo ro sokeey qokeeasal aral oyr
ZL3b-n,f90r2,"f90r2.5,+P0",ychor.ckhor.qoeeor.okaiin.dom<->olcheo.rodaiin,ychor ckhor qoeeor okaiin domolcheo rodaiin
ZL3b-n,f90r2,"f90r2.6,+P0",daiin.qokor.okoiin.daiin<$>,daiin qokor okoiin daiin
ZL3b-n,f90v2,"f90v2.1,@P0",<%>{c@181;h}da{i@133;h}y.qocfhey.opolraiin.ofchedal.s?<->shese.shodaiin.shea[s:r],day qocfhey opolraiin ofchedal shodaiin sheas
ZL3b-n,f90v2,"f90v2.2,+P0","podchey.ctheod.{ikh}eeos.cheey.ykeey.s.o[is:?]<->qokchas.s,oin.sam",podchey ctheod ikheeos cheey ykeey s oisqokchas s oin sam
ZL3b-n,f90v2,"f90v2.3,+P0",saiin.sheom.sheey.keeos.ol.cheeor.chy<->shy.tchody.okeeo[m:g],saiin sheom sheey keeos ol cheeor chyshy tchody okeeom
ZL3b-n,f90v2,"f90v2.4,+P0",tchos.oteey.saiin.okeeey<$>,tchos oteey saiin okeeey
ZL3b-n,f90v2,"f90v2.5,+P0","<%>tcheody.cpheal.qoar.cheol.chos,olols<->dshcheal.sheol.qodar",tcheody cpheal qoar cheol chos ololsdshcheal sheol qodar
ZL3b-n,f90v2,"f90v2.6,+P0","sal.sheol.shey.qokeey.qokeol.cheody.s<->ykeeol,dar,chody.y",sal sheol shey qokeey qokeol cheody sykeeol dar chody y
ZL3b-n,f90v2,"f90v2.7,+P0",shey.s.shee[y:a]l.sheol.sheody.tol.sheo{cty}<->oteey.chodar.chog,shey s sheeyl sheol sheody tol sheoctyoteey chodar chog
ZL3b-n,f90v2,"f90v2.8,+P0",teeas.qkeody.qokchy.oteeol.daiin<$>,teeas qkeody qokchy oteeol daiin
ZL3b-n,f90v1,"f90v1.1,@P0","<%>pcheor.chodar.oleees.chepy.shol<->shckheo<->otol.shey<->cheo,r.cheokeey",pcheor chodar oleees chepy sholshckheootol sheycheo r cheokeey
ZL3b-n,f90v1,"f90v1.2,+P0",tshor.olsheod.qodaiin.qokeor.sy<->oraiin<->ykeeol<->octheody.{cthhh}y,tshor olsheod qodaiin qokeor syoraiinykeeoloctheody cthhhy
ZL3b-n,f90v1,"f90v1.3,+P0","daiin.shody.cfheos.qockhy.chol,ol<->sals<->sol<->yteey.or.cheey,tey",daiin shody cfheos qockhy chol olsalssolyteey or cheey tey
ZL3b-n,f90v1,"f90v1.4,+P0",kos.sheor.chockhor.qekeody.cheody<->sy<->s<->olcheey.{cthh}y.qoky,kos sheor chockhor qekeody cheodysysolcheey cthhy qoky
ZL3b-n,f90v1,"f90v1.5,+P0",dcheey.keey.keeey.cthey.yty<->okeeody<->sy<->olcheey.sh.qokeys,dcheey keey keeey cthey ytyokeeodysyolcheey sh qokeys
ZL3b-n,f90v1,"f90v1.6,+P0","shctheo,ror,sheol,ol.kaiin<$>",shctheo ror sheol ol kaiin
ZL3b-n,f90v1,"f90v1.7,+P0",<%>ksheodal.sheody.qocheot[o:y]<->shokol.qokeshs<->yteody.poda{i@182;h}ey,ksheodal sheody qocheotoshokol qokeshsyteody podaey
ZL3b-n,f90v1,"f90v1.8,+P0",daiin.okeeey.cheo.qotecheor.cthodaim.s<->cheol.chor.okeam,daiin okeeey cheo qotecheor cthodaim scheol chor okeam
ZL3b-n,f90v1,"f90v1.9,+P0",sheor.ol.qokeeoky.okeeol.okeeodaiin.ytol<->sor.a[s:r]iin.aiin,sheor ol qokeeoky okeeol okeeodaiin ytolsor asiin aiin
ZL3b-n,f90v1,"f90v1.10,+P0",ykeeor.cheos.q{kh}ey.cheos.oteol.okechod<->oeey.keeos.aiiin,ykeeor cheos qkhey cheos oteol okechodoeey keeos aiiin
ZL3b-n,f90v1,"f90v1.11,+P0",deeocthey.keeeol.sheol.{c't}sheol.daiin<$>,deeocthey keeeol sheol sheol daiin
ZL3b-n,f93r,"f93r.1,@P0",<%>kodshol.otolsheeos.octhodaly.opalepam.oepchksheey.qotodain.s.oar,kodshol otolsheeos octhodaly opalepam oepchksheey qotodain s oar
ZL3b-n,f93r,"f93r.2,+P0",ycham.s.chol.chotom.cthodar.sheo.s.oteodal.s<->ofchoshy.cthoshol,ycham s chol chotom cthodar sheo s oteodal sofchoshy cthoshol
ZL3b-n,f93r,"f93r.3,+P0","dsho.dal.dalody.ytchchy.dam.chody.dal,ol<->schodchy.qotchd",dsho dal dalody ytchchy dam chody dal olschodchy qotchd
ZL3b-n,f93r,"f93r.4,+P0","sol.shotol.qokchodal.shody.chotol,s<->otol.ytchdg",sol shotol qokchodal shody chotol sotol ytchdg
ZL3b-n,f93r,"f93r.5,+P0",ol.chody.cfhol.dol.qokol.otodar<->chodain,ol chody cfhol dol qokol otodarchodain
ZL3b-n,f93r,"f93r.6,+P0","tar,otor.s.cho.s.chol.sheoees",tar otor s cho s chol sheoees
ZL3b-n,f93r,"f93r.7,+P0",shor.shol.ody.cheodaiin.s,shor shol ody cheodaiin s
ZL3b-n,f93r,"f93r.8,+P0","lor,sheeody.chodaiin.s.odar",lor sheeody chodaiin s odar
ZL3b-n,f93r,"f93r.9,+P0",shodam.okcheody.cthoctho'l,shodam okcheody cthocthol
ZL3b-n,f93r,"f93r.10,+P0",ychos.chey.keol.cheol.ckhody,ychos chey keol cheol ckhody
ZL3b-n,f93r,"f93r.11,+P0","okeol.oteol.s,odam.sheo,al.sal",okeol oteol s odam sheo al sal
ZL3b-n,f93r,"f93r.12,+P0",qokor.shey.okcheor.sheodom,qokor shey okcheor sheodom
ZL3b-n,f93r,"f93r.13,+P0","shodaiin.qotchy.kchol,r",shodaiin qotchy kchol r
ZL3b-n,f93r,"f93r.14,+P0",ychey.ckhos.okcheod.chr,ychey ckhos okcheod chr
ZL3b-n,f93r,"f93r.15,+P0",ochol.shodal.dol.cheodam,ochol shodal dol cheodam
ZL3b-n,f93r,"f93r.16,+P0",choshy.qokor.chckhs,choshy qokor chckhs
ZL3b-n,f93r,"f93r.17,+P0",tcheo.l.cholchecthody,tcheo l cholchecthody
ZL3b-n,f93r,"f93r.18,+P0",olkees.shodaiin.shody,olkees shodaiin shody
ZL3b-n,f93r,"f93r.19,+P0",tchor.shol.r.sheoky,tchor shol r sheoky
ZL3b-n,f93r,"f93r.20,+P0",ychockhy.cthol.osos,ychockhy cthol osos
ZL3b-n,f93r,"f93r.21,+P0",dol.shol.daiin.shcthy,dol shol daiin shcthy
ZL3b-n,f93r,"f93r.22,+P0",kchor.cthy.chakal.daiin,kchor cthy chakal daiin
ZL3b-n,f93r,"f93r.23,+P0",oain.okor.shody.teols,oain okor shody teols
ZL3b-n,f93r,"f93r.24,+P0","ychocthy.chotey.teey,s",ychocthy chotey teey s
ZL3b-n,f93r,"f93r.25,+P0",ysaiin.chotar.shody,ysaiin chotar shody
ZL3b-n,f93r,"f93r.26,+P0",ocheodaiin.tchos.sor,ocheodaiin tchos sor
ZL3b-n,f93r,"f93r.27,+P0",qokor.cheo.los.ckheody,qokor cheo los ckheody
ZL3b-n,f93r,"f93r.28,+P0",ychor.odol.chodaiin.s,ychor odol chodaiin s
ZL3b-n,f93r,"f93r.29,+P0",dain.{ck}cho.ctho.ctho[s:e]g,dain ckcho ctho cthosg
ZL3b-n,f93r,"f93r.30,+P0",shodaiin.qokcho.cthol,shodaiin qokcho cthol
ZL3b-n,f93r,"f93r.31,+P0",ol.chol.cthol.olchod,ol chol cthol olchod
ZL3b-n,f93r,"f93r.32,+P0",dol.chokal.schos<$>,dol chokal schos
ZL3b-n,f93v,"f93v.1,@P0",<%>possheody.qoteeo.qoshocphy.opchody.opor<->opchy<->otchdal.or.shodaiin,possheody qoteeo qoshocphy opchody oporopchyotchdal or shodaiin
ZL3b-n,f93v,"f93v.2,+P0",yteeody.qotody.qotchol.qocthody.ytey<->oky<->daiin<->dar.ctho[g:m],yteeody qotody qotchol qocthody yteyokydaiindar cthog
ZL3b-n,f93v,"f93v.3,+P0",dchos.chody.qockhol.oky.cheodaiin.oty<->daiin<->otal<->dair.okol,dchos chody qockhol oky cheodaiin otydaiinotaldair okol
ZL3b-n,f93v,"f93v.4,+P0",sol.shol.shdchy.qokchol.qokchody.chol<->chol<->{cty}<->ykchy.dar,sol shol shdchy qokchol qokchody cholcholctyykchy dar
ZL3b-n,f93v,"f93v.5,+P0",tshoky.cthody.qotchol.ckhol.dchog.s<->olo.oteo[?:s].chodaiindy,tshoky cthody qotchol ckhol dchog solo chodaiindy
ZL3b-n,f93v,"f93v.6,+P0",ytch[?:o]l<!corr?>.ckhol.qochocthy.ctho.chkeey.cthody.s<->dar.she[y:q]okam,ckhol qochocthy ctho chkeey cthody sdar sheyokam
ZL3b-n,f93v,"f93v.7,+P0",oees.ckheody.qkcheey.koldy.tchodaiin.ctheos<->shodain.qokeeam,oees ckheody qkcheey koldy tchodaiin ctheosshodain qokeeam
ZL3b-n,f93v,"f93v.8,+P0",dcho.chody.teol.sheol.cheeoldair.okchey.cthey<->dsheog.okeey.dama,dcho chody teol sheol cheeoldair okchey ctheydsheog okeey dama
ZL3b-n,f93v,"f93v.9,+P0",odeeeodl.cheodar.oksho.chody.okchey.cthol.oly<->ytchol<->sar<->dar,odeeeodl cheodar oksho chody okchey cthol olyytcholsardar
ZL3b-n,f93v,"f93v.10,+P0","ychol.chs.ckhy.s,cheeol<$>",ychol chs ckhy s cheeol
ZL3b-n,f94r,"f94r.1,@P0",<%>tchedy.opaiir.chedaiin.dsheedy.qopchedal.keodaiin.otalaiin.oar,tchedy opaiir chedaiin dsheedy qopchedal keodaiin otalaiin oar
ZL3b-n,f94r,"f94r.2,+P0",dor.cheody.okaiin.odor.okal.okair.oky.daiir.qotar.okar.olaiin,dor cheody okaiin odor okal okair oky daiir qotar okar olaiin
ZL3b-n,f94r,"f94r.3,+P0",todal.cholky.qokal.shdy.qoky.otody.qokolchey.qokair.opary,todal cholky qokal shdy qoky otody qokolchey qokair opary
ZL3b-n,f94r,"f94r.4,+P0","shor.olkeedy.ol,kchdy.cheedy.kalchdy.chedaiin.or.chol,kar,am",shor olkeedy ol kchdy cheedy kalchdy chedaiin or chol kar am
ZL3b-n,f94r,"f94r.5,+P0",daiin.chekar.olkaiin.olkeody.ykaiin.otain.dar.okeed[y:o].ykaro,daiin chekar olkaiin olkeody ykaiin otain dar okeedy ykaro
ZL3b-n,f94r,"f94r.6,+P0",saiin.choky.qotchdy.otaly.chedy.dal.dy.chckhaiin.chk.qof,saiin choky qotchdy otaly chedy dal dy chckhaiin chk qof
ZL3b-n,f94r,"f94r.7,+P0","pchedar.oraiin.cheor.kas.or.als<->o,xo{ckhh}y.olkain.am",pchedar oraiin cheor kas or also xockhhy olkain am
ZL3b-n,f94r,"f94r.8,+P0",yty.qokaiin.ykal.chdy.qoky<->osain.chykaidy.dam,yty qokaiin ykal chdy qokyosain chykaidy dam
ZL3b-n,f94r,"f94r.9,+Pc","otar,chdy.dytchdy<$>",otar chdy dytchdy
ZL3b-n,f94v,"f94v.1,@P0",<%>tshedy.chedar.char.qokchedy.okal.dar<->opchackhy.oteedan,tshedy chedar char qokchedy okal daropchackhy oteedan
ZL3b-n,f94v,"f94v.2,+P0","ol,teedy.oteey.qekeey.oteey.teedal<->ykeedy.qotarain",ol teedy oteey qekeey oteey teedalykeedy qotarain
ZL3b-n,f94v,"f94v.3,+P0","yshedy.chdaiin.otedy.sdal,tamdy<->chdy.qokeey.tam",yshedy chdaiin otedy sdal tamdychdy qokeey tam
ZL3b-n,f94v,"f94v.4,+P0","dchdy.otar.otchy,kedy.qokchdy.ol<->okchy<$>",dchdy otar otchy kedy qokchdy olokchy
ZL3b-n,f94v,"f94v.5,+P0","<%>tedain.chedy.qokshd.okchdy.qokeal<->chorchor.tchor,am",tedain chedy qokshd okchdy qokealchorchor tchor am
ZL3b-n,f94v,"f94v.6,+P0",ycheeo.lkeol.otor.opchdy.qotar.aral<->otor.otchy.tody.oty,ycheeo lkeol otor opchdy qotar aralotor otchy tody oty
ZL3b-n,f94v,"f94v.7,+P0",toky.shey.qokaiin<$>,toky shey qokaiin
ZL3b-n,f94v,"f94v.8,+P0","<%>pchedaiin.sheocthy.daiin.cphedy.fchd<->otchy.qotchy.par,ar",pchedaiin sheocthy daiin cphedy fchdotchy qotchy par ar
ZL3b-n,f94v,"f94v.9,+P0","ytar.okedy.okeedy.qokshey.otaiin,y<->ypchdair.ol.s.aiin.oly",ytar okedy okeedy qokshey otaiin yypchdair ol s aiin oly
ZL3b-n,f94v,"f94v.10,+P0","ol,air.cheey.okchaiin.shy.tararain<->otody.qodar.oteey.dar",ol air cheey okchaiin shy tararainotody qodar oteey dar
ZL3b-n,f94v,"f94v.11,+P0","todaiin.sh{cthh}y.qokar.chetaiin.chdy<->ykol.qoky.or,eedy.oky",todaiin shcthhy qokar chetaiin chdyykol qoky or eedy oky
ZL3b-n,f94v,"f94v.12,+P0",daiin.chcthy.chdy.chckhy.okaiin<$>,daiin chcthy chdy chckhy okaiin
ZL3b-n,f95r1,"f95r1.1,@P0",<%>kshdor.chepchdy.ofaiin.ol.oldaiin.opshol.qokaiin.oty.odain,kshdor chepchdy ofaiin ol oldaiin opshol qokaiin oty odain
ZL3b-n,f95r1,"f95r1.2,+P0","ol.chdy.chdy.qokaiin.shdy.qokaiin.chdy,kol,chdy.qoty.oky,dan",ol chdy chdy qokaiin shdy qokaiin chdy kol chdy qoty oky dan
ZL3b-n,f95r1,"f95r1.3,+P0",teodaiin.oekeey.qokees.ody.chekaiin.chekaiin.chky.chaiin,teodaiin oekeey qokees ody chekaiin chekaiin chky chaiin
ZL3b-n,f95r1,"f95r1.4,+P0","ycheey,ky.olkain.chey,kain.cholky.chedy.qokaiin.chy.kaiin.ly",ycheey ky olkain chey kain cholky chedy qokaiin chy kaiin ly
ZL3b-n,f95r1,"f95r1.5,+P0",atar.chedy.todaiin.qoky.shdaly<$>,atar chedy todaiin qoky shdaly
ZL3b-n,f95r1,"f95r1.6,+P0","<%>tchdor.or.chekchdy.qokar.chcthy.qotchdy,lshedy.qoky.qofain.dy",tchdor or chekchdy qokar chcthy qotchdy lshedy qoky qofain dy
ZL3b-n,f95r1,"f95r1.7,+P0",ykchedy.sheky.chekar.chdain.chdaiin.okar.chetchdy.chdy.chkam,ykchedy sheky chekar chdain chdaiin okar chetchdy chdy chkam
ZL3b-n,f95r1,"f95r1.8,+P0",olkor.chdaiin.cholkaiin.qokeedy.qoky.chey.lchedy.chedy.alod,olkor chdaiin cholkaiin qokeedy qoky chey lchedy chedy alod
ZL3b-n,f95r1,"f95r1.9,+P0",tchdy.tchor.chol.tar.chdy.okol.ykoldy.olkeedy.qotaiin.or,tchdy tchor chol tar chdy okol ykoldy olkeedy qotaiin or
ZL3b-n,f95r1,"f95r1.10,+P0",daiin.chckhy.okaiin.chckhy.daiin.ykedy.ep[?:a]iin.okaraiin.ls,daiin chckhy okaiin chckhy daiin ykedy okaraiin ls
ZL3b-n,f95r1,"f95r1.11,+P0","ykaiin.or.chdy.chekain.ol,dar.ykar.olkeey.ldar.chekal<$>",ykaiin or chdy chekain ol dar ykar olkeey ldar chekal
ZL3b-n,f95r2,"f95r2.1,@P0",<%>kshedy.or.chdy.dalfchy.qodaiin.chckhyfchy.daraiin.dalal,kshedy or chdy dalfchy qodaiin chckhyfchy daraiin dalal
ZL3b-n,f95r2,"f95r2.2,+P0","daiin.shody.chkain.chol.chckhy.otain.oty.oteedy.kar,okam",daiin shody chkain chol chckhy otain oty oteedy kar okam
ZL3b-n,f95r2,"f95r2.3,+P0",todaiin.chor.chckhy.qokol.chkar.ol.otaiin.ofar.okain.aram,todaiin chor chckhy qokol chkar ol otaiin ofar okain aram
ZL3b-n,f95r2,"f95r2.4,+P0",daiin.shody.tor.or.okain.chckhey<$>,daiin shody tor or okain chckhey
ZL3b-n,f95r2,"f95r2.5,+P0",<%>tshod.qokal.ody.chcfhol.okal.chedy.dalshdy.qopchdy.kary,tshod qokal ody chcfhol okal chedy dalshdy qopchdy kary
ZL3b-n,f95r2,"f95r2.6,+P0","y,olkor.ol.shol.qotar.chdy.chdy.qokar.okar.qokar.odaly",y olkor ol shol qotar chdy chdy qokar okar qokar odaly
ZL3b-n,f95r2,"f95r2.7,+P0",dshedy.otal.qokal.dol.or.eeedy.okeedy.okedyted.otam,dshedy otal qokal dol or eeedy okeedy okedyted otam
ZL3b-n,f95r2,"f95r2.8,+P0","tedykaiin.y,cheol.okal.chedy.shdy.qokchdy.otar.chctham",tedykaiin y cheol okal chedy shdy qokchdy otar chctham
ZL3b-n,f95r2,"f95r2.9,+P0",poiin.okar.qokol.shsdy.okar.chdaiin.olky<$>,poiin okar qokol shsdy okar chdaiin olky
ZL3b-n,f95v2,"f95v2.1,@P0","<%>tchody,podar.shody.qofaiin.ofchdy.otedy.qotedaiin.shor.olsain",tchody podar shody qofaiin ofchdy otedy qotedaiin shor olsain
ZL3b-n,f95v2,"f95v2.2,+P0",sol.shedy.qotchey.alor.chdyty.olor.ok[a:o]dy.chody.qotaiin.y.kaipy,sol shedy qotchey alor chdyty olor okady chody qotaiin y kaipy
ZL3b-n,f95v2,"f95v2.3,+P0",archytaiin.shekoiin.okar.or.aiin.chckhy.okal.otain.okalody,archytaiin shekoiin okar or aiin chckhy okal otain okalody
ZL3b-n,f95v2,"f95v2.4,+P0",daiin.<!next line intrudes>olkain.qokan.shar.shekydy.dain.alkain<->okalaiin.s,daiin olkain qokan shar shekydy dain alkainokalaiin s
ZL3b-n,f95v2,"f95v2.5,+P0","tar.fcheey.shos.aiin.okar.olkaiin.otalain<->okaiin,ar",tar fcheey shos aiin okar olkaiin otalainokaiin ar
ZL3b-n,f95v2,"f95v2.6,+P0",dain.ykaly.chals<->shedain.olaiin.y<->okain.ldy,dain ykaly chalsshedain olaiin yokain ldy
ZL3b-n,f95v2,"f95v2.7,+P0",qokeey.dar.chdykain<->ytasal.otain<$>,qokeey dar chdykainytasal otain
ZL3b-n,f95v1,"f95v1.1,@P0","<%>{c@132;h}olteedy,{c@133;h}oepaiin.oekshy.qofchdaiin.shoyfar.okshy.okain.ar.alfshed",olteedy oepaiin oekshy qofchdaiin shoyfar okshy okain ar alfshed
ZL3b-n,f95v1,"f95v1.2,+P0",okshy.tshor.qoksh.qokain.otar.oty.qokedy.otal.ytchdy.qokar.am,okshy tshor qoksh qokain otar oty qokedy otal ytchdy qokar am
ZL3b-n,f95v1,"f95v1.3,+P0","tchody.qokaiin.y,char.okain.sheody.chedy.chcthykedy.ety.dain.al",tchody qokaiin y char okain sheody chedy chcthykedy ety dain al
ZL3b-n,f95v1,"f95v1.4,+P0",tchedy.qokal.oty.shekshey.otaldy.okshey.ytshedy.okarar.yty.chdy,tchedy qokal oty shekshey otaldy okshey ytshedy okarar yty chdy
ZL3b-n,f95v1,"f95v1.5,+P0",otal.shedy.odaiin.chey<$>,otal shedy odaiin chey
ZL3b-n,f95v1,"f95v1.6,+P0",<%>tshdal.qokshy.dchdy.shedy.dkshey.chefar.otchdy.ol.shedar.chdam,tshdal qokshy dchdy shedy dkshey chefar otchdy ol shedar chdam
ZL3b-n,f95v1,"f95v1.7,+P0","dshey,kain.qokar.olkar.<!next line intrudes>chy.tar.otar.chdy.kchdy.dolkain.otardy",dshey kain qokar olkar chy tar otar chdy kchdy dolkain otardy
ZL3b-n,f95v1,"f95v1.8,+P0",dchody.sheos.qodaiin.fchodaiin.chtal.dar.okedy.okchedy<$>,dchody sheos qodaiin fchodaiin chtal dar okedy okchedy
ZL3b-n,f95v1,"f95v1.9,+P0","<%>tshey,taiin.ol,k,shol,kshed.qokeeod.raiin.qokeey.qoko.skchdy",tshey taiin ol k shol kshed qokeeod raiin qokeey qoko skchdy
ZL3b-n,f95v1,"f95v1.10,+P0",sain.sheyk.chody.k.chedain.chedaiin.otain.daiin<$>,sain sheyk chody k chedain chedaiin otain daiin
ZL3b-n,f95v1,"f95v1.11,+P0","<%>pshedar.shedy.kshedy.qotches.or,aiin.shekaiin.otain.tshes.qokain",pshedar shedy kshedy qotches or aiin shekaiin otain tshes qokain
ZL3b-n,f95v1,"f95v1.12,+P0","shotshey.s,aiin.ody.olkchdy.qotaiin.shcthy.dolkchy.tchdaiin.dal",shotshey s aiin ody olkchdy qotaiin shcthy dolkchy tchdaiin dal
ZL3b-n,f95v1,"f95v1.13,+P0",lshee.qodain.okaiin.otody.chcthy<$>,lshee qodain okaiin otody chcthy
ZL3b-n,f96r,"f96r.1,@P0",<%>tor.cheeor.ckheos.olsheeosol.cpheol.cpheor.chodar,tor cheeor ckheos olsheeosol cpheol cpheor chodar
ZL3b-n,f96r,"f96r.2,+P0",ytol.oteeor.sheol.oteey.qokeody.qokeeody.cthey,ytol oteeor sheol oteey qokeody qokeeody cthey
ZL3b-n,f96r,"f96r.3,+P0",toaiin.{cthh}odal.chos.ckheody.keody.chodol.oty,toaiin cthhodal chos ckheody keody chodol oty
ZL3b-n,f96r,"f96r.4,+P0",or.chor.chkchol.chokchor.s.or.sheockhy.choly,or chor chkchol chokchor s or sheockhy choly
ZL3b-n,f96r,"f96r.5,+P0",daiin.chodaiin.cthey.tol.sheor.qokeol.okol,daiin chodaiin cthey tol sheor qokeol okol
ZL3b-n,f96r,"f96r.6,+P0",lor.ckheey.chol.cholody.cheol.ctheor.sor,lor ckheey chol cholody cheol ctheor sor
ZL3b-n,f96r,"f96r.7,+P0",oiir.or.ckhor.chkey.ckhocthy.or.chockhy,oiir or ckhor chkey ckhocthy or chockhy
ZL3b-n,f96r,"f96r.8,+P0",ykeor.[se:sh]cheeol.sheol.qokeeey.chol.daiin,ykeor secheeol sheol qokeeey chol daiin
ZL3b-n,f96r,"f96r.9,+P0",todar.sheo.cthody.shokocfhy.chopcho.dory,todar sheo cthody shokocfhy chopcho dory
ZL3b-n,f96r,"f96r.10,+P0",otchodol.shocthody.shockhy.otchodor.cho{cty},otchodol shocthody shockhy otchodor chocty
ZL3b-n,f96r,"f96r.11,+P0",teol.cheody.shodol.qokchod<->s<->aiin.chokey,teol cheody shodol qokchodsaiin chokey
ZL3b-n,f96r,"f96r.12,+P0",dcheor.cheol.cheodaiin.ol<->dy<->d<->chs<->archeody,dcheor cheol cheodaiin oldydchsarcheody
ZL3b-n,f96r,"f96r.13,+P0",oteodsho.qotchos<$>,oteodsho qotchos
ZL3b-n,f96v,"f96v.1,@P0",<%>psheessheeor.qoepsheody.odar.ocpheeo<->opar.ysar.osoj,psheessheeor qoepsheody odar ocpheeoopar ysar osoj
ZL3b-n,f96v,"f96v.2,+P0","ytear.yteor.olcheey.dteodoiin<->saro<->qoches,y,cheom",ytear yteor olcheey dteodoiinsaroqoches y cheom
ZL3b-n,f96v,"f96v.3,+P0",dcheoteos.cpheos.sor.chcthory<->cth<->ytchey.daiin,dcheoteos cpheos sor chcthorycthytchey daiin
ZL3b-n,f96v,"f96v.4,+P0",dsheos.sheey.teocthey.{ct}eeodody,dsheos sheey teocthey cteeodody
ZL3b-n,f96v,"f96v.5,+P0",tockhy.cthey.ckheeody.ar.eeeykey,tockhy cthey ckheeody ar eeeykey
ZL3b-n,f96v,"f96v.6,+P0",yteeody.teodar.alchey.sy,yteeody teodar alchey sy
ZL3b-n,f96v,"f96v.7,+P0",sheodal.chorary{cto}l,sheodal choraryctol
ZL3b-n,f96v,"f96v.8,+P0",ycheey.ckheal.daiins,ycheey ckheal daiins
ZL3b-n,f96v,"f96v.9,+P0",oeol.ckheor.cheoraiin,oeol ckheor cheoraiin
ZL3b-n,f96v,"f96v.10,+P0",ctheor.oral.char.ckhey,ctheor oral char ckhey
ZL3b-n,f96v,"f96v.11,+P0",sar.os.checkhey.so{cthh},sar os checkhey socthh
ZL3b-n,f96v,"f96v.12,+P0",sosar.cheekeo.dain,sosar cheekeo dain
ZL3b-n,f96v,"f96v.13,+P0",soysar.cheor<$>,soysar cheor
ZL3b-n,f99r,"f99r.1,@Lc",<!68a>okaradag,okaradag
ZL3b-n,f99r,"f99r.2,@Lf","<!68b>okar,y",okar y
ZL3b-n,f99r,"f99r.3,@Lf",<!69>darar,darar
ZL3b-n,f99r,"f99r.4,@Lf",<!70>oky,oky
ZL3b-n,f99r,"f99r.5,@Lf",<!71>salo,salo
ZL3b-n,f99r,"f99r.6,@Lf",<!72>aro,aro
ZL3b-n,f99r,"f99r.7,+Lf",<!72>ain,ain
ZL3b-n,f99r,"f99r.8,@Lf",<!73>okor,okor
ZL3b-n,f99r,"f99r.9,@Lf",<!74>ralol,ralol
ZL3b-n,f99r,"f99r.10,@Lf",<!75>skeeal,skeeal
ZL3b-n,f99r,"f99r.11,@Lf",<!76>okary,okary
ZL3b-n,f99r,"f99r.12,@Lf",<!77>okolo,okolo
ZL3b-n,f99r,"f99r.13,@Lf",<!78>otalam,otalam
ZL3b-n,f99r,"f99r.14,@Lf",<!79>otoldy,otoldy
ZL3b-n,f99r,"f99r.15,@P0",<%>pcheody.oteody.<!gap>daiin.cpheey.tshol.dal.cfheol.olaiin.sar,pcheody oteody daiin cpheey tshol dal cfheol olaiin sar
ZL3b-n,f99r,"f99r.16,+P0","saroshy.shor.s,shor.sheol.kolsheol.qoeol.sholkol.ckhol.ckhory",saroshy shor s shor sheol kolsheol qoeol sholkol ckhol ckhory
ZL3b-n,f99r,"f99r.17,+P0",dcheor.chr.al.yckhy.okeol.ckhor.oraiin.chor.qokeeor.chory,dcheor chr al yckhy okeol ckhor oraiin chor qokeeor chory
ZL3b-n,f99r,"f99r.18,+P0",qokeor.chol.ykol.cheey.chody.ckhol.daiin.okeoly.daiin.ckhy<$>,qokeor chol ykol cheey chody ckhol daiin okeoly daiin ckhy
ZL3b-n,f99r,"f99r.19,@Lc",<!80a>oparal,oparal
ZL3b-n,f99r,"f99r.20,@Lf",<!80b>oaro,oaro
ZL3b-n,f99r,"f99r.21,@Lf",<!81>aloly,aloly
ZL3b-n,f99r,"f99r.23,@Lf",<!83>choky,choky
ZL3b-n,f99r,"f99r.24,@Lf",<!84>oky,oky
ZL3b-n,f99r,"f99r.25,@Lf",<!85a>okeoly,okeoly
ZL3b-n,f99r,"f99r.26,@Lf",<!85b>yteold,yteold
ZL3b-n,f99r,"f99r.27,@Lf",<!86a>cheotchy,cheotchy
ZL3b-n,f99r,"f99r.28,@P0",<%>kodaiin.opchey.qoky.dar.otchor.opsho.okeol.sheol.oteoefol,kodaiin opchey qoky dar otchor opsho okeol sheol oteoefol
ZL3b-n,f99r,"f99r.29,+P0",dsheol.ckhey.ckheol.okeol.ctheol.qokey.ckhol.okeol.okeey.dald,dsheol ckhey ckheol okeol ctheol qokey ckhol okeol okeey dald
ZL3b-n,f99r,"f99r.30,+P0","tol,cheody.qokol.okoly.okoldy.qokoly.qokal.okchol.qokold",tol cheody qokol okoly okoldy qokoly qokal okchol qokold
ZL3b-n,f99r,"f99r.31,+P0","chees.okeey.qotol.sheol,daiin.qotol.okeol<$>",chees okeey qotol sheol daiin qotol okeol
ZL3b-n,f99r,"f99r.32,@Lc",<!87a>tsholdy,tsholdy
ZL3b-n,f99r,"f99r.33,@Lf",<!87b>okos,okos
ZL3b-n,f99r,"f99r.34,@Lf",<!87c>oekey,oekey
ZL3b-n,f99r,"f99r.35,@Lf",<!88>dar,dar
ZL3b-n,f99r,"f99r.36,@Lf",<!89>chockhi[a:y],chockhia
ZL3b-n,f99r,"f99r.37,@Lf","<!90>r,cheyet",r cheyet
ZL3b-n,f99r,"f99r.38,@Lf",<!91>saiiny,saiiny
ZL3b-n,f99r,"f99r.39,@Lf",<!92>sory,sory
ZL3b-n,f99r,"f99r.40,@Lf",<!93>dam,dam
ZL3b-n,f99r,"f99r.41,@P0","<%>tsheeor.cpheol.{ck}ey.pchol.ckhey.ypchol,chor.choly.qotocthey.qkory",tsheeor cpheol ckey pchol ckhey ypchol chor choly qotocthey qkory
ZL3b-n,f99r,"f99r.42,+P0",sol.sheol.keshey.qokeeey.chs.chey.dalchey.ctheey.daiin.cheom,sol sheol keshey qokeeey chs chey dalchey ctheey daiin cheom
ZL3b-n,f99r,"f99r.43,+P0",daiin.cheeokeey.checkhey.dor.oldy.sheey.keody.okeeey.s.aiin.ols,daiin cheeokeey checkhey dor oldy sheey keody okeeey s aiin ols
ZL3b-n,f99r,"f99r.44,+P0",qokey.chkeey.chey.ckhey.ckhey.ykeey.oiin.air.chody.oeksa<$>,qokey chkeey chey ckhey ckhey ykeey oiin air chody oeksa
ZL3b-n,f99r,"f99r.45,@Lc",<!94a>yteoldy,yteoldy
ZL3b-n,f99r,"f99r.46,@Lf",<!94b>tolsasy,tolsasy
ZL3b-n,f99r,"f99r.47,@P0","<%>tol,keey.ctheey",tol keey ctheey
ZL3b-n,f99r,"f99r.48,+P0","ykeol.okeol.ockhey.chol.cheodal.okeo,r,alcheeg.orar",ykeol okeol ockhey chol cheodal okeo r alcheeg orar
ZL3b-n,f99r,"f99r.49,+P0","okeeey.keey.keear.okeey.daiin.okeol,s.aiin.olaiir.oolsal",okeeey keey keear okeey daiin okeol s aiin olaiir oolsal
ZL3b-n,f99r,"f99r.50,+P0",qokeeo.okeey.qokeey.okesy.qokeeo.sar.sheseky.or.al,qokeeo okeey qokeey okesy qokeeo sar sheseky or al
ZL3b-n,f99r,"f99r.51,+P0","yshaiin.{ykh}ey.octhey.dy,daiin.okor.okeey.sh{cty}sh",yshaiin ykhey octhey dy daiin okor okeey shctysh
ZL3b-n,f99r,"f99r.52,+P0","ychor.ols.or,agairom<$>",ychor ols or agairom
ZL3b-n,f99v,"f99v.1,@Lc",<!95a>okaramy,okaramy
ZL3b-n,f99v,"f99v.2,@Lf",<!95b>otoldy,otoldy
ZL3b-n,f99v,"f99v.3,@Lf",<!96>otor<->chy,otorchy
ZL3b-n,f99v,"f99v.4,@Lf",<!97>oldy,oldy
ZL3b-n,f99v,"f99v.5,@Lf",<!98>dar<->ary,darary
ZL3b-n,f99v,"f99v.6,@Lf",<!99>otaly,otaly
ZL3b-n,f99v,"f99v.7,@Lf",<!100>olsy,olsy
ZL3b-n,f99v,"f99v.8,@Lf",<!101>arol,arol
ZL3b-n,f99v,"f99v.9,@Lf",<!102>otoky,otoky
ZL3b-n,f99v,"f99v.10,@P0",<%>sol.cheols.ockhey.qo{ckhh}y.qkoldy.s<->ok.oleees.oteey.dain,sol cheols ockhey qockhhy qkoldy sok oleees oteey dain
ZL3b-n,f99v,"f99v.11,+P0",okoiin.choty.qokchol.qokeol.okoldy<->q{kh}oldy.toly.daiin,okoiin choty qokchol qokeol okoldyqkholdy toly daiin
ZL3b-n,f99v,"f99v.12,+P0","qokeo.qokeol.chockhy.otol.daiin.oty<->oto{ck}ey.da.chor,aiin",qokeo qokeol chockhy otol daiin otyotockey da chor aiin
ZL3b-n,f99v,"f99v.13,+P0",okoraiin.okol.shocthy<->qokor.oloiram<$>,okoraiin okol shocthyqokor oloiram
ZL3b-n,f99v,"f99v.14,@Lc",<!103a>okoldody,okoldody
ZL3b-n,f99v,"f99v.15,@Lf",<!103b>oeeesary,oeeesary
ZL3b-n,f99v,"f99v.16,@Lf",<!104>daiiinc,daiiinc
ZL3b-n,f99v,"f99v.17,@Lf",<!105>sary,sary
ZL3b-n,f99v,"f99v.18,@Lf",<!106>saiino,saiino
ZL3b-n,f99v,"f99v.19,@Lf",<!107>otolsar,otolsar
ZL3b-n,f99v,"f99v.20,@Lf",<!108>osary,osary
ZL3b-n,f99v,"f99v.21,@P0","<%>doror.okeeody.opar.okor.eosaiin.otoraiin.shey.ols,aiiin.qoetal",doror okeeody opar okor eosaiin otoraiin shey ols aiiin qoetal
ZL3b-n,f99v,"f99v.22,+P0","doiin.otey.o.keeol,s,aiin.okeol.qokeol.ctheol.qokeol.dy.qokaiin",doiin otey o keeol s aiin okeol qokeol ctheol qokeol dy qokaiin
ZL3b-n,f99v,"f99v.23,+P0",qokeey.chol.okeoldy.qokol.qokeolo.lchol.okeol.sheodol.qokeechom,qokeey chol okeoldy qokol qokeolo lchol okeol sheodol qokeechom
ZL3b-n,f99v,"f99v.24,+P0","shokeeey.cholshey.okol.qokey.okeodal,oldy<$>",shokeeey cholshey okol qokey okeodal oldy
ZL3b-n,f99v,"f99v.25,@Lc",<!109a>darolaly,darolaly
ZL3b-n,f99v,"f99v.26,@Lf",<!109b>okechy,okechy
ZL3b-n,f99v,"f99v.27,@Lf",<!110>otal,otal
ZL3b-n,f99v,"f99v.28,@Lf",<!110b>chor.olekor,chor olekor
ZL3b-n,f99v,"f99v.29,@Lf",<!111>okeodor,okeodor
ZL3b-n,f99v,"f99v.30,@Lf",<!112>olky,olky
ZL3b-n,f99v,"f99v.31,@Lf",<!113>doldam,doldam
ZL3b-n,f99v,"f99v.32,@P0",<%>qokeeoy.chokol.qokeeo.dy.qokeeol.olpchey.daiir.okeedy<->okolol,qokeeoy chokol qokeeo dy qokeeol olpchey daiir okeedyokolol
ZL3b-n,f99v,"f99v.33,+P0",dol.okeeol.okeor.okal.okaiin.ckheol.okolaiin.okolaiin.cheoldy,dol okeeol okeor okal okaiin ckheol okolaiin okolaiin cheoldy
ZL3b-n,f99v,"f99v.34,+P0","yoiin,ol.ol.olaiin.qockhey.qokol.olshy.qokeeor.or.aiin.doldam",yoiin ol ol olaiin qockhey qokol olshy qokeeor or aiin doldam
ZL3b-n,f99v,"f99v.35,+P0","ol,okeeey.oqoeeol.cheol.chody.okoiin<$>",ol okeeey oqoeeol cheol chody okoiin
ZL3b-n,f99v,"f99v.36,@Lc",<!114a>oralas,oralas
ZL3b-n,f99v,"f99v.37,@P0","<%>{c@132;}eol,so{c@133;h}ey.qokol.olkeol.daiin<->okoly",eol soey qokol olkeol daiinokoly
ZL3b-n,f99v,"f99v.38,+P0",ol.cheey.qokeol.okeol.okeol.shokol<->ykey,ol cheey qokeol okeol okeol shokolykey
ZL3b-n,f99v,"f99v.39,+P0",dar.shol.okchey.ckhey.qokololal<->okeol,dar shol okchey ckhey qokololalokeol
ZL3b-n,f99v,"f99v.40,+P0",or.aiin.okeody.okol.odaiin.qoky<->olaldy,or aiin okeody okol odaiin qokyolaldy
ZL3b-n,f99v,"f99v.41,+P0",qockhol.oiin.shody.qokol.aiidal<->aiidaiim,qockhol oiin shody qokol aiidalaiidaiim
ZL3b-n,f99v,"f99v.42,+P0","ol,sheol.olkeol.okol.or.oraloly<->ykeol.okal.okaldaly",ol sheol olkeol okol or oralolyykeol okal okaldaly
ZL3b-n,f99v,"f99v.43,+P0","ychol,olkeeoldy<$>",ychol olkeeoldy
ZL3b-n,f99v,"f99v.44,@Lf",<!114b>koleearol,koleearol
ZL3b-n,f100r,"f100r.1,@Lf",<!115>chosaroshol,chosaroshol
ZL3b-n,f100r,"f100r.2,@Lf",<!116>sochorcfhy,sochorcfhy
ZL3b-n,f100r,"f100r.3,@Lf",<!117>otear,otear
ZL3b-n,f100r,"f100r.4,@Lf",<!118>chofa[r:n]y,chofary
ZL3b-n,f100r,"f100r.5,@Lf","<!119>sar,char<->daiindy",sar chardaiindy
ZL3b-n,f100r,"f100r.6,@Lf",<!120>o[r:s]aro,oraro
ZL3b-n,f100r,"f100r.7,@Lf",<!121>chalsain,chalsain
ZL3b-n,f100r,"f100r.8,@Lf",<!122>soity,soity
ZL3b-n,f100r,"f100r.9,@Lf",<!123>sosam,sosam
ZL3b-n,f100r,"f100r.10,@Lf",<!124>dakocth,dakocth
ZL3b-n,f100r,"f100r.11,@Lf",<!125>sofam,sofam
ZL3b-n,f100r,"f100r.12,@P0","<%>pcheol.sheod.qocpheeckhy.shodol.{c@132;h}da,@168;oto.cho[?:ch]os.sheey.ch{cthh'}o.s",pcheol sheod qocpheeckhy shodol da oto sheey cho s
ZL3b-n,f100r,"f100r.13,+P0",dsheor.cthey.qokeey.oteey.ykeeodain.[r:s]orarydaiin.daiin.deeomchol,dsheor cthey qokeey oteey ykeeodain rorarydaiin daiin deeomchol
ZL3b-n,f100r,"f100r.14,+P0",shor.chkeey.qoteey.qokeody.qoteold.qokeol.so.raiin.otal.yk[eee:ech]o,shor chkeey qoteey qokeody qoteold qokeol so raiin otal ykeeeo
ZL3b-n,f100r,"f100r.15,+P0",dcheor.shol.qokeeol.chor.chol.qokeeody.dareu<$>,dcheor shol qokeeol chor chol qokeeody dareu
ZL3b-n,f100r,"f100r.16,@Lf",<!126/1st half>okeeos,okeeos
ZL3b-n,f100r,"f100r.17,@Lf",<!127>shockhey,shockhey
ZL3b-n,f100r,"f100r.18,@Lf",<!126/2nd half>orol,orol
ZL3b-n,f100r,"f100r.19,@Lf",<!128>olcheom,olcheom
ZL3b-n,f100r,"f100r.20,@Lf",<!130>oteol,oteol
ZL3b-n,f100r,"f100r.21,@Lf",<!129>okols,okols
ZL3b-n,f100r,"f100r.22,@P0","<%>folshody.choldaiin.fchod,ycheol.cphol.qotees.shey.aseso,alcfhy",folshody choldaiin fchod ycheol cphol qotees shey aseso alcfhy
ZL3b-n,f100r,"f100r.23,+P0",soiin.chol.cphol.shol.shol.qockhol.chor.chol.sho.keey.{chkhh}y.ykeeam,soiin chol cphol shol shol qockhol chor chol sho keey chkhhy ykeeam
ZL3b-n,f100r,"f100r.24,+P0","saiichor.sheor.qockhody.odeor.yk,sheey.cholsheody.sai.cheol.raiin",saiichor sheor qockhody odeor yk sheey cholsheody sai cheol raiin
ZL3b-n,f100r,"f100r.25,+P0",sheor.qkeeody.chol.daiin.ctheol.olcheol.cheky.cheol.cheockhy.okeol,sheor qkeeody chol daiin ctheol olcheol cheky cheol cheockhy okeol
ZL3b-n,f100r,"f100r.26,+P0",yaiin.chekeey.chol.cholody.chos.olchor.qokeol.okeeol.cheols.al,yaiin chekeey chol cholody chos olchor qokeol okeeol cheols al
ZL3b-n,f100r,"f100r.27,+P0",chol.cheol.cho.chckheody.otolchey<$>,chol cheol cho chckheody otolchey
ZL3b-n,f100v,"f100v.1,@Lf",<!131>tolchd,tolchd
ZL3b-n,f100v,"f100v.2,@Lf",<!132>chols,chols
ZL3b-n,f100v,"f100v.3,@Lf",<!133>opchor,opchor
ZL3b-n,f100v,"f100v.4,@Lf",<!134>solsy,solsy
ZL3b-n,f100v,"f100v.5,@Lf",<!135>soleesos,soleesos
ZL3b-n,f100v,"f100v.6,@Lf",<!136>ykchochdy,ykchochdy
ZL3b-n,f100v,"f100v.7,@Lf",<!137>ykchdy,ykchdy
ZL3b-n,f100v,"f100v.8,@Lf",<!138>dchdy,dchdy
ZL3b-n,f100v,"f100v.9,@Lf",<!139>dalsy,dalsy
ZL3b-n,f100v,"f100v.10,@Lf",<!140>okcheor,okcheor
ZL3b-n,f100v,"f100v.11,@Lf",<!141>ytchol,ytchol
ZL3b-n,f100v,"f100v.12,@Lf",<!142>dykchal,dykchal
ZL3b-n,f100v,"f100v.13,@Lf",<!143>chos.ctharal,chos ctharal
ZL3b-n,f100v,"f100v.14,@P0",<%>{c@132;h}dee{c@133;h}y.sheocphy.qoteody.ckhoor.ar.chor.oteey.daiin.qokomo,deey sheocphy qoteody ckhoor ar chor oteey daiin qokomo
ZL3b-n,f100v,"f100v.15,+P0","sor.cheey.dair.ol.cheol.qoolkeey.chol.cheey.qokeol.chotol,s",sor cheey dair ol cheol qoolkeey chol cheey qokeol chotol s
ZL3b-n,f100v,"f100v.16,+P0","ykeeol.chol.chey.eeoseeo,s.sheeo.okeol.ches.okeor.okeol.dy",ykeeol chol chey eeoseeo s sheeo okeol ches okeor okeol dy
ZL3b-n,f100v,"f100v.17,+P0",chockhey.sholkcheol.qokeol.okol.chol.chotor.chso.solcthy,chockhey sholkcheol qokeol okol chol chotor chso solcthy
ZL3b-n,f100v,"f100v.18,+P0",tachso.s.ol.cheo.cheeor.odaidy.ckhod.sh.chod.qokeol.sal,tachso s ol cheo cheeor odaidy ckhod sh chod qokeol sal
ZL3b-n,f100v,"f100v.19,+P0",sain.cheokeos.chockhy.chocthey.keody.cho{ckhh}or.chckhey.du,sain cheokeos chockhy chocthey keody chockhhor chckhey du
ZL3b-n,f100v,"f100v.20,+P0",ycheoky.shokeesy.qokeey.chokeol.saraloaly.cheor.ol.chockhar,ycheoky shokeesy qokeey chokeol saraloaly cheor ol chockhar
ZL3b-n,f100v,"f100v.21,+P0",soral.okor.ol.choy.ly.araroy.okar.cheeeal.cheokeol.orey,soral okor ol choy ly araroy okar cheeeal cheokeol orey
ZL3b-n,f100v,"f100v.22,+P0",daiin.cheky.chory<$>,daiin cheky chory
ZL3b-n,f101r,"f101r.1,@P0","<%>pcheol.sheol.ol,shey.qockhol.shor.yteol.sheockhey.qpol.chear.s,aiin.oleeey.qkeey.chopcheey.checkhey.cpheocthy.ykchy.cheey.chekeey.dal.chey",pcheol sheol ol shey qockhol shor yteol sheockhey qpol chear s aiin oleeey qkeey chopcheey checkhey cpheocthy ykchy cheey chekeey dal chey
ZL3b-n,f101r,"f101r.2,+P0","dol.chokeey.chkey.cthey.okalchol.kol,o,keey.r.or.ol.okol,ol.olchey.qok,chal.okey.qokeol.kar.shey.teol.or.oiiin.chol,daiin<$>",dol chokeey chkey cthey okalchol kol o keey r or ol okol ol olchey qok chal okey qokeol kar shey teol or oiiin chol daiin
ZL3b-n,f101r,"f101r.3,+P0","<%>@183;ol{c@133;h}eol.okeor.r.sheol.qokol.shey.dol.shey.okeey.ctheey.yteeoldy.kchol.ol,sheody.or.ol.sheor.qotoiir.otol.sheey.s,sheo.tchey.ol,dar.am",oleol okeor r sheol qokol shey dol shey okeey ctheey yteeoldy kchol ol sheody or ol sheor qotoiir otol sheey s sheo tchey ol dar am
ZL3b-n,f101r,"f101r.4,+P0",ycheeo.or.sheeol.daiin.sheeol.okeol.ctheol.{c'y}keeo.qockheol.daiin.shy.chol.okeeor.{cto}dy.chkchol.dateody.okeol.dairin.okeey.okeey.dairin,ycheeo or sheeol daiin sheeol okeol ctheol keeo qockheol daiin shy chol okeeor ctody chkchol dateody okeol dairin okeey okeey dairin
ZL3b-n,f101r,"f101r.5,+P0","daiin.ctheol.cheol.okor.or.aiin.cheol.cho,keeodchey.okol.okeol.dor.chol.ch[y:a].r.aiin.oteol.or,aiin.ol,chey.oteeod.sheol.okeol.chosaiin.sheam",daiin ctheol cheol okor or aiin cheol cho keeodchey okol okeol dor chol chy r aiin oteol or aiin ol chey oteeod sheol okeol chosaiin sheam
ZL3b-n,f101r,"f101r.6,+P0",okeeol.sho.shody.sho.shol.okeeeol.che[a:y]s.sheokeey.sheeor.chchy.chodaiin.cheeckhey.teeol.s.cheol.rar.oeeor<$>,okeeol sho shody sho shol okeeeol cheas sheokeey sheeor chchy chodaiin cheeckhey teeol s cheol rar oeeor
ZL3b-n,f101r,"f101r.7,+P0","<%>cphoar.oaiin.ypcholy.daiin.otaiin.otaiin.yfolaiin.@184;cheolain.ypchey.{yph}ody.shotey.odariin.sheo[o:a]r.sheor.ckheey.{ykh}ey.qokchey.cholp.cheol,dy",cphoar oaiin ypcholy daiin otaiin otaiin yfolaiin cheolain ypchey yphody shotey odariin sheoor sheor ckheey ykhey qokchey cholp cheol dy
ZL3b-n,f101r,"f101r.8,+P0","olaiin.oteol.chor.oteey.chokchey.kor,daiin.shok.chol.chol.qoky.daiin.ol.s.al.ydar.daiin,or.ory.okeey.daiin.shey.daiin.okol.cheor",olaiin oteol chor oteey chokchey kor daiin shok chol chol qoky daiin ol s al ydar daiin or ory okeey daiin shey daiin okol cheor
ZL3b-n,f101r,"f101r.9,+P0","daiin.okeol.qokcheol.ykeor.dar.ol.otechy.ykeor.dor.aiin.chl,s.cheol.okeol.shey.qodar.soiin.choko.qokeol.daiin.[o:y],dar.okchol.cheo,rcheky",daiin okeol qokcheol ykeor dar ol otechy ykeor dor aiin chl s cheol okeol shey qodar soiin choko qokeol daiin o dar okchol cheo rcheky
ZL3b-n,f101r,"f101r.10,+P0",ysho.qykeeol.chol.sho.odor.dor.chees.ykeol.chol.dol.kor.a{ith}y.ol.chso.sha.olcheeol.kolshey.okeoly.oiin.aiioly<$>,ysho qykeeol chol sho odor dor chees ykeol chol dol kor aithy ol chso sha olcheeol kolshey okeoly oiin aiioly
ZL3b-n,f101v,"f101v.1,@Lf",[s:r]airaly,sairaly
ZL3b-n,f101v,"f101v.2,@Lf",otaldy,otaldy
ZL3b-n,f101v,"f101v.3,@Lf",otol,otol
ZL3b-n,f101v,"f101v.4,@Lf",ytal,ytal
ZL3b-n,f101v,"f101v.5,@Lf",dokor,dokor
ZL3b-n,f101v,"f101v.6,@Lf",orar,orar
ZL3b-n,f101v,"f101v.7,@Lf",otarar,otarar
ZL3b-n,f101v,"f101v.8,@Lf",ot[o:a]ly,otoly
ZL3b-n,f101v,"f101v.9,@Lf",soraly,soraly
ZL3b-n,f101v,"f101v.10,@Lf",okol,okol
ZL3b-n,f101v,"f101v.11,@Lf",arom,arom
ZL3b-n,f101v,"f101v.12,@Lf",oraram,oraram
ZL3b-n,f101v,"f101v.13,@Lf",oraeep,oraeep
ZL3b-n,f101v,"f101v.14,@Lf",dytolg,dytolg
ZL3b-n,f101v,"f101v.15,@Lf",olkor,olkor
ZL3b-n,f101v,"f101v.16,@Lf",dolary,dolary
ZL3b-n,f101v,"f101v.17,@Lf",odor,odor
ZL3b-n,f101v,"f101v.18,@Lf",olaran,olaran
ZL3b-n,f101v,"f101v.19,@P0","<%>tolchor.cheopor.or,ody.cphey,r.shee.fol,s,oiin.otsheey.otch???y,kcho,pcholy.chor.or.choror.sy<->dorar<->okoraiin.orolodain",tolchor cheopor or ody cphey r shee fol s oiin otsheey kcho pcholy chor or choror sydorarokoraiin orolodain
ZL3b-n,f101v,"f101v.20,+P0",or.aiin.or.o.or.odam.chor.s.aiin.okor.cheeor.sheeol.qokol.et???ol.qoor.cheey.qykeod.oeeo.r.choy.s<->okeeody<->chodaiin.cthy.okody.dar,or aiin or o or odam chor s aiin okor cheeor sheeol qokol qoor cheey qykeod oeeo r choy sokeeodychodaiin cthy okody dar
ZL3b-n,f101v,"f101v.21,+P0",ycheor.o[?:e]o.dain.cheokal.{ykh}ody.cheeods.oraiin.qoeey.cthey.???eocthy.dain.cheod?.dydy<$>,ycheor dain cheokal ykhody cheeods oraiin qoeey cthey dain dydy
ZL3b-n,f101v,"f101v.22,+P0","<%>ksear.lol,keeol.otal.or.ol.aiin.okeod.{ykh}ey.dain.olcheol.???opcheol.cthey.qekeoldy.qocthor.sheody.qo{ckhh}ey.odaiin.shoytolaiin.?sodaiin,dy",ksear lol keeol otal or ol aiin okeod ykhey dain olcheol cthey qekeoldy qocthor sheody qockhhey odaiin shoytolaiin dy
ZL3b-n,f101v,"f101v.23,+P0","yaiin.ol,olor.daiin.okeey.qok.ykeol.daiin.qockhy.daiin.olch???dar.qokeol.dol.oraiin.oldaiin.keeol@138;,rch.qokeeeor.s,ydy.cheor.okeey.choldy.dar",yaiin ol olor daiin okeey qok ykeol daiin qockhy daiin qokeol dol oraiin oldaiin keeol rch qokeeeor s ydy cheor okeey choldy dar
ZL3b-n,f101v,"f101v.24,+P0","teeeol.sheol.qokeor.{ykh}ol.olcho.r.chokey.chor.ctheey.daiin???daiin.cheeody.cheey,keo.cheol.daiiin.deeor.cheedy<$>",teeeol sheol qokeor ykhol olcho r chokey chor ctheey cheeody cheey keo cheol daiiin deeor cheedy
ZL3b-n,f101v,"f101v.25,+P0","<%>daiin.dair.yteol.chor.qockhol.daiin.ckheey.chey.kchey.da???oiin.okeey.ckheo,l,cheody.kcheol.daiin.etee[o:y]s.ctheody.ctheo.ckhosh[?:e].olchor",daiin dair yteol chor qockhol daiin ckheey chey kchey okeey ckheo l cheody kcheol daiin eteeos ctheody ctheo olchor
ZL3b-n,f101v,"f101v.26,+P0","olaiin.okeol.cheo.kol.ches.sheey.qoor.qokeody.cheor.okeo.???oiin.cheey.cthey.ory.ctheey.qokeey.shol.ody.cheol.oralar.shey.qokar,ary",olaiin okeol cheo kol ches sheey qoor qokeody cheor okeo cheey cthey ory ctheey qokeey shol ody cheol oralar shey qokar ary
ZL3b-n,f101v,"f101v.27,+P0","sal.chol.choly.okeey.dal.qol.shckheol.chol.cthear.keeol.???cheeo.ol,chs.oraiin.qokeeey.soiin.qodaiin.cheol.qokeey.daiin.cheodam",sal chol choly okeey dal qol shckheol chol cthear keeol ol chs oraiin qokeeey soiin qodaiin cheol qokeey daiin cheodam
ZL3b-n,f101v,"f101v.28,+Pc","teol.cheol.etchey.???cheo,r.cheol.cthol.cholaiin.chol,qkar<$>",teol cheol etchey r cheol cthol cholaiin chol qkar
ZL3b-n,f102r1,"f102r1.1,@Lc",<!201a>daarod,daarod
ZL3b-n,f102r1,"f102r1.2,@Lf",<!201b>otodeeodor,otodeeodor
ZL3b-n,f102r1,"f102r1.3,@P0",<%>polaiin.shocthy.qoteol.loiiin.oteeor.cpheodar.sholdaiin,polaiin shocthy qoteol loiiin oteeor cpheodar sholdaiin
ZL3b-n,f102r1,"f102r1.4,+P0",dsheody.okeeoy.kod[?:a].chkeeody.daraiiin.ctheoly.qokcheololain,dsheody okeeoy chkeeody daraiiin ctheoly qokcheololain
ZL3b-n,f102r1,"f102r1.5,+P0",ytol.sheol.she.olaiin.orain.oraroekeol.chol.ekey.qokol.dain,ytol sheol she olaiin orain oraroekeol chol ekey qokol dain
ZL3b-n,f102r1,"f102r1.6,+P0",daiin.ykeeol.oldy.okodaiin<$>,daiin ykeeol oldy okodaiin
ZL3b-n,f102r1,"f102r1.7,@Lc",<!202a>okolaly,okolaly
ZL3b-n,f102r1,"f102r1.8,@P0",<%>pshodaiin.qoorar.chopy<->chofol.daiin.oteol.qoteol.doly,pshodaiin qoorar chopychofol daiin oteol qoteol doly
ZL3b-n,f102r1,"f102r1.9,+P0","daiin.orsheoldy.qokeol<->oteeody.lshodykeodal.qokshdy,sy",daiin orsheoldy qokeoloteeody lshodykeodal qokshdy sy
ZL3b-n,f102r1,"f102r1.10,+P0",ycheol.sholdy.chol.chol.ykeeol.dol.doleodaiin.dal.cthedy,ycheol sholdy chol chol ykeeol dol doleodaiin dal cthedy
ZL3b-n,f102r1,"f102r1.11,+P0","dcheo.qockhy.sol,sheey.okeody.qokeodol.shockhey.oleeol<$>",dcheo qockhy sol sheey okeody qokeodol shockhey oleeol
ZL3b-n,f102r1,"f102r1.12,@Lc",<!203a>ddardsh,ddardsh
ZL3b-n,f102r1,"f102r1.13,@P0",<%>teesody.qoeol.olcheor.qokey.okshey.qokeol.sheofol{ckhh}y,teesody qoeol olcheor qokey okshey qokeol sheofolckhhy
ZL3b-n,f102r1,"f102r1.14,+P0",doeey.keeol.qokeo.daor.shey.qoteol.okol.chos.s.or.oeeaiin,doeey keeol qokeo daor shey qoteol okol chos s or oeeaiin
ZL3b-n,f102r1,"f102r1.15,+P0",or.chol.daiin.dykeor.sheey.qokeody.dor.os.ykeeykam,or chol daiin dykeor sheey qokeody dor os ykeeykam
ZL3b-n,f102r1,"f102r1.16,+P0","ddor.chordam<->soraiin.ykeey,dy.okeol.doeoear<->s.aral.dor",ddor chordamsoraiin ykeey dy okeol doeoears aral dor
ZL3b-n,f102r1,"f102r1.17,+P0","ydar,arody<->oldaiin.sody.chockhy,oly<$>",ydar arodyoldaiin sody chockhy oly
ZL3b-n,f102r2,"f102r2.1,@Lc",kodaiig,kodaiig
ZL3b-n,f102r2,"f102r2.2,@P0","<%>lsais.azg.cheey.cfhey.por,aiin.chefol,y",lsais azg cheey cfhey por aiin chefol y
ZL3b-n,f102r2,"f102r2.3,+P0",ycheor.olaiin.olsho.qokol.olaiin.oldam,ycheor olaiin olsho qokol olaiin oldam
ZL3b-n,f102r2,"f102r2.4,+P0",daiin.ckheeol.oldor.okol.cheodor.sor.airam,daiin ckheeol oldor okol cheodor sor airam
ZL3b-n,f102r2,"f102r2.5,+P0",tor.sheo.or.chey.qoor.yteor.chol.choky,tor sheo or chey qoor yteor chol choky
ZL3b-n,f102r2,"f102r2.6,+P0","daiin.okody.qokeody.okeol.dor.chckhy.oteod.s,orsy<$>",daiin okody qokeody okeol dor chckhy oteod s orsy
ZL3b-n,f102r2,"f102r2.8,@P0",<%>kolor.olaiin.opor.shey.opolkod.odain.sheo.qoeol.shey,kolor olaiin opor shey opolkod odain sheo qoeol shey
ZL3b-n,f102r2,"f102r2.9,+P0",dor.oiin.okeody.qokeol.sheoy.qo[o:d]chey.ckheol.sheey.skeekyd,dor oiin okeody qokeol sheoy qoochey ckheol sheey skeekyd
ZL3b-n,f102r2,"f102r2.10,+P0",shockhy.qockhey.sol.eeey.dol.cheol.doaiin.qkeeey.cthey,shockhy qockhey sol eeey dol cheol doaiin qkeeey cthey
ZL3b-n,f102r2,"f102r2.11,+P0","kockhas.okor.ykeey.okeey.qokeey.dol.ol.sheody.okey.da,l,{cthhh}y",kockhas okor ykeey okeey qokeey dol ol sheody okey da l cthhhy
ZL3b-n,f102r2,"f102r2.12,+P0","ytchy.o,l,ockhy.okeey.cheody.saiin.dol.ockhy.okeady<$>",ytchy o l ockhy okeey cheody saiin dol ockhy okeady
ZL3b-n,f102r2,"f102r2.13,@Lc",loeekadag<!top word>,loeekadag
ZL3b-n,f102r2,"f102r2.16,@P0","<%>{c@132;h}ol.d{c@133;h}ody.cthol,soeees.ykeody.qokeey.qotchy.soefchocphy",ol dody cthol soeees ykeody qokeey qotchy soefchocphy
ZL3b-n,f102r2,"f102r2.17,+P0",ykeockhey.okey.qokeeo.ckhey.qokey.desey.qyoeey.dol.chkey.choky,ykeockhey okey qokeeo ckhey qokey desey qyoeey dol chkey choky
ZL3b-n,f102r2,"f102r2.18,+P0",otol.shey.qockhey.dol.shey.dol.sheey.qokol.daiin.oky.oky,otol shey qockhey dol shey dol sheey qokol daiin oky oky
ZL3b-n,f102r2,"f102r2.19,+P0","qokeod.okeal.okeo,l.y,cheo.ckhey.q{kh}ody.qokey.ody.keeody.chody",qokeod okeal okeo l y cheo ckhey qkhody qokey ody keeody chody
ZL3b-n,f102r2,"f102r2.20,+P0","ykeey.keeol.cheos.ydeeal.cheody.ykeea,d,o,lchey<$>",ykeey keeol cheos ydeeal cheody ykeea d o lchey
ZL3b-n,f102r2,"f102r2.21,@Lf",<!212>koldarod,koldarod
ZL3b-n,f102r2,"f102r2.22,@Lf",<!213>odalydary,odalydary
ZL3b-n,f102v2,"f102v2.1,@Lc",<!214a>porshols,porshols
ZL3b-n,f102v2,"f102v2.2,+Lc",<!214b>soaimy,soaimy
ZL3b-n,f102v2,"f102v2.3,@Lf",<!214c>oror,oror
ZL3b-n,f102v2,"f102v2.4,@Lf",<!215>chor,chor
ZL3b-n,f102v2,"f102v2.5,@Lf",<!216>sachy,sachy
ZL3b-n,f102v2,"f102v2.6,@Lf",<!217>okeo[s:r],okeos
ZL3b-n,f102v2,"f102v2.7,@Lf",<!218>okol,okol
ZL3b-n,f102v2,"f102v2.8,@Lf",<!219>otory,otory
ZL3b-n,f102v2,"f102v2.10,@Lf",<!221>okody,okody
ZL3b-n,f102v2,"f102v2.11,@Lf",<!222>cheor,cheor
ZL3b-n,f102v2,"f102v2.12,@Lf",<!223>okoroeey,okoroeey
ZL3b-n,f102v2,"f102v2.13,@Lf",<!224>opchy,opchy
ZL3b-n,f102v2,"f102v2.14,@Lf",<!225>sarol,sarol
ZL3b-n,f102v2,"f102v2.15,@Lf",<!226>olrodar,olrodar
ZL3b-n,f102v2,"f102v2.17,@P0","<%>podeesho.oteeos.sheor.qo[t:k]eeo,ch,{ckhh}y.shkeey.chekeod",podeesho oteeos sheor qoteeo ch ckhhy shkeey chekeod
ZL3b-n,f102v2,"f102v2.18,+P0","ocheos.chyokeor.okeol.okeol.shy,y",ocheos chyokeor okeol okeol shy y
ZL3b-n,f102v2,"f102v2.19,+P0","deeeo.qoeeor.o,eo{ikh}y.cheos.o.l.o,r.o,l.okeeos.ain",deeeo qoeeor o eoikhy cheos o l o r o l okeeos ain
ZL3b-n,f102v2,"f102v2.20,+P0",qokeor.cho.keeol.okeeey.qokeody.chockhey.qokeey.dol.ol.sheeoy.tody.cheoc?,qokeor cho keeol okeeey qokeody chockhey qokeey dol ol sheeoy tody
ZL3b-n,f102v2,"f102v2.21,+P0","ycheey.s.od,eey.okeeor.cheol.os,oiin.oeees.okear.chey.keey.saiin.oteo",ycheey s od eey okeeor cheol os oiin oeees okear chey keey saiin oteo
ZL3b-n,f102v2,"f102v2.22,+P0","dain.or.aiin.cheol.s,oiir.chol.sheey.qockhy.ol.keo,r.okeody.okeor.cho?",dain or aiin cheol s oiir chol sheey qockhy ol keo r okeody okeor
ZL3b-n,f102v2,"f102v2.23,+P0","okey.okey.shey.okey.oiees.or,eey<$>",okey okey shey okey oiees or eey
ZL3b-n,f102v2,"f102v2.24,@Lc",<!229a>okolky,okolky
ZL3b-n,f102v2,"f102v2.25,@Lf",<!229>osain,osain
ZL3b-n,f102v2,"f102v2.26,@Lf",<!230>aiky,aiky
ZL3b-n,f102v2,"f102v2.27,@Lf",<!231>okeeoraiin,okeeoraiin
ZL3b-n,f102v2,"f102v2.28,@Lf",<!232>okockhy,okockhy
ZL3b-n,f102v2,"f102v2.29,@Lf",<!233>os,os
ZL3b-n,f102v2,"f102v2.30,@P0","<%>pyd[ch:?]y.od[i:e]y.pcheady.qoekeey.oteey.qokeod,sheey.opaiin.deear",pydchy odiy pcheady qoekeey oteey qokeod sheey opaiin deear
ZL3b-n,f102v2,"f102v2.31,+P0",oldeey.ckhy.sheeody.eeos.sheshe<!corr?>.oeeor.ykeear.chekeey.ykory,oldeey ckhy sheeody eeos sheshe oeeor ykeear chekeey ykory
ZL3b-n,f102v2,"f102v2.32,+P0",dar.cheor.shoar.okeol.shoy.s.ar.oky.cheeor.ol.daiin.sy,dar cheor shoar okeol shoy s ar oky cheeor ol daiin sy
ZL3b-n,f102v2,"f102v2.33,+P0","qokeor.sho.?keeeos.cheor.o,s,al.chos,aiiin.o,ky.okaraiin",qokeor sho cheor o s al chos aiiin o ky okaraiin
ZL3b-n,f102v2,"f102v2.34,+P0",sorshey.okeeor.sheockhey.qokeos.okchol.ctheor.okey.sal,sorshey okeeor sheockhey qokeos okchol ctheor okey sal
ZL3b-n,f102v2,"f102v2.35,+P0","ychor.sheol.por.sheeor.shekeey.qoky.cheo,teody.qokeol.daiin",ychor sheol por sheeor shekeey qoky cheo teody qokeol daiin
ZL3b-n,f102v2,"f102v2.36,+P0",okeeor.cheey.okeey.sor.eeey.okey.okey.okeey.qokeor,okeeor cheey okeey sor eeey okey okey okeey qokeor
ZL3b-n,f102v2,"f102v2.37,+P0","tchor,ar.chey.kor.or.cthey.qoeeey.qokeey.okeoroly.sar",tchor ar chey kor or cthey qoeeey qokeey okeoroly sar
ZL3b-n,f102v2,"f102v2.38,+P0",dar.cheey.ckheey.qokeor.okey.chos.sho.ykeey.okeeo.ra[in:i?],dar cheey ckheey qokeor okey chos sho ykeey okeeo rain
ZL3b-n,f102v2,"f102v2.39,+P0",yotaiin.cheor.cheekey.orain<$>,yotaiin cheor cheekey orain
ZL3b-n,f102v1,"f102v1.1,@Lc",<!234a>keoraiiin,keoraiiin
ZL3b-n,f102v1,"f102v1.2,@Lf",<!234b>okeody,okeody
ZL3b-n,f102v1,"f102v1.3,@Lf",<!235>okeody,okeody
ZL3b-n,f102v1,"f102v1.4,@Lf",<!236>daiisaly,daiisaly
ZL3b-n,f102v1,"f102v1.5,@Lf",<!237>ypary,ypary
ZL3b-n,f102v1,"f102v1.6,@Lf",<!238>opchyt{cy},opchytcy
ZL3b-n,f102v1,"f102v1.7,@P0",<%>poaiin.ockhey.pchol.doiin.shey.shockhsy.sheocthy.qokeody,poaiin ockhey pchol doiin shey shockhsy sheocthy qokeody
ZL3b-n,f102v1,"f102v1.8,+P0","dairn.ol.chey.[cth:ckh]eol.qokeor.os,aiin.cheor.qokey.choky",dairn ol chey ctheol qokeor os aiin cheor qokey choky
ZL3b-n,f102v1,"f102v1.9,+P0","teody.ckheey.qokeol.sheky.qockheor.or.cheo,rchol.qoteor.dar",teody ckheey qokeol sheky qockheor or cheo rchol qoteor dar
ZL3b-n,f102v1,"f102v1.10,+P0","kochor.ol.ydaiin.choraiin.sheey.ykeey.kor,shey.qokey.dy",kochor ol ydaiin choraiin sheey ykeey kor shey qokey dy
ZL3b-n,f102v1,"f102v1.11,+P0","sol,chol.qooiin.qokol.cheol.chey.kolcheey.daiin.cheody.dy",sol chol qooiin qokol cheol chey kolcheey daiin cheody dy
ZL3b-n,f102v1,"f102v1.12,+P0","y,cheol.cheol.doiir.shekcheor.s,ar.cheor.{@246;kh}ey.pchodaiin",y cheol cheol doiir shekcheor s ar cheor ey pchodaiin
ZL3b-n,f102v1,"f102v1.13,+P0",toiin.ol.daiin.qkol.cheol.daiin.qokar.oaiin.cheey.[s:r]aiim,toiin ol daiin qkol cheol daiin qokar oaiin cheey saiim
ZL3b-n,f102v1,"f102v1.14,+P0",chor.cheor.ckhey.oteol.a{ikh}eky<$>,chor cheor ckhey oteol aikheky
ZL3b-n,f102v1,"f102v1.16,@Lf",<!239b>ypcholdy,ypcholdy
ZL3b-n,f102v1,"f102v1.17,@Lf",<!240>loralody,loralody
ZL3b-n,f102v1,"f102v1.18,@Lf",<!241>opchdard,opchdard
ZL3b-n,f102v1,"f102v1.19,@P0",<%>fo[i:e]daiin.dair.or.sheol.okeeol.qoteol<->oro{ikh}ey.olkey,foidaiin dair or sheol okeeol qoteoloroikhey olkey
ZL3b-n,f102v1,"f102v1.20,+P0",soiin.shey.qokeey.qoeeol.qokeody.sheody.qoeteey.okeey.dam,soiin shey qokeey qoeeol qokeody sheody qoeteey okeey dam
ZL3b-n,f102v1,"f102v1.21,+P0",qoeeody.ychey.okeody.deody.okody.cheodaiin.cheody.[r:s]am,qoeeody ychey okeody deody okody cheodaiin cheody ram
ZL3b-n,f102v1,"f102v1.22,+P0",yk[ee:ch]ody.chodaiin.qokeos.cheol.qool.chsey.oteody.okchy,ykeeody chodaiin qokeos cheol qool chsey oteody okchy
ZL3b-n,f102v1,"f102v1.23,+P0",ksheody.sho.qokey.sheody.qockhey.olcheor.odain.okchody,ksheody sho qokey sheody qockhey olcheor odain okchody
ZL3b-n,f102v1,"f102v1.24,+P0",ysaiin.ckhey.qoor.cheol<$>,ysaiin ckhey qoor cheol
ZL3b-n,f103r,"f103r.1,@P0",<%>pchedal.shdy.ytechypchy.otey.?lshey.qoteey.qotal.shedy.yshdal.dain.okal.daldy,pchedal shdy ytechypchy otey qoteey qotal shedy yshdal dain okal daldy
ZL3b-n,f103r,"f103r.2,+P0",dain.shek.ch{cphh}dy.daloky.opchedy.peshol.chep.ar.otchy.sal.lkeey.sar.ain.ok??.chedy,dain shek chcphhdy daloky opchedy peshol chep ar otchy sal lkeey sar ain chedy
ZL3b-n,f103r,"f103r.3,+P0",yshdain.sheek.cheoty.eeokal.chedy.chckhy.or.orol.okaiin.eeal.ot.kar.otar.cha[l:?],yshdain sheek cheoty eeokal chedy chckhy or orol okaiin eeal ot kar otar chal
ZL3b-n,f103r,"f103r.4,+P0","ychedy.qokedy.okedy.qokeey.okey.chdar,ol.loty.chedaraly<$>",ychedy qokedy okedy qokeey okey chdar ol loty chedaraly
ZL3b-n,f103r,"f103r.5,+P0",<%>pocharal.okedar.shedy.oteey.qokey.lkar.sheeky.okalor.shedy.yt???.rkar.ota?.okdy,pocharal okedar shedy oteey qokey lkar sheeky okalor shedy rkar okdy
ZL3b-n,f103r,"f103r.6,+P0","ocheey.dain.shek.okeedy.okey.shedy.qokealdy.shcthy.qotedy.qoto???.ota.???.san,am",ocheey dain shek okeedy okey shedy qokealdy shcthy qotedy ota san am
ZL3b-n,f103r,"f103r.7,+P0","saiin.chey.shs.olshedy.qokeey.okeeody.qoedy.ol,shedy<$>",saiin chey shs olshedy qokeey okeeody qoedy ol shedy
ZL3b-n,f103r,"f103r.8,+P0","<%>daroal.okey.chedy.okey.rain.okechy.qoisal.qotar,adchey.of[ee:ch]o.lt??dy.??olkechdy,lo",daroal okey chedy okey rain okechy qoisal qotar adchey ofeeo lo
ZL3b-n,f103r,"f103r.9,+P0",oteeos.ar.cheal.okeey.shey.lkaiin.shey.lkeor.otaiin.shedy.otey.l.?dy.okeedaram,oteeos ar cheal okeey shey lkaiin shey lkeor otaiin shedy otey l okeedaram
ZL3b-n,f103r,"f103r.10,+P0","daiin.ol.oain.okeol.chol.okam.chety.shedy.otaiin.shedy.teolshy.oteedy.sor,ain",daiin ol oain okeol chol okam chety shedy otaiin shedy teolshy oteedy sor ain
ZL3b-n,f103r,"f103r.11,+P0",dar.oteey.otain.lolshedy.okain.chey.qorain.shey.otoy.qokeol.key.da{ikh}yky,dar oteey otain lolshedy okain chey qorain shey otoy qokeol key daikhyky
ZL3b-n,f103r,"f103r.12,+P0","oain.shey.shckhy.oteey.qokeol,keedy.shar,aiin.otedy<$>",oain shey shckhy oteey qokeol keedy shar aiin otedy
ZL3b-n,f103r,"f103r.13,+P0","<%>podar,sheor.qotedy.okeey.qokar.checkhy.qokain.chedy.pchdy.tshdy.dal,kasol",podar sheor qotedy okeey qokar checkhy qokain chedy pchdy tshdy dal kasol
ZL3b-n,f103r,"f103r.14,+P0","okain.shekain.chedy.qokeechy.qok[y:?].shey.lol.s,aiin.chey.eekain.chcthy.qoky",okain shekain chedy qokeechy qoky shey lol s aiin chey eekain chcthy qoky
ZL3b-n,f103r,"f103r.15,+P0",qotedy.qokeey.sh[o:a]l.qotey.shkaiin<$>,qotedy qokeey shol qotey shkaiin
ZL3b-n,f103r,"f103r.16,+P0",<%>dshol.sholkar.shdaiin.[chee:eeee]y.rar.okeey.shcfhedy.opcheol.oteedy.tchey.shky,dshol sholkar shdaiin cheey rar okeey shcfhedy opcheol oteedy tchey shky
ZL3b-n,f103r,"f103r.17,+P0","sar,shey.qokey,keedy.qokeey.chckhy.qokal.oty.or,aiin<$>",sar shey qokey keedy qokeey chckhy qokal oty or aiin
ZL3b-n,f103r,"f103r.18,+P0",<%>polchedy.qokeol.okain.checthy.oteeylshedy.okain.qokain.qokalshedy.oteys,polchedy qokeol okain checthy oteeylshedy okain qokain qokalshedy oteys
ZL3b-n,f103r,"f103r.19,+P0",okaiin.chey.qoy.shey.qokaiin.chedy.qokain.oteol.lkar.okaral.lkldy.lr,okaiin chey qoy shey qokaiin chedy qokain oteol lkar okaral lkldy lr
ZL3b-n,f103r,"f103r.20,+P0",ychain.shckhy.qokaiin.shey.qokaiin.shedy.olor<$>,ychain shckhy qokaiin shey qokaiin shedy olor
ZL3b-n,f103r,"f103r.21,+P0",<%>pcheam.sokedy.dalkar.otal.qokal.chepy.okedy.qoky.pchedy.okaly.qokeedy.lor,pcheam sokedy dalkar otal qokal chepy okedy qoky pchedy okaly qokeedy lor
ZL3b-n,f103r,"f103r.22,+P0",dalshy.okain.shckhody.shdal.qokeedy.shedy.qotar.chcthy.chep.ar.otar.opchy,dalshy okain shckhody shdal qokeedy shedy qotar chcthy chep ar otar opchy
ZL3b-n,f103r,"f103r.23,+P0",daiin.sheckhy.lchedy.chckhy.shol<$>,daiin sheckhy lchedy chckhy shol
ZL3b-n,f103r,"f103r.24,+P0",<%>tchoky.okeal.shedy.qokal.oty.opchedy.qotain.shcthy.otey.dain.oteey.oky,tchoky okeal shedy qokal oty opchedy qotain shcthy otey dain oteey oky
ZL3b-n,f103r,"f103r.25,+P0","dar,shey.qokain.chckhey.chey,kain.chedal.okeeey.qoodain.okain.[o:?]teey.ol",dar shey qokain chckhey chey kain chedal okeeey qoodain okain oteey ol
ZL3b-n,f103r,"f103r.26,+P0",oteedy.okeey.qot[ch:ee]y.shey.olcheedar.shey.lotor<$>,oteedy okeey qotchy shey olcheedar shey lotor
ZL3b-n,f103r,"f103r.27,+P0","<%>qokechy.okeey.qokeey.lkeeody.sheey.qokeey,lkeol.tchey,qokeey.okeey.qokaly",qokechy okeey qokeey lkeeody sheey qokeey lkeol tchey qokeey okeey qokaly
ZL3b-n,f103r,"f103r.28,+P0",deshedy.qokeeey.dalkain.okaiin.chedy.qokeey.otain.ain.ol.cheey.lkeedy,deshedy qokeeey dalkain okaiin chedy qokeey otain ain ol cheey lkeedy
ZL3b-n,f103r,"f103r.29,+P0",qokeeechy.shokeey.qochey.qokeey.chal.chedy<$>,qokeeechy shokeey qochey qokeey chal chedy
ZL3b-n,f103r,"f103r.30,+P0",<%>pcholkchdy.sheckhy.qokey.okaiin.shedy.chpchy.opchedy.oteeykshy.chdaly,pcholkchdy sheckhy qokey okaiin shedy chpchy opchedy oteeykshy chdaly
ZL3b-n,f103r,"f103r.31,+P0",soiin.chol.kaiin.chal.okaiin.shckhy.qokal.shdar.shchdy.okaiin.chty,soiin chol kaiin chal okaiin shckhy qokal shdar shchdy okaiin chty
ZL3b-n,f103r,"f103r.32,+P0",okeey.shedy.qokedy.qokal.shety.otedy.shcthy.oraiin<$>,okeey shedy qokedy qokal shety otedy shcthy oraiin
ZL3b-n,f103r,"f103r.33,+P0",<%>qokeey.chechy.qokey.shckhy.choldy.qokal.y.shedy.yteedy.qotail.shedy,qokeey chechy qokey shckhy choldy qokal y shedy yteedy qotail shedy
ZL3b-n,f103r,"f103r.34,+P0",sheod.oshey.cheedalaiin<$>,sheod oshey cheedalaiin
ZL3b-n,f103r,"f103r.35,+P0","<%>qoke{ca}r.chain.olain.chey.kain.sheol.shedain.qokeedy.ykeedy,lcheg",qokecar chain olain chey kain sheol shedain qokeedy ykeedy lcheg
ZL3b-n,f103r,"f103r.36,+P0",okool.chedy.okeedy.qokeedy.qokeey.shdy.otey.qokeey<$>,okool chedy okeedy qokeedy qokeey shdy otey qokeey
ZL3b-n,f103r,"f103r.37,+P0",<%>pchedy.qokeey.qokeodair.qokshy.qokeedy.qokchdy.chsky.ee'ey.shalky,pchedy qokeey qokeodair qokshy qokeedy qokchdy chsky eeey shalky
ZL3b-n,f103r,"f103r.38,+P0",otechedy.qokain.shcthy.chckhy.lokeedy.checkhy.lokain.shedy.okeey,otechedy qokain shcthy chckhy lokeedy checkhy lokain shedy okeey
ZL3b-n,f103r,"f103r.39,+P0",ykeedy.qokeey.lsheey.qotal.shedy.oteey<$>,ykeedy qokeey lsheey qotal shedy oteey
ZL3b-n,f103r,"f103r.40,+P0","<%>qokeey.sheeol.shckhy.sheol.shodyol,aiin.otedy.qoteey.lotar.otam",qokeey sheeol shckhy sheol shodyol aiin otedy qoteey lotar otam
ZL3b-n,f103r,"f103r.41,+P0","cheol.sheeey.qotey.oteeal.oteedy.shet,sho.keeo,s,shey.qokeedy.qokal.dal",cheol sheeey qotey oteeal oteedy shet sho keeo s shey qokeedy qokal dal
ZL3b-n,f103r,"f103r.42,+P0",tshey.sheol.cheolshy.chalal<$>,tshey sheol cheolshy chalal
ZL3b-n,f103r,"f103r.43,+P0",<%>tar.cheal.ol.sheey.qotal.sheal.qokal.sheedy.okeshedy.shokey.qokaiin,tar cheal ol sheey qotal sheal qokal sheedy okeshedy shokey qokaiin
ZL3b-n,f103r,"f103r.44,+P0",odeeey.qokeey.shey.sheal.otshedy<$>,odeeey qokeey shey sheal otshedy
ZL3b-n,f103r,"f103r.45,+P0","<%>qokeedy.qokeedy.shol.shedar.chedy.qoteedy.oteedy.olkeol.ltar,y",qokeedy qokeedy shol shedar chedy qoteedy oteedy olkeol ltar y
ZL3b-n,f103r,"f103r.46,+P0","chol,keey.qokeey.cheol.chorol,shedy.qokeey.qokeey.ol.loiin.chedan",chol keey qokeey cheol chorol shedy qokeey qokeey ol loiin chedan
ZL3b-n,f103r,"f103r.47,+P0","ssheey.okeeo,l,lchey.qokaly.lcheedy.oloraiin<$>",ssheey okeeo l lchey qokaly lcheedy oloraiin
ZL3b-n,f103r,"f103r.48,+P0","<%>polarar.lshedy.qotolaiin.qokeey.qokeey.shkchy.opchealol.kchy,sam",polarar lshedy qotolaiin qokeey qokeey shkchy opchealol kchy sam
ZL3b-n,f103r,"f103r.49,+P0","okeey.lr.ain.l.ol,sheed.qokeey.sheol.qokeedy.shedy.qoky.leeesain,am",okeey lr ain l ol sheed qokeey sheol qokeedy shedy qoky leeesain am
ZL3b-n,f103r,"f103r.50,+P0","ssheey.l,shey.qol.cheey.chey.qokeey.okeey.qokain.cheey.qotain",ssheey l shey qol cheey chey qokeey okeey qokain cheey qotain
ZL3b-n,f103r,"f103r.51,+P0",saiin.cheteey.shey.cheosaiin<$>,saiin cheteey shey cheosaiin
ZL3b-n,f103r,"f103r.52,+P0","<%>pchedal.oteey.qol,keedy.qokeey.qoty.chepchy.qopchey.lkaiin.otalsy",pchedal oteey qol keedy qokeey qoty chepchy qopchey lkaiin otalsy
ZL3b-n,f103r,"f103r.53,+P0",sshey.qokedy.qokaiin.shdy.qokeey.chedy.qokeey.qokeey.lchedy.loty,sshey qokedy qokaiin shdy qokeey chedy qokeey qokeey lchedy loty
ZL3b-n,f103r,"f103r.54,+P0",dsheey.qoteeey.darchedy.qokey.qoty<$>,dsheey qoteeey darchedy qokey qoty
ZL3b-n,f103v,"f103v.1,@P0","<%>pol,dar.olfchey.qoky.dy.qokeey.qokeey.daiin.okeedaky.qote[iir:ar].shedy.dal",pol dar olfchey qoky dy qokeey qokeey daiin okeedaky qoteiir shedy dal
ZL3b-n,f103v,"f103v.2,+P0",daiin.shey.qokal.shedy.qokeedy.qoteor.shey.qoty.chckhy.qotain.cha[l:?]r,daiin shey qokal shedy qokeedy qoteor shey qoty chckhy qotain chalr
ZL3b-n,f103v,"f103v.3,+P0",qo[k:t].or.chedy.qokey.dar.chcthy.char.qoty.shdy.okeedy.qokeey.qokain,qok or chedy qokey dar chcthy char qoty shdy okeedy qokeey qokain
ZL3b-n,f103v,"f103v.4,+P0","y,cheey.qokeey.okeey.lkees,ol.qoteedy.ykeedy<$>",y cheey qokeey okeey lkees ol qoteedy ykeedy
ZL3b-n,f103v,"f103v.5,+P0",<%>pcheor.olkeey.cheky.qokshdy.qokaiin.okechdy.qopchdy.qotedy.qokaiin.oly,pcheor olkeey cheky qokshdy qokaiin okechdy qopchdy qotedy qokaiin oly
ZL3b-n,f103v,"f103v.6,+P0",dain.shey.qokeedy.cheol.qoeeor.lshor.qoky.shedy.qokaiin.chedy.qokam,dain shey qokeedy cheol qoeeor lshor qoky shedy qokaiin chedy qokam
ZL3b-n,f103v,"f103v.7,+P0",daiin.shey.chol.chey.oteey.lkeeor.okaiin.shedy.shedy.qokaiin.ol.chedydy,daiin shey chol chey oteey lkeeor okaiin shedy shedy qokaiin ol chedydy
ZL3b-n,f103v,"f103v.8,+P0",sain.shey.olsheey.dair.chekoal.okeey<$>,sain shey olsheey dair chekoal okeey
ZL3b-n,f103v,"f103v.9,+P0","<%>pchal,shal.shorchdy.okeor.okaiin.shedy.pchedy.qotchedy.qotar.ol.lkar",pchal shal shorchdy okeor okaiin shedy pchedy qotchedy qotar ol lkar
ZL3b-n,f103v,"f103v.10,+P0",or.cheey.qokeeshy.o[k:t]eey.loiin.o{ith}y.otedy.lor.aiin.sheor.qotain.olldy,or cheey qokeeshy okeey loiin oithy otedy lor aiin sheor qotain olldy
ZL3b-n,f103v,"f103v.11,+P0","qokeedy.olkeeshy.qoky.qokal,shed<$>",qokeedy olkeeshy qoky qokal shed
ZL3b-n,f103v,"f103v.12,+P0","<%>sal.sheal.shedy.okeedy.qokeey.l,ol,shedy.pchor,pchedy.pol.sheedy.opalam",sal sheal shedy okeedy qokeey l ol shedy pchor pchedy pol sheedy opalam
ZL3b-n,f103v,"f103v.13,+P0","dain.{ch'}eey.olshy.otey.olshedy.qotshdy.okeey.lr,ain.okan.olshey<$>",dain eey olshy otey olshedy qotshdy okeey lr ain okan olshey
ZL3b-n,f103v,"f103v.14,+P0","<%>teeol.sheol.sho.qokeedy.shedy.qokey.oshedy.oteedy.qokain.otar,aiin.otam",teeol sheol sho qokeedy shedy qokey oshedy oteedy qokain otar aiin otam
ZL3b-n,f103v,"f103v.15,+P0","tchedal.shey.lcheey.lchdy.ch,ar.olchey.lcheody.tedy.otain.otain.ota[?:l]y",tchedal shey lcheey lchdy ch ar olchey lcheody tedy otain otain
ZL3b-n,f103v,"f103v.16,+P0","daiin.sheekchy.okeeshy.qol.shedy.otain.ol,kedy<$>",daiin sheekchy okeeshy qol shedy otain ol kedy
ZL3b-n,f103v,"f103v.17,+P0","<%>qokeedy.chedy.qoteey.oteedy.lkedy.shedy.qokal.ol,char.otal.opchedy",qokeedy chedy qoteey oteedy lkedy shedy qokal ol char otal opchedy
ZL3b-n,f103v,"f103v.18,+P0",yshear.ol.oqaiin.chckhey.lchedy.chedy.olaiin.oteedy.qokeedal.larorol,yshear ol oqaiin chckhey lchedy chedy olaiin oteedy qokeedal larorol
ZL3b-n,f103v,"f103v.19,+P0","daiin.chey.lkeey.chalkar.cheeey,l,chealainor<$>",daiin chey lkeey chalkar cheeey l chealainor
ZL3b-n,f103v,"f103v.20,+P0",<%>pol.char.otar.okaiin.sha{ikh}y.oteal.okain.qotal.shedy.qokeey.lolain,pol char otar okaiin shaikhy oteal okain qotal shedy qokeey lolain
ZL3b-n,f103v,"f103v.21,+P0","tokain.shal.qokeed.oteedy.sheoky.sha{ikhh}y.tar.teor.otam,oll",tokain shal qokeed oteedy sheoky shaikhhy tar teor otam oll
ZL3b-n,f103v,"f103v.22,+P0",olshey.qokshy.qotalsheey.[o:a]loiin.oleeedy.qokain.shedy.qokey,olshey qokshy qotalsheey oloiin oleeedy qokain shedy qokey
ZL3b-n,f103v,"f103v.23,+P0","ycheody.l.ar.cheey.or,aiiin.oteey.otal.otear.[o:a]r.ar.keey.qoty",ycheody l ar cheey or aiiin oteey otal otear or ar keey qoty
ZL3b-n,f103v,"f103v.24,+P0","ykeey.lchey.qokeey.ror.aiin.olan.otan.otain.otain.ar,y,kain",ykeey lchey qokeey ror aiin olan otan otain otain ar y kain
ZL3b-n,f103v,"f103v.25,+P0",sain.olkeeey.qokan.oteedy.qotain.otal.oty.opar.aram.oteeam,sain olkeeey qokan oteedy qotain otal oty opar aram oteeam
ZL3b-n,f103v,"f103v.26,+P0",yteey.qokeey.sheety.oteey.lshedy.oteaiin<$>,yteey qokeey sheety oteey lshedy oteaiin
ZL3b-n,f103v,"f103v.27,+P0",<%>fcheody.arar.okeey.okeey.lchedy.oteal.lpar.otedy.qotar.otaryly,fcheody arar okeey okeey lchedy oteal lpar otedy qotar otaryly
ZL3b-n,f103v,"f103v.28,+P0","daiin.checkhy.ykeey.shckhy.otealshey.okain.chey.oteedy.por,aiin,y",daiin checkhy ykeey shckhy otealshey okain chey oteedy por aiin y
ZL3b-n,f103v,"f103v.29,+P0","olcheeey.chey.lkchdy.sho.chcthy.sal,araiin.qokeey<$>",olcheeey chey lkchdy sho chcthy sal araiin qokeey
ZL3b-n,f103v,"f103v.30,+P0",<%>pchear.okain.opchedy.pchol.fchedy.otedy.poly.lchedy.fchedey.rar,pchear okain opchedy pchol fchedy otedy poly lchedy fchedey rar
ZL3b-n,f103v,"f103v.31,+P0","okeey.l.chey.qokeey.o,qokeey.chedy.qekchy.daiin.chckhy.sar.olainy",okeey l chey qokeey o qokeey chedy qekchy daiin chckhy sar olainy
ZL3b-n,f103v,"f103v.32,+P0",qokeeey.chey.qotey.chokaiin.shal.chedy.olkam<$>,qokeeey chey qotey chokaiin shal chedy olkam
ZL3b-n,f103v,"f103v.33,+P0",<%>yshey.lkeey.qokain.okey.okaiin.cheody.otey.shdpchy.opchey.oly,yshey lkeey qokain okey okaiin cheody otey shdpchy opchey oly
ZL3b-n,f103v,"f103v.34,+P0","daiin.sheey.ol.chey.qok,shey.qokaiin.checkhy.otedy.lshey.lchdy",daiin sheey ol chey qok shey qokaiin checkhy otedy lshey lchdy
ZL3b-n,f103v,"f103v.35,+P0","qol,shey.ykeey.okeey.lshey.sheckhy.chtain.oty.okedy.otaly",qol shey ykeey okeey lshey sheckhy chtain oty okedy otaly
ZL3b-n,f103v,"f103v.36,+P0",saiin.shey.qokeey.oshey.olshedy<$>,saiin shey qokeey oshey olshedy
ZL3b-n,f103v,"f103v.37,+P0",<%>olshey.qokain.ol.sh[e:?]y.qokeshe.lsheok.shdy.qcphey.chetydar,olshey qokain ol shey qokeshe lsheok shdy qcphey chetydar
ZL3b-n,f103v,"f103v.38,+P0","oteey.l.chees.ol.chey.chey.chol,keechy<$>",oteey l chees ol chey chey chol keechy
ZL3b-n,f103v,"f103v.39,+P0","<%>polshor.keeolshey.okey.lcharar.shol.okeedar.shes,aiin.oty.lchdy",polshor keeolshey okey lcharar shol okeedar shes aiin oty lchdy
ZL3b-n,f103v,"f103v.40,+P0",yteey.sheal.shey.qoain.ol.keey.qokaiin.shckhy.lchedy.rain,yteey sheal shey qoain ol keey qokaiin shckhy lchedy rain
ZL3b-n,f103v,"f103v.41,+P0","daiin.shey.l,shey.lshey.qoar.sha[s:r].al.otar.shedy.{ith}y.lchdy.rar",daiin shey l shey lshey qoar shas al otar shedy ithy lchdy rar
ZL3b-n,f103v,"f103v.42,+P0",yshey.sheykain.chey.rar.arol.chsaly<$>,yshey sheykain chey rar arol chsaly
ZL3b-n,f103v,"f103v.43,+P0","<%>orain.chckhey.qokaiin.shckhy.shtal,opchy.lkeedy.chdy,lchedy",orain chckhey qokaiin shckhy shtal opchy lkeedy chdy lchedy
ZL3b-n,f103v,"f103v.44,+P0",qkain.shey.ar.ar.oky.rain.chckhy.shedy.qokeory.lteedy.ro,qkain shey ar ar oky rain chckhy shedy qokeory lteedy ro
ZL3b-n,f103v,"f103v.45,+P0","okey.ol,cheey.lcheey.lkain.shckhy.sheckhy,or,ain.otar.oly",okey ol cheey lcheey lkain shckhy sheckhy or ain otar oly
ZL3b-n,f103v,"f103v.46,+P0",tain.shol.qokain.chckhy.rorol.chdy.raly.osaiin.chary<$>,tain shol qokain chckhy rorol chdy raly osaiin chary
ZL3b-n,f104r,"f104r.1,@P0",<%>pchdar.chedy.char.qopchedy.ocphedy.qopchedy.shedaiin.oteeochey.qopchedy.sain,pchdar chedy char qopchedy ocphedy qopchedy shedaiin oteeochey qopchedy sain
ZL3b-n,f104r,"f104r.2,+P0","o,ar.aiin.yteeody.cheedaiin.cheodar.s,aiin.chey.tair.os,aiin.chcthedy.teedaram",o ar aiin yteeody cheedaiin cheodar s aiin chey tair os aiin chcthedy teedaram
ZL3b-n,f104r,"f104r.3,+P0",daiir.o.cthedy.otech.ykar.otedy.otody.qoteeor.yteeody.oteedy.aky.okal.daram,daiir o cthedy otech ykar otedy otody qoteeor yteeody oteedy aky okal daram
ZL3b-n,f104r,"f104r.4,+P0","o,l,sheedy.qokeedy.chedal.qodaiin.qodaiin.chry<$>",o l sheedy qokeedy chedal qodaiin qodaiin chry
ZL3b-n,f104r,"f104r.5,+P0",<%>kchdal.qotaiin.qoshedy.ol.chl.ol.cheda{iph}y.al.lod.pchdair.opchdy.qod,kchdal qotaiin qoshedy ol chl ol chedaiphy al lod pchdair opchdy qod
ZL3b-n,f104r,"f104r.6,+P0","y,cheeody.aiin.lkar.cheeo.dain.ockhedy.qokeedy.qotain.otchdy.otain.chedam",y cheeody aiin lkar cheeo dain ockhedy qokeedy qotain otchdy otain chedam
ZL3b-n,f104r,"f104r.7,+P0",dchodees.sheos.odaiin.otchedy.qodain.shedy.chedy.qodain.okar.ar.okaim,dchodees sheos odaiin otchedy qodain shedy chedy qodain okar ar okaim
ZL3b-n,f104r,"f104r.8,+P0","o,lsheedy.lkeedy.lkeody.qokaiin.chedal.qokar.odar.qokal.okar.otar.odr",o lsheedy lkeedy lkeody qokaiin chedal qokar odar qokal okar otar odr
ZL3b-n,f104r,"f104r.9,+P0","ycheeoy.qokecho.qokol.cheeo,dam<$>",ycheeoy qokecho qokol cheeo dam
ZL3b-n,f104r,"f104r.10,+P0",<%>tol.chedal.cheo{cka}y.otyd.os.l.air.shdy.qokchd.octheody.cholfor.otalr,tol chedal cheockay otyd os l air shdy qokchd octheody cholfor otalr
ZL3b-n,f104r,"f104r.11,+P0","otodchy.lkeody.qokair.otoly.shodar.cheey.okar,olkeedy<$>",otodchy lkeody qokair otoly shodar cheey okar olkeedy
ZL3b-n,f104r,"f104r.12,+P0","<%>tshdol,qotchedy.qokoeey.qoteode.lo.sar.al.octhy.qotor.opchey.qotam",tshdol qotchedy qokoeey qoteode lo sar al octhy qotor opchey qotam
ZL3b-n,f104r,"f104r.13,+P0","olcheol.qodain.chokar.okcho,lkain.okar.cheody.okeeody.qodam.chdy",olcheol qodain chokar okcho lkain okar cheody okeeody qodam chdy
ZL3b-n,f104r,"f104r.14,+P0","daiin.choaiin.qokechy.qotal.cheolor.saiin.olkeechey.otal.ol,oeeal",daiin choaiin qokechy qotal cheolor saiin olkeechey otal ol oeeal
ZL3b-n,f104r,"f104r.15,+P0",sor.chodaiin.chody.okar.otolkeechdy.okal.kaiin.cheodaiin<$>,sor chodaiin chody okar otolkeechdy okal kaiin cheodaiin
ZL3b-n,f104r,"f104r.16,+P0","<%>ocheo{ith}ey.qoctheody.ykeeodey.qoepchy.opchey,qoty.sh,tey.yteedy.shody",ocheoithey qoctheody ykeeodey qoepchy opchey qoty sh tey yteedy shody
ZL3b-n,f104r,"f104r.17,+P0","ykeeshedy.olkeeody.qotey.qokar.chedy.qokedy.oteechy.chyteody.okar,ody",ykeeshedy olkeeody qotey qokar chedy qokedy oteechy chyteody okar ody
ZL3b-n,f104r,"f104r.18,+P0",dcheeokeody.qokain.qolar.or.chockhar.otalkshedy<$>,dcheeokeody qokain qolar or chockhar otalkshedy
ZL3b-n,f104r,"f104r.19,+P0","<%>toaiin.chdar.otar,shd.qotar.olkchedy.cheokeey.kary.opair.otor.airod.lshd",toaiin chdar otar shd qotar olkchedy cheokeey kary opair otor airod lshd
ZL3b-n,f104r,"f104r.20,+P0",dsheoy.qocthey.qokchdy.qokaiin.chol.rar.cheody.cheeekan.ar.ain.ar.alam,dsheoy qocthey qokchdy qokaiin chol rar cheody cheeekan ar ain ar alam
ZL3b-n,f104r,"f104r.21,+P0",dsheedy.qokaiin.chear.olkchedy.charaiin<$>,dsheedy qokaiin chear olkchedy charaiin
ZL3b-n,f104r,"f104r.22,+P0",<%>tshedar.chllo.rl.shed.kchedy.chokor.cheedy.opchar.cheor.chckhey.taiin.dam,tshedar chllo rl shed kchedy chokor cheedy opchar cheor chckhey taiin dam
ZL3b-n,f104r,"f104r.23,+P0","ol.sheockhey.chol,kechdy.okeedal.lkain.chol,keeody.otchor.aiir.chol.kar.alol",ol sheockhey chol kechdy okeedal lkain chol keeody otchor aiir chol kar alol
ZL3b-n,f104r,"f104r.24,+P0","daiin.char.qotal.okechol.olkeeor.olkeeodal.lkaiin.chal,keeedy.qokam",daiin char qotal okechol olkeeor olkeeodal lkaiin chal keeedy qokam
ZL3b-n,f104r,"f104r.25,+P0","sar.okair.chckhey.qodaiin.chckhy.checkhd.l,raiin.otain.ar,airam",sar okair chckhey qodaiin chckhy checkhd l raiin otain ar airam
ZL3b-n,f104r,"f104r.26,+P0",shar.sheey.kar.sheody<$>,shar sheey kar sheody
ZL3b-n,f104r,"f104r.27,+P0",<%>pchedar.qokaiin.qotaiin.dl.ral.cheodl.cphaiin.daiin.ar.qekeeey.qoparaiin,pchedar qokaiin qotaiin dl ral cheodl cphaiin daiin ar qekeeey qoparaiin
ZL3b-n,f104r,"f104r.28,+P0","olcheear.chedar.or.aror,sheey.olkeechy.or.char.cheeo,l.s.or.or,aiin.atam",olcheear chedar or aror sheey olkeechy or char cheeo l s or or aiin atam
ZL3b-n,f104r,"f104r.29,+P0","ysheodaiin.shody.yteedy.cheedar.or,air.cheoltar.arodly<$>",ysheodaiin shody yteedy cheedar or air cheoltar arodly
ZL3b-n,f104r,"f104r.30,+P0","<%>okeeo,l,keeo.dain.lkeodaiin.qokeeo.lkeeeey.okeody.otechdy.opcheof.qopaiin",okeeo l keeo dain lkeodaiin qokeeo lkeeeey okeody otechdy opcheof qopaiin
ZL3b-n,f104r,"f104r.31,+P0",qokeeo.aiin.ok{ch'}eey.okolchey.lcheeey.oteey.lkechedy.qokaiin.chedar.cholcham,qokeeo aiin okeey okolchey lcheeey oteey lkechedy qokaiin chedar cholcham
ZL3b-n,f104r,"f104r.32,+P0",ysheeody.qo[cth:et?].okshey.otechshy.cheol.kaiin.shoda.lkaiin.cheodain.qokar.alchd,ysheeody qocth okshey otechshy cheol kaiin shoda lkaiin cheodain qokar alchd
ZL3b-n,f104r,"f104r.33,+P0",okchechy.qokcheedy.okchdal.qokal.char.olkeeey.olcheo.lkaiin.chey.raly<$>,okchechy qokcheedy okchdal qokal char olkeeey olcheo lkaiin chey raly
ZL3b-n,f104r,"f104r.34,+P0","<%>pchol,ksheody.qokeshedy.qokal.chedy.qokaiin.otaiin.cheody.qokal.taiin.cholxy",pchol ksheody qokeshedy qokal chedy qokaiin otaiin cheody qokal taiin cholxy
ZL3b-n,f104r,"f104r.35,+P0","yshoiin.qocheol.chedaiin.qodal.chey.chol,cheol.olaly<$>",yshoiin qocheol chedaiin qodal chey chol cheol olaly
ZL3b-n,f104r,"f104r.36,+P0",<%>psheody.qotar.chopar.qotaly.qotsheod.qotechy.kaiin.okar.qopchar.opam,psheody qotar chopar qotaly qotsheod qotechy kaiin okar qopchar opam
ZL3b-n,f104r,"f104r.37,+P0",okaiin.cheodal.qoaiin.okar.oraiin.okar.oteody.qokaiin.okal.qotir,okaiin cheodal qoaiin okar oraiin okar oteody qokaiin okal qotir
ZL3b-n,f104r,"f104r.38,+P0",okaiin.[o:a]rcheol.qokchol.kcheody.qotchdy<$>,okaiin orcheol qokchol kcheody qotchdy
ZL3b-n,f104r,"f104r.39,+P0",<%>pcholor.ar.aiin.alkchdy.qotal.chol.qoar.aiin.qopcheedy.qotair.ofaiino,pcholor ar aiin alkchdy qotal chol qoar aiin qopcheedy qotair ofaiino
ZL3b-n,f104r,"f104r.40,+P0","olkeeos.olkaiin.oair.qcthy.oiinol,al.ly.oeear.chcthy.olched.qotaiiin",olkeeos olkaiin oair qcthy oiinol al ly oeear chcthy olched qotaiiin
ZL3b-n,f104r,"f104r.41,+P0",qoteey.qokeor.soiir.qoty.qokl.lkaiin.yteedy.qokain.oqockhy.dar,qoteey qokeor soiir qoty qokl lkaiin yteedy qokain oqockhy dar
ZL3b-n,f104r,"f104r.42,+P0",y.lshedy.cholkar<$>,y lshedy cholkar
ZL3b-n,f104r,"f104r.43,+P0","<%>tsheodl.qokaiin.qokchedy.ykchdy.pchedy.qokeedy.oteey.qokain.oteo,l,dal",tsheodl qokaiin qokchedy ykchdy pchedy qokeedy oteey qokain oteo l dal
ZL3b-n,f104r,"f104r.44,+P0",okcheochy.cheey.qoeedaiin.qokeey.ar.cheol.olkair.qokaiin.otaiin.okam,okcheochy cheey qoeedaiin qokeey ar cheol olkair qokaiin otaiin okam
ZL3b-n,f104r,"f104r.45,+P0",daiin.olcheeo.l.s.aiin.otain.ar.chedy.qokaiin.otaiin.otaiin<$>,daiin olcheeo l s aiin otain ar chedy qokaiin otaiin otaiin
ZL3b-n,f104v,"f104v.1,@P0","<%>pchdoiin.opcheedy.orar.oltcheey.opchedy.ol.ear.aiir,aly.cheodaiin.cheekain.dam",pchdoiin opcheedy orar oltcheey opchedy ol ear aiir aly cheodaiin cheekain dam
ZL3b-n,f104v,"f104v.2,+P0","ychedaiin.qoteed.chockhy.otaiin.ydaiin.qokamdy.otarar.alched.otair,oram",ychedaiin qoteed chockhy otaiin ydaiin qokamdy otarar alched otair oram
ZL3b-n,f104v,"f104v.3,+P0",shod.chedy.qotaiin.odaiin.okeol.ockhey.chol.qokeedy.qotair.oeedaiin.ol.d[l:o],shod chedy qotaiin odaiin okeol ockhey chol qokeedy qotair oeedaiin ol dl
ZL3b-n,f104v,"f104v.4,+P0",qoteedy.chedaiin.chokar.qotol.qotched.chol.chey.qol.chedy.qoeeey.qokeedy,qoteedy chedaiin chokar qotol qotched chol chey qol chedy qoeeey qokeedy
ZL3b-n,f104v,"f104v.5,+P0","dcheol.chdeey.oeeodain.s,airol.chedal<$>",dcheol chdeey oeeodain s airol chedal
ZL3b-n,f104v,"f104v.6,+P0",<%>solchd.shol.sheol.qokchy.qoka.l.chedy.shedy.qokain.cheedy.cpheo.apchedy.qotady,solchd shol sheol qokchy qoka l chedy shedy qokain cheedy cpheo apchedy qotady
ZL3b-n,f104v,"f104v.7,+P0","o.scheo.lchody.cheey.qo{ck}y.cheo,ain.o,chedy.cheedy.chedy.sol.cheodalol<$>",o scheo lchody cheey qocky cheo ain o chedy cheedy chedy sol cheodalol
ZL3b-n,f104v,"f104v.8,+P0",<%>tchodls.cheeody.cheeool.ls.air.ykeedy.chotedy.qotchedy.chedy.qoeky.qoteeo.lo,tchodls cheeody cheeool ls air ykeedy chotedy qotchedy chedy qoeky qoteeo lo
ZL3b-n,f104v,"f104v.9,+P0",ycheo.lcheod.otaiin.qokeedy.qokaiin.cheor.ol.chedaiin.qotar.chedy.qoty.dal,ycheo lcheod otaiin qokeedy qokaiin cheor ol chedaiin qotar chedy qoty dal
ZL3b-n,f104v,"f104v.10,+P0",shol.cheedy.qokaiin.qoteedy.otaiin.oteedy.qotedor.okain.cheos.cheeo.lchey,shol cheedy qokaiin qoteedy otaiin oteedy qotedor okain cheos cheeo lchey
ZL3b-n,f104v,"f104v.11,+P0",ycheedy.qo{cthh}y.ykchedor.cheeky.qokchd.qotol.qokol.qokol.daiin<$>,ycheedy qocthhy ykchedor cheeky qokchd qotol qokol qokol daiin
ZL3b-n,f104v,"f104v.12,+P0",<%>polchechy.oteoy.chotchs.cheeta.ot[eee:ech]y.oteedy.qoty.ched.l.cheol.par.oltedy.chedam,polchechy oteoy chotchs cheeta oteeey oteedy qoty ched l cheol par oltedy chedam
ZL3b-n,f104v,"f104v.13,+P0","ycheol.cheody.qoeechdy.qokeol.qotaiin.chedar.cheo,lkaiin.cheetar.aiin.ch[ei:a]taiin",ycheol cheody qoeechdy qokeol qotaiin chedar cheo lkaiin cheetar aiin cheitaiin
ZL3b-n,f104v,"f104v.14,+P0",yt{oh}edy.qokeeo.lcheolshedy.s.aiin.cheky.daindl<$>,ytohedy qokeeo lcheolshedy s aiin cheky daindl
ZL3b-n,f104v,"f104v.15,+P0",<%>tolkshey.chocthy.qokeochy.qokchy.qotcheo.qotcheo.dlchd.chedy.tchdy.qotchdy.ram,tolkshey chocthy qokeochy qokchy qotcheo qotcheo dlchd chedy tchdy qotchdy ram
ZL3b-n,f104v,"f104v.16,+P0",dcheedy.qockheey.chdor.as.aiin.ch{cthh}y.dchdar.chdy.qokchedy.olkchy.qokain.dadam,dcheedy qockheey chdor as aiin chcthhy dchdar chdy qokchedy olkchy qokain dadam
ZL3b-n,f104v,"f104v.17,+P0","ycheechy.cheey.cheos.{ai}s.otkchedy.cholkchy.qotchdy.qotol.sheedy.or,ain.cheol",ycheechy cheey cheos ais otkchedy cholkchy qotchdy qotol sheedy or ain cheol
ZL3b-n,f104v,"f104v.18,+P0",dcheeoy.qokaiiin.qokaiin.lkar.ytaiin.otcheochy.sarain<$>,dcheeoy qokaiiin qokaiin lkar ytaiin otcheochy sarain
ZL3b-n,f104v,"f104v.19,+P0",<%>pcheor.chol.chpcheor.cholkshedy.qotol.sheedy.qokchy.qotched.sho.fchor.ols.aiin.chekal,pcheor chol chpcheor cholkshedy qotol sheedy qokchy qotched sho fchor ols aiin chekal
ZL3b-n,f104v,"f104v.20,+P0",or.sheeo.lcheedy.qokeey.qochey.qotcheedy.qotchedy.qokol.chor.chorol.chdar.otam,or sheeo lcheedy qokeey qochey qotcheedy qotchedy qokol chor chorol chdar otam
ZL3b-n,f104v,"f104v.21,+P0",yshor.sheedy.qokaiin.shokchey.qokeey.chodain<$>,yshor sheedy qokaiin shokchey qokeey chodain
ZL3b-n,f104v,"f104v.22,+P0","<%>ytchedy.qokchedy.qotchy.qokchedy.qokchd.ls,aiin.qchor.sheor.ytaiin.chey.tal",ytchedy qokchedy qotchy qokchedy qokchd ls aiin qchor sheor ytaiin chey tal
ZL3b-n,f104v,"f104v.23,+P0",tchey.qokchey.qochey.qodeey.qodaiin.chodaiin.chckhdy.dairar.otar.qotai@208;.?l,tchey qokchey qochey qodeey qodaiin chodaiin chckhdy dairar otar qotai
ZL3b-n,f104v,"f104v.24,+P0","ykaiin.cheor.cheeey.daiiin.cheo,dalaiin.chockhedy.chedaiin.otor.qokar,ary",ykaiin cheor cheeey daiiin cheo dalaiin chockhedy chedaiin otor qokar ary
ZL3b-n,f104v,"f104v.25,+P0","dsheey.qoykeey.lchedy.qokedaiin.ar,chcthy.daiin,cheey.sair.ol.aiin.chedy",dsheey qoykeey lchedy qokedaiin ar chcthy daiin cheey sair ol aiin chedy
ZL3b-n,f104v,"f104v.26,+P0",ysheor.sheey.qodaiin.chodar.chochs<$>,ysheor sheey qodaiin chodar chochs
ZL3b-n,f104v,"f104v.27,+P0","<%>pchoror.shor.sheol.sheol.sheol.qokchedy.chdor.sho,r.aiin.chpchs.aiin.al",pchoror shor sheol sheol sheol qokchedy chdor sho r aiin chpchs aiin al
ZL3b-n,f104v,"f104v.28,+P0",olsho.l[s:?]air.olcheey.qokeechy.qokchy.daiin.chody.qodaiin.cheody<$>,olsho lsair olcheey qokeechy qokchy daiin chody qodaiin cheody
ZL3b-n,f104v,"f104v.29,+P0","<%>kche.shodaiin.qokeey.cheokcheo.lol.kaiin.qotchdy.lcheo.l,chedy.l,cheed.chaim",kche shodaiin qokeey cheokcheo lol kaiin qotchdy lcheo l chedy l cheed chaim
ZL3b-n,f104v,"f104v.30,+P0","ycheol.kaiin.cheody.shaiin.qoeeol.otair,or.cheeody.okcheey.lkair.ar.ar.adam",ycheol kaiin cheody shaiin qoeeol otair or cheeody okcheey lkair ar ar adam
ZL3b-n,f104v,"f104v.31,+P0","y,cheoraiin.cthey.chol.sheody.qokair.qoeey.cheey.lkeedy<$>",y cheoraiin cthey chol sheody qokair qoeey cheey lkeedy
ZL3b-n,f104v,"f104v.32,+P0","<%>pchedy,kchedy.cheocphey.or,ain.cheeos.aiiiro.lcheedy.lcheedy.qosaiin.cfheo.ar,als.am",pchedy kchedy cheocphey or ain cheeos aiiiro lcheedy lcheedy qosaiin cfheo ar als am
ZL3b-n,f104v,"f104v.33,+P0","yteeey.cheeod.ykeey.kaiin.qokaiin.cheey.or.ol.ar.odar.chedain.etar.ar,air.ary",yteeey cheeod ykeey kaiin qokaiin cheey or ol ar odar chedain etar ar air ary
ZL3b-n,f104v,"f104v.34,+P0",ycheo.lkeed.qotain.okaiin.chokain.okain.cheol.olcho<$>,ycheo lkeed qotain okaiin chokain okain cheol olcho
ZL3b-n,f104v,"f104v.35,+P0",<%>psheodar.sheedy.qotchedar.oteedy.qotaiin.oka{ifhh}y.sheody.qokedy.topaiin.am,psheodar sheedy qotchedar oteedy qotaiin okaifhhy sheody qokedy topaiin am
ZL3b-n,f104v,"f104v.36,+P0","sar,aiir.sheos.qoiiin.okeedy.qokcheodaiin<$>",sar aiir sheos qoiiin okeedy qokcheodaiin
ZL3b-n,f104v,"f104v.37,+P0","<%>posairy.ytedar,chedy.shoefcheey,kechy.sar,odl.air.shey.qopcheey,sol.ain.arodam",posairy ytedar chedy shoefcheey kechy sar odl air shey qopcheey sol ain arodam
ZL3b-n,f104v,"f104v.38,+P0","okechey.chedy,chchy.qotain.qokain.chey.or,aiin.cheo.or,aiin.chedain.okam",okechey chedy chchy qotain qokain chey or aiin cheo or aiin chedain okam
ZL3b-n,f104v,"f104v.39,+P0","yshey.@206;ar.a,kain.char.lkeey.roiir.shey.cheey.kar.ar.lkchs.ar,y,@206;,ais.alod",yshey ar a kain char lkeey roiir shey cheey kar ar lkchs ar y ais alod
ZL3b-n,f104v,"f104v.40,+P0","qokeeey.okchedy.qokeey.aiin,odain.orchedy.qoky<$>",qokeeey okchedy qokeey aiin odain orchedy qoky
ZL3b-n,f104v,"f104v.41,+P0","<%>tchedy.qotechy.otcheeo,l,keedy.qoty.raiin.cheedy.qotaiin.otchdy.qotain",tchedy qotechy otcheeo l keedy qoty raiin cheedy qotaiin otchdy qotain
ZL3b-n,f104v,"f104v.42,+P0",oteedchey.qoeeda.lchal.cheedy.qoteey.sheey.teeeo.dar.cheed.qotain.chedy,oteedchey qoeeda lchal cheedy qoteey sheey teeeo dar cheed qotain chedy
ZL3b-n,f104v,"f104v.43,+P0","chey.keeey.qockheey.lkeey.o,keeedy.qokeey.okchey.qot[?:e]odaiin.okain.orom",chey keeey qockheey lkeey o keeedy qokeey okchey okain orom
ZL3b-n,f104v,"f104v.44,+P0","daiin.y,cheeo,chey.okeeey.qokeeey.okeey.okeey<$>",daiin y cheeo chey okeeey qokeeey okeey okeey
ZL3b-n,f105r,"f105r.1,@P0","<%>@199;aiin,dar.chcphy.qokeey.qopaiin.ypcheeey.saraisl.aiin.cheedy.[?:k]aiin.arody",aiin dar chcphy qokeey qopaiin ypcheeey saraisl aiin cheedy arody
ZL3b-n,f105r,"f105r.2,+P0","dshees.yey.cheey.raiin.otchdy.qodor.ches.or.cheey.okees.odar.cheody,qody",dshees yey cheey raiin otchdy qodor ches or cheey okees odar cheody qody
ZL3b-n,f105r,"f105r.3,+P0",olshey.qod[en:a'].odeey.kcheody.cheeo.ar.yteey.ytchy.otedy.qokeedy.qokeey.rol,olshey qoden odeey kcheody cheeo ar yteey ytchy otedy qokeedy qokeey rol
ZL3b-n,f105r,"f105r.4,+P0",ykaiin.olkeedy.odaiin.okar.eeeodaiin.yteey.ochedy.[q:?]okeeey.oy.teedy.qotam,ykaiin olkeedy odaiin okar eeeodaiin yteey ochedy qokeeey oy teedy qotam
ZL3b-n,f105r,"f105r.5,+P0",daiin.yteedy.yteeeody.yl.cheod.or.aiiroekey.otchdy.otey<$>,daiin yteedy yteeeody yl cheod or aiiroekey otchdy otey
ZL3b-n,f105r,"f105r.6,+P0",<%>par.arody.shedeeey.qopchedy.qody.qoteody.aiin.yteody.qokor.olpshedy,par arody shedeeey qopchedy qody qoteody aiin yteody qokor olpshedy
ZL3b-n,f105r,"f105r.7,+P0",ysheeody.ykeeos.or.aiiin.shey.qodaiiin.qokeed.qokeey.saiin.aiirody,ysheeody ykeeos or aiiin shey qodaiiin qokeed qokeey saiin aiirody
ZL3b-n,f105r,"f105r.8,+P0","sheey.oleeey.or,air.qokaiin.chey.qokeedy.qokedy.oteedy.lchedy.oesal",sheey oleeey or air qokaiin chey qokeedy qokedy oteedy lchedy oesal
ZL3b-n,f105r,"f105r.9,+P0",oeeolchy.okee[y:o]dy.okeey.okchey,oeeolchy okeeydy okeey okchey
ZL3b-n,f105r,"f105r.10,+Pr",sairy.ore.daiindy.ytam<$>,sairy ore daiindy ytam
ZL3b-n,f105r,"f105r.11,*P0","<%>pdar,o,shedy.otcheos.oiiin,al.tchedarchy.fchos,aiin.polaiin.polkeeey.dyaiin",pdar o shedy otcheos oiiin al tchedarchy fchos aiin polaiin polkeeey dyaiin
ZL3b-n,f105r,"f105r.12,+P0","ya[iir:iin].yteeo,dy.qoeeody.qoeedy.kchedy.qotchdy.otcheey.chey.teeor.ykedy.ry",yaiir yteeo dy qoeeody qoeedy kchedy qotchdy otcheey chey teeor ykedy ry
ZL3b-n,f105r,"f105r.13,+P0",dyteey.qokdy.chedy.chedy.dal.qoked.shedy.qoteody.cheedy.ot<$>,dyteey qokdy chedy chedy dal qoked shedy qoteody cheedy ot
ZL3b-n,f105r,"f105r.14,+P0","<%>kesoar.qoeeedy.keeody.dlls,air.shckhy.oekeody.cheody.oeey.qokeeody.sheo,lkeey",kesoar qoeeedy keeody dlls air shckhy oekeody cheody oeey qokeeody sheo lkeey
ZL3b-n,f105r,"f105r.15,+P0",lksheey.ol.r.aiin.okeedy.olkeeody.lkaiin.okeeol.oteeol.shod.daiin.aral,lksheey ol r aiin okeedy olkeeody lkaiin okeeol oteeol shod daiin aral
ZL3b-n,f105r,"f105r.16,+P0",yteody.oteeeos.aiin.odal.oiir.okeedy.oral<$>,yteody oteeeos aiin odal oiir okeedy oral
ZL3b-n,f105r,"f105r.17,+P0",<%>lteedy.okeeddl.sheokedy.qokedy.shol.kol.aiirol.qokchedy.daiin.okedy.q@145;ky,lteedy okeeddl sheokedy qokedy shol kol aiirol qokchedy daiin okedy qky
ZL3b-n,f105r,"f105r.18,+P0","sheoy.oleedy.daiin.al,chedy.okeeey.chdaiin.otedy.cheoty.oteedy.oteey.chdy",sheoy oleedy daiin al chedy okeeey chdaiin otedy cheoty oteedy oteey chdy
ZL3b-n,f105r,"f105r.19,+P0","dsechey.oteol.daiindy.saiin.chedy.laiin.okeeody.okeeyteedy.odaiin.aiir,al",dsechey oteol daiindy saiin chedy laiin okeeody okeeyteedy odaiin aiir al
ZL3b-n,f105r,"f105r.20,+P0","s,aiin.chey,teol.ykair.paiir.olkaiin.olfaiin.odar.al.airody.al.teedar.dam",s aiin chey teol ykair paiir olkaiin olfaiin odar al airody al teedar dam
ZL3b-n,f105r,"f105r.21,+P0",ycheo.lkedy.qoeey.qokedy.qokedal.saiin.otol.shody.chedy.okaiin.chekaim,ycheo lkedy qoeey qokedy qokedal saiin otol shody chedy okaiin chekaim
ZL3b-n,f105r,"f105r.22,+P0","olkchokeedy.ypair.opaiin.opail.oteodl.eeol.keey.r,aiin.ylkaiin.am.ols",olkchokeedy ypair opaiin opail oteodl eeol keey r aiin ylkaiin am ols
ZL3b-n,f105r,"f105r.23,+P0",dchees.opchey.aeeod[ch:ee]y.chefchedy<$>,dchees opchey aeeodchy chefchedy
ZL3b-n,f105r,"f105r.24,+P0","<%>pcheor.ain.ckheey.okeeey.paiin.ar,aiiin.chpaiikey.sheo.pcheey.dal.daiin.dam",pcheor ain ckheey okeeey paiin ar aiiin chpaiikey sheo pcheey dal daiin dam
ZL3b-n,f105r,"f105r.25,+P0",deeedy.cheodkedy.chedy.decthdy.daiiils.airols<$>,deeedy cheodkedy chedy decthdy daiiils airols
ZL3b-n,f105r,"f105r.26,+P0",<%>pdal.sheey.yqopchy.airal.sheey.fchdy.qopchdy.raiir.oky.chdedy.qodeedy.qokedy,pdal sheey yqopchy airal sheey fchdy qopchdy raiir oky chdedy qodeedy qokedy
ZL3b-n,f105r,"f105r.27,+P0","dair.cho,al.r.lal.cheesy.cphedy<$>",dair cho al r lal cheesy cphedy
ZL3b-n,f105r,"f105r.28,+P0",<%>pchsed.sheefy.opchey.qoteedy.qoeey.qokeedy.laiiin.odaiin.aiir.opair.kechedy,pchsed sheefy opchey qoteedy qoeey qokeedy laiiin odaiin aiir opair kechedy
ZL3b-n,f105r,"f105r.29,+P0","oees.olkeedy.qockhy.r,aiin.chol.okair.oteedy.qopchedy.odaiin.ypchedy.ytam",oees olkeedy qockhy r aiin chol okair oteedy qopchedy odaiin ypchedy ytam
ZL3b-n,f105r,"f105r.30,+P0","oleedar.aiildy.dar.oiin.y,teey.tair.cheody.qokolky.cheolkary<$>",oleedar aiildy dar oiin y teey tair cheody qokolky cheolkary
ZL3b-n,f105r,"f105r.31,+P0","<%>kodeey.lchl.shx.ar.aii[j:d]y.cpheesy.okal.lkedy.lkar.chedy,qokaiin.or.fchoky",kodeey lchl shx ar aiijy cpheesy okal lkedy lkar chedy qokaiin or fchoky
ZL3b-n,f105r,"f105r.32,+P0",ycheochy.lkeol.daiin.qkair.olkchey.dar.qopchdy.dair.otar.ar.ajam,ycheochy lkeol daiin qkair olkchey dar qopchdy dair otar ar ajam
ZL3b-n,f105r,"f105r.33,+P0","okeeodair.oteey.lkeey.teeolteedy.ot,okal.or,aiiin.qokaiin.ar.airod",okeeodair oteey lkeey teeolteedy ot okal or aiiin qokaiin ar airod
ZL3b-n,f105r,"f105r.34,+P0",dor.ail.cheky.kar.odaiin.ykl.al.oees.al.ar.alkam<$>,dor ail cheky kar odaiin ykl al oees al ar alkam
ZL3b-n,f105r,"f105r.35,+P0",<%>ypchedy.okaiir.opcheedy.qokair.dar.kal.otar.ol.qokal.kor.orolpchey.ofory,ypchedy okaiir opcheedy qokair dar kal otar ol qokal kor orolpchey ofory
ZL3b-n,f105r,"f105r.36,+P0",dyteey.otedaiin.otar.ol.chedy.ted.qotar.oteodar.otam.ytedy.otaiin,dyteey otedaiin otar ol chedy ted qotar oteodar otam ytedy otaiin
ZL3b-n,f105r,"f105r.37,+Pc",otoiir.chedaiin.otair.otaly<$>,otoiir chedaiin otair otaly
ZL3b-n,f105v,"f105v.1,@P0",<%>polairy.oair.olpcheey.ykaiin.olpchedy.opchedaiin.dairody.ypcheddy.sairy,polairy oair olpcheey ykaiin olpchedy opchedaiin dairody ypcheddy sairy
ZL3b-n,f105v,"f105v.2,+P0","ysheod.ykeeedy.keshed.qodaiin.oteodair.or.chkar.otaiin.chpor,or.otchy.otor",ysheod ykeeedy keshed qodaiin oteodair or chkar otaiin chpor or otchy otor
ZL3b-n,f105v,"f105v.3,+P0",dshedy.qoedaiin.ytoiin.okair.qotol.dol.okoldy.qokedy.opched.oteedy.qotaiin,dshedy qoedaiin ytoiin okair qotol dol okoldy qokedy opched oteedy qotaiin
ZL3b-n,f105v,"f105v.4,+P0",olkeeol.orchsey.qokeedy.chdor.olar.ol.keeol.chedaiin<$>,olkeeol orchsey qokeedy chdor olar ol keeol chedaiin
ZL3b-n,f105v,"f105v.5,+P0",<%>pchedal.qopchdy.daiin.chedy.daiin.okaildy.opchedaiin.[o:y]pcheo.olkeedy.sairom,pchedal qopchdy daiin chedy daiin okaildy opchedaiin opcheo olkeedy sairom
ZL3b-n,f105v,"f105v.6,+P0",dcheo.fcheeody.ckheey.dar.aiin.al.dar.ar.daiiidy.otedy.oteody.ykaiin.[g:m],dcheo fcheeody ckheey dar aiin al dar ar daiiidy otedy oteody ykaiin g
ZL3b-n,f105v,"f105v.7,+P0",ycheeo.lkaiin.otair.ol.olkaiin.okairody.lchedr<$>,ycheeo lkaiin otair ol olkaiin okairody lchedr
ZL3b-n,f105v,"f105v.8,+P0",<%>fodal.kedar.olpchesd.araiin.ksheeol.opchedy.pchedy.opcheddl.pchdar.air.odar,fodal kedar olpchesd araiin ksheeol opchedy pchedy opcheddl pchdar air odar
ZL3b-n,f105v,"f105v.9,+P0","lcheey.qoeees.y.daiin.okairy.otchedy.ockhedy.otchey.daiin.or.r.ail.[l:?],okam",lcheey qoeees y daiin okairy otchedy ockhedy otchey daiin or r ail l okam
ZL3b-n,f105v,"f105v.10,+P0","ykeey.ky.che.oiiin.dal,kaiin.okairo.l,kair.chedy.s,odar.air.al.oral.odam",ykeey ky che oiiin dal kaiin okairo l kair chedy s odar air al oral odam
ZL3b-n,f105v,"f105v.11,+P0",roees.aiiin.ol.okaiin.os.aiin.chckhodu.qoteedy.ckhddl.aiir.ypar.kaii{i'h}dy,roees aiiin ol okaiin os aiin chckhodu qoteedy ckhddl aiir ypar kaiidy
ZL3b-n,f105v,"f105v.12,+P0",ysheedy.aiin.okeol.ykedor.ar.ar.alkair.otar.otaiin.otal.tair.am,ysheedy aiin okeol ykedor ar ar alkair otar otaiin otal tair am
ZL3b-n,f105v,"f105v.13,+P0",saiin.opchedy.qokchdy.otar.al.kair.okees.lkchdal<$>,saiin opchedy qokchdy otar al kair okees lkchdal
ZL3b-n,f105v,"f105v.14,+P0",<%>pchedaiin.chckhdy.qokaiir.olpchedy.olord.aiiin.[t:k]ail.odar.kard.chtchy,pchedaiin chckhdy qokaiir olpchedy olord aiiin tail odar kard chtchy
ZL3b-n,f105v,"f105v.15,+P0","ycheey.kar.ykeey.otaiin.ot,al,dar.chdor.kalchedy.opchdy.daiin.oraiin.r",ycheey kar ykeey otaiin ot al dar chdor kalchedy opchdy daiin oraiin r
ZL3b-n,f105v,"f105v.16,+P0",daiin.cheey.dal.chl.okair.aiin.cpheor.aiin.okal.chodaiin.otaiin.opaiim,daiin cheey dal chl okair aiin cpheor aiin okal chodaiin otaiin opaiim
ZL3b-n,f105v,"f105v.17,+P0","olr.aiin.chey.l,raiin.lkl.dl.lklor.diiin,olkaiin<$>",olr aiin chey l raiin lkl dl lklor diiin olkaiin
ZL3b-n,f105v,"f105v.18,+P0","<%>pchor.chedaiin.okaiin.cholkal.qolkaiin.oltchdy.qopchsd.opair,orair.karaim",pchor chedaiin okaiin cholkal qolkaiin oltchdy qopchsd opair orair karaim
ZL3b-n,f105v,"f105v.19,+P0",ycheey.aiin.otleey.lkaiir.cheeo.taiin.okeed.ail.kchey.rokaix.am<$>,ycheey aiin otleey lkaiir cheeo taiin okeed ail kchey rokaix am
ZL3b-n,f105v,"f105v.20,+P0","<%>porair.chopchdy.chedain.otair.otchod.aiin.alol.cheo.ypchedy.kairodl,lpaim",porair chopchdy chedain otair otchod aiin alol cheo ypchedy kairodl lpaim
ZL3b-n,f105v,"f105v.21,+P0","ykeeo.daiim.sheey.qokaiin.cheot,daiin.qoek,eeykeody.qopaiin.or.aiikam",ykeeo daiim sheey qokaiin cheot daiin qoek eeykeody qopaiin or aiikam
ZL3b-n,f105v,"f105v.22,+P0",daiin.cheodaiin.chedal.air.okaiin.cheey<$>,daiin cheodaiin chedal air okaiin cheey
ZL3b-n,f105v,"f105v.23,+P0","<%>tcholkaiin.odal,kl.chees.aiiin.shees.qopdaiin.chod[s:r].alkeey.paradam",tcholkaiin odal kl chees aiiin shees qopdaiin chods alkeey paradam
ZL3b-n,f105v,"f105v.24,+P0","alcheey.okaiin.otar.oto,daiin.ckheol.lkol.fchedypaiin<$>",alcheey okaiin otar oto daiin ckheol lkol fchedypaiin
ZL3b-n,f105v,"f105v.25,+P0","<%>kchdaldy.alfo,lfcheedy.ofoiir.opchey.fchedy.qotor.oeeeodr.qopar.{aifhh}y.dl",kchdaldy alfo lfcheedy ofoiir opchey fchedy qotor oeeeodr qopar aifhhy dl
ZL3b-n,f105v,"f105v.26,+P0",lkl.sheeodees.otaiin.otar.otal.or.aiin.chedor.alkaiin.chs.alkaiin.ry,lkl sheeodees otaiin otar otal or aiin chedor alkaiin chs alkaiin ry
ZL3b-n,f105v,"f105v.27,+P0","sheoe.arxor.eesy.qopcheo,ain.orkchdy.daiin.oteedy.ko,lkair.otaiilody",sheoe arxor eesy qopcheo ain orkchdy daiin oteedy ko lkair otaiilody
ZL3b-n,f105v,"f105v.28,+P0",oeoar.ar.al.odor.aiil.otaiin<$>,oeoar ar al odor aiil otaiin
ZL3b-n,f105v,"f105v.29,+P0","<%>tdol.tor,oaldar.aiir.okokeedy.karody,qoeedy.sho.qopchedy.daiin.opairam",tdol tor oaldar aiir okokeedy karody qoeedy sho qopchedy daiin opairam
ZL3b-n,f105v,"f105v.30,+P0","dchedy.cheey.qokor.otaiin.otair.otair.okeedy.kaiin.aiin.s.aiin,sy",dchedy cheey qokor otaiin otair otair okeedy kaiin aiin s aiin sy
ZL3b-n,f105v,"f105v.31,+P0",ychtaiir.aiichy.dol.aiin.otaiin.aiidy.okchd.otar.daiin<$>,ychtaiir aiichy dol aiin otaiin aiidy okchd otar daiin
ZL3b-n,f105v,"f105v.32,+P0","<%>poar.keeodaiin.qoair.ar.a{iphh}ey.qoeedeody.qokaiin.qotedair.apo,rairapy",poar keeodaiin qoair ar aiphhey qoeedeody qokaiin qotedair apo rairapy
ZL3b-n,f105v,"f105v.33,+P0",lsheody.tair.oteey.oteeo.o.l.otaiin.okeey.qokaiin.or.aiir.al.dar,lsheody tair oteey oteeo o l otaiin okeey qokaiin or aiir al dar
ZL3b-n,f105v,"f105v.34,+P0",sheeo.daiin.chsd.qokeeey.dair.okaiin.otaiin.chedaiin.olkal.lkldain,sheeo daiin chsd qokeeey dair okaiin otaiin chedaiin olkal lkldain
ZL3b-n,f105v,"f105v.35,+P0","doee.okcheeo.l,taiin.otcheedy.chor.aiin.odaiin.chedy.otaiin.al.kaishd",doee okcheeo l taiin otcheedy chor aiin odaiin chedy otaiin al kaishd
ZL3b-n,f105v,"f105v.36,+P0","laiin.sheod.okeeody.qoaiin.ytaiin.otair.chdal,dy,daim.chdaiin.o{ckhh}y",laiin sheod okeeody qoaiin ytaiin otair chdal dy daim chdaiin ockhhy
ZL3b-n,f105v,"f105v.37,+P0","yshey.ckhy.sheo.qoeeo.lkaiin.chs,okol.tchdy.sheeey.okaiin.ar.aildy",yshey ckhy sheo qoeeo lkaiin chs okol tchdy sheeey okaiin ar aildy
ZL3b-n,f105v,"f105v.38,+P0",cheody.oaiir.ain.okshey<$>,cheody oaiir ain okshey
ZL3b-n,f106r,"f106r.1,@P0",<%>pshdar.shoefy.yteedy.sh[a:o]l.korchy.sheky.otchedy.okshed.qotedy.qoted.yteeody,pshdar shoefy yteedy shal korchy sheky otchedy okshed qotedy qoted yteeody
ZL3b-n,f106r,"f106r.2,+P0",shedchy.ytchedy.chees.otshes.okcho.chdy.qokeedy.ched.chedy.chedy.qotar.rod,shedchy ytchedy chees otshes okcho chdy qokeedy ched chedy chedy qotar rod
ZL3b-n,f106r,"f106r.3,+P0","dshes.lchedy.lkchedy.ytchdy.or,cheos<$>",dshes lchedy lkchedy ytchdy or cheos
ZL3b-n,f106r,"f106r.4,+P0",<%>pcheodair.okchedy.olkeeedy.or.arojy.qopchdy.sholfchdy.cheeky.lchedy.qokam,pcheodair okchedy olkeeedy or arojy qopchdy sholfchdy cheeky lchedy qokam
ZL3b-n,f106r,"f106r.5,+P0",ysheor.aiin.char.okaiin.qokeechy.checkhy.qokeod.ar.qokeo.lkeo.lchor[o:a]m,ysheor aiin char okaiin qokeechy checkhy qokeod ar qokeo lkeo lchorom
ZL3b-n,f106r,"f106r.6,+P0","shor.sheor.orkchsd.otair,or.qokeeo.raiin.qokeeolchedy.olchedy.qokeol.qoky",shor sheor orkchsd otair or qokeeo raiin qokeeolchedy olchedy qokeol qoky
ZL3b-n,f106r,"f106r.7,+P0",olched.qoiin.ychedy.qokam.sheol.qokor.cheees<$>,olched qoiin ychedy qokam sheol qokor cheees
ZL3b-n,f106r,"f106r.8,+P0","<%>porarchy.orar.ol,kaiin.shedy.oteedy.qotor.qoteedo.qoteedy.dair.ok[ch:ee]daim",porarchy orar ol kaiin shedy oteedy qotor qoteedo qoteedy dair okchdaim
ZL3b-n,f106r,"f106r.9,+P0",ychor.chol.qokain.chocphol.lchedy.qocheo.qokar<$>,ychor chol qokain chocphol lchedy qocheo qokar
ZL3b-n,f106r,"f106r.10,+P0",<%>pshoair.lkeeshedy.qokain.cheoly.qokedy.lchedy.qokedy.otedy.qotoky,pshoair lkeeshedy qokain cheoly qokedy lchedy qokedy otedy qotoky
ZL3b-n,f106r,"f106r.11,+P0",sar.aiin.cheol.aiin.cheokey.raiin.chokar.cholky.okeees.aiin.okeey.lchg,sar aiin cheol aiin cheokey raiin chokar cholky okeees aiin okeey lchg
ZL3b-n,f106r,"f106r.12,+P0",okeey.lcheedy.olkeey.qokeeo.dchedy<$>,okeey lcheedy olkeey qokeeo dchedy
ZL3b-n,f106r,"f106r.13,+P0","<%>pcheol.sheokaiin.otey.qokeeor.sheo,aiin.otchey.pcheo,ror,aiin.daiinopal",pcheol sheokaiin otey qokeeor sheo aiin otchey pcheo ror aiin daiinopal
ZL3b-n,f106r,"f106r.14,+P0",ychol.okaiin.olcheey.dolchedy.otair.otal.chedy.okeor<$>,ychol okaiin olcheey dolchedy otair otal chedy okeor
ZL3b-n,f106r,"f106r.15,+P0","<%>podaroar.oteeo,lchor.shol.tchedy.chotar.opchedy.opches,aiin.okchdam",podaroar oteeo lchor shol tchedy chotar opchedy opches aiin okchdam
ZL3b-n,f106r,"f106r.16,+P0",soin.oin.okain.aiin.arol.ocheedy.lkeeeody.daiin.chedar.okol.otar.chdam,soin oin okain aiin arol ocheedy lkeeeody daiin chedar okol otar chdam
ZL3b-n,f106r,"f106r.17,+P0",yochor.lshedy.qockhey.qokedain.or.aiinchodar<$>,yochor lshedy qockhey qokedain or aiinchodar
ZL3b-n,f106r,"f106r.18,+P0",<%>kshed.dsheol.qokeedy.otol.okeedy.lkeedar.sheopchy.qopchy.qotolchy.qoty.chdy,kshed dsheol qokeedy otol okeedy lkeedar sheopchy qopchy qotolchy qoty chdy
ZL3b-n,f106r,"f106r.19,+P0","otchedy.qokeey.shosaiin.qokaiin.okain.cholkeeey.ltal.olcheey.qotchoraiin,y",otchedy qokeey shosaiin qokaiin okain cholkeeey ltal olcheey qotchoraiin y
ZL3b-n,f106r,"f106r.20,+P0","ytaiin.cheey.qokaiin.shaiin.qokeedy.sail,chedy.cheodal.qochedy.qokaiin",ytaiin cheey qokaiin shaiin qokeedy sail chedy cheodal qochedy qokaiin
ZL3b-n,f106r,"f106r.21,+P0",olkeedy.qokchedy.cheo.lkeedy.chearaiin.okain<$>,olkeedy qokchedy cheo lkeedy chearaiin okain
ZL3b-n,f106r,"f106r.22,+P0","<%>tshodair.olkeees.odain.qokeedy.opchor.aror,pcheeody.daiir,opchedy.opchody",tshodair olkeees odain qokeedy opchor aror pcheeody daiir opchedy opchody
ZL3b-n,f106r,"f106r.23,+P0","ychedy.qckhedy.dair,al.qokedy.shecphy.qokchy.otedy.dar.aror<$>",ychedy qckhedy dair al qokedy shecphy qokchy otedy dar aror
ZL3b-n,f106r,"f106r.24,+P0",<%>podshedy.qokchedy.lkechor.otchodar.cho.lky.chedar.otaiin.chkchedaram,podshedy qokchedy lkechor otchodar cho lky chedar otaiin chkchedaram
ZL3b-n,f106r,"f106r.25,+P0",soraiin.cheeo.lo.lchey.qokaiin.shedy.okain.shear.qokain.chees.ykarain,soraiin cheeo lo lchey qokaiin shedy okain shear qokain chees ykarain
ZL3b-n,f106r,"f106r.26,+P0",ycheeo.lkeey<$>,ycheeo lkeey
ZL3b-n,f106r,"f106r.27,+P0",<%>tcheoky.lkshedy.qokaiin.lky.raiin.chy.rody.chlar.cheeorfor.cheoly,tcheoky lkshedy qokaiin lky raiin chy rody chlar cheeorfor cheoly
ZL3b-n,f106r,"f106r.28,+P0",okaiin.ol.lcho.rcheo.raiin.qokaiin.chey.chokaiin.chear.ar.ol.raralchl,okaiin ol lcho rcheo raiin qokaiin chey chokaiin chear ar ol raralchl
ZL3b-n,f106r,"f106r.29,+P0",saiin.chal.chlal.okal.ykalaiin.okain.qokain.ar.okaiin.char.aiiny,saiin chal chlal okal ykalaiin okain qokain ar okaiin char aiiny
ZL3b-n,f106r,"f106r.30,+P0","ycheeo.lkaiin.cho.ror.sheo,l,kain.shor.sar.aiiry.sheo,al.kairam",ycheeo lkaiin cho ror sheo l kain shor sar aiiry sheo al kairam
ZL3b-n,f106r,"f106r.31,+P0",ysha[r:ir].chkar.aiiiky.ral.cheol.oraiin<$>,yshar chkar aiiiky ral cheol oraiin
ZL3b-n,f106r,"f106r.32,+P0","<%>poral.sho,keeody.qokain.chckhy.olteeedy.qopche[r:s].al.karchy.qotedary",poral sho keeody qokain chckhy olteeedy qopcher al karchy qotedary
ZL3b-n,f106r,"f106r.33,+P0","ycheol.chokaiin.sheody.chody.qokaiin.ar.akair,aiir.okaly<$>",ycheol chokaiin sheody chody qokaiin ar akair aiir okaly
ZL3b-n,f106r,"f106r.34,+P0","<%>tcheorsho.lkshey.lpcheo,ro,lpchey.oporaiin.chpchy.qopcheody.qotarain",tcheorsho lkshey lpcheo ro lpchey oporaiin chpchy qopcheody qotarain
ZL3b-n,f106r,"f106r.35,+P0",okaiin.choky.lkar.chdy.lchedy<$>,okaiin choky lkar chdy lchedy
ZL3b-n,f106r,"f106r.36,+P0","<%>psheodalo.dar.sheodal.qotedy.qotes,aiin.okalal.shdy.otaiin.shedy",psheodalo dar sheodal qotedy qotes aiin okalal shdy otaiin shedy
ZL3b-n,f106r,"f106r.37,+P0","tchodaiin.tcheo,dlchy<$>",tchodaiin tcheo dlchy
ZL3b-n,f106r,"f106r.38,+P0","<%>pshodaiin.opchy.sh,o,teeody.shotchey.yteey.sholfaiin.opchdy.lchdy.dol",pshodaiin opchy sh o teeody shotchey yteey sholfaiin opchdy lchdy dol
ZL3b-n,f106r,"f106r.39,+P0","ycheool.cheeey.ol,aiin.cheody.laiiin.chekol,cheey.okchar.aiin,aloal",ycheool cheeey ol aiin cheody laiiin chekol cheey okchar aiin aloal
ZL3b-n,f106r,"f106r.40,+P0",shaiin.ar.aiin.sheey.lkaiin.sheedy.shedy.qokal.chey.okaiin.chdaldy,shaiin ar aiin sheey lkaiin sheedy shedy qokal chey okaiin chdaldy
ZL3b-n,f106r,"f106r.41,+P0","dair,alsheod.shedy.cholchedy.cheol.shory<$>",dair alsheod shedy cholchedy cheol shory
ZL3b-n,f106r,"f106r.42,+P0","<%>pcheodar.shol,ka[in:ir].ok{e'e}chedy.qoteey.shotchy.qoty,lpaiin.shedy.lar",pcheodar shol kain okchedy qoteey shotchy qoty lpaiin shedy lar
ZL3b-n,f106r,"f106r.43,+P0",daiiral.sheol.daiin.otedy.qokain.okar.cheor.al.taiin.chekal.otaras,daiiral sheol daiin otedy qokain okar cheor al taiin chekal otaras
ZL3b-n,f106r,"f106r.44,+P0","dshedy.qoteey.otaiin.chy.chealol.chlchd,aiin.oty.otair.otaiikam",dshedy qoteey otaiin chy chealol chlchd aiin oty otair otaiikam
ZL3b-n,f106r,"f106r.45,+P0","y,sheedal.okain.okain.otar.kaiin.chdalkair.olkai[?:r].al,keedy.okal",y sheedal okain okain otar kaiin chdalkair al keedy okal
ZL3b-n,f106r,"f106r.46,+P0",sotchdaiin.shodaiin.otedy.qokeedy.qokaiin.ykar.qokain.cheedy.lol,sotchdaiin shodaiin otedy qokeedy qokaiin ykar qokain cheedy lol
ZL3b-n,f106r,"f106r.47,+P0","ycheoar.okain.qokain.char,oky.cheokam<$>",ycheoar okain qokain char oky cheokam
ZL3b-n,f106v,"f106v.1,@P0",<%>fsheda.looin.opaiiral.oteodaiin.chopchy.otair.kar.alalor.aiin.aly.kar,fsheda looin opaiiral oteodaiin chopchy otair kar alalor aiin aly kar
ZL3b-n,f106v,"f106v.2,+P0","daiin.al.sheeodar.y,chtain.char,otar.qokar.o[t:k]ar.shed.sheo,keorain,amchy",daiin al sheeodar y chtain char otar qokar otar shed sheo keorain amchy
ZL3b-n,f106v,"f106v.3,+P0","yshedaiin.shckhy.cheokchy.sar.al.cho,lchedy.ytain.otar.al.chdy.daly,lody",yshedaiin shckhy cheokchy sar al cho lchedy ytain otar al chdy daly lody
ZL3b-n,f106v,"f106v.4,+P0","ycheoto.lsheo,aiin.chcthy.okain.chdal.chdam.charam<$>",ycheoto lsheo aiin chcthy okain chdal chdam charam
ZL3b-n,f106v,"f106v.5,+P0","<%>tshoar.oeey.qokain.shypchedy.opched.qopchedy.otaiin.chepar,aiin,octhy.dair.ry",tshoar oeey qokain shypchedy opched qopchedy otaiin chepar aiin octhy dair ry
ZL3b-n,f106v,"f106v.6,+P0",daiin.shody.kchedy.sheody.olkaiin.shkar.chody.talshdy.qokain.kararo,daiin shody kchedy sheody olkaiin shkar chody talshdy qokain kararo
ZL3b-n,f106v,"f106v.7,+P0","soy,she[a:o]lsho.dy.chain.shol.kain.shokaiin.qotaiin.chodar.ail,dal,dar.loror",soy shealsho dy chain shol kain shokaiin qotaiin chodar ail dal dar loror
ZL3b-n,f106v,"f106v.8,+P0","oraiin.cheo,rol.aiin.otaiin<$>",oraiin cheo rol aiin otaiin
ZL3b-n,f106v,"f106v.9,+P0","<%>tshodaiin.sholkair.orainkar,aiin.shtchy.qopchdy.qopchy.lolkair.shear,am",tshodaiin sholkair orainkar aiin shtchy qopchdy qopchy lolkair shear am
ZL3b-n,f106v,"f106v.10,+P0",ysheody.cheol.oteey.qodaiin.ytain.ychdy.oltydy<$>,ysheody cheol oteey qodaiin ytain ychdy oltydy
ZL3b-n,f106v,"f106v.11,+P0","<%>tchdys,arshedy.oteeody,kshedy.qotchdy.qotar.shedy.qotedy.opchy.kaiin,sham",tchdys arshedy oteeody kshedy qotchdy qotar shedy qotedy opchy kaiin sham
ZL3b-n,f106v,"f106v.12,+P0",ycheey.qoeeda.chodain.otalchdy.qokaiin.chokaiin.chody.qokal.otal.otam,ycheey qoeeda chodain otalchdy qokaiin chokaiin chody qokal otal otam
ZL3b-n,f106v,"f106v.13,+P0",olkeealkchedy.qoeeey.ral.ches.al.ytar.shsy.lchey.ykaiin.shy.lkam,olkeealkchedy qoeeey ral ches al ytar shsy lchey ykaiin shy lkam
ZL3b-n,f106v,"f106v.14,+P0",schedy.raiin.char.arshey.chedy.aiiin.alkam<$>,schedy raiin char arshey chedy aiiin alkam
ZL3b-n,f106v,"f106v.15,+P0",<%>kcheo[a:y]kar.shedy.qofchdy.otshedy.qokchdy.qotshdy.qokchdy.kair.alody,kcheoakar shedy qofchdy otshedy qokchdy qotshdy qokchdy kair alody
ZL3b-n,f106v,"f106v.16,+P0",sarar.okear.aiin.chotal.shody.qotchdy.qotar.shedy.chodal.chedy.qotam,sarar okear aiin chotal shody qotchdy qotar shedy chodal chedy qotam
ZL3b-n,f106v,"f106v.17,+P0",salar.she[o:a]dar.okain.qodaiin.chodal<$>,salar sheodar okain qodaiin chodal
ZL3b-n,f106v,"f106v.18,+P0",<%>pshodalos.qokshdy.qokshy.opchdy.qokshd.ar.shdar.oeedy.qotaly.dairy,pshodalos qokshdy qokshy opchdy qokshd ar shdar oeedy qotaly dairy
ZL3b-n,f106v,"f106v.19,+P0","darshy.otaiin.otal.chedy.r,ain.olaiin.otaiin.sain<$>",darshy otaiin otal chedy r ain olaiin otaiin sain
ZL3b-n,f106v,"f106v.20,+P0",<%>polchs.lkaiir.shokar.choefy.shor.qokor.sheeo.kol{ch'}es.okcharain,polchs lkaiir shokar choefy shor qokor sheeo koles okcharain
ZL3b-n,f106v,"f106v.21,+P0","ycheo,lkaiin.cheo,lchdaiin.osaiin.okal.sheedy.qokchedy<$>",ycheo lkaiin cheo lchdaiin osaiin okal sheedy qokchedy
ZL3b-n,f106v,"f106v.22,+P0",<%>tshod.qokchy.qokaiin.okshy.qokar.shedy.shey.qopshedy.shdykairylam,tshod qokchy qokaiin okshy qokar shedy shey qopshedy shdykairylam
ZL3b-n,f106v,"f106v.23,+P0","ol,kalol.shar.chor.okal.chdy.chol.chedy.qotaiin.or,aiin.okeedy.qokain",ol kalol shar chor okal chdy chol chedy qotaiin or aiin okeedy qokain
ZL3b-n,f106v,"f106v.24,+P0",soraiin.solshedy.qokchdy.qokol.chdaiin.chdal.air.odl.charain.oka{ifh}y,soraiin solshedy qokchdy qokol chdaiin chdal air odl charain okaifhy
ZL3b-n,f106v,"f106v.25,+P0",sar.sheol.chol.shar.chol.okarol<$>,sar sheol chol shar chol okarol
ZL3b-n,f106v,"f106v.26,+P0",<%>tar.air.kshdain.okal.chdy.lchedy.kshar.chopchy.otches.aral.opchdy,tar air kshdain okal chdy lchedy kshar chopchy otches aral opchdy
ZL3b-n,f106v,"f106v.27,+P0",olcheo.odaiin.sheotal.shoor.qokeey.oarar<$>,olcheo odaiin sheotal shoor qokeey oarar
ZL3b-n,f106v,"f106v.28,+P0",<%>psheody.olkeedy.qokor.sheos.choty.qotaiin.oteody.otaiin.qokar.otydy,psheody olkeedy qokor sheos choty qotaiin oteody otaiin qokar otydy
ZL3b-n,f106v,"f106v.29,+P0",ycheey.olchey.chedy.qotaiin.cheos.otaiin.otain.chotar.olos.aiin.cheog,ycheey olchey chedy qotaiin cheos otaiin otain chotar olos aiin cheog
ZL3b-n,f106v,"f106v.30,+P0","otaiin.okochey.qody.oeesysarx,[o:y]keey.oteedy.ksheody.qokeedy.qotokody",otaiin okochey qody oeesysarx okeey oteedy ksheody qokeedy qotokody
ZL3b-n,f106v,"f106v.31,+P0",sheeyko.shody.chosaiin.olcham<$>,sheeyko shody chosaiin olcham
ZL3b-n,f106v,"f106v.32,+P0",<%>polos.shdair.sheky.keedy.qoeedy.qofchedy.sair.al.pchedy.ypodaiin.saram,polos shdair sheky keedy qoeedy qofchedy sair al pchedy ypodaiin saram
ZL3b-n,f106v,"f106v.33,+P0","choaiin.ody.qotar.chey.ol,aiin.chey,dychy<$>",choaiin ody qotar chey ol aiin chey dychy
ZL3b-n,f106v,"f106v.34,+P0","<%>pchodaiin.kcheeor,al.ky.shcthy.otos.ar.odal.pcheody.qotaiin.otor.alodam",pchodaiin kcheeor al ky shcthy otos ar odal pcheody qotaiin otor alodam
ZL3b-n,f106v,"f106v.35,+P0","shody.shockhy.qokeey.qokcho,l,kchedy.shdy.kchedy.chedy.qockhey.okaiin,al",shody shockhy qokeey qokcho l kchedy shdy kchedy chedy qockhey okaiin al
ZL3b-n,f106v,"f106v.36,+P0",sol.sheedy.qokaiin.cholkaiin<$>,sol sheedy qokaiin cholkaiin
ZL3b-n,f106v,"f106v.37,+P0","<%>pyoaly.cheo,aiir.al.kcheodar.qodaiin.shcphoor.shedy.otedar.opol.fchedy.odr",pyoaly cheo aiir al kcheodar qodaiin shcphoor shedy otedar opol fchedy odr
ZL3b-n,f106v,"f106v.38,+P0",okcheody.qokeey.otchey.qokeey.qokeedal.qotchkeey.qol.rody.raiin.oty,okcheody qokeey otchey qokeey qokeedal qotchkeey qol rody raiin oty
ZL3b-n,f106v,"f106v.39,+P0","qokaiin.chey,kar.oteol<$>",qokaiin chey kar oteol
ZL3b-n,f106v,"f106v.40,+P0",<%>ko.sheody.qody.ches.aiin.dair.air.opchedy.pchdy.kolchedy.tcheodar.podkor,ko sheody qody ches aiin dair air opchedy pchdy kolchedy tcheodar podkor
ZL3b-n,f106v,"f106v.41,+P0",otedy.qoar.cheey.kaiin.qokeeody.okaiin.oteey.qoteedy.choty<$>,otedy qoar cheey kaiin qokeeody okaiin oteey qoteedy choty
ZL3b-n,f106v,"f106v.42,+P0","<%>py,chal.shedy.qoteedy.cheyky.okedaiin.otedy.odaiin.chdy.chy.keedy.lkey",py chal shedy qoteedy cheyky okedaiin otedy odaiin chdy chy keedy lkey
ZL3b-n,f106v,"f106v.43,+P0","chedy.okeey.qokeedy.okeey.sheey.qokaiin.al,al,kalos.chedy.dkaiin.chcthy",chedy okeey qokeedy okeey sheey qokaiin al al kalos chedy dkaiin chcthy
ZL3b-n,f106v,"f106v.44,+P0",cthey.chey.okal.chey.keeyrain.okeeo.otaiin.chedar.oteedy.otol.oty,cthey chey okal chey keeyrain okeeo otaiin chedar oteedy otol oty
ZL3b-n,f106v,"f106v.45,+P0",ysair.okeey.cheodain.chey.tchar.oqotaiin.oty.rasal.oteey.sar.aildy,ysair okeey cheodain chey tchar oqotaiin oty rasal oteey sar aildy
ZL3b-n,f106v,"f106v.46,+P0","ytar,okain.cheokaiin.chedy.okeeey.chkaiin.ol.oky.raiin.cheoar.chos",ytar okain cheokaiin chedy okeeey chkaiin ol oky raiin cheoar chos
ZL3b-n,f106v,"f106v.47,+P0",dcheoaiin.shky<$>,dcheoaiin shky
ZL3b-n,f107r,"f107r.1,@P0",<%>pchdlar.sheolor.ykeeol.qokchy.otor.okeesodar.tarair.oteey.otaiin.ytar,pchdlar sheolor ykeeol qokchy otor okeesodar tarair oteey otaiin ytar
ZL3b-n,f107r,"f107r.2,+P0",dchey.qoteos.aiin.shedy.oteed.qor.aiin.cheockhy.olkeey.qotain.chey.qeeey.lor,dchey qoteos aiin shedy oteed qor aiin cheockhy olkeey qotain chey qeeey lor
ZL3b-n,f107r,"f107r.3,+P0",olcheey.cheos.qokeeey.ycheedy.qotain.ykain.okeey.raiin<$>,olcheey cheos qokeeey ycheedy qotain ykain okeey raiin
ZL3b-n,f107r,"f107r.4,+P0","<%>teeody.chedain.qoteey.qokar.deeoltedy.otar,ain.chady.otokcho.qoked.okchedy",teeody chedain qoteey qokar deeoltedy otar ain chady otokcho qoked okchedy
ZL3b-n,f107r,"f107r.5,+P0",olkchedy.tedy.oteeey.okchedy.qokeed.qokear.chedy.chokchedy.qokain.ar,olkchedy tedy oteeey okchedy qokeed qokear chedy chokchedy qokain ar
ZL3b-n,f107r,"f107r.6,+P0",okcheey.qokeedy.chotchedy.daiinar.oteey.lteey.chedaiin.ok[che:eee]y.otaiin.am,okcheey qokeedy chotchedy daiinar oteey lteey chedaiin okchey otaiin am
ZL3b-n,f107r,"f107r.7,+P0",ytaiin.cheotchey.okaiin.chckhy.okeedy.otcheey<$>,ytaiin cheotchey okaiin chckhy okeedy otcheey
ZL3b-n,f107r,"f107r.8,+P0","<%>torshor.sheeey.oteeol.qokeey.qokedy.lkaiin.qokaiin.qokar,al.okiroley",torshor sheeey oteeol qokeey qokedy lkaiin qokaiin qokar al okiroley
ZL3b-n,f107r,"f107r.9,+P0","okaiin.sheey.tcheol,kain.okeey.chedy.okeedy.chdykchedy.chey,kain,an",okaiin sheey tcheol kain okeey chedy okeedy chdykchedy chey kain an
ZL3b-n,f107r,"f107r.10,+P0","yteedy.qokeedy.okeol.lchedy.qokal.lor.sheal.cheedaiin.chey.sair.alo,m",yteedy qokeedy okeol lchedy qokal lor sheal cheedaiin chey sair alo m
ZL3b-n,f107r,"f107r.11,+P0","cheeo.cheeol.qokaiin.ytain.y.keeol,l.oraiin.okaiin.okar.okaiin.otaram",cheeo cheeol qokaiin ytain y keeol l oraiin okaiin okar okaiin otaram
ZL3b-n,f107r,"f107r.12,+P0","y,chol.chol.loraiir.aiinal<$>",y chol chol loraiir aiinal
ZL3b-n,f107r,"f107r.13,+P0","<%>polchls,aiin.sheky.qokaiin.opchal.shedy.pshedaiin.otodal.shedy.otaral",polchls aiin sheky qokaiin opchal shedy pshedaiin otodal shedy otaral
ZL3b-n,f107r,"f107r.14,+P0","cthedy.lshedy.cheolchear.or,alam.chtaiin.otarain.chey.qokaiin.otain",cthedy lshedy cheolchear or alam chtaiin otarain chey qokaiin otain
ZL3b-n,f107r,"f107r.15,+P0",ychol.oiin.chey.qockhal.{ch'}al.otaraiin.sheky.okeeey.raiin.airal,ychol oiin chey qockhal al otaraiin sheky okeeey raiin airal
ZL3b-n,f107r,"f107r.16,+P0",tolshoror.olkeedy.qotaiin.otalar.opcheol.qeeoy.shey.kair.otaiinam,tolshoror olkeedy qotaiin otalar opcheol qeeoy shey kair otaiinam
ZL3b-n,f107r,"f107r.17,+P0",sair.chey.losaiin.chey<$>,sair chey losaiin chey
ZL3b-n,f107r,"f107r.18,+P0","<%>poalosy.shey.tar,a{iph}y.f,arsheey.fol.rolchy.sheey.opolkaiin.ypaiinal",poalosy shey tar aiphy f arsheey fol rolchy sheey opolkaiin ypaiinal
ZL3b-n,f107r,"f107r.19,+P0","oaiin.ol.rar.sheey.ylar,aiin.cholal.dy.cheeody.okeeey.cheodaiin.aldy",oaiin ol rar sheey ylar aiin cholal dy cheeody okeeey cheodaiin aldy
ZL3b-n,f107r,"f107r.20,+P0",tcheol.kcheedy<$>,tcheol kcheedy
ZL3b-n,f107r,"f107r.21,+P0","<%>taror.olal.okain.okaiin.qotal,shaiin.qokeol.lkaiin.okeeo.lkaiin,aiin",taror olal okain okaiin qotal shaiin qokeol lkaiin okeeo lkaiin aiin
ZL3b-n,f107r,"f107r.22,+P0",yksheol.okaiiin.sho{ikh}y.daiin.qotalal.lshedy.qokal.r.aiiin.okair.lldy,yksheol okaiiin shoikhy daiin qotalal lshedy qokal r aiiin okair lldy
ZL3b-n,f107r,"f107r.23,+P0",chodaiin.shar.chodaiin<$>,chodaiin shar chodaiin
ZL3b-n,f107r,"f107r.24,+P0","<%>pal,alchky.okil,cheol,kair.lkain.qokeeo,kair.dar,aiinpchod,lkaiiin.olfy",pal alchky okil cheol kair lkain qokeeo kair dar aiinpchod lkaiiin olfy
ZL3b-n,f107r,"f107r.25,+P0",ycheain.chal.kal.chedy.qokaiin.chody.qokchdy.qokal.char.chdalal.om,ycheain chal kal chedy qokaiin chody qokchdy qokal char chdalal om
ZL3b-n,f107r,"f107r.26,+P0","ol,cheor.shey.cheey.olcheol.kaiin.otair.okal.cheody<$>",ol cheor shey cheey olcheol kaiin otair okal cheody
ZL3b-n,f107r,"f107r.27,+P0",<%>pydar.aiiro[d:?].qokiir.otiir.ofchedy.qofchedy.qofchol.chkaiin.chpaiin.orol,pydar aiirod qokiir otiir ofchedy qofchedy qofchol chkaiin chpaiin orol
ZL3b-n,f107r,"f107r.28,+P0",kar.aiin.chl.cholor.sheees.aiin.cheey.otchy.lkaiin.ykaiin.ykalkal,kar aiin chl cholor sheees aiin cheey otchy lkaiin ykaiin ykalkal
ZL3b-n,f107r,"f107r.29,+P0",olkeeolkeeo.ar.shol<$>,olkeeolkeeo ar shol
ZL3b-n,f107r,"f107r.30,+P0",<%>pair.aii{ikh}eedy.shalkaiin.kairy.okaral.qokaiin.opaichy.opal.rary.ky,pair aiiikheedy shalkaiin kairy okaral qokaiin opaichy opal rary ky
ZL3b-n,f107r,"f107r.31,+P0","daiin.sheol.chdy.okaiin.sheykal.shy.kl.al.kal.chdy.r,aiin.chain.yols",daiin sheol chdy okaiin sheykal shy kl al kal chdy r aiin chain yols
ZL3b-n,f107r,"f107r.32,+P0","salxar,shy.qokaiin.okal.qockhedy.okr.aiin.otar.qocthy.rolky",salxar shy qokaiin okal qockhedy okr aiin otar qocthy rolky
ZL3b-n,f107r,"f107r.33,+P0",yaiin.chekain.cheo.kaiin.chey.qol.kaiiin.chky.lcheel.lkar.okal<$>,yaiin chekain cheo kaiin chey qol kaiiin chky lcheel lkar okal
ZL3b-n,f107r,"f107r.34,+P0","<%>pairar.al.oro,lkeey.qotal.cheotain.dar.okaiin.otaiin.otar.opaim",pairar al oro lkeey qotal cheotain dar okaiin otaiin otar opaim
ZL3b-n,f107r,"f107r.35,+P0",daiin.shl.lkeeol.lchedy.qokor.lkaiin.chedy.qotaiin.al.ol.kaldaim,daiin shl lkeeol lchedy qokor lkaiin chedy qotaiin al ol kaldaim
ZL3b-n,f107r,"f107r.36,+P0",dar.alchor.kcheo.rkeey.chaiin.al.dal.qokchey.qokl.chey.lkaiin.lkar,dar alchor kcheo rkeey chaiin al dal qokchey qokl chey lkaiin lkar
ZL3b-n,f107r,"f107r.37,+P0","ychklkaiin.chckhy.cho,l,olkain<$>",ychklkaiin chckhy cho l olkain
ZL3b-n,f107r,"f107r.38,+P0","<%>poaral,orar.ofchey.qoteedy.qotaiin.opchedy.qokchey.otlchdain.aly",poaral orar ofchey qoteedy qotaiin opchedy qokchey otlchdain aly
ZL3b-n,f107r,"f107r.39,+P0",tair.cheol.cheol.kchekain.cheear.[o:a]l.oiin.cho.lkain.al.oeedy.chey,tair cheol cheol kchekain cheear ol oiin cho lkain al oeedy chey
ZL3b-n,f107r,"f107r.40,+P0",lolkaiin.chey.qokaiin.chal.aiin.okaiin.olkar.otair.okal.okal,lolkaiin chey qokaiin chal aiin okaiin olkar otair okal okal
ZL3b-n,f107r,"f107r.41,+P0",qokaiin.ar.ockhey.qokal.otal.otam<$>,qokaiin ar ockhey qokal otal otam
ZL3b-n,f107r,"f107r.42,+P0",<%>pcholky.sokeey.aiin.oteey.ykchey.paichy.okeey.tain.ar.arodl.kairam,pcholky sokeey aiin oteey ykchey paichy okeey tain ar arodl kairam
ZL3b-n,f107r,"f107r.43,+P0",okeear.a{ith}y.daiin.sheody.ykchedy.chykaiin.otal.taiin.chotaiir.aram,okeear aithy daiin sheody ykchedy chykaiin otal taiin chotaiir aram
ZL3b-n,f107r,"f107r.44,+P0",ycheodain.okeey.qokeeody.qokaiin<$>,ycheodain okeey qokeeody qokaiin
ZL3b-n,f107r,"f107r.45,+P0","<%>podky.chedy.qockhy.qokeedy.qokokil.y.chees.opal,kaiin.otaiin.otaram",podky chedy qockhy qokeedy qokokil y chees opal kaiin otaiin otaram
ZL3b-n,f107r,"f107r.46,+P0","sar.cheey.qodaiin.qokaiin.ol.cheor,aiin.otal,taiin.qokaiin.otal.alkal",sar cheey qodaiin qokaiin ol cheor aiin otal taiin qokaiin otal alkal
ZL3b-n,f107r,"f107r.47,+P0",okain.cheey.lol.loeey.[o:a]iinal<$>,okain cheey lol loeey oiinal
ZL3b-n,f107r,"f107r.48,+P0",<%>fairal.chkal.lky.otain.ar.kalkal.qotain.oty.lky.otaiin.ytaiin.om,fairal chkal lky otain ar kalkal qotain oty lky otaiin ytaiin om
ZL3b-n,f107r,"f107r.49,+P0",o.alain.a{ikh}y.chkain.okair.chtl.lkaiin.okair.chtl.ra{ith}ty,o alain aikhy chkain okair chtl lkaiin okair chtl raithty
ZL3b-n,f107r,"f107r.50,+P0","chain.al.lkeey.chol.taidy.qotaiin.y,taiin.lkl.lfchal.pchdy,pal.tar",chain al lkeey chol taidy qotaiin y taiin lkl lfchal pchdy pal tar
ZL3b-n,f107r,"f107r.51,+P0","sar.ain.chol.ol,cheey.otal.otal,ol.otchy.qoky.otaily<$>",sar ain chol ol cheey otal otal ol otchy qoky otaily
ZL3b-n,f107v,"f107v.1,@P0","<%>kaisar.olkeeey.otalkchy.lkaiin.ot[o:e]dy.qokair.lkal.chey.chody.otal,cheey",kaisar olkeeey otalkchy lkaiin otody qokair lkal chey chody otal cheey
ZL3b-n,f107v,"f107v.2,+P0","daiin.dckhy.ol,daiin.chkal.qokedy.otal.chedy.oteos.aiin.otar.alkain.ol",daiin dckhy ol daiin chkal qokedy otal chedy oteos aiin otar alkain ol
ZL3b-n,f107v,"f107v.3,+P0","sain.ain.aiiin.qokaiin.shol.kal.qokar,al.ochedy.lkaiin.otal.olkiir.alody",sain ain aiiin qokaiin shol kal qokar al ochedy lkaiin otal olkiir alody
ZL3b-n,f107v,"f107v.4,+P0",dain.cheky.okechy.qokain.shocthy.otaiin.alkaiin<$>,dain cheky okechy qokain shocthy otaiin alkaiin
ZL3b-n,f107v,"f107v.5,+P0","<%>tol,sheockhedy.qotol.chdor.otechdy.teol.tedaiin.opchedy.qopchdy.ytar.aiiil",tol sheockhedy qotol chdor otechdy teol tedaiin opchedy qopchdy ytar aiiil
ZL3b-n,f107v,"f107v.6,+P0",paiin.okaiin.qokaiy.olkeedy.qokeey.qotaiin.oky.lkal.otaiin.aiin.qokaldy,paiin okaiin qokaiy olkeedy qokeey qotaiin oky lkal otaiin aiin qokaldy
ZL3b-n,f107v,"f107v.7,+P0",taiin.cheockhy.chain.qokain<$>,taiin cheockhy chain qokain
ZL3b-n,f107v,"f107v.8,+P0",<%>polcheolkain.qokair.okeol.qokol.qokaiin.opcheol.qotedy.ltedy.otedam,polcheolkain qokair okeol qokol qokaiin opcheol qotedy ltedy otedam
ZL3b-n,f107v,"f107v.9,+P0","saiin.shey,kedy.qokain.qokedy.qokaiin.y,lkaiin.qoky.lkal,tar,aty",saiin shey kedy qokain qokedy qokaiin y lkaiin qoky lkal tar aty
ZL3b-n,f107v,"f107v.10,+P0",shodaiin.shey.qokair.qokaiin.chokedy.tain.shedy<$>,shodaiin shey qokair qokaiin chokedy tain shedy
ZL3b-n,f107v,"f107v.11,+P0",<%>tshedy.okal.shedy.qokchey.chky.qokeey.qotaiin.otol.qoteedy.qopchcfhy,tshedy okal shedy qokchey chky qokeey qotaiin otol qoteedy qopchcfhy
ZL3b-n,f107v,"f107v.12,+P0","qokeey.lcheol.chol,kaiin.olkal.shedy.qokaly.odar.choty.qokaiin.otam",qokeey lcheol chol kaiin olkal shedy qokaly odar choty qokaiin otam
ZL3b-n,f107v,"f107v.13,+P0",ycheey.qokain.ockheody.qokair.otal.qokaiin.otal.sho{ck}y.qokaiin.dalam,ycheey qokain ockheody qokair otal qokaiin otal shocky qokaiin dalam
ZL3b-n,f107v,"f107v.14,+P0",daiin.shaiin.okaiin.qokar.qokal.qokal.cheody.qokain.okchdy.dlkal,daiin shaiin okaiin qokar qokal qokal cheody qokain okchdy dlkal
ZL3b-n,f107v,"f107v.15,+P0",solain.qokal.okeey.lkaiin.okain.chkal.otain.chcthy.tarairy<$>,solain qokal okeey lkaiin okain chkal otain chcthy tarairy
ZL3b-n,f107v,"f107v.16,+P0",<%>parair.okal.opchol.okal.opaiin.otedy.qokeody.tolkol.lkar.aiiraly,parair okal opchol okal opaiin otedy qokeody tolkol lkar aiiraly
ZL3b-n,f107v,"f107v.17,+P0",saiin.or.ykeear.chckhy.okaiin.okal.qoklaiin.cheol.qokar.chey.lkam,saiin or ykeear chckhy okaiin okal qoklaiin cheol qokar chey lkam
ZL3b-n,f107v,"f107v.18,+P0",qokain.qokchey.qekchdy.okaiin.lkl.chol.raiin.otaiin.alkaiin.dal,qokain qokchey qekchdy okaiin lkl chol raiin otaiin alkaiin dal
ZL3b-n,f107v,"f107v.19,+P0",soral.olaiin.chor.okaiin.chkain.okaiin<$>,soral olaiin chor okaiin chkain okaiin
ZL3b-n,f107v,"f107v.20,+P0",<%>palar.or.air.kalkal.okaiin.chpal.cheody.qopchedy.pcholkal.opalkam,palar or air kalkal okaiin chpal cheody qopchedy pcholkal opalkam
ZL3b-n,f107v,"f107v.21,+P0","taiin.ol,kaiin.chol.kchedy.qokol.ain.air.kaiin.okal.otar.otalal",taiin ol kaiin chol kchedy qokol ain air kaiin okal otar otalal
ZL3b-n,f107v,"f107v.22,+P0",dar.alol.olaiin.olkal.chol.chdar<$>,dar alol olaiin olkal chol chdar
ZL3b-n,f107v,"f107v.23,+P0","<%>palchar.ar,akaiiky.char.raikchy.opchain.opalkar.otal.otar.alky",palchar ar akaiiky char raikchy opchain opalkar otal otar alky
ZL3b-n,f107v,"f107v.24,+P0",dain.olaiin.chol.olkain.lkaiin<$>,dain olaiin chol olkain lkaiin
ZL3b-n,f107v,"f107v.25,+P0","<%>kaolkar.kolkar.okeol.qokeor,al.tody.opchey.oty.al.ky.pchey.ra[g:m]",kaolkar kolkar okeol qokeor al tody opchey oty al ky pchey rag
ZL3b-n,f107v,"f107v.26,+P0","oraiin.sheor.qokain.cheody.qokain.otal.okaiin.olkeeo,r,ar,al.oldy",oraiin sheor qokain cheody qokain otal okaiin olkeeo r ar al oldy
ZL3b-n,f107v,"f107v.27,+P0",dal.okain.okchey.qokshy.okol.lkshedy.taraiin.sho.qokor.cheey.qokam,dal okain okchey qokshy okol lkshedy taraiin sho qokor cheey qokam
ZL3b-n,f107v,"f107v.28,+P0","y,cheor.cheol.lcheedy.raraiin<$>",y cheor cheol lcheedy raraiin
ZL3b-n,f107v,"f107v.29,+P0",<%>tolkeeedy.okeol.cheody.qokeey.qokchedy.qotyshey.q{cthh}y.lty.ltam,tolkeeedy okeol cheody qokeey qokchedy qotyshey qcthhy lty ltam
ZL3b-n,f107v,"f107v.30,+P0",okain.ol.okaiin.lkeody.otaiin.chol.lkaiin.lkeeey.qokaiin.chey.qoky,okain ol okaiin lkeody otaiin chol lkaiin lkeeey qokaiin chey qoky
ZL3b-n,f107v,"f107v.31,+P0",sokod.chey.lkaiin.chedy.qe.okeody.qokeedy.rary<$>,sokod chey lkaiin chedy qe okeody qokeedy rary
ZL3b-n,f107v,"f107v.32,+P0",<%>tay<!gap>.oaiin.okeeody.okaiin.otaiin.otchey.qokaiin.otedy.qokam,tay oaiin okeeody okaiin otaiin otchey qokaiin otedy qokam
ZL3b-n,f107v,"f107v.33,+P0","orain.chol.qodaiin.odain.aiin.okain.chkaly.raiin.y.kaiin,aldy",orain chol qodaiin odain aiin okain chkaly raiin y kaiin aldy
ZL3b-n,f107v,"f107v.34,+P0",dyair.chey.lkchy.lchedy.raiin.sheey<$>,dyair chey lkchy lchedy raiin sheey
ZL3b-n,f107v,"f107v.35,+P0",<%>polchedy.olkeey.lkey.chcthy.lkar.shedy.qokaiin.chedy.qokeedy.lol,polchedy olkeey lkey chcthy lkar shedy qokaiin chedy qokeedy lol
ZL3b-n,f107v,"f107v.36,+P0","tol,chey.lcheor.sheol.qokaiin.olkeedy.okar.ar.olkain.odain<$>",tol chey lcheor sheol qokaiin olkeedy okar ar olkain odain
ZL3b-n,f107v,"f107v.37,+P0","<%>poraiin.o,kal,chedy.qolkeey.lpcheedy.qokol.rol,keedy.okaiin.otary",poraiin o kal chedy qolkeey lpcheedy qokol rol keedy okaiin otary
ZL3b-n,f107v,"f107v.38,+P0",dain.okchey.qokchey.qokaiin.olkeey.qokol.oteey.oteey.lkain,dain okchey qokchey qokaiin olkeey qokol oteey oteey lkain
ZL3b-n,f107v,"f107v.39,+P0","okain.cheor.olkaiin.oain.cheary.raiin.okoiin.odaiin.okaiin,y",okain cheor olkaiin oain cheary raiin okoiin odaiin okaiin y
ZL3b-n,f107v,"f107v.40,+P0",chokeey.qokey.qokaiii.lor.aiin.aiily<$>,chokeey qokey qokaiii lor aiin aiily
ZL3b-n,f107v,"f107v.41,+P0","<%>pokar.ar.keey.okeeo.l,cheey.qokchey.oteey.lkeeo,l.lkeedy.qokeey.lkain",pokar ar keey okeeo l cheey qokchey oteey lkeeo l lkeedy qokeey lkain
ZL3b-n,f107v,"f107v.42,+P0","or,ain.oloeeey.qokain<$>",or ain oloeeey qokain
ZL3b-n,f107v,"f107v.43,+P0","<%>pol,keeeo.kaii[s:r]r.qokeey.chckhy.lkchaly.lkeey.opchey.rar.aiin.cheokaly",pol keeeo kaiisr qokeey chckhy lkchaly lkeey opchey rar aiin cheokaly
ZL3b-n,f107v,"f107v.44,+P0","kaich<!corr?>.o,l,air.arody.qokeey.qokeey<$>",kaich o l air arody qokeey qokeey
ZL3b-n,f107v,"f107v.45,+P0",<%>porain.okain.okechdy.dal.keeedal.shedy.okeeolkcheey.lkar.aiin.al,porain okain okechdy dal keeedal shedy okeeolkcheey lkar aiin al
ZL3b-n,f107v,"f107v.46,+P0",soain.aiin.chey.qolaiin.al.chedy.kedy.qoteey.oteey.qokeeylkain,soain aiin chey qolaiin al chedy kedy qoteey oteey qokeeylkain
ZL3b-n,f107v,"f107v.47,+P0","y,cheey.qokeey.okeoteey.qokey.qokey.qokeey.daiin.y.okeey.odain",y cheey qokeey okeoteey qokey qokey qokeey daiin y okeey odain
ZL3b-n,f107v,"f107v.48,+P0","oteedy.qokey.qokeedy.chody.chey,qoky.oteey.otain.chey.aiinal",oteedy qokey qokeedy chody chey qoky oteey otain chey aiinal
ZL3b-n,f107v,"f107v.49,+P0","ycheosaiin.oekey.chey.qokeey.y,cheey.dy.qoy<$>",ycheosaiin oekey chey qokeey y cheey dy qoy
ZL3b-n,f108r,"f108r.1,@P0","<%>teodeeor.qopchety.okeeoly.okchdpchy.toda{i'h}x.opar,yo,lpair,ody.otedy.kedydy",teodeeor qopchety okeeoly okchdpchy todax opar yo lpair ody otedy kedydy
ZL3b-n,f108r,"f108r.2,+P0",qokeedy.chokedy.chockhed.qokeor.shedy.otal.otaiin.otedy.qokechy.ofchdy.qody,qokeedy chokedy chockhed qokeor shedy otal otaiin otedy qokechy ofchdy qody
ZL3b-n,f108r,"f108r.3,+P0",cheodchy.qote[{ci}:a]r.okedy.oteal.lkedal.okedy.otedy.okedal.chckhedy.chokedal,cheodchy qotecir okedy oteal lkedal okedy otedy okedal chckhedy chokedal
ZL3b-n,f108r,"f108r.4,+P0",ychedaiin.shky.chdy.oteeody.chedor.sheeky<$>,ychedaiin shky chdy oteeody chedor sheeky
ZL3b-n,f108r,"f108r.5,+P0","<%>tchokedy.chey.oteey.okeey.lked{ch'}edy.okche{cf},y.pchofar.cheo.pchedy.qotedy.otol",tchokedy chey oteey okeey lkededy okchecf y pchofar cheo pchedy qotedy otol
ZL3b-n,f108r,"f108r.6,+P0","ol.cheol.qo.qokeey.qokeey.qokeedy.sheoky.otedy.qotey.qokchey.chdar.aiin,y",ol cheol qo qokeey qokeey qokeedy sheoky otedy qotey qokchey chdar aiin y
ZL3b-n,f108r,"f108r.7,+P0",ok[che:eee]y.okedy.qokchedy.chedy.qokedy.okar.chdy.okar.char.chkaiin.chsy<$>,okchey okedy qokchedy chedy qokedy okar chdy okar char chkaiin chsy
ZL3b-n,f108r,"f108r.8,+P0",<%>pochedy.shy.shokeedar.al.kedal.chokchy.qokar.ch.okeey.qaiin.okeedy.qetam,pochedy shy shokeedar al kedal chokchy qokar ch okeey qaiin okeedy qetam
ZL3b-n,f108r,"f108r.9,+P0","cthey.chedain.chedy.okedy.lkedy.raraiin.qokar.otal,kedy.ar.air.ockhedy",cthey chedain chedy okedy lkedy raraiin qokar otal kedy ar air ockhedy
ZL3b-n,f108r,"f108r.10,+P0",taiin.shkeedy.qoteey.oteey.ykeol.ykeedy.chekar.qokeeodaiin.okeyty.ody,taiin shkeedy qoteey oteey ykeol ykeedy chekar qokeeodaiin okeyty ody
ZL3b-n,f108r,"f108r.11,+P0",te[o:a]deey.ar.aiin.okeey.qetchdy.oteeody.okaiin.ykeeo.dain.otalaiin.oly,teodeey ar aiin okeey qetchdy oteeody okaiin ykeeo dain otalaiin oly
ZL3b-n,f108r,"f108r.12,+P0",tshey.okchey.dain.aloiin.ocheey.qokaiin.chlam.okaiin.okal.kain.alam,tshey okchey dain aloiin ocheey qokaiin chlam okaiin okal kain alam
ZL3b-n,f108r,"f108r.13,+P0","ykeey.raiin.ar,ail,odaiin<$>",ykeey raiin ar ail odaiin
ZL3b-n,f108r,"f108r.14,+P0",<%>polchal.shol.qokar.shedy.pcholy.qokal.opchdy.ofal.shor.qokaiin.otalod,polchal shol qokar shedy pcholy qokal opchdy ofal shor qokaiin otalod
ZL3b-n,f108r,"f108r.15,+P0","orain.cheey.chey.qokeey.chedy.okchedy.qoeedy.qockhey.d,iirain.okain",orain cheey chey qokeey chedy okchedy qoeedy qockhey d iirain okain
ZL3b-n,f108r,"f108r.16,+P0","sa{ith}y.olkaiin.chckhy.daiin.dal,daiin<$>",saithy olkaiin chckhy daiin dal daiin
ZL3b-n,f108r,"f108r.17,+P0",<%>fcheokair.okedaiin.chedy.qokeed.okain.chdy.laiin.ofar.chedy.tedam,fcheokair okedaiin chedy qokeed okain chdy laiin ofar chedy tedam
ZL3b-n,f108r,"f108r.18,+P0","okeedy.lkal.daiin.ykchedy.qokol.chedy.qokedy.lkedy.okalo,l.chedl,y",okeedy lkal daiin ykchedy qokol chedy qokedy lkedy okalo l chedl y
ZL3b-n,f108r,"f108r.19,+P0","dchedy.okeedar.shchy.okol.kedy.okeedy.chal,raiin.otedy.chtal.om",dchedy okeedar shchy okol kedy okeedy chal raiin otedy chtal om
ZL3b-n,f108r,"f108r.20,+P0",dain.chey.qokeedy.cholcheey.dalkar.okedy<$>,dain chey qokeedy cholcheey dalkar okedy
ZL3b-n,f108r,"f108r.21,+P0",<%>qolshy.qoeedy.lkealshedy.shokal.keedy.qotedy.qopchedy.otal.dkedam,qolshy qoeedy lkealshedy shokal keedy qotedy qopchedy otal dkedam
ZL3b-n,f108r,"f108r.22,+P0","dcheol.shol.dal.qokaiin.otal.ol.shedy.qokey.chey,lor.aiin.okeeam",dcheol shol dal qokaiin otal ol shedy qokey chey lor aiin okeeam
ZL3b-n,f108r,"f108r.23,+P0",ykeol.chey.okain.charain<$>,ykeol chey okain charain
ZL3b-n,f108r,"f108r.24,+P0","<%>folaiin.{c'hkh}y.qokal.lkedy.qotedy.qoked.qotedy.okal,chdar,al,char,aiin",folaiin y qokal lkedy qotedy qoked qotedy okal chdar al char aiin
ZL3b-n,f108r,"f108r.25,+P0","y,cheeor.aiin.okeey.cheol.chedy.opchsd.opchedy.alkedy.al,lkeam.ol.rain,al",y cheeor aiin okeey cheol chedy opchsd opchedy alkedy al lkeam ol rain al
ZL3b-n,f108r,"f108r.26,+P0","dair.okal.chedy.qokeedy.oteor,al.qokedy.qokedy.otaiin.otedar.chalkeedy",dair okal chedy qokeedy oteor al qokedy qokedy otaiin otedar chalkeedy
ZL3b-n,f108r,"f108r.27,+P0",ychedain.orcheory.qoaiin.okeey.qokeey.chdal.okedy.qokedy.okedam.chdy,ychedain orcheory qoaiin okeey qokeey chdal okedy qokedy okedam chdy
ZL3b-n,f108r,"f108r.28,+P0",sain.arolkeey.qoal.olkedy.okaiin<$>,sain arolkeey qoal olkedy okaiin
ZL3b-n,f108r,"f108r.29,+P0",<%>polchedy.okedy.qopchedy.okeolkey.teedy.qotaiin.otedy.okeedy.otedam,polchedy okedy qopchedy okeolkey teedy qotaiin otedy okeedy otedam
ZL3b-n,f108r,"f108r.30,+P0",ykeol.chedal.chokedy.o.qokedy.okchedy.saiin.alkan<$>,ykeol chedal chokedy o qokedy okchedy saiin alkan
ZL3b-n,f108r,"f108r.31,+P0",<%>keol.sheody.qokedy.qokeedy.qokoy.qoiiedy.otedy.qokedy.qokedy.qokal,keol sheody qokedy qokeedy qokoy qoiiedy otedy qokedy qokedy qokal
ZL3b-n,f108r,"f108r.32,+P0",ykedar.chedy.qokey.lkeedy.otedy.[o:y]kedy.otedy.otal.shol.alodar.or.alold,ykedar chedy qokey lkeedy otedy okedy otedy otal shol alodar or alold
ZL3b-n,f108r,"f108r.33,+P0",solkedy.okchd.qokedy.okedy.okeol.chdy.okar.okedy.okedy.chlar,solkedy okchd qokedy okedy okeol chdy okar okedy okedy chlar
ZL3b-n,f108r,"f108r.34,+P0",ycheol.chckhy.qokedy.okain<$>,ycheol chckhy qokedy okain
ZL3b-n,f108r,"f108r.35,+P0",<%>pychory.opchey.lkeol.chdar.shedy.qofchdy.opalal.cheedy.qokalchdy.opchdy,pychory opchey lkeol chdar shedy qofchdy opalal cheedy qokalchdy opchdy
ZL3b-n,f108r,"f108r.36,+P0",okechy.okeol.okeedy.cheedar.okedy.qotal.chdy.chedal.chedy<$>,okechy okeol okeedy cheedar okedy qotal chdy chedal chedy
ZL3b-n,f108r,"f108r.37,+P0","<%>tchedy.qokey.okeey.lkeey.chedy.cheokeey.qokeey.chedl,al.lkair.alkeedy.ram",tchedy qokey okeey lkeey chedy cheokeey qokeey chedl al lkair alkeedy ram
ZL3b-n,f108r,"f108r.38,+P0",dcheeody.cheedy.qokeedy.otedy.qeeey.chey<$>,dcheeody cheedy qokeedy otedy qeeey chey
ZL3b-n,f108r,"f108r.39,+P0","<%>poro.l.tedo.lchdain.qokar.otedy.otarar.yty.sho,qotedy.oteedy.okedy",poro l tedo lchdain qokar otedy otarar yty sho qotedy oteedy okedy
ZL3b-n,f108r,"f108r.40,+P0","okor,aiin.okeedy.qokeedy.okeeom.cheykeeed.chol.qekeey.or,aiin.chckhom",okor aiin okeedy qokeedy okeeom cheykeeed chol qekeey or aiin chckhom
ZL3b-n,f108r,"f108r.41,+P0",sheedain.qokeedy.chokeedy.qoteody.keesho.daiin.chedy.keedal.as.keodky,sheedain qokeedy chokeedy qoteody keesho daiin chedy keedal as keodky
ZL3b-n,f108r,"f108r.42,+P0",okeey.qokeey.qokeedy.qokeey.chedal.chedy.qokeey.okeedain.otain.oolals,okeey qokeey qokeedy qokeey chedal chedy qokeey okeedain otain oolals
ZL3b-n,f108r,"f108r.43,+P0","olke?y.okey.lokeey.qokedy.ol,kechy.chedar.olal.oedy.qckhy.cheam<!corr?>",okey lokeey qokedy ol kechy chedar olal oedy qckhy cheam
ZL3b-n,f108r,"f108r.44,+P0",ychey.chey.okar.charam.otam.cheody<$>,ychey chey okar charam otam cheody
ZL3b-n,f108r,"f108r.45,+P0",<%>dain.sheckhy.okeey.keey.lchedy.okeey.qokedy.chedy.dalkedy.qokedy.dal,dain sheckhy okeey keey lchedy okeey qokedy chedy dalkedy qokedy dal
ZL3b-n,f108r,"f108r.46,+P0","yteedy.qokeed,y.qokey.otedy.okedy.qokaiin.cheodar.cheey.qokedy.al",yteedy qokeed y qokey otedy okedy qokaiin cheodar cheey qokedy al
ZL3b-n,f108r,"f108r.47,+P0","yched.chockhey.dain.sheol.okedy.lkeedy.oteedy.qokeedy.ched,al.keam<$>",yched chockhey dain sheol okedy lkeedy oteedy qokeedy ched al keam
ZL3b-n,f108r,"f108r.48,+P0",<%>pcheedy.qokeo.l.okeol.keol.dain.ar.otedy.qokedy.qokeedy.qokeedy.lchdy,pcheedy qokeo l okeol keol dain ar otedy qokedy qokeedy qokeedy lchdy
ZL3b-n,f108r,"f108r.49,+P0",oteedy.lchedy.qokeedy.qokeedy.qokeo.lchedy.qokey.qokeey.lkedy.lkedy,oteedy lchedy qokeedy qokeedy qokeo lchedy qokey qokeey lkedy lkedy
ZL3b-n,f108r,"f108r.50,+P0","qokeedy,lchedy.lkaiin.chdy.qokey.okedy.okaram.chdar,ar.okam<$>",qokeedy lchedy lkaiin chdy qokey okedy okaram chdar ar okam
ZL3b-n,f108v,"f108v.1,@P0","<%>pchedal.qokeedar.otedy.qokeedy.lky.ltal.aiin.oteo.fcheey.otedar.am,ol",pchedal qokeedar otedy qokeedy lky ltal aiin oteo fcheey otedar am ol
ZL3b-n,f108v,"f108v.2,+P0",daiin.shal.qokedy.qoee[ch:?]y.okain.oteey.checkhy.lkeedy.qokeedar.araiin.okam,daiin shal qokedy qoeechy okain oteey checkhy lkeedy qokeedar araiin okam
ZL3b-n,f108v,"f108v.3,+P0",ssheedal.ol.lkedy.lkeedy.chedalkedy.lkeedy.qokechedy.otedain.oteey.lol,ssheedal ol lkedy lkeedy chedalkedy lkeedy qokechedy otedain oteey lol
ZL3b-n,f108v,"f108v.4,+P0",dchedy.shedy.qokeed.qoteedy.qoteedy.arain.al.keedy<$>,dchedy shedy qokeed qoteedy qoteedy arain al keedy
ZL3b-n,f108v,"f108v.5,+P0","<%>polaiin.okedain.okal.otchedy.qokeedy.raraiin.o.keedy.qokar.qokal,dam",polaiin okedain okal otchedy qokeedy raraiin o keedy qokar qokal dam
ZL3b-n,f108v,"f108v.6,+P0",oeeedain.chey.lokeey.lchedy.loety.qokeedy.qokeey.qokar.okeedy.kedarxy<$>,oeeedain chey lokeey lchedy loety qokeedy qokeey qokar okeedy kedarxy
ZL3b-n,f108v,"f108v.7,+P0",<%>pchedaiin.okedy.otedal.lkedeed.okedar.okeey.qoteol.lkedy.otey.[r:s]aiin.am,pchedaiin okedy otedal lkedeed okedar okeey qoteol lkedy otey raiin am
ZL3b-n,f108v,"f108v.8,+P0",ysheedy.okeedy.oteedy.qokeedy.okeedy.okeedy.chedal.okar.qoteedar.oty,ysheedy okeedy oteedy qokeedy okeedy okeedy chedal okar qoteedar oty
ZL3b-n,f108v,"f108v.9,+P0","qokeeo,dar.chedam.chlal.okaldain.sheed.lchedy.l,keedy.ched,kel.cthdy",qokeeo dar chedam chlal okaldain sheed lchedy l keedy ched kel cthdy
ZL3b-n,f108v,"f108v.10,+P0","ol.cheey.leedaiin.shckhaiin.okeal.okar.aralor,om.shee.ka{ith}y.chectham",ol cheey leedaiin shckhaiin okeal okar aralor om shee kaithy chectham
ZL3b-n,f108v,"f108v.11,+P0","sain.al,keed,ain.olkeeed.qokedy.lkeedy.cho,lkain.oteshy.shedy.d[ee:a]dy<$>",sain al keed ain olkeeed qokedy lkeedy cho lkain oteshy shedy deedy
ZL3b-n,f108v,"f108v.12,+P0","<%>tshedky.sheckhy.akey.sheey.teeody.qokedy.qokeedy.shok,ar.aiin.okeey.tedam",tshedky sheckhy akey sheey teeody qokedy qokeedy shok ar aiin okeey tedam
ZL3b-n,f108v,"f108v.13,+P0",daiin.cheol.qokeey.qokeedy.qokeey.raiin.chckhy.okeey.qokeedy.okedain.ald[or:?],daiin cheol qokeey qokeedy qokeey raiin chckhy okeey qokeedy okedain aldor
ZL3b-n,f108v,"f108v.14,+P0","qokeey.lo.r.aiin.chey.keear.a,ral.olaiin.chedy<$>",qokeey lo r aiin chey keear a ral olaiin chedy
ZL3b-n,f108v,"f108v.15,+P0","<%>pcheor.okear.sheey.qokeey.ykeealkey.[r:?]ar,aiin.opsholal.shedy.ofaramoty",pcheor okear sheey qokeey ykeealkey rar aiin opsholal shedy ofaramoty
ZL3b-n,f108v,"f108v.16,+P0",okeey.lshey.qokeeal.lkeey.okeol.okedy.qotal.sholkeedy.chedy.qokain.teedu,okeey lshey qokeeal lkeey okeol okedy qotal sholkeedy chedy qokain teedu
ZL3b-n,f108v,"f108v.17,+P0",qokeey.lkeed.chedy.qokeeos.sheol.tedy.qopchdy.qokeshdy.kedar.otal.raram,qokeey lkeed chedy qokeeos sheol tedy qopchdy qokeshdy kedar otal raram
ZL3b-n,f108v,"f108v.18,+P0","okeey.l,keedy.okeal.okey.cheykedy.qoeedy.lo.rair.cheey.ol.l,s,aiin.am",okeey l keedy okeal okey cheykedy qoeedy lo rair cheey ol l s aiin am
ZL3b-n,f108v,"f108v.19,+P0",qokeeol.olcheeey.lcheam<$>,qokeeol olcheeey lcheam
ZL3b-n,f108v,"f108v.20,+P0","<%>polkeedal.sheo,kchey.lotedaiin.otedy.opchedaiin.otshedy.qotey.r,aiin,ol",polkeedal sheo kchey lotedaiin otedy opchedaiin otshedy qotey r aiin ol
ZL3b-n,f108v,"f108v.21,+P0","daiin.shol.olkeeey.lky.chedar.chey,kechey.qotedy.otedy.oteedain.cheody.llod",daiin shol olkeeey lky chedar chey kechey qotedy otedy oteedain cheody llod
ZL3b-n,f108v,"f108v.22,+P0","daiin.shey.sheey.dain,alsar.sheeo,lkain.shey.cheee[g:d]aiin.oloeeedy.otaiin.al",daiin shey sheey dain alsar sheeo lkain shey cheeegaiin oloeeedy otaiin al
ZL3b-n,f108v,"f108v.23,+P0","qokeeor.okeey.qoeey.chodaal.daiin.checthal.cheeky.otar,aiin.chckhy.lteedy",qokeeor okeey qoeey chodaal daiin checthal cheeky otar aiin chckhy lteedy
ZL3b-n,f108v,"f108v.24,+P0",daiin.chekeek.checkhy.ol.r.ain.odar.sheey.daiin.tchar.okeedaiin.oram,daiin chekeek checkhy ol r ain odar sheey daiin tchar okeedaiin oram
ZL3b-n,f108v,"f108v.25,+P0","sheeol.okeey.kaiin.okaiin.ol.lchey.ctheo.r,aiin.cheey.qokeey.qokeeaiin.al",sheeol okeey kaiin okaiin ol lchey ctheo r aiin cheey qokeey qokeeaiin al
ZL3b-n,f108v,"f108v.26,+P0",sair.okeaiin.cheol.shedy.qokeeey.dlaiin.ar.or.lkar.char.aiin.okal.ldyr.ls,sair okeaiin cheol shedy qokeeey dlaiin ar or lkar char aiin okal ldyr ls
ZL3b-n,f108v,"f108v.27,+P0",sal.lcheal.lkeeey.okar.ar.ain.olcheees.[o:a]l.cheal.okaiin.ykar.al.okalam,sal lcheal lkeeey okar ar ain olcheees ol cheal okaiin ykar al okalam
ZL3b-n,f108v,"f108v.28,+P0","paror,aiin.shedy.qokey.qol.eees.aiin.lal.lkeeedy.otain.sheey.chol.tan,al",paror aiin shedy qokey qol eees aiin lal lkeeedy otain sheey chol tan al
ZL3b-n,f108v,"f108v.29,+P0",dar.chey.o.cheol.chedeey.qokeedy.chea[?:m]<$>,dar chey o cheol chedeey qokeedy
ZL3b-n,f108v,"f108v.30,+P0",<%>polshedaiin.qokeoy.keol.chokeol.qotedy.qoteedy.dar.raiin.shedy.qotain.oteedy,polshedaiin qokeoy keol chokeol qotedy qoteedy dar raiin shedy qotain oteedy
ZL3b-n,f108v,"f108v.31,+P0","ol.cheol.shed.qokedy.qokedain.checkhed.qoteedy.otedy,qokedy.okeea,r.l,kam",ol cheol shed qokedy qokedain checkhed qoteedy otedy qokedy okeea r l kam
ZL3b-n,f108v,"f108v.32,+P0",dain.shedain.qokedar.olkeedy.qokeedy.shedy.chedar.chedy.oteedy.qokam,dain shedain qokedar olkeedy qokeedy shedy chedar chedy oteedy qokam
ZL3b-n,f108v,"f108v.33,+P0","sain.ain.chey.lchs.shed.qokeedy.oteey.qokedy.qokeedy.cheedy.qokeedar,oldy",sain ain chey lchs shed qokeedy oteey qokedy qokeedy cheedy qokeedar oldy
ZL3b-n,f108v,"f108v.34,+P0",tolshey.ochey.qokeey.qotedy.chot[ee:ch]y.qokey.cholkeedy.lkedy.lchedy.qokeey,tolshey ochey qokeey qotedy choteey qokey cholkeedy lkedy lchedy qokeey
ZL3b-n,f108v,"f108v.35,+P0",daiin.chedy.lchedy.sholkeedy.qokeedy.chey.qokeey.qokeedy.oteedy.lchedam,daiin chedy lchedy sholkeedy qokeedy chey qokeey qokeedy oteedy lchedam
ZL3b-n,f108v,"f108v.36,+P0","daiin.shechy.qokedy.qokain.chor.chal.chal.chedy.dain,alal.keedy.otalys",daiin shechy qokedy qokain chor chal chal chedy dain alal keedy otalys
ZL3b-n,f108v,"f108v.37,+P0",sain.sheor.sheey.sheckhey.qokey.okey.shey.lkain.shedy.qokain.dalam,sain sheor sheey sheckhey qokey okey shey lkain shedy qokain dalam
ZL3b-n,f108v,"f108v.38,+P0",dsheol.qokeedy.qokeedy.chey.qokeedy.qokedy.sheckhy.lkedy.qoteedy.otam,dsheol qokeedy qokeedy chey qokeedy qokedy sheckhy lkedy qoteedy otam
ZL3b-n,f108v,"f108v.39,+P0","sain.chey.lkedain.chey.rar.ain.al.chear.olor.chedaiin.oteey.chedy,rl",sain chey lkedain chey rar ain al chear olor chedaiin oteey chedy rl
ZL3b-n,f108v,"f108v.40,+P0","daiin.sheeal.qokeedy.qokeedy.qokeedy.qotey.qokeey.qokeey.otedy,qotaiin",daiin sheeal qokeedy qokeedy qokeedy qotey qokeey qokeey otedy qotaiin
ZL3b-n,f108v,"f108v.41,+P0","dshedy,tedy.checkhey.sheeky.lsheedain.shear.olkedy.chy.kar.tar.otaiin",dshedy tedy checkhey sheeky lsheedain shear olkedy chy kar tar otaiin
ZL3b-n,f108v,"f108v.42,+P0","ycheain.chey.lcheal.ykeey.qolcheedy.qokeedy.okeedy,qokey.qokeedy.qoteedy",ycheain chey lcheal ykeey qolcheedy qokeedy okeedy qokey qokeedy qoteedy
ZL3b-n,f108v,"f108v.43,+P0",shodain.cheal.shedy.rcheetey.qokeey.cheolkeedy.cheol.chedytey.okeearam,shodain cheal shedy rcheetey qokeey cheolkeedy cheol chedytey okeearam
ZL3b-n,f108v,"f108v.44,+P0","y,shey.qol.lchey.shey.qoke[a:?]r.shey.qokeey.lsheey.oteey.sheey,qol.cheekeey.lchg",y shey qol lchey shey qokear shey qokeey lsheey oteey sheey qol cheekeey lchg
ZL3b-n,f108v,"f108v.45,+P0",sheol.shedy.qokeey.chedar.sheal.qokeedy.qokeedy.qokey.sheey.qokeal.aral,sheol shedy qokeey chedar sheal qokeedy qokeedy qokey sheey qokeal aral
ZL3b-n,f108v,"f108v.46,+P0",saiin.sheeain.qkain.okeey.qokalor.cheol.keol.chedy.qokeey.qokeey.ral,saiin sheeain qkain okeey qokalor cheol keol chedy qokeey qokeey ral
ZL3b-n,f108v,"f108v.47,+P0",ycheey.qokeeey.shedain.qokeedy.qokeey.okeedal.okeol.lkeey.lchedy.lchedy,ycheey qokeeey shedain qokeedy qokeey okeedal okeol lkeey lchedy lchedy
ZL3b-n,f108v,"f108v.48,+P0","da[ir:is],al.checthy.qol.eeedy.chckhey.olchey.sheey.qokeeey.qokeedar.al,keedy",dair al checthy qol eeedy chckhey olchey sheey qokeeey qokeedar al keedy
ZL3b-n,f108v,"f108v.49,+P0",saiin.okain.cheey.lkaiin.cheal.cheol.keear.qokeedy.qokeey.checkhedy.qokal.oam,saiin okain cheey lkaiin cheal cheol keear qokeedy qokeey checkhedy qokal oam
ZL3b-n,f108v,"f108v.50,+P0","dsheey.oteey.cheol.teedar.okeedy.qokeedy.checkhy.oteey.aiin.okeey.chey,qokey",dsheey oteey cheol teedar okeedy qokeedy checkhy oteey aiin okeey chey qokey
ZL3b-n,f108v,"f108v.51,+P0","ssheodain.qokeeo.okeey.qoksheedy.char,air.okeey.qokeeolchey.olkeey.okeey,lar",ssheodain qokeeo okeey qoksheedy char air okeey qokeeolchey olkeey okeey lar
ZL3b-n,f108v,"f108v.52,+P0",saiin.cheol.qokeedy.qokeedy.chedy.qokeey.cheal.llchey.daiin.okeey.qokeey,saiin cheol qokeedy qokeedy chedy qokeey cheal llchey daiin okeey qokeey
ZL3b-n,f108v,"f108v.53,+Pr","olchar.ol,chedy.lshy.otedy<$>",olchar ol chedy lshy otedy
ZL3b-n,f111r,"f111r.1,@P0",<%>kcholchdar.shar.aiip.chepchedy.chetalshy.sheek.shear.shey.ror.am.shey,kcholchdar shar aiip chepchedy chetalshy sheek shear shey ror am shey
ZL3b-n,f111r,"f111r.2,+P0","daiin,sheeky.okeey.okeey.qaal.shedy.okeey.oteey.shedy.chcthy.lcheol.oteeam",daiin sheeky okeey okeey qaal shedy okeey oteey shedy chcthy lcheol oteeam
ZL3b-n,f111r,"f111r.3,+P0",dsheedy.lkeedy.chckhy.lchedy.qokeey.qokear.chal.qokeear.cheokedy.sal.lokam,dsheedy lkeedy chckhy lchedy qokeey qokear chal qokeear cheokedy sal lokam
ZL3b-n,f111r,"f111r.4,+P0","saiin.oteedy.qokeey.daiin.okedal.chedy.qokedy.l,shedy.ch{ct}chy.okeey.lor.ar.am",saiin oteedy qokeey daiin okedal chedy qokedy l shedy chctchy okeey lor ar am
ZL3b-n,f111r,"f111r.5,+P0","saiin.sheekshy.ol,shedy.chokchey.lkey.otain<$>",saiin sheekshy ol shedy chokchey lkey otain
ZL3b-n,f111r,"f111r.6,+P0",<%>dain.shedy.qoky.chedy.qok.shed.olchedy.qokeedy.teedy.chdy.keedy.qotchedy.dary,dain shedy qoky chedy qok shed olchedy qokeedy teedy chdy keedy qotchedy dary
ZL3b-n,f111r,"f111r.7,+P0","sshedy.qokeey.checthey.oteedy.lchedy.chol.sheeol.qokeody.raiin,otedy.otar,aiin,om",sshedy qokeey checthey oteedy lchedy chol sheeol qokeody raiin otedy otar aiin om
ZL3b-n,f111r,"f111r.8,+P0",daiin.o.chedain.daiin.cheedy.qokeey.qokedy.ch{ckhh}y.otshedy.lkeeol.lkeey.qotchdy,daiin o chedain daiin cheedy qokeey qokedy chckhhy otshedy lkeeol lkeey qotchdy
ZL3b-n,f111r,"f111r.9,+P0",ycheeodain.okeeo.olchedy.lchedy.qokeey.okeeedy.okain.chedy.chedyteey.dal.lam,ycheeodain okeeo olchedy lchedy qokeey okeeedy okain chedy chedyteey dal lam
ZL3b-n,f111r,"f111r.10,+P0",ykeedaiin.shekain.shedy.qokear.ochey.reeey.qokeey.olaiiin.chedy.lkeeody.oraiin.oty,ykeedaiin shekain shedy qokear ochey reeey qokeey olaiiin chedy lkeeody oraiin oty
ZL3b-n,f111r,"f111r.11,+P0",dshey.lkeedy.lkeedy.cheedy.oteedaiin.sheedy.ar.a{ikh}y.shkaiin.chey.daiin.daram,dshey lkeedy lkeedy cheedy oteedaiin sheedy ar aikhy shkaiin chey daiin daram
ZL3b-n,f111r,"f111r.12,+P0",dsheeo.qokeedy.otchedey.lshey.lkeedy.oteey.qokeedy.oteolair.ar.shedam.cheam,dsheeo qokeedy otchedey lshey lkeedy oteey qokeedy oteolair ar shedam cheam
ZL3b-n,f111r,"f111r.13,+P0","qosheo.lchdy.lshedy.olkeeedy.lr.al.chr.or,dain.shey.arain.chey.teey.cheodaiin",qosheo lchdy lshedy olkeeedy lr al chr or dain shey arain chey teey cheodaiin
ZL3b-n,f111r,"f111r.14,+P0",dchedar.oteey.lchey.ykeeeos.aiin.shear.oteedy.tedam.oteey.pchedey.chedy.lchedy,dchedar oteey lchey ykeeeos aiin shear oteedy tedam oteey pchedey chedy lchedy
ZL3b-n,f111r,"f111r.15,+P0",sheeodar.aiin.sheey.shey.oteody.oteedy.chey.daiin.oteol.otedar.tar.pchdam,sheeodar aiin sheey shey oteody oteedy chey daiin oteol otedar tar pchdam
ZL3b-n,f111r,"f111r.16,+P0","dchedshey.qokeedy.okeodain.shet.sheota[?:im].oteal,tey.lkeey.sheedy.shtar.keedy",dchedshey qokeedy okeodain shet oteal tey lkeey sheedy shtar keedy
ZL3b-n,f111r,"f111r.17,+P0",otes.lchey.lshedy.qoteedy.olcheody.qokeey.chey.kal.chekeedy.oteed.keedy.otam,otes lchey lshedy qoteedy olcheody qokeey chey kal chekeedy oteed keedy otam
ZL3b-n,f111r,"f111r.18,+P0",daiin.shecthey.oteody.qochey.qokeey.chey.teey.qokeedy.qokeedy.cheol.lokeedy.lched,daiin shecthey oteody qochey qokeey chey teey qokeedy qokeedy cheol lokeedy lched
ZL3b-n,f111r,"f111r.19,+P0","saiin.okeeol.qokeedy.lchey.lcheoekam.oaiin.cheky.qokeeodar.checthdy.qoted,l.loty",saiin okeeol qokeedy lchey lcheoekam oaiin cheky qokeeodar checthdy qoted l loty
ZL3b-n,f111r,"f111r.20,+P0","qokeey.qokeey.l[ch:a]edy.checthy.chedey.cheol.teedy.okeedy.qokeedy.okeey.cho,ol.l,kai@175;",qokeey qokeey lchedy checthy chedey cheol teedy okeedy qokeedy okeey cho ol l kai
ZL3b-n,f111r,"f111r.21,+P0","daiin.okar.ain.teey.oteey.ox,o,r,shey.chey,ky,deedy.cheo.dain.sheet.ar.al,l.cheotydy",daiin okar ain teey oteey ox o r shey chey ky deedy cheo dain sheet ar al l cheotydy
ZL3b-n,f111r,"f111r.22,+P0","ssheo,l,keedy.dal.tched.checkhey.okey.qo,ain.qo,chedy.qokeor.okeey.keo,cthedy.qokey",ssheo l keedy dal tched checkhey okey qo ain qo chedy qokeor okeey keo cthedy qokey
ZL3b-n,f111r,"f111r.23,+P0",dshey.sheeckhy.qokeshey.keeshody.qokeey.qokedy.okain.shekal.okechedy.qokechedy,dshey sheeckhy qokeshey keeshody qokeey qokedy okain shekal okechedy qokechedy
ZL3b-n,f111r,"f111r.24,+P0",sain.chckhey.cheos.lchal.lkechey.okeey.lkechedy.oteodain.char.lky.lchr.ainai@175;,sain chckhey cheos lchal lkechey okeey lkechedy oteodain char lky lchr ainai
ZL3b-n,f111r,"f111r.25,+P0","so,sheor.okeedy.oteeey.qokeey.qokeeo,s.chedar.alal.o{ikh}y.oxar.aiin.odaiin.chody",so sheor okeedy oteeey qokeey qokeeo s chedar alal oikhy oxar aiin odaiin chody
ZL3b-n,f111r,"f111r.26,+P0","soaiin.shecthy.oteodaiin.chedy.otedar.air,ykeey.shedain.l.chedy.qokeedy.qoteedaiin",soaiin shecthy oteodaiin chedy otedar air ykeey shedain l chedy qokeedy qoteedaiin
ZL3b-n,f111r,"f111r.27,+P0",dar.sheod.qokeey.qokeody.otey.lkeedy.chl.lkeey.daiin.chedar.chedyteedain.olkal,dar sheod qokeey qokeody otey lkeedy chl lkeey daiin chedar chedyteedain olkal
ZL3b-n,f111r,"f111r.28,+P0","qokeeol.shedy.qokeod.cheokeey.sheokar.shekeey.qotees.al,dain.chedy.qotain.alam",qokeeol shedy qokeod cheokeey sheokar shekeey qotees al dain chedy qotain alam
ZL3b-n,f111r,"f111r.29,+P0",salkeedy.lkeedy.chckhy.rky.chey.okeeo.chr.al.ar.qokeedy.qokedy.qoteedy.qod,salkeedy lkeedy chckhy rky chey okeeo chr al ar qokeedy qokedy qoteedy qod
ZL3b-n,f111r,"f111r.30,+P0",qockhedy.qokeechy.qotchey.chtar.ar.chkeey.lkar.aiin.chedy.qokeey.q[o:?]irain,qockhedy qokeechy qotchey chtar ar chkeey lkar aiin chedy qokeey qoirain
ZL3b-n,f111r,"f111r.31,+P0",sheotchedy.shedain.shkeyqokeaiin.shkeody.qokeey.qokeedy.chkal.checthy,sheotchedy shedain shkeyqokeaiin shkeody qokeey qokeedy chkal checthy
ZL3b-n,f111r,"f111r.32,+P0","dsheeoteey.qokeeo.l,keey.tear.qoteey.qotain.cho,lkeeedy.lchechdy.qokechy",dsheeoteey qokeeo l keey tear qoteey qotain cho lkeeedy lchechdy qokechy
ZL3b-n,f111r,"f111r.33,+P0","qoeeeo.[s:d].ain.ar.ol,keey.lkair.cheda.chkal.keeodal.eees.chody.qokeedy,dl",qoeeeo s ain ar ol keey lkair cheda chkal keeodal eees chody qokeedy dl
ZL3b-n,f111r,"f111r.34,+P0",teo.olkeeo.al.lkeeey.olain.ar.akeom.qokain.al.qokeeod.lkedlkey.teedar,teo olkeeo al lkeeey olain ar akeom qokain al qokeeod lkedlkey teedar
ZL3b-n,f111r,"f111r.35,+P0","y,chedl.ar,aiin.aiy.dam<$>",y chedl ar aiin aiy dam
ZL3b-n,f111r,"f111r.36,+P0","<%>polal.shedal.pchedy.qofchedy.pykeor.cheefy.qopchey.opchedal.lfchedy,pchal",polal shedal pchedy qofchedy pykeor cheefy qopchey opchedal lfchedy pchal
ZL3b-n,f111r,"f111r.37,+P0","dain.chol.l,cheeol,keeol.lkeeedy.qokeey.l.keedy.l,kedy.okeal.kain.chckhy.ltedy",dain chol l cheeol keeol lkeeedy qokeey l keedy l kedy okeal kain chckhy ltedy
ZL3b-n,f111r,"f111r.38,+P0","dched.daiin.al.okeey.kechedy.chcthedy.chedain.otedy.qokeedy,key.l.ltain",dched daiin al okeey kechedy chcthedy chedain otedy qokeedy key l ltain
ZL3b-n,f111r,"f111r.39,+P0",saiin.chckhedy.okain.oteain.shok.qokechdy.okechedy.chedy.qokeey.cheamar,saiin chckhedy okain oteain shok qokechdy okechedy chedy qokeey cheamar
ZL3b-n,f111r,"f111r.40,+P0","saiin.al,keey.okedain.otedy.qokeokedy.qokeedy.oteeolkeey.okeeo,l,lainal",saiin al keey okedain otedy qokeokedy qokeedy oteeolkeey okeeo l lainal
ZL3b-n,f111r,"f111r.41,+P0",ycheey.raiin.cheody.qokechy.qokeey.okedy.lchedy.qokeeal.daiin.otaral,ycheey raiin cheody qokechy qokeey okedy lchedy qokeeal daiin otaral
ZL3b-n,f111r,"f111r.42,+P0","qokeol.qok[a:ee]l.qokeeol.cho,lkedy.l.chedy.chedy.chedyteokain.chedy.l,kag,am",qokeol qokal qokeeol cho lkedy l chedy chedy chedyteokain chedy l kag am
ZL3b-n,f111r,"f111r.43,+P0",okeedy.lkeedy.lkedar.okeedy.chedy<$>,okeedy lkeedy lkedar okeedy chedy
ZL3b-n,f111r,"f111r.44,+P0",<%>pchedar.oteeol.lkeedain.okeam.sheo.teolkedain.shal.keey.lteeal.cheal.oty,pchedar oteeol lkeedain okeam sheo teolkedain shal keey lteeal cheal oty
ZL3b-n,f111r,"f111r.45,+P0","oain.ain.keeey.teed.checkhed.iir.okeey.lkeeey.okeeo,lkeey.lkeey.lkeedy.qoky",oain ain keeey teed checkhed iir okeey lkeeey okeeo lkeey lkeey lkeedy qoky
ZL3b-n,f111r,"f111r.46,+P0",y.cheeo.lkeey.oteed.lkeedy.okeeshey.chey.lkar.al.olchal.or.aiin.che[o:?]m,y cheeo lkeey oteed lkeedy okeeshey chey lkar al olchal or aiin cheom
ZL3b-n,f111r,"f111r.47,+P0",sheedy.qokeey.sheey.qoteedy.qeear.al.chedy.okeey.chedy<$>,sheedy qokeey sheey qoteedy qeear al chedy okeey chedy
ZL3b-n,f111r,"f111r.48,+P0",<%>poeokeey.lkeedy.tedain.shecthy.qokeedy.chckhy.lfchy.cheal.chepcham.daim,poeokeey lkeedy tedain shecthy qokeedy chckhy lfchy cheal chepcham daim
ZL3b-n,f111r,"f111r.49,+P0","dcheey.keeey.qockhey.qokeey.lchedy,keeor.okeey.lkeedy.lkeey.qokaiin.ol",dcheey keeey qockhey qokeey lchedy keeor okeey lkeedy lkeey qokaiin ol
ZL3b-n,f111r,"f111r.50,+P0","okeey.l.chedy.cheekain.qokeeokain.chckhy.cheal,k[ee:ei]l.qokain.chckhal.lkal<$>",okeey l chedy cheekain qokeeokain chckhy cheal keel qokain chckhal lkal
ZL3b-n,f111r,"f111r.51,+P0","<%>polkeeo,shey.cheokeain.chl,kar.r.aiin.char.?ain.al.lkeedy.qokal.okchy",polkeeo shey cheokeain chl kar r aiin char al lkeedy qokal okchy
ZL3b-n,f111r,"f111r.52,+P0","dair,al.qokeey.qokaiin.sheal.qokeain.shckhy.sain.chckhy.char.aiin.alom",dair al qokeey qokaiin sheal qokeain shckhy sain chckhy char aiin alom
ZL3b-n,f111r,"f111r.53,+P0","yshe.aiin.okshdy.shkeey,kain.chaiin.alolshey.qokaiin.chcthydain",yshe aiin okshdy shkeey kain chaiin alolshey qokaiin chcthydain
ZL3b-n,f111r,"f111r.54,+P0",tair.chckhaiin.dair.qokal.otain.okal<$>,tair chckhaiin dair qokal otain okal
ZL3b-n,f111v,"f111v.1,@P0","<%>koshey.qokal.chckheal.opcheodair.alkain.sheokain.cheok.okeal,shedy.ralchy",koshey qokal chckheal opcheodair alkain sheokain cheok okeal shedy ralchy
ZL3b-n,f111v,"f111v.2,+P0","sheekeey.cheol.keedy.qokair.shecthy.qokeol.okechedy.qokedy.qopchedy.qokedam,chy",sheekeey cheol keedy qokair shecthy qokeol okechedy qokedy qopchedy qokedam chy
ZL3b-n,f111v,"f111v.3,+P0",dain.chedy.shedal.otedy.otee[y:o].chedy.qokeey.dain.chcthar.otar.qotain.otaim,dain chedy shedal otedy oteey chedy qokeey dain chcthar otar qotain otaim
ZL3b-n,f111v,"f111v.4,+P0","daiin.chey.chokedair.air.alo,lshedy.qotedy.qokedar.oteedy.okedy.chedy.lkam",daiin chey chokedair air alo lshedy qotedy qokedar oteedy okedy chedy lkam
ZL3b-n,f111v,"f111v.5,+P0",qokeed.o.aiin.otedy.qokedy.chedy.qokeey.qokeedy.qokeol.shedy.qotedal.lol,qokeed o aiin otedy qokedy chedy qokeey qokeedy qokeol shedy qotedal lol
ZL3b-n,f111v,"f111v.6,+P0","okeeo.okch[o:a]r.oteedy.cheal.qokeey.lkeey.chol.l.kaiin.oteedaiin.as,alkeedym",okeeo okchor oteedy cheal qokeey lkeey chol l kaiin oteedaiin as alkeedym
ZL3b-n,f111v,"f111v.7,+P0","qokeechey.qokaiin.oteaiin.fcheeo,l,kain.okeey.l,lcheedy.otal.kain.chedain,al",qokeechey qokaiin oteaiin fcheeo l kain okeey l lcheedy otal kain chedain al
ZL3b-n,f111v,"f111v.8,+P0","sho.otchey.cheol,kechy.chcthey.okain.ol.l,keey.qokain.checkhy.chedar,am",sho otchey cheol kechy chcthey okain ol l keey qokain checkhy chedar am
ZL3b-n,f111v,"f111v.9,+P0","lshey.shedal.okear.l,kedy.cheolkeey.lkey.okeey.qokeey.qokey.qokain.am",lshey shedal okear l kedy cheolkeey lkey okeey qokeey qokey qokain am
ZL3b-n,f111v,"f111v.10,+P0","soiin.shed.qoksheo.lor.cheo.lol,aiin.shey.qokain.chear.qoteol.shcthy.ldy",soiin shed qoksheo lor cheo lol aiin shey qokain chear qoteol shcthy ldy
ZL3b-n,f111v,"f111v.11,+P0","y,lcheey.shear.aiin.shee[a:o]r.otain.otedy.qokain.chedkain.shedaitain.shalg",y lcheey shear aiin sheear otain otedy qokain chedkain shedaitain shalg
ZL3b-n,f111v,"f111v.12,+P0","qear,ain.shey.okeeey.qokaiin.checkhy.sho.lchal.sh[ee:ea]y.shckhey.kshartar",qear ain shey okeeey qokaiin checkhy sho lchal sheey shckhey kshartar
ZL3b-n,f111v,"f111v.13,+P0","sheaiin.okaiin.shckhy.cheol,kedy.chetar.okaiin.shal.lchdal,tedy.tar,amd",sheaiin okaiin shckhy cheol kedy chetar okaiin shal lchdal tedy tar amd
ZL3b-n,f111v,"f111v.14,+P0","qocheol.qokain.chear.ol.oin.shedy.qotaiin.qokeechy.olkeey.lkain.lal,[g:d]m",qocheol qokain chear ol oin shedy qotaiin qokeechy olkeey lkain lal gm
ZL3b-n,f111v,"f111v.15,+P0","sar.she[y:o].l.otain.qokaiin.al.kain.chedy.otal.lchedy.qokain.chtal.otain.[?:l].l,s",sar shey l otain qokaiin al kain chedy otal lchedy qokain chtal otain l s
ZL3b-n,f111v,"f111v.16,+P0","qokain.sheol.qokain.shckhey.lchedy.okar,al.qotal.shedy.otain.far.aiin.am",qokain sheol qokain shckhey lchedy okar al qotal shedy otain far aiin am
ZL3b-n,f111v,"f111v.17,+P0",solkain.shey.okaiin.sheey.qokain.chkal.chckhy.saiin.ar.lchal.she.otain,solkain shey okaiin sheey qokain chkal chckhy saiin ar lchal she otain
ZL3b-n,f111v,"f111v.18,+P0","tai[s:r].shedy.qoeedaiin.okain.{c'hh}ey,kaiin.shey.otain.alkain.o.l.r.ol.dain",tais shedy qoeedaiin okain ey kaiin shey otain alkain o l r ol dain
ZL3b-n,f111v,"f111v.19,+P0",qokaiin.cheal.tain.qokain.shey.qokain.char.shcthey.qoky.chy.qokaiin,qokaiin cheal tain qokain shey qokain char shcthey qoky chy qokaiin
ZL3b-n,f111v,"f111v.20,+P0",shain.qokal.shar.qoteal.qotain.chedy.qotain.shcthy.qokshedy.qotain.ar,shain qokal shar qoteal qotain chedy qotain shcthy qokshedy qotain ar
ZL3b-n,f111v,"f111v.21,+P0",sair.air.ain.qol.rar.ain.cheey.lkeey.lkain.cheokain.sheo.qo.qokain.chear.alam,sair air ain qol rar ain cheey lkeey lkain cheokain sheo qo qokain chear alam
ZL3b-n,f111v,"f111v.22,+P0",saiin.ychear.olsheey.chetain.chedy.qokain.okain.al.chan.okalchey.lkeeey,saiin ychear olsheey chetain chedy qokain okain al chan okalchey lkeeey
ZL3b-n,f111v,"f111v.23,+P0",qokaiin.sheckhy.qokar.chalkain.chckhedy.lcheol.okaiin.qokain.cheol.daiin.lam,qokaiin sheckhy qokar chalkain chckhedy lcheol okaiin qokain cheol daiin lam
ZL3b-n,f111v,"f111v.24,+P0",cheodain.qokar.otain.chedy.lkain.chey.shckhy.qokl.chedy.qokar.chctham,cheodain qokar otain chedy lkain chey shckhy qokl chedy qokar chctham
ZL3b-n,f111v,"f111v.25,+P0",tair.alchedar.shykaiin.chd[?:e][?:y]<$>,tair alchedar shykaiin
ZL3b-n,f111v,"f111v.26,+P0","<%>polar,ar.okshey.qokain.chey,kal,keedy.qopchedy.qopchey.ltchs.alpchdar",polar ar okshey qokain chey kal keedy qopchedy qopchey ltchs alpchdar
ZL3b-n,f111v,"f111v.27,+P0","ol.sheey.tsheey.alkar.sheey.otain.ches.shy.qokl.chey.qoklcheor.ldar,llo",ol sheey tsheey alkar sheey otain ches shy qokl chey qoklcheor ldar llo
ZL3b-n,f111v,"f111v.28,+P0",qorchain.okain.chear.lkain<$>,qorchain okain chear lkain
ZL3b-n,f111v,"f111v.29,+P0","<%>polkiin.cheopaiin.otain.shedy.pchedy.opcheedy.qokain.chcfhey.otchey,lldy",polkiin cheopaiin otain shedy pchedy opcheedy qokain chcfhey otchey lldy
ZL3b-n,f111v,"f111v.30,+P0",shokar.okeokain.sheekain.qokain.chechey.qokeey.qetain.otain.ar.lkain.lky<$>,shokar okeokain sheekain qokain chechey qokeey qetain otain ar lkain lky
ZL3b-n,f111v,"f111v.31,+P0",<%>pochey.oteain.chekain.cheal.lain.chey.qokain.chey.lkain.chal.ldy.llm,pochey oteain chekain cheal lain chey qokain chey lkain chal ldy llm
ZL3b-n,f111v,"f111v.32,+P0","tar.chey,tain.chkar.alkar.chey.qol.chedy.okain.chey.l,cheey.charan",tar chey tain chkar alkar chey qol chedy okain chey l cheey charan
ZL3b-n,f111v,"f111v.33,+P0","y,sh[eei:ea]l.[?:q]oair.ain.okan.sheain,y.qokan.chan.aman.cheal,char<$>",y sheeil ain okan sheain y qokan chan aman cheal char
ZL3b-n,f111v,"f111v.34,+P0","<%>polar.okar.teody.qokain.talol.tarol.opchedy.qotar.otar.chtal,sam",polar okar teody qokain talol tarol opchedy qotar otar chtal sam
ZL3b-n,f111v,"f111v.35,+P0",oain.okaiin.chcthy.lkain.lchey.lshekain.qotal.shedy.chkeey.lkeeed.lkain.y,oain okaiin chcthy lkain lchey lshekain qotal shedy chkeey lkeeed lkain y
ZL3b-n,f111v,"f111v.36,+P0",shain.okaiin.chey.qokar.ar.ar.ain.olr.ar.olor<$>,shain okaiin chey qokar ar ar ain olr ar olor
ZL3b-n,f111v,"f111v.37,+P0","<%>polchey,lkarshar.ykain.qokain.shalky.dy.tor,chey.keedy.lteedy.r,aldl",polchey lkarshar ykain qokain shalky dy tor chey keedy lteedy r aldl
ZL3b-n,f111v,"f111v.38,+P0","ycheey.o,aiin.checkhey.otain.qotl.chear.chedy.qokeey.okeedy.lkeey",ycheey o aiin checkhey otain qotl chear chedy qokeey okeedy lkeey
ZL3b-n,f111v,"f111v.39,+P0",dsheey.qokal.chedy.chcthy.qokain.chedy.lkeey.shey.qokain.chedy.lchdy,dsheey qokal chedy chcthy qokain chedy lkeey shey qokain chedy lchdy
ZL3b-n,f111v,"f111v.40,+P0",ykeeey.lkain.chckhy.chokain.chckhal.sheckhedy.qokeey.qokeedy.lchsl,ykeeey lkain chckhy chokain chckhal sheckhedy qokeey qokeedy lchsl
ZL3b-n,f111v,"f111v.41,+P0","oteey,l,chedy.teeedy,lkeey.oteedy.okedy.chedy.qokeey.checthy.qotal",oteey l chedy teeedy lkeey oteedy okedy chedy qokeey checthy qotal
ZL3b-n,f111v,"f111v.42,+P0","cheeo.l,keey.chear.qokeain.okeeor.cheedy.okain.chedy.chedy.teedy.lcheam",cheeo l keey chear qokeain okeeor cheedy okain chedy chedy teedy lcheam
ZL3b-n,f111v,"f111v.43,+P0","ycheo,daiin.sheeky.chokeal.sheekar.okaiin.otain.chear.alo,laiin.chota[g:m]",ycheo daiin sheeky chokeal sheekar okaiin otain chear alo laiin chotag
ZL3b-n,f111v,"f111v.44,+P0",dain.teeodain.cheeal.olaiin.or<$>,dain teeodain cheeal olaiin or
ZL3b-n,f111v,"f111v.45,+P0",<%>pollaiin.okain.sheal.pchedain.opchey.polshy.okshey.opchedy.qopchair.alky,pollaiin okain sheal pchedain opchey polshy okshey opchedy qopchair alky
ZL3b-n,f111v,"f111v.46,+P0",sol.chey.lkeey.rolkeey.chckhy.okeeey.lchedy.lkeain.checthy.qotainaly,sol chey lkeey rolkeey chckhy okeeey lchedy lkeain checthy qotainaly
ZL3b-n,f111v,"f111v.47,+P0",sain.cheey.qokeey.cheytain.olain.ykeeedy.chekain.chckhey.lchar<$>,sain cheey qokeey cheytain olain ykeeedy chekain chckhey lchar
ZL3b-n,f111v,"f111v.48,+P0",<%>psalar.cheey.qekal.cheykaiin.tain.chal.al.skaiin.okchedy.opchdal.opchy,psalar cheey qekal cheykaiin tain chal al skaiin okchedy opchdal opchy
ZL3b-n,f111v,"f111v.49,+P0","s[o:a]iry.cheey.chkain.chal.lor,sheey.qokain.okain.chey.qokain.o,keey",soiry cheey chkain chal lor sheey qokain okain chey qokain o keey
ZL3b-n,f111v,"f111v.50,+P0",shaiin.qoiiin.okain.chey.qokeeey.okain.chees.ar.ol.loeees.otain.or,shaiin qoiiin okain chey qokeeey okain chees ar ol loeees otain or
ZL3b-n,f111v,"f111v.51,+P0","sain.cheal.chckhy.okain.okal,aiin.choty.chckhy<$>",sain cheal chckhy okain okal aiin choty chckhy
ZL3b-n,f112r,"f112r.1,@P0","<%>folchey.qokeey.ykair<!corr?>.@185;arally.oteedal.or,aiin.chcphy<!erased?>",folchey qokeey ykair arally oteedal or aiin chcphy
ZL3b-n,f112r,"f112r.2,+P0",saiin.oar.qolkaiin.otail.ol.olaiin.chol.otar,saiin oar qolkaiin otail ol olaiin chol otar
ZL3b-n,f112r,"f112r.3,+P0","or,chedar.cheey.oteedy.oteedy.otaiin.oty.odys",or chedar cheey oteedy oteedy otaiin oty odys
ZL3b-n,f112r,"f112r.4,+P0",qokeedy.chokain.otain.otar.chedy.taim.oram,qokeedy chokain otain otar chedy taim oram
ZL3b-n,f112r,"f112r.5,+P0","otair,o,kody.otody.otal.okeeey.otar.am.oain,oy",otair o kody otody otal okeeey otar am oain oy
ZL3b-n,f112r,"f112r.6,+P0","chedal.oteedy.okeey,qokeedy.olkeedy.oteeyoram",chedal oteedy okeey qokeedy olkeedy oteeyoram
ZL3b-n,f112r,"f112r.7,+P0","taiin.olkeedy.qoteo.l,oeey.keey.qokeey.oteedyram",taiin olkeedy qoteo l oeey keey qokeey oteedyram
ZL3b-n,f112r,"f112r.8,+P0","sairo,r.e{th}edy.chol.qotchedy.dody.qokeeey.dairam",sairo r ethedy chol qotchedy dody qokeeey dairam
ZL3b-n,f112r,"f112r.9,+P0","saiin.ol.okeey.qokeey.[y:o],chedy.teedy.qokchy.qokar,y",saiin ol okeey qokeey y chedy teedy qokchy qokar y
ZL3b-n,f112r,"f112r.10,+P0",dair.al.chedy.qodain.dam<$>,dair al chedy qodain dam
ZL3b-n,f112r,"f112r.11,+P0",<%>tchedy.qoteey.qeol.qokeey.otey.qokeey.qokedy.chotyr,tchedy qoteey qeol qokeey otey qokeey qokedy chotyr
ZL3b-n,f112r,"f112r.12,+P0","dchedy.qo,otchedy.chdy.qokeey.qotain.oteedy.oteey.ror",dchedy qo otchedy chdy qokeey qotain oteedy oteey ror
ZL3b-n,f112r,"f112r.13,+P0","sor,aiin.chdy.ches.qokeey.okeey.otaiin.chcthy.oteey,dy",sor aiin chdy ches qokeey okeey otaiin chcthy oteey dy
ZL3b-n,f112r,"f112r.14,+P0",soarar.al.chey.otaiin.okeedy.qokeey<$>,soarar al chey otaiin okeedy qokeey
ZL3b-n,f112r,"f112r.15,+P0","<%>poar,alchar.octhy.otedy.qokeedy.okedy.pchedy.opamdy",poar alchar octhy otedy qokeedy okedy pchedy opamdy
ZL3b-n,f112r,"f112r.16,+P0","solol.she?dy.shol.qokeey.qokeeey.qokedain.otain.ar,amchg",solol shol qokeey qokeeey qokedain otain ar amchg
ZL3b-n,f112r,"f112r.17,+P0",qoeeea[r:n].she.olkeear.cheey.qor.cheo.ral.cheey.qokey.t[ee:a]y.am,qoeeear she olkeear cheey qor cheo ral cheey qokey teey am
ZL3b-n,f112r,"f112r.18,+P0","saiin.al,key.chey.dalchd,aiin.okal.chody.chedy.cham<$>",saiin al key chey dalchd aiin okal chody chedy cham
ZL3b-n,f112r,"f112r.19,+P0","<%>polchdy.o,l.otal,y,raiin.sheky.qeey.qokey.qokeey.qoky,am",polchdy o l otal y raiin sheky qeey qokey qokeey qoky am
ZL3b-n,f112r,"f112r.20,+P0","qoaiin.or.aiin.cheol.keody.qol.keol.okeeey.dal,aiin.ody",qoaiin or aiin cheol keody qol keol okeeey dal aiin ody
ZL3b-n,f112r,"f112r.21,+P0","sol,keedy.raiin.chcthey.okeedy.qoteedy.qeey.rair.al,sy",sol keedy raiin chcthey okeedy qoteedy qeey rair al sy
ZL3b-n,f112r,"f112r.22,+P0",daichy.lchedy.qoinal<$>,daichy lchedy qoinal
ZL3b-n,f112r,"f112r.23,+P0",<%>qoain.qoiin.olcheedy.dairiy.teedy.qopol.chdy.oteor.octhdy.otychey,qoain qoiin olcheedy dairiy teedy qopol chdy oteor octhdy otychey
ZL3b-n,f112r,"f112r.24,+P0",cheeteey.qokeeey.lkeey.okeedykey.lkedy.qokedy.otedy.otedy.lo,cheeteey qokeeey lkeey okeedykey lkedy qokedy otedy otedy lo
ZL3b-n,f112r,"f112r.25,+P0",tedain.shedy.ochor.okchd.ykedy.kedy.chor.aiin.cheety.chcthy.okey,tedain shedy ochor okchd ykedy kedy chor aiin cheety chcthy okey
ZL3b-n,f112r,"f112r.26,+P0",tockhy.chedy.chedam<$>,tockhy chedy chedam
ZL3b-n,f112r,"f112r.27,+P0",<%>pcholkeedy.okchoiiin.aky.opchedy.kolfchdy.opchedy.lky.shty,pcholkeedy okchoiiin aky opchedy kolfchdy opchedy lky shty
ZL3b-n,f112r,"f112r.28,+P0",ysheedy.sheokeedy.qokeedy.qokain.oteedy.chckhy.ytchedy.shara[m:r],ysheedy sheokeedy qokeedy qokain oteedy chckhy ytchedy sharam
ZL3b-n,f112r,"f112r.29,+P0","sar.aiin.olshedy.chokeey.sal.okaiin.oteey.qokeey.olor,al.chealy",sar aiin olshedy chokeey sal okaiin oteey qokeey olor al chealy
ZL3b-n,f112r,"f112r.30,+P0",tar.ar.cheokey.okeody.chol.ol.chedy.qokedy.cheom<$>,tar ar cheokey okeody chol ol chedy qokedy cheom
ZL3b-n,f112r,"f112r.31,+P0","<%>pair,al.keolor.okaiin.otain.oteey.lchedy.okeeor.oteor.karainy",pair al keolor okaiin otain oteey lchedy okeeor oteor karainy
ZL3b-n,f112r,"f112r.32,+P0","sor.ar,al.ar.s.alkeeor.ol,shedy.okeechy.qoiiin.oteey.ched,alam",sor ar al ar s alkeeor ol shedy okeechy qoiiin oteey ched alam
ZL3b-n,f112r,"f112r.33,+P0",sarol.okcheey.cphedy.shckhey.okeeor.chedy.shdal<$>,sarol okcheey cphedy shckhey okeeor chedy shdal
ZL3b-n,f112r,"f112r.34,+P0","<%>pair,ar.l,shdar.okechedy.qokar,aram.qotedy.araiin.qokchdy.opary",pair ar l shdar okechedy qokar aram qotedy araiin qokchdy opary
ZL3b-n,f112r,"f112r.35,+P0",sain.olaiin.qopchdy.qoky.okeal.chedy.okeey.otedy.ar.ar.okeedy,sain olaiin qopchdy qoky okeal chedy okeey otedy ar ar okeedy
ZL3b-n,f112r,"f112r.36,+P0",sain.ol.checkhy.olchain.okeey.olam<$>,sain ol checkhy olchain okeey olam
ZL3b-n,f112r,"f112r.37,+P0",<%>pam.okaiin.olkedy.okedy.okeey.okeedy.keedar.otear.shkear.qoky,pam okaiin olkedy okedy okeey okeedy keedar otear shkear qoky
ZL3b-n,f112r,"f112r.38,+P0","sar.ain.olkeear.okeody.qok[?:a]iin.oteedy.qokey.okal,okedy<$>",sar ain olkeear okeody oteedy qokey okal okedy
ZL3b-n,f112r,"f112r.39,+P0",<%>polkeedy.qopal.otedy.opal.aiin.okaiiin.sheody.yteokar.ogom,polkeedy qopal otedy opal aiin okaiiin sheody yteokar ogom
ZL3b-n,f112r,"f112r.40,+P0",sain.okal.lkeedy.okar.okchedy.qokal.keedy.chkey.oty.oral,sain okal lkeedy okar okchedy qokal keedy chkey oty oral
ZL3b-n,f112r,"f112r.41,+P0",yshesy.alain.cheey.okchey.qokchy.okchaiin.ykeeor.okeey.ory<$>,yshesy alain cheey okchey qokchy okchaiin ykeeor okeey ory
ZL3b-n,f112r,"f112r.42,+P0","<%>pol,ar.shedy.qokaiin.[y:o].okeedy.qotal.chody.oteody.araryteop",pol ar shedy qokaiin y okeedy qotal chody oteody araryteop
ZL3b-n,f112r,"f112r.43,+P0","yteeo.r,aiin.okar.opor.aiin.ycheedy.q[ee:o]dar.yteeey.sheor.oteeg",yteeo r aiin okar opor aiin ycheedy qeedar yteeey sheor oteeg
ZL3b-n,f112r,"f112r.44,+P0",sar.ain.qok[o:a]ekeeey.yk.[?:a]koeechey.okeeedy.alair.[a:o]kcheey.ar.arody,sar ain qokoekeeey yk okeeedy alair akcheey ar arody
ZL3b-n,f112r,"f112r.45,+P0","yor.aiin.o,keeey,teey.shkar.oteeedyqokeey.okeey.okary.oin.yky<$>",yor aiin o keeey teey shkar oteeedyqokeey okeey okary oin yky
ZL3b-n,f112v,"f112v.1,@P0","<%>keeoal,chool.opal.otalair,y.fcheol.oteey.qor.eees.am",keeoal chool opal otalair y fcheol oteey qor eees am
ZL3b-n,f112v,"f112v.2,+P0",oar.o[r:s]al.okeeshy.qokeey.okain.qokal.okeol.oty.oraiin,oar oral okeeshy qokeey okain qokal okeol oty oraiin
ZL3b-n,f112v,"f112v.3,+P0","qokeeor.ar.sheey.or.ar.aiiin.okeey.l,keeody.sheedy.qotam",qokeeor ar sheey or ar aiiin okeey l keeody sheedy qotam
ZL3b-n,f112v,"f112v.4,+P0",shody.qo.oeeeody.oteey.qokeedy.okeey.qokeedy.qoky.am,shody qo oeeeody oteey qokeedy okeey qokeedy qoky am
ZL3b-n,f112v,"f112v.5,+P0",sain.aiiin.okey.daiin.otal.chear.okedy.okaiin.cheeoldy,sain aiiin okey daiin otal chear okedy okaiin cheeoldy
ZL3b-n,f112v,"f112v.6,+P0",saiin.[o:a]l.oaiin.okeeedy.chea{ikh}y<$>,saiin ol oaiin okeeedy cheaikhy
ZL3b-n,f112v,"f112v.7,+P0","<%>pcheokeey.oeeeky.qoteedy.oees,aiin.oteor.opchdar.opary",pcheokeey oeeeky qoteedy oees aiin oteor opchdar opary
ZL3b-n,f112v,"f112v.8,+P0","ocheor.okar.aiiin.otaiin.okal.okar.otal,kedy.chekaiiin",ocheor okar aiiin otaiin okal okar otal kedy chekaiiin
ZL3b-n,f112v,"f112v.9,+P0","soaiin.ar,aiin.okaiin.otaiin.cheekain.okchedy.qokchdy",soaiin ar aiin okaiin otaiin cheekain okchedy qokchdy
ZL3b-n,f112v,"f112v.10,+P0","dain.sheey.okchedy,oror<$>",dain sheey okchedy oror
ZL3b-n,f112v,"f112v.11,+P0",<%>tchor.aiin.odeedy.oteeey.qokey.lody.chcfhy.ochos.aiin.olky,tchor aiin odeedy oteeey qokey lody chcfhy ochos aiin olky
ZL3b-n,f112v,"f112v.12,+P0","daiin.al.olkeedain.oteey.sheeol.qokeedy.qochaiin.oteey,qoty",daiin al olkeedain oteey sheeol qokeedy qochaiin oteey qoty
ZL3b-n,f112v,"f112v.13,+P0",dcheoty.oy.otchedy.chedy.daiin.chedal.chedy.qokaiin.otam,dcheoty oy otchedy chedy daiin chedal chedy qokaiin otam
ZL3b-n,f112v,"f112v.14,+P0",sain.air.a@175;.ykeedain.qokeedy.chedaiin.al[o:a]in<$>,sain air a ykeedain qokeedy chedaiin aloin
ZL3b-n,f112v,"f112v.15,+P0",<%>pchodain.okeedy.qokeedy.olkeedy.qokain.sheey.qokedar.aiin.am,pchodain okeedy qokeedy olkeedy qokain sheey qokedar aiin am
ZL3b-n,f112v,"f112v.16,+P0",sa[iin:ir].okeey.sheey.qoteedy.qokey.chedy.qokeey.qokeey.chdaly,saiin okeey sheey qoteedy qokey chedy qokeey qokeey chdaly
ZL3b-n,f112v,"f112v.17,+P0","daiin.ch[ear:eeir].chedy.chy,keedy.chdaiin.cheedy.qokain.otaldal",daiin chear chedy chy keedy chdaiin cheedy qokain otaldal
ZL3b-n,f112v,"f112v.18,+P0","saiin.or,aiin.chey.qokeedy.qokeeey.qokeeody.qotam.olaiin,am",saiin or aiin chey qokeedy qokeeey qokeeody qotam olaiin am
ZL3b-n,f112v,"f112v.19,+P0","s,arain.ain.al.qoeeey.qoteo.ar.aiiinol.chalor<$>",s arain ain al qoeeey qoteo ar aiiinol chalor
ZL3b-n,f112v,"f112v.20,+P0",<%>pchoraiin.ar.alchedy.olkeedy.qokedy.qotaiin.chocthedy.saisal,pchoraiin ar alchedy olkeedy qokedy qotaiin chocthedy saisal
ZL3b-n,f112v,"f112v.21,+P0",saiin.chekain.cheol.qoeedy.chol.keedy.qokaiin.shedy.qokeol.kain,saiin chekain cheol qoeedy chol keedy qokaiin shedy qokeol kain
ZL3b-n,f112v,"f112v.22,+P0",[s:e]oiin.ol.cheol.chedy.qokeey.chetain<$>,soiin ol cheol chedy qokeey chetain
ZL3b-n,f112v,"f112v.23,+P0","<%>ycheol,keeor.olkeeey.chedain.ol.cheedaiin.sheedy.qokeedy.qotain",ycheol keeor olkeeey chedain ol cheedaiin sheedy qokeedy qotain
ZL3b-n,f112v,"f112v.24,+P0",soiin.or.okain.otchedy.qokeedy.eeed[ee:a][g:d].ckhedy.cheedaiin.cheedy,soiin or okain otchedy qokeedy eeedeeg ckhedy cheedaiin cheedy
ZL3b-n,f112v,"f112v.25,+P0","pchdaiin.shedy.otaiin.cheedy.qokeeey.l,keeedy.cheey.lor.eeedy.qokeey",pchdaiin shedy otaiin cheedy qokeeey l keeedy cheey lor eeedy qokeey
ZL3b-n,f112v,"f112v.26,+P0",ychedal.checkhey.checkhy.cheeol.qokeedy.qoteosam.chos<$>,ychedal checkhey checkhy cheeol qokeedy qoteosam chos
ZL3b-n,f112v,"f112v.27,+P0",<%>pchodain.aiin.teeedy.qoeey.okeedy.qokeear.al.okedal.olkeedy.qotedy,pchodain aiin teeedy qoeey okeedy qokeear al okedal olkeedy qotedy
ZL3b-n,f112v,"f112v.28,+P0",shey.keedal.aiin.cheol.keeeody.qoiin.ykeey.qokeeey.ykeey.qoeey.qokaim,shey keedal aiin cheol keeeody qoiin ykeey qokeeey ykeey qoeey qokaim
ZL3b-n,f112v,"f112v.29,+P0","sheey.qoeekain.ol,kain.alor.chedal.sheody<$>",sheey qoeekain ol kain alor chedal sheody
ZL3b-n,f112v,"f112v.30,+P0","<%>polor.sheedy.okeedey.sal,aiin.sheedar.okedy.qopchedy.dalkedy.opchdy",polor sheedy okeedey sal aiin sheedar okedy qopchedy dalkedy opchdy
ZL3b-n,f112v,"f112v.31,+P0","tar,aiin.okeear.oteody.arar<$>",tar aiin okeear oteody arar
ZL3b-n,f112v,"f112v.32,+P0","<%>tchedor.shee,keedy.otedar.checphey.qopchedy.qopcheey.kar.opcheeo,r,a{ify}",tchedor shee keedy otedar checphey qopchedy qopcheey kar opcheeo r aify
ZL3b-n,f112v,"f112v.33,+P0",or.cheeor.okeedy.qokedy.qokeedy.chedaiin.okeeedy.otaiin.cheekey.chol,or cheeor okeedy qokedy qokeedy chedaiin okeeedy otaiin cheekey chol
ZL3b-n,f112v,"f112v.34,+P0",saiin.chedaiin.checkhy.lkeedy.qokeedy.chkaiin.checkhol.chdam,saiin chedaiin checkhy lkeedy qokeedy chkaiin checkhol chdam
ZL3b-n,f112v,"f112v.35,+P0",pched.shedain.qokaiin.okees.chedy.checkhy<$>,pched shedain qokaiin okees chedy checkhy
ZL3b-n,f112v,"f112v.36,+P0",<%>tchede.okeey.lky.shedaiiin.chdy.qokeedy.cheky.lkedy.qotedy.raram,tchede okeey lky shedaiiin chdy qokeedy cheky lkedy qotedy raram
ZL3b-n,f112v,"f112v.37,+P0","teedal.sain.ar.otaiin.shedy.qokedaiin.ar.qokaiin.chol,kedy.qokam",teedal sain ar otaiin shedy qokedaiin ar qokaiin chol kedy qokam
ZL3b-n,f112v,"f112v.38,+P0","sa.ar,oiin.okchey.al.chedy.chol.otaiin.chedar.lkain.cheo,dain<$>",sa ar oiin okchey al chedy chol otaiin chedar lkain cheo dain
ZL3b-n,f112v,"f112v.39,+P0",<%>teodarody.opcheed.okaiin.chaiin.otam.oteedy.qoteey.qotain.chcthd,teodarody opcheed okaiin chaiin otam oteedy qoteey qotain chcthd
ZL3b-n,f112v,"f112v.40,+P0","y,cheol.lchedy.chckhy.cheolchal.shchy.daiin.cheolor.okain.chedy.daiin",y cheol lchedy chckhy cheolchal shchy daiin cheolor okain chedy daiin
ZL3b-n,f112v,"f112v.41,+P0",ykeedan.checkhey.oain.chol<$>,ykeedan checkhey oain chol
ZL3b-n,f112v,"f112v.42,+P0","<%>p[o:a]ly.keedain.she,kchdy.chotshe.otechy.qokchdy.otara[y:g].shain.qokedy",poly keedain she kchdy chotshe otechy qokchdy otaray shain qokedy
ZL3b-n,f112v,"f112v.43,+P0","ooeeor.oeeal.olkeol.al.chol.chl,olchedy.ykeedy.chtal.kar.opchy.famam",ooeeor oeeal olkeol al chol chl olchedy ykeedy chtal kar opchy famam
ZL3b-n,f112v,"f112v.44,+P0",qokchal.qokey.qaiin.otol.teol.okal.otedar.epalchdy.alpchdy<$>,qokchal qokey qaiin otol teol okal otedar epalchdy alpchdy
ZL3b-n,f112v,"f112v.45,+P0",<%>ycheey.chokeey.okasal.tchdy.oteol.chcthy.alaiin.char.al.kamdam,ycheey chokeey okasal tchdy oteol chcthy alaiin char al kamdam
ZL3b-n,f112v,"f112v.46,+P0","ykeey.lor.chaiin.cheky.chokain.char,am.chey.kain.chdal.okaiin.daldy",ykeey lor chaiin cheky chokain char am chey kain chdal okaiin daldy
ZL3b-n,f112v,"f112v.47,+P0",[?:e].otar.aig.oaral.alor.aiiin.olkaiin.oty.ary<$>,otar aig oaral alor aiiin olkaiin oty ary
ZL3b-n,f113r,"f113r.1,@P0",<%>pches@186;chy.ypcheedy.fchdy.chetar.qopchedaiin.oteey.oty.lkchy.chodain.alar.chedy,pcheschy ypcheedy fchdy chetar qopchedaiin oteey oty lkchy chodain alar chedy
ZL3b-n,f113r,"f113r.2,+P0","dar.okeedy.oteeody.qokedy.otchechy.okeorl.al,keeos.ched.al.ar.ch{ckhh}y.ykolairol",dar okeedy oteeody qokedy otchechy okeorl al keeos ched al ar chckhhy ykolairol
ZL3b-n,f113r,"f113r.3,+P0","shchs.oal.chs,aiin.oteeosy<$>",shchs oal chs aiin oteeosy
ZL3b-n,f113r,"f113r.4,+P0","<%>kcheeos.olkeedy.shoaiin.cheeody.qokchedy.chckhody.qokedy.qotaly.lkar.ar,al,om",kcheeos olkeedy shoaiin cheeody qokchedy chckhody qokedy qotaly lkar ar al om
ZL3b-n,f113r,"f113r.5,+P0","ycheeckhy.osaiin.cheoar.qokaiin.chekal.otar.shos,aiin.chckhy.chd[o:y].okol,chedy.chedy",ycheeckhy osaiin cheoar qokaiin chekal otar shos aiin chckhy chdo okol chedy chedy
ZL3b-n,f113r,"f113r.6,+P0","sor.cheo.cheey.oteeos.aiin.otain.otal.ches.aiin.alchl,sheey.kchol.okeeo.l.kaiin.ol",sor cheo cheey oteeos aiin otain otal ches aiin alchl sheey kchol okeeo l kaiin ol
ZL3b-n,f113r,"f113r.7,+P0",chos.sheey.qokchey.sokal.okeey.char.laiin.olkain<$>,chos sheey qokchey sokal okeey char laiin olkain
ZL3b-n,f113r,"f113r.8,+P0",<%>pchosos.cheoarkeeol.qokeey.lkchey.qokar.chos.shey.qopchy.rchsy.chykeor.otal,pchosos cheoarkeeol qokeey lkchey qokar chos shey qopchy rchsy chykeor otal
ZL3b-n,f113r,"f113r.9,+P0","dchos,aiin.oteey.qokaiin.cho.okaiin.cheodaiin.[a:?]ky.le.chody.chotaiin<$>",dchos aiin oteey qokaiin cho okaiin cheodaiin aky le chody chotaiin
ZL3b-n,f113r,"f113r.10,+P0",<%>pcheody.qokeody.cheoar.chy.kcheeor.ety.sheody.sheodaiin.qoteoar.otam.otchedy.qoty,pcheody qokeody cheoar chy kcheeor ety sheody sheodaiin qoteoar otam otchedy qoty
ZL3b-n,f113r,"f113r.11,+P0","daiin.cholchey.okecheey.chokeo,l,sheo.qoaiin.shoo.keeeol.keody.chor.chor.kal.laram",daiin cholchey okecheey chokeo l sheo qoaiin shoo keeeol keody chor chor kal laram
ZL3b-n,f113r,"f113r.12,+P0","y,shoain.qoeey.qoaiin.shol.lkeeoar.chodaiin.otam.chos,aiin<$>",y shoain qoeey qoaiin shol lkeeoar chodaiin otam chos aiin
ZL3b-n,f113r,"f113r.13,+P0","<%>polchor.cheody.qotedy.lkeches.l,keeol.lkcheol.lkchedy.kotchy.lpchedy.qopchedy.ro",polchor cheody qotedy lkeches l keeol lkcheol lkchedy kotchy lpchedy qopchedy ro
ZL3b-n,f113r,"f113r.14,+P0","ycheo.lkchey.l,chol.oiiin.qoksheoy.qokcheody.lcheo.l,kchedy.chokchy.okchdar.al",ycheo lkchey l chol oiiin qoksheoy qokcheody lcheo l kchedy chokchy okchdar al
ZL3b-n,f113r,"f113r.15,+P0","chol.chs.s,aiin.chaiiin<$>",chol chs s aiin chaiiin
ZL3b-n,f113r,"f113r.16,+P0",<%>pcheoor.olkeedy.qokeedy.shdy.qofchedy.chcfhor.chedy.qokeeol.por.aiin.chepchar,pcheoor olkeedy qokeedy shdy qofchedy chcfhor chedy qokeeol por aiin chepchar
ZL3b-n,f113r,"f113r.17,+P0","dor.shar.shol.qokeey.qok,chol.chedaiin.qoky.chokain.chotar.chokar.char.alom",dor shar shol qokeey qok chol chedaiin qoky chokain chotar chokar char alom
ZL3b-n,f113r,"f113r.18,+P0",ycheod.cheoaiin.chal.olkaiin.chkaiin.cheeey.lkeeo.aiiin.okeedy.qokcheey.rchedy,ycheod cheoaiin chal olkaiin chkaiin cheeey lkeeo aiiin okeedy qokcheey rchedy
ZL3b-n,f113r,"f113r.19,+P0",yhal.cheeo.rlaiin.chckhey.cheol<$>,yhal cheeo rlaiin chckhey cheol
ZL3b-n,f113r,"f113r.20,+P0",<%>kshoraiin.qokeeoar.shoteol.lklcheol.qokar.chdain.cpho{ith}y.chor.aiin.ckhydy,kshoraiin qokeeoar shoteol lklcheol qokar chdain cphoithy chor aiin ckhydy
ZL3b-n,f113r,"f113r.21,+P0",oiir.shol.shedair.otchdy.shokchy.shaiiin.shckhey.lshor.air.okeody<$>,oiir shol shedair otchdy shokchy shaiiin shckhey lshor air okeody
ZL3b-n,f113r,"f113r.22,+P0",<%>tchoar.sheeodaiin.chkaiin.otchod.okchedy.qokaiin.cho[k:t]ain.sheor.qokchy.qopam,tchoar sheeodaiin chkaiin otchod okchedy qokaiin chokain sheor qokchy qopam
ZL3b-n,f113r,"f113r.23,+P0",ykeoeshy.qokaiin.chal.kiin.chckhey.lkchey.qokal.chocthy.lkchor.lkchedy.lkaiin,ykeoeshy qokaiin chal kiin chckhey lkchey qokal chocthy lkchor lkchedy lkaiin
ZL3b-n,f113r,"f113r.24,+P0",dair.chor.chopchey.araiin.or.ral.arody<$>,dair chor chopchey araiin or ral arody
ZL3b-n,f113r,"f113r.25,+P0",<%>pchedair.shotedy.qopchody.chfchol.kchdaiin.chpchshdy.rair.shedy.qokchey.sairy,pchedair shotedy qopchody chfchol kchdaiin chpchshdy rair shedy qokchey sairy
ZL3b-n,f113r,"f113r.26,+P0","tol.cheshy.lkchedy.lchod.chal.char,lkeeody.oteeo.loaiin.okeedy<$>",tol cheshy lkchedy lchod chal char lkeeody oteeo loaiin okeedy
ZL3b-n,f113r,"f113r.27,+P0","<%>tchol.chol.lsheol.shor.kcheey.y,raiin.sheol.tcheody.tchey.sheoky.lpchedy.qokam",tchol chol lsheol shor kcheey y raiin sheol tcheody tchey sheoky lpchedy qokam
ZL3b-n,f113r,"f113r.28,+P0","sar.al.chal.os.akchy.daiin.cheeeo,rain.otain.chol.lcholkaiin.cheokedy.loda[s:r]",sar al chal os akchy daiin cheeeo rain otain chol lcholkaiin cheokedy lodas
ZL3b-n,f113r,"f113r.29,+P0","y,sheeoaiin.olkeeol.chtchol.kcheody.lkchedy.okaiin.chal.taiin.oteedy<$>",y sheeoaiin olkeeol chtchol kcheody lkchedy okaiin chal taiin oteedy
ZL3b-n,f113r,"f113r.30,+P0",<%>folchear.oteol.lshedy.lkshedy.sheeeky.otar.qchar.tar.shkchedy.qokchd.opy,folchear oteol lshedy lkshedy sheeeky otar qchar tar shkchedy qokchd opy
ZL3b-n,f113r,"f113r.31,+P0","ytaiin.okaiin.chear.ckhar.shal.shckhy.okain.<!next line intrudes>o,{kh}ar.chor.cky.chokain.qoky",ytaiin okaiin chear ckhar shal shckhy okain o khar chor cky chokain qoky
ZL3b-n,f113r,"f113r.32,+P0",shodaiin.shkaiin.chcthal.okshedy.otal.okaiin.cphoal.otain.okaiin.chedy.qotal,shodaiin shkaiin chcthal okshedy otal okaiin cphoal otain okaiin chedy qotal
ZL3b-n,f113r,"f113r.33,+P0",ykeeor.chear.okain.chear.chockhy<$>,ykeeor chear okain chear chockhy
ZL3b-n,f113r,"f113r.34,+P0",<%>palshsar.lshdaiin.otshsaiin.shocfhy.qopchear.shkair.qopchdy.qoteedy.rchedy.ldy,palshsar lshdaiin otshsaiin shocfhy qopchear shkair qopchdy qoteedy rchedy ldy
ZL3b-n,f113r,"f113r.35,+P0","y,sh,s,sheeo,lkeeos.aiin.qokeees.okchedy.qotaiin.otar.okar.ockhy.rchdy.qosain",y sh s sheeo lkeeos aiin qokeees okchedy qotaiin otar okar ockhy rchdy qosain
ZL3b-n,f113r,"f113r.36,+P0",dcheey.sheody.shedain<$>,dcheey sheody shedain
ZL3b-n,f113r,"f113r.37,+P0",<%>tshedy.qokaiin.shedar.sheocphy.okchdy.pcheody.opchear.opchedy.lfchedy.otal,tshedy qokaiin shedar sheocphy okchdy pcheody opchear opchedy lfchedy otal
ZL3b-n,f113r,"f113r.38,+P0",daiin.sheor.qoteey.daiin.okchedy.sheo[s:r].aiin<$>,daiin sheor qoteey daiin okchedy sheos aiin
ZL3b-n,f113r,"f113r.39,+P0","<%>pcheockhy.l,kchey.qofsheeey.lkeody.kcheodaiin.por,shed,qopoeey.pokeey.rair,aly",pcheockhy l kchey qofsheeey lkeody kcheodaiin por shed qopoeey pokeey rair aly
ZL3b-n,f113r,"f113r.40,+P0","tarar.cheey.cheokeol.chcheey.cthes.aiin.ctheey.ctharad.shee.qo,tchey.taram",tarar cheey cheokeol chcheey cthes aiin ctheey ctharad shee qo tchey taram
ZL3b-n,f113r,"f113r.41,+P0",dsheo.oin.okaiin.cheey.taiin.lkeechey.okain.sheey.qoees.[o:e]keeody<$>,dsheo oin okaiin cheey taiin lkeechey okain sheey qoees okeeody
ZL3b-n,f113r,"f113r.42,+P0",<%>pcheodaiin.sholkeechy.ar.alkar.otchedy.cheol.tcheor.qokchedy.pchor.aral,pcheodaiin sholkeechy ar alkar otchedy cheol tcheor qokchedy pchor aral
ZL3b-n,f113r,"f113r.43,+P0","ykcheor.sheeod.lkar.ar.al.s.aiin.cheeey.ol.chedy.lchey.lkar,am.chedam",ykcheor sheeod lkar ar al s aiin cheeey ol chedy lchey lkar am chedam
ZL3b-n,f113r,"f113r.44,+P0",cheeky.lkedy.chedy.lkaiin<$>,cheeky lkedy chedy lkaiin
ZL3b-n,f113r,"f113r.45,+P0",<%>tchodairos.or.chey.qotaiin.opchey.chtaiir.shedy.qotor.sheol.qotody.tedy,tchodairos or chey qotaiin opchey chtaiir shedy qotor sheol qotody tedy
ZL3b-n,f113r,"f113r.46,+P0","oaiin.cheokeeas.lkaiin.chkal,kar.cheeody.qokeeody.qokeey.chos,araiinol",oaiin cheokeeas lkaiin chkal kar cheeody qokeeody qokeey chos araiinol
ZL3b-n,f113r,"f113r.47,+P0","y,sheol.keechey.cholkeedy.qokaiin.chedal.l.kches.ar.okain.qokaiin.oram",y sheol keechey cholkeedy qokaiin chedal l kches ar okain qokaiin oram
ZL3b-n,f113r,"f113r.48,+P0","tcho,arorshy.qokaiin.shey.ch{ckhh}y.sheolkchy.qokeol.kaiin.checkhy.ralchs",tcho arorshy qokaiin shey chckhhy sheolkchy qokeol kaiin checkhy ralchs
ZL3b-n,f113r,"f113r.49,+P0","sain.cheeey.cheo.kcheey.qokeey.lkeeey.okeeey.lkchey.lcho,r,aiin.otain.al",sain cheeey cheo kcheey qokeey lkeeey okeeey lkchey lcho r aiin otain al
ZL3b-n,f113r,"f113r.50,+P0",tchedy.okeey.cheeos.lkaiin.chey.otain.cheeody.qokeeody.okaiin.oteedy,tchedy okeey cheeos lkaiin chey otain cheeody qokeeody okaiin oteedy
ZL3b-n,f113r,"f113r.51,+P0",ykeeol.qokaiin.olkal.airody.okaiin.okalal.loary<$>,ykeeol qokaiin olkal airody okaiin okalal loary
ZL3b-n,f113v,"f113v.1,@P0","<%>folorarom.otchey.qotar.air.otair.opchedy.qokeedody.chey,keeoy.rol.lkar.ch[s:r]om,oky",folorarom otchey qotar air otair opchedy qokeedody chey keeoy rol lkar chsom oky
ZL3b-n,f113v,"f113v.2,+P0","teoar.ain.qotar.ycheey.otaiir.otaiin.okchy.lkchdy.oteol.ar.al.ar,aiin.okal.cheyor",teoar ain qotar ycheey otaiir otaiin okchy lkchdy oteol ar al ar aiin okal cheyor
ZL3b-n,f113v,"f113v.3,+P0","sar,aiin.chotar.okeeodar.qokain.olol,olam<$>",sar aiin chotar okeeodar qokain olol olam
ZL3b-n,f113v,"f113v.4,+P0",<%>fchoctheody.keeodar.oteedy.rchedy.qokechy.otcher.oparaiin.oteody.otaiin.otl.aroshy,fchoctheody keeodar oteedy rchedy qokechy otcher oparaiin oteody otaiin otl aroshy
ZL3b-n,f113v,"f113v.5,+P0",dcheos.otaiin.otedy.otodaiin.qokeey.rcheey.qoeear.oteedy.qokeedy.otedar.ar.ot.otees.al,dcheos otaiin otedy otodaiin qokeey rcheey qoeear oteedy qokeedy otedar ar ot otees al
ZL3b-n,f113v,"f113v.6,+P0",tcheolchy.lcheol.chockhy.cheoda?daiin<$>,tcheolchy lcheol chockhy
ZL3b-n,f113v,"f113v.7,+P0","<%>fcheshd,teody.lkeeody.oteedy.lchealaim.shockhol.opchedy.qotaiin.otar,ar,al.oteal",fcheshd teody lkeeody oteedy lchealaim shockhol opchedy qotaiin otar ar al oteal
ZL3b-n,f113v,"f113v.8,+P0",ycheody.qokeeor.choltar.olkam.chokam.odal.sheckhy.qokchedy.otor.otar.toky,ycheody qokeeor choltar olkam chokam odal sheckhy qokchedy otor otar toky
ZL3b-n,f113v,"f113v.9,+P0",dair.ar.okaiin.chokaiin.checkhol.cholkaiin.olchy<$>,dair ar okaiin chokaiin checkhol cholkaiin olchy
ZL3b-n,f113v,"f113v.10,+P0","<%>polaiin.oteol.otedyar.aral.kedy.qokeedy.olar,aiin.kchey.dal.otor.ar.opchey.ro",polaiin oteol otedyar aral kedy qokeedy olar aiin kchey dal otor ar opchey ro
ZL3b-n,f113v,"f113v.11,+P0","orsheor.oteeo,cheey.olkeey.otal.chotair.otar.qotar.okar.oko.lkedal.ram",orsheor oteeo cheey olkeey otal chotair otar qotar okar oko lkedal ram
ZL3b-n,f113v,"f113v.12,+P0",solchedy.otsheody.arl.olchey.oror<$>,solchedy otsheody arl olchey oror
ZL3b-n,f113v,"f113v.13,+P0","<%>poraiin.otar.ar.okol.shedy.qokchedy.otchdy.qotor.qoteedar.roral.fchee,llor",poraiin otar ar okol shedy qokchedy otchdy qotor qoteedar roral fchee llor
ZL3b-n,f113v,"f113v.14,+P0","dar.al.sheey.qotaiin.chor.cthol.okeshos.olchedy.qokaiin.okal.o,kaiin.olo",dar al sheey qotaiin chor cthol okeshos olchedy qokaiin okal o kaiin olo
ZL3b-n,f113v,"f113v.15,+P0","@187;ar,ar.okeey.oeky.otcheedaiin.ol.tchdy.pche[o:a]l.kcheor.@206;aiin.cheey.qokaram",ar ar okeey oeky otcheedaiin ol tchdy pcheol kcheor aiin cheey qokaram
ZL3b-n,f113v,"f113v.16,+P0","daiin.chl.l,keey.lkaiin.chdain.qokain.{ch'}eor.okalchedy.qokar.olkam.ar",daiin chl l keey lkaiin chdain qokain eor okalchedy qokar olkam ar
ZL3b-n,f113v,"f113v.17,+P0",saraiin.shedy.lcheey.olkar.okaiin.cthororaiin.yteeeor<$>,saraiin shedy lcheey olkar okaiin cthororaiin yteeeor
ZL3b-n,f113v,"f113v.18,+P0",<%>pychdar.chckhedy.otshedy.tcheepchey.lky.lkches.qokody.lkeshdy.fchocthor.opam,pychdar chckhedy otshedy tcheepchey lky lkches qokody lkeshdy fchocthor opam
ZL3b-n,f113v,"f113v.19,+P0","daiin.qokeeody.qokar.okaiin.qokaiin.okar.checthy.okal,ched.lchal.qckham",daiin qokeeody qokar okaiin qokaiin okar checthy okal ched lchal qckham
ZL3b-n,f113v,"f113v.20,+P0","lkaiin.ch{ckhh}y.chody.otchar.ar.otary.ol,aiin<$>",lkaiin chckhhy chody otchar ar otary ol aiin
ZL3b-n,f113v,"f113v.21,+P0","<%>polaiin.otar.qotain.chtol.tarol.cheol.kaiin.chp,kcheos.okar.a{ith}ar,lo",polaiin otar qotain chtol tarol cheol kaiin chp kcheos okar aithar lo
ZL3b-n,f113v,"f113v.22,+P0",okaiin.okaiin.ch[ee:a]ky.raiin.olal.okaiin.cheody.okaiin.okaiin.otar.aly,okaiin okaiin cheeky raiin olal okaiin cheody okaiin okaiin otar aly
ZL3b-n,f113v,"f113v.23,+P0","ykaiin.al,kar.okain.qokaiin.chakair.okar.al.cheody.qokor.otal.lkl.lol",ykaiin al kar okain qokaiin chakair okar al cheody qokor otal lkl lol
ZL3b-n,f113v,"f113v.24,+P0",olkeey.lcheey.loar.cheos<$>,olkeey lcheey loar cheos
ZL3b-n,f113v,"f113v.25,+P0","<%>tokary.lkchey,lkeedy.otey.pcheol.qopchey.cthol.opaiin.ol.keeor.opshedy.qotam",tokary lkchey lkeedy otey pcheol qopchey cthol opaiin ol keeor opshedy qotam
ZL3b-n,f113v,"f113v.26,+P0","okiin.al,keechy.qoteeol.otar.ar.otchey.otaiin.al.otaiin.otol.qotody.loty",okiin al keechy qoteeol otar ar otchey otaiin al otaiin otol qotody loty
ZL3b-n,f113v,"f113v.27,+P0","y,cheeo,l,cheeo.alkeedy<$>",y cheeo l cheeo alkeedy
ZL3b-n,f113v,"f113v.28,+P0","<%>paiir.oteey.l,kaiin.o{i'h}ox.arash.{oph}eey.cphedy.opcheody.okalchdy.qotol.oky",paiir oteey l kaiin oox arash opheey cphedy opcheody okalchdy qotol oky
ZL3b-n,f113v,"f113v.29,+P0","ykeeol.chedy.qokeey.olkeeey.okaiin.a,r.cthey.okaiin.al.lor.air.aralg",ykeeol chedy qokeey olkeeey okaiin a r cthey okaiin al lor air aralg
ZL3b-n,f113v,"f113v.30,+P0","ysheey.qoeey.or.aiiin.okeeo,l.otain.ar.ol.okaiiin.aiin.shody.otcham",ysheey qoeey or aiiin okeeo l otain ar ol okaiiin aiin shody otcham
ZL3b-n,f113v,"f113v.31,+P0",daiiin.cheol.teeoar.shek.lchedy.okaiin.chckhaiin.otaiin.otaiin.araral,daiiin cheol teeoar shek lchedy okaiin chckhaiin otaiin otaiin araral
ZL3b-n,f113v,"f113v.32,+P0","sheo,l.keey.qokain.char.ar.olar.aiiin.okar<$>",sheo l keey qokain char ar olar aiiin okar
ZL3b-n,f113v,"f113v.33,+P0",<%>pol[s:r]airy.oteo.qokeedy.qokaiin.okal.qofcheol.qokaiin.opalor.lkch.ofch[r:s],polsairy oteo qokeedy qokaiin okal qofcheol qokaiin opalor lkch ofchr
ZL3b-n,f113v,"f113v.34,+P0",daiin.cheaiin.okchey.cheky.qokain.otecheedy.qokaiin.chckhey.chearam,daiin cheaiin okchey cheky qokain otecheedy qokaiin chckhey chearam
ZL3b-n,f113v,"f113v.35,+P0","qokaiin.air.lo,r.chedy.otain<$>",qokaiin air lo r chedy otain
ZL3b-n,f113v,"f113v.36,+P0","<%>ofaral.olkaiin.okar.okeeedy.tshedy.qokeedy.otchey,p,chedy.tsho.lteam",ofaral olkaiin okar okeeedy tshedy qokeedy otchey p chedy tsho lteam
ZL3b-n,f113v,"f113v.37,+P0","qol.aiin.olaiin.oteeey.lchedy.qokair.y,daiin<$>",qol aiin olaiin oteeey lchedy qokair y daiin
ZL3b-n,f113v,"f113v.38,+P0",<%>pcholky.otar.airol.okeedy.chokor.sheedy.oteey.teear.otorsheey.qoteal,pcholky otar airol okeedy chokor sheedy oteey teear otorsheey qoteal
ZL3b-n,f113v,"f113v.39,+P0","osheol.cheol.ar.aloiiin.oteeey.otain.chekey.qokain.chcthy.qotam,lr",osheol cheol ar aloiiin oteeey otain chekey qokain chcthy qotam lr
ZL3b-n,f113v,"f113v.40,+P0","oraiin.cheor.alkain.oteey.ar,aiin.otaiin.okeey.lkeeedy.qo,oeeey,aiin",oraiin cheor alkain oteey ar aiin otaiin okeey lkeeedy qo oeeey aiin
ZL3b-n,f113v,"f113v.41,+P0","dair.aiin.okain.a,r,aiin.cheody<$>",dair aiin okain a r aiin cheody
ZL3b-n,f113v,"f113v.42,+P0","<%>pol.keeo,dy.qoeees.aiin.or,aiin.oteol.fchedy.otchey.dar.otakeol.ol",pol keeo dy qoeees aiin or aiin oteol fchedy otchey dar otakeol ol
ZL3b-n,f113v,"f113v.43,+P0","ycheo,l.keey.lkeees.or,aiin.otaiin.chkain.olar.olchedy.qok,aiinos",ycheo l keey lkeees or aiin otaiin chkain olar olchedy qok aiinos
ZL3b-n,f113v,"f113v.44,+P0",daiin.cheal.otain.okar.otaiin.oloiin<$>,daiin cheal otain okar otaiin oloiin
ZL3b-n,f113v,"f113v.45,+P0","<%>polaiin.arol.shear.okeeeody.ls,ar.lkeey.opchedy.qokchdy.ota.aram",polaiin arol shear okeeeody ls ar lkeey opchedy qokchdy ota aram
ZL3b-n,f113v,"f113v.46,+P0","o,lkaiin.cheey.lain.al.cheey<$>",o lkaiin cheey lain al cheey
ZL3b-n,f113v,"f113v.47,+P0","<%>polaiin.ksheeol.lkaiin.tair.shey.qotain.ar,akal.shey.qopchedy,ldy",polaiin ksheeol lkaiin tair shey qotain ar akal shey qopchedy ldy
ZL3b-n,f113v,"f113v.48,+P0","y.cheol.cheey.qol.lsheedy.qokaiin.chedy,kain.qokeeedy.lkaiin.okal,dy",y cheol cheey qol lsheedy qokaiin chedy kain qokeeedy lkaiin okal dy
ZL3b-n,f113v,"f113v.49,+P0",yshey.teeo.oteedy.qokeey.otaiin.olaiin.cheokain.lkeey.ltal.keedy<$>,yshey teeo oteedy qokeey otaiin olaiin cheokain lkeey ltal keedy
ZL3b-n,f114r,"f114r.1,@P0",<%>tchedol.dairor.pcheos.ytaiin.otody.yteeed.oteeodl.o@188;aiin.okarol,tchedol dairor pcheos ytaiin otody yteeed oteeodl oaiin okarol
ZL3b-n,f114r,"f114r.2,+P0","deedar.qoteeddy.dair.o,kedy.okoeey.r,aiin.oor.cheed.ol.keeed.lkeeedam",deedar qoteeddy dair o kedy okoeey r aiin oor cheed ol keeed lkeeedam
ZL3b-n,f114r,"f114r.3,+P0",ycheod<$>,ycheod
ZL3b-n,f114r,"f114r.4,+P0",<%>fdeechdy.opchedaiin.ypchedy.odaly.chedy.qop.cheokaiin.shedy.podair.ochedal,fdeechdy opchedaiin ypchedy odaly chedy qop cheokaiin shedy podair ochedal
ZL3b-n,f114r,"f114r.5,+P0","loiin.chedy.qokaiin.chdy.daiin.dchd?s.eedol.chdol,kchedy.cho.kaiin.chdy",loiin chedy qokaiin chdy daiin eedol chdol kchedy cho kaiin chdy
ZL3b-n,f114r,"f114r.6,+P0",qoeedy.okchedy.doiiin.chedy.daiin.ykeedy.okeeedy.chedol.chdaiin.ykar.dary,qoeedy okchedy doiiin chedy daiin ykeedy okeeedy chedol chdaiin ykar dary
ZL3b-n,f114r,"f114r.7,+P0","cheol.dchedy.dkchs.aiin,chdedy.qodaiin.okchedaiin.chain<$>",cheol dchedy dkchs aiin chdedy qodaiin okchedaiin chain
ZL3b-n,f114r,"f114r.8,+P0","<%>fchey,dam.okchedam.qokeedaiin.otairar.okchedy.otaiin.opcheol.ofcheda[iir:iis].ocphy",fchey dam okchedam qokeedaiin otairar okchedy otaiin opcheol ofchedaiir ocphy
ZL3b-n,f114r,"f114r.9,+P0","dcheod.qodaiin.daiin.chey.kal,dody.chdairod.okchdy.chody.daiin.dar.oarorold",dcheod qodaiin daiin chey kal dody chdairod okchdy chody daiin dar oarorold
ZL3b-n,f114r,"f114r.10,+P0",qokeedy.chdodaiin.qoedeey.chdaiin.chedalos<$>,qokeedy chdodaiin qoedeey chdaiin chedalos
ZL3b-n,f114r,"f114r.11,+P0",<%>da[l:?]chy.kolky.qoedaiin.dolor.shedy.qokchdy.ofchedy.tolpchy.doiiin.chocfhdy.opailo,dalchy kolky qoedaiin dolor shedy qokchdy ofchedy tolpchy doiiin chocfhdy opailo
ZL3b-n,f114r,"f114r.12,+P0","ykcheshd.ol,air.okaiin.otedy.ykeeey.teos.lair.sheod.chody.otchedair.okam",ykcheshd ol air okaiin otedy ykeeey teos lair sheod chody otchedair okam
ZL3b-n,f114r,"f114r.13,+P0",qokchedy.daiin.octhdy<$>,qokchedy daiin octhdy
ZL3b-n,f114r,"f114r.14,+P0",<%>solpchd.oiin.chcthdy.qodair.ol.daldy.qopdain.opdaiin.opdairody.opdaildo.ary,solpchd oiin chcthdy qodair ol daldy qopdain opdaiin opdairody opdaildo ary
ZL3b-n,f114r,"f114r.15,+P0","qoedy.otair.otar,okod.chodar,y.dal.oeedy.qokolkchdy.dalol,y,qokaiin.ched.al",qoedy otair otar okod chodar y dal oeedy qokolkchdy dalol y qokaiin ched al
ZL3b-n,f114r,"f114r.16,+P0","cheoal.sheedo.l,kol.dair.dair.chdair.cheoty.otal,cheo.dair.chekar.otol.chedy",cheoal sheedo l kol dair dair chdair cheoty otal cheo dair chekar otol chedy
ZL3b-n,f114r,"f114r.17,+P0",qokeedain.cheedy.qokey.qokeeodaiin.daiin.oeted.akaiin.otchedy.qokchedy.chckhd,qokeedain cheedy qokey qokeeodaiin daiin oeted akaiin otchedy qokchedy chckhd
ZL3b-n,f114r,"f114r.18,+P0",lcheos.okar.y.cheodeeey.qoeeody.qodaiin.daildain<$>,lcheos okar y cheodeeey qoeeody qodaiin daildain
ZL3b-n,f114r,"f114r.19,+P0","<%>pairody.shedar.qopchdy.dchedy.dol.qopchedy.daiin.ofchedaiin.chodaiin.opair,dar.oty",pairody shedar qopchdy dchedy dol qopchedy daiin ofchedaiin chodaiin opair dar oty
ZL3b-n,f114r,"f114r.20,+P0","sair,chedaiin.dalchdy.daiidy.olchedy.chedaiin.oteedy.qoted,aiin.otar.otedy.do.rol",sair chedaiin dalchdy daiidy olchedy chedaiin oteedy qoted aiin otar otedy do rol
ZL3b-n,f114r,"f114r.21,+P0",lcheey.lchedo.lcheo.dkair<$>,lcheey lchedo lcheo dkair
ZL3b-n,f114r,"f114r.22,+P0","<%>tchedair.shodaiin.dair.kchedy.qopchdy.chdy,pdaiin.qokair,olchdy.rodeedy.q{cphh}edy",tchedair shodaiin dair kchedy qopchdy chdy pdaiin qokair olchdy rodeedy qcphhedy
ZL3b-n,f114r,"f114r.23,+P0","or,cheo.al.taiin.qokedaiin.oeain.al.s.ain,ches<$>",or cheo al taiin qokedaiin oeain al s ain ches
ZL3b-n,f114r,"f114r.24,+P0","<%>tchedaiin.oldal.chor.chpcheey.chcphey.cphochy.chos.aiir.chty.chopo,sair.cphy.dair",tchedaiin oldal chor chpcheey chcphey cphochy chos aiir chty chopo sair cphy dair
ZL3b-n,f114r,"f114r.25,+P0","oaiil,chey.qokeedy.chedy.qoeey.qokodaiin.cheey,kais.aiy.okol.aiir.otair.or,airy",oaiil chey qokeedy chedy qoeey qokodaiin cheey kais aiy okol aiir otair or airy
ZL3b-n,f114r,"f114r.26,+P0",ycheeodaiin.olkaiir.qokaiin.chodaiin.okar.olkaiin.okaiin.cheody.airoy.olam,ycheeodaiin olkaiir qokaiin chodaiin okar olkaiin okaiin cheody airoy olam
ZL3b-n,f114r,"f114r.27,+P0","cheeo,daiin.sheedy.qodaiin.ksam.chodal.olchedy<$>",cheeo daiin sheedy qodaiin ksam chodal olchedy
ZL3b-n,f114r,"f114r.28,+P0","<%>pchedairs.oeail.chotar,qokeedair.olkaiin.opdaiin.otoldair.chdy,tedair.aiir,aim",pchedairs oeail chotar qokeedair olkaiin opdaiin otoldair chdy tedair aiir aim
ZL3b-n,f114r,"f114r.29,+P0","ch[o:?]l.oeedy.keedy.chee{ck}y.cheodeey.keedeedy.daiiin.ald,air.ar.shol.chedy.otchedy.qoty",chol oeedy keedy cheecky cheodeey keedeedy daiiin ald air ar shol chedy otchedy qoty
ZL3b-n,f114r,"f114r.30,+P0","y,chedar.okeedy.lkeedy.aiin.oeedaiin.qoaiin.ykedy.okair.olkeedy.qoain.ain.okeey.ram",y chedar okeedy lkeedy aiin oeedaiin qoaiin ykedy okair olkeedy qoain ain okeey ram
ZL3b-n,f114r,"f114r.31,+P0",sair.aiin.cheedain.okaiin.otedy.qokeedain.orain<$>,sair aiin cheedain okaiin otedy qokeedain orain
ZL3b-n,f114r,"f114r.32,+P0",<%>tcheodaiin.chaiin.qokaiin.otaiin.otalkain.otchedain.qotcho.chdy.dair.qotar,tcheodaiin chaiin qokaiin otaiin otalkain otchedain qotcho chdy dair qotar
ZL3b-n,f114r,"f114r.33,+P0","daiin.oteed,aiin.saiin.yteey.aiin.al,odaiin.chedal.odaii[s:r].aiin.cheo,dal.chedy",daiin oteed aiin saiin yteey aiin al odaiin chedal odaiis aiin cheo dal chedy
ZL3b-n,f114r,"f114r.34,+Pr","ytain.o,l,kaiin.y,kar.chdar.alkam<$>",ytain o l kaiin y kar chdar alkam
ZL3b-n,f114r,"f114r.35,*P0","<%>pcheos.air,oy.sheo.qok[{oh}:ch]ey.sheeka[s:r].oar.ytched.lked.o,kchdar.otal.kar",pcheos air oy sheo qokohey sheekas oar ytched lked o kchdar otal kar
ZL3b-n,f114r,"f114r.36,+P0","ychedar.a{ikh}dy.otar,ain.ykeodaiin.qoeedaiin.qokal.sain.otchedy.qokar",ychedar aikhdy otar ain ykeodaiin qoeedaiin qokal sain otchedy qokar
ZL3b-n,f114r,"f114r.37,+P0","odar.or,aiin.otshedy.okaiin.yky.ols.ol.kaiin.chees.air.qotaiin.chedaiiin",odar or aiin otshedy okaiin yky ols ol kaiin chees air qotaiin chedaiiin
ZL3b-n,f114r,"f114r.38,+P0","qoeedy.qokchedy.cheey.raiin.ar,ain.aiin.al,chol?<$>",qoeedy qokchedy cheey raiin ar ain aiin al
ZL3b-n,f114r,"f114r.39,+P0",<%>todaiin.cheoltchedaiin.daiin.okar.qoeedain.[q:y]cho.oeda[?:ir].opchedy.qetchar,todaiin cheoltchedaiin daiin okar qoeedain qcho opchedy qetchar
ZL3b-n,f114r,"f114r.40,+P0",yteedy.qotey.qoedaiin.qokchedy.teedy.qoteeedy.qotar.otees.chos.otchdy,yteedy qotey qoedaiin qokchedy teedy qoteeedy qotar otees chos otchdy
ZL3b-n,f114r,"f114r.41,+P0","oshey.daiin.sheody.qoty.cheey.taiin.qokaiin.qokeeedy.oqotaiiin.o,qoeeo[s:r]ain<$>",oshey daiin sheody qoty cheey taiin qokaiin qokeeedy oqotaiiin o qoeeosain
ZL3b-n,f114r,"f114r.42,+P0",<%>poedair.qotol.qodaiin.otaiin.qotar.qotchey.qotaiin.cheopy.qopaiin.cheody,poedair qotol qodaiin otaiin qotar qotchey qotaiin cheopy qopaiin cheody
ZL3b-n,f114r,"f114r.43,+P0","ycheedy.qoodaiin.daiiral.chedal.chos.oral,tedy.qotchdy.qotar.cheo.dain",ycheedy qoodaiin daiiral chedal chos oral tedy qotchdy qotar cheo dain
ZL3b-n,f114r,"f114r.44,+P0",ydaiin.chedy.qoal.cheey.qokair.okeedy.chotal.chol.okain.ar.da[?:r].opaiin,ydaiin chedy qoal cheey qokair okeedy chotal chol okain ar opaiin
ZL3b-n,f114r,"f114r.45,+P0",dain.ched.chodaiin.otain.chdar.chedy.chocthy<$>,dain ched chodaiin otain chdar chedy chocthy
ZL3b-n,f114v,"f114v.1,@P0",<%>pchdol.dar.chedain.chodalr.fcheey.dchedy.qocphdy.otdady.qotedar.daiin,pchdol dar chedain chodalr fcheey dchedy qocphdy otdady qotedar daiin
ZL3b-n,f114v,"f114v.2,+P0",dshedal.qoteody.choddy.otol.chedal.otain.chedol.chedain.shedy.qotched.dl,dshedal qoteody choddy otol chedal otain chedol chedain shedy qotched dl
ZL3b-n,f114v,"f114v.3,+P0",oeos.qotcheo.odain.qotain.otar.qotchd.dol.qotchedy.choty.ol.lchdaiin.dal,oeos qotcheo odain qotain otar qotchd dol qotchedy choty ol lchdaiin dal
ZL3b-n,f114v,"f114v.4,+P0",qokedy.cheocthedy.qoted.qotedol.chedar.qotedy.okeedy.daiin.chedaiin.oky,qokedy cheocthedy qoted qotedol chedar qotedy okeedy daiin chedaiin oky
ZL3b-n,f114v,"f114v.5,+P0",chedy.qokeedy.okaly.cheedain.shedy<$>,chedy qokeedy okaly cheedain shedy
ZL3b-n,f114v,"f114v.6,+P0",<%>tedcheo.cheo.cthedy.qotchedy.qotaiin.opchedy.shedy.qepoepy.chedar.dairy,tedcheo cheo cthedy qotchedy qotaiin opchedy shedy qepoepy chedar dairy
ZL3b-n,f114v,"f114v.7,+P0",ytedshedy.otaiin.cheedar.ch[ee:eo]y.s.aiin.chedky.chedaiin.shod.chokchedy<$>,ytedshedy otaiin cheedar cheey s aiin chedky chedaiin shod chokchedy
ZL3b-n,f114v,"f114v.8,+P0",<%>pchedchdy.qoteedy.qokedain.chdaiin.qokedy.chedain.qoeedy.qotey.qotaiin,pchedchdy qoteedy qokedain chdaiin qokedy chedain qoeedy qotey qotaiin
ZL3b-n,f114v,"f114v.9,+P0",soes.oeeos.aiin.olkeey.keol.qotcheedy.qockhed.skaiin.sheedy.qotal.chedy,soes oeeos aiin olkeey keol qotcheedy qockhed skaiin sheedy qotal chedy
ZL3b-n,f114v,"f114v.10,+P0",olkees.chedaiin.qotaiin.olchedaiin.chedain.dain.chcthdy<$>,olkees chedaiin qotaiin olchedaiin chedain dain chcthdy
ZL3b-n,f114v,"f114v.11,+P0",<%>tchedy.qotaiin.chdy.qotedy.tedaiin.chepched.otol.shedain.pol.otam,tchedy qotaiin chdy qotedy tedaiin chepched otol shedain pol otam
ZL3b-n,f114v,"f114v.12,+P0","ochedy.choaiin.ch{cty}.chedal.daiin.ytar.otchedy.qotaiin.dain.dar,[y:q]og",ochedy choaiin chcty chedal daiin ytar otchedy qotaiin dain dar yog
ZL3b-n,f114v,"f114v.13,+P0","sheedy.qoteeo,s,oiiin.chcthain<$>",sheedy qoteeo s oiiin chcthain
ZL3b-n,f114v,"f114v.14,+P0",<%>tsheodar.cheo.ckhor.qopchedy.qopchedy.qokchedy.shody.qotaiin.ofcheds,tsheodar cheo ckhor qopchedy qopchedy qokchedy shody qotaiin ofcheds
ZL3b-n,f114v,"f114v.15,+P0",ochedain.chedy.okal.chaiin.qokod.qokol.cheedy.qotody.cheol.kchedy.ldy,ochedain chedy okal chaiin qokod qokol cheedy qotody cheol kchedy ldy
ZL3b-n,f114v,"f114v.16,+P0","ytchedy.qool.chey.ol,aiin.chedar.chdaiin.chdal.qokaiin.choky.chol.dam",ytchedy qool chey ol aiin chedar chdaiin chdal qokaiin choky chol dam
ZL3b-n,f114v,"f114v.17,+P0","sheoal.chos.oaiir,alchedy.chcphedy.okary<$>",sheoal chos oaiir alchedy chcphedy okary
ZL3b-n,f114v,"f114v.18,+P0","<%>dorkcheky.cheo,aiin.qotaiin.otody.qokalsheody.choypshedy.qoto.@189;shxam",dorkcheky cheo aiin qotaiin otody qokalsheody choypshedy qoto shxam
ZL3b-n,f114v,"f114v.19,+P0","o,sh[s:?]odaiin.chotain.qotar<$>",o shsodaiin chotain qotar
ZL3b-n,f114v,"f114v.20,+P0",<%>tshedain.qotchody.qokol.shedy.qokchedy.daiin.qofchdar.chdor.chdy.dary,tshedain qotchody qokol shedy qokchedy daiin qofchdar chdor chdy dary
ZL3b-n,f114v,"f114v.21,+P0",dair.cheeo.chy.chdaiin.qokedy.otcheodaiin.qokchdy.otedal.dain.aral,dair cheeo chy chdaiin qokedy otcheodaiin qokchdy otedal dain aral
ZL3b-n,f114v,"f114v.22,+P0",ychedar.shod.qokaiin.qotchey.chockhy.olkedy.otechy.ykedckhy<$>,ychedar shod qokaiin qotchey chockhy olkedy otechy ykedckhy
ZL3b-n,f114v,"f114v.23,+P0",<%>pshedy.qopcheos.okaiin.qotchedy.qotchdar.cheeos.olteody.otoydy,pshedy qopcheos okaiin qotchedy qotchdar cheeos olteody otoydy
ZL3b-n,f114v,"f114v.24,+P0",olkaiin.cheotaiin.qoteody.qokod.sheoeed.qodeedy.yteedy.aiin.am,olkaiin cheotaiin qoteody qokod sheoeed qodeedy yteedy aiin am
ZL3b-n,f114v,"f114v.25,+P0",sor.aiin.otchedy.otaiin.alkain.okeedy<$>,sor aiin otchedy otaiin alkain okeedy
ZL3b-n,f114v,"f114v.26,+P0","<%>pcheodal.chopcheod.qoto,s.araiin.qota,l,cheo.pchdal.qoeedy.chcthey",pcheodal chopcheod qoto s araiin qota l cheo pchdal qoeedy chcthey
ZL3b-n,f114v,"f114v.27,+P0","o,sheeo.l,kchee.okeey.qoteor.chokaiin.chdy.qokaiin.chokeey.tainary",o sheeo l kchee okeey qoteor chokaiin chdy qokaiin chokeey tainary
ZL3b-n,f114v,"f114v.28,+P0",tchedy.shdo.qotched.chees.ar.aiin.chetam<$>,tchedy shdo qotched chees ar aiin chetam
ZL3b-n,f114v,"f114v.29,+P0","<%>pchdair.sho.qopchey.otcheed.chedy.qopcheo.r.ocpheody.opchdy,qopairam",pchdair sho qopchey otcheed chedy qopcheo r ocpheody opchdy qopairam
ZL3b-n,f114v,"f114v.30,+P0","y,cheey.qooeey.qolcheey.qoteey.qotaiin.otal.otaiin.oteeo.teey.rain",y cheey qooeey qolcheey qoteey qotaiin otal otaiin oteeo teey rain
ZL3b-n,f114v,"f114v.31,+P0",olaiin.cheo.otcheody.lkchedy.okol.okaiin.otaiin.otal.qotar,olaiin cheo otcheody lkchedy okol okaiin otaiin otal qotar
ZL3b-n,f114v,"f114v.32,+P0","y,cheol.oleey.cheoaiin.chetaiin.sheeodain<$>",y cheol oleey cheoaiin chetaiin sheeodain
ZL3b-n,f114v,"f114v.33,+P0","<%>kaiin.sheey.oaiin.sheol.qoteey.qokeeedy.cheo,ctheey.qokeeo.lkealy",kaiin sheey oaiin sheol qoteey qokeeedy cheo ctheey qokeeo lkealy
ZL3b-n,f114v,"f114v.34,+P0",olkeechy.ol.oaiin.aiin.chocthey.qotedal.octhy.sotey.cheos.air,olkeechy ol oaiin aiin chocthey qotedal octhy sotey cheos air
ZL3b-n,f114v,"f114v.35,+P0",yshey.kair.yteeey.qokaiin.chckhy.chodaiin.olkaim<$>,yshey kair yteeey qokaiin chckhy chodaiin olkaim
ZL3b-n,f114v,"f114v.36,+P0","<%>tshey.oidal.op.shoko.otchey.qopchol.qopaiin.qotar.al,kal.ram",tshey oidal op shoko otchey qopchol qopaiin qotar al kal ram
ZL3b-n,f114v,"f114v.37,+P0","dcheey.ol.cheodaiiin.qokar.otaiin.otal.o,kaiin.chey.tar.arody",dcheey ol cheodaiiin qokar otaiin otal o kaiin chey tar arody
ZL3b-n,f114v,"f114v.38,+P0",oteey.okedaiin.otaiin.qotchey.qoteeody.otaiin.okal.dals,oteey okedaiin otaiin qotchey qoteeody otaiin okal dals
ZL3b-n,f114v,"f114v.39,+P0","qo,[?:o]eecheedy.o.kecheokeo.oteo,daiin.okaiin.choty.odaiin.otam",qo o kecheokeo oteo daiin okaiin choty odaiin otam
ZL3b-n,f114v,"f114v.40,+P0","eeo.cheo,y.ot[ee:a]y.qotaiin.cheo,l.oteeey.daiin.oteey.teeedy.dm",eeo cheo y oteey qotaiin cheo l oteeey daiin oteey teeedy dm
ZL3b-n,f114v,"f114v.41,+P0",yaiin.o?oy.[o:a]keey.cheody.qokaiin.otain.al.kain.choty<$>,yaiin okeey cheody qokaiin otain al kain choty
ZL3b-n,f115r,"f115r.1,@P0","<%><@H=2>f{c'hh}dar.qopchol.qochedain.otedy.cheop,ol.teeedy.oroiir.oechedy.oteedy.qotchedy",fdar qopchol qochedain otedy cheop ol teeedy oroiir oechedy oteedy qotchedy
ZL3b-n,f115r,"f115r.2,+P0","dcheeos.shedy.qokeeo.qoky.qokeeor.cheody.qokeeo.qokeo.rorol.kcheody,qokchy",dcheeos shedy qokeeo qoky qokeeor cheody qokeeo qokeo rorol kcheody qokchy
ZL3b-n,f115r,"f115r.3,+P0","qol,cheol.chor.od.qol,chedy.qockheos.cholor.daar.oraro<$>",qol cheol chor od qol chedy qockheos cholor daar oraro
ZL3b-n,f115r,"f115r.4,+P0",<%>dchedain.qokeedy.olkeechdy.chor.chey.kchor.orchedar.otar.sheod.qoteedy.dardyr,dchedain qokeedy olkeechdy chor chey kchor orchedar otar sheod qoteedy dardyr
ZL3b-n,f115r,"f115r.5,+P0",ycheedy.chedar.olkees.sheed.qodain.qoteedy.qokedy.qokeed.lchedar.qotchedy.ro,ycheedy chedar olkees sheed qodain qoteedy qokedy qokeed lchedar qotchedy ro
ZL3b-n,f115r,"f115r.6,+P0","cheo,ckhdy.qotchdy.qokedy.qokar.okeeeosaiin.chl.chedar.chody.qotar.chedam.chd",cheo ckhdy qotchdy qokedy qokar okeeeosaiin chl chedar chody qotar chedam chd
ZL3b-n,f115r,"f115r.7,+P0","dar,chedy.qotchy.chedy.chedar.shey.otain.chorar<$>",dar chedy qotchy chedy chedar shey otain chorar
ZL3b-n,f115r,"f115r.8,+P0","<%>kcheor.cheol.orair.ot,chedar.lor.aiin.qokain.qoteeol.dar.ar.al.opchedy.darom",kcheor cheol orair ot chedar lor aiin qokain qoteeol dar ar al opchedy darom
ZL3b-n,f115r,"f115r.9,+P0","dchedaiin.qoteeedy.qokeedy.qoteo.lor.cheo,r,ar.cheor.cheody<$>",dchedaiin qoteeedy qokeedy qoteo lor cheo r ar cheor cheody
ZL3b-n,f115r,"f115r.10,+P0","<%>tchedy.kechedy.qokchey.keedy,qokor.chedaiin.dair.qotchedy.qotcheedy.qekor",tchedy kechedy qokchey keedy qokor chedaiin dair qotchedy qotcheedy qekor
ZL3b-n,f115r,"f115r.11,+P0",daiin.chedy.chol.chedy.qok[o:a]iin.qokcheedy.qototeeey.rain.cheo.chkain.cho.lory,daiin chedy chol chedy qokoiin qokcheedy qototeeey rain cheo chkain cho lory
ZL3b-n,f115r,"f115r.12,+P0","dsheo.qokeedaiin.qokechdy.qodaiin.or.chol,o,ro.chey<$>",dsheo qokeedaiin qokechdy qodaiin or chol o ro chey
ZL3b-n,f115r,"f115r.13,+P0",<%><@H=3>tchedy.qoolkeedy.qokchedy.qotchd.lpchedy.qotcho.lar.airorlchy.cpholrory,tchedy qoolkeedy qokchedy qotchd lpchedy qotcho lar airorlchy cpholrory
ZL3b-n,f115r,"f115r.14,+P0","ycheeo,rcheeo.qo.lkain.cheey.saiin.cheedy.tcheo.lodar.chtar.as,kaiin.dam",ycheeo rcheeo qo lkain cheey saiin cheedy tcheo lodar chtar as kaiin dam
ZL3b-n,f115r,"f115r.15,+P0","y,cheo.lkeodain.chcthed.qokar.chedy.qotain.chody.qotain.cheol.lkar.air,om",y cheo lkeodain chcthed qokar chedy qotain chody qotain cheol lkar air om
ZL3b-n,f115r,"f115r.16,+P0",dshedy.qotshedy.dar.oltedy.qotar.chodar.cheocthy.chdy.qotor.otchdy.qotolchd,dshedy qotshedy dar oltedy qotar chodar cheocthy chdy qotor otchdy qotolchd
ZL3b-n,f115r,"f115r.17,+P0",qol.cheey.qotchy.daiin.daiin.cheocthy.dolkeedy.qotaiin.chol.oteeedchey.okeedain,qol cheey qotchy daiin daiin cheocthy dolkeedy qotaiin chol oteeedchey okeedain
ZL3b-n,f115r,"f115r.18,+P0",cheol.lcheey.okcho.keedor.ykechey.chchdy<$>,cheol lcheey okcho keedor ykechey chchdy
ZL3b-n,f115r,"f115r.19,+P0",<%>pcheodain.qokchey.qotchedy.darailchedy.polchedy.chol.pchody.qotchedy.qofchedy.ram,pcheodain qokchey qotchedy darailchedy polchedy chol pchody qotchedy qofchedy ram
ZL3b-n,f115r,"f115r.20,+P0","lcheod.lkchedy.chockhy.chedy.qokchedy.qoky.chor.al.alor.cheey.qol.keo,r,shey",lcheod lkchedy chockhy chedy qokchedy qoky chor al alor cheey qol keo r shey
ZL3b-n,f115r,"f115r.21,+P0","yches.oaiin.or,al.chy.cheody.rodaiin.cheockhy.oeeody<$>",yches oaiin or al chy cheody rodaiin cheockhy oeeody
ZL3b-n,f115r,"f115r.22,+P0",<%>psheody.chsho.tchdy.dar.chedy.okchdar.chdor.cheedy.{y@162;h}y.cheedy.qepchey.lkam,psheody chsho tchdy dar chedy okchdar chdor cheedy y cheedy qepchey lkam
ZL3b-n,f115r,"f115r.23,+P0","dchey,keey.qokeod.chody.qokcho.[s:r].checthy.qokeeey.keeey.lol.chedy.qokchedy.ldy",dchey keey qokeod chody qokcho s checthy qokeeey keeey lol chedy qokchedy ldy
ZL3b-n,f115r,"f115r.24,+P0",dcheol.qokeol.or.ar.aiin.cheey.okeeeo.or.chl.lor.ol.otlaiin.cheeor.ary,dcheol qokeol or ar aiin cheey okeeeo or chl lor ol otlaiin cheeor ary
ZL3b-n,f115r,"f115r.25,+P0","y,cheodain.cheey.qotchedy.qokeeody.choar.cheey<$>",y cheodain cheey qotchedy qokeeody choar cheey
ZL3b-n,f115r,"f115r.26,+P0",<%>ksheoary.otchey.qoteeo.s.ar.aiiin.chotchdy.qodair.sheol.pchedy.dal.dalom,ksheoary otchey qoteeo s ar aiiin chotchdy qodair sheol pchedy dal dalom
ZL3b-n,f115r,"f115r.27,+P0","ysheeo.los.ar.chey.qoky.chol,kchedshedy.qokaiin.shey.qoetar.chol.qokaram",ysheeo los ar chey qoky chol kchedshedy qokaiin shey qoetar chol qokaram
ZL3b-n,f115r,"f115r.28,+P0",cheo.chos.al.saiin.cheody.llsan.arorochees<$>,cheo chos al saiin cheody llsan arorochees
ZL3b-n,f115r,"f115r.29,+P0","<%>fshedy.shdalky.cheedar.qopchedy.qopchedyd.lksho.ror.pchodar.ol,chedyo",fshedy shdalky cheedar qopchedy qopchedyd lksho ror pchodar ol chedyo
ZL3b-n,f115r,"f115r.30,+P0",dsheodar.sheo.qokecheos.cheos.r.char.qokchar.qolcheey.lkedy.qotal,dsheodar sheo qokecheos cheos r char qokchar qolcheey lkedy qotal
ZL3b-n,f115r,"f115r.31,+P0",shod.ykaiin.chdy.qotchedy.dchol.daiin.qopol.qokair[o:a]r.lchea.raiin.dlchd,shod ykaiin chdy qotchedy dchol daiin qopol qokairor lchea raiin dlchd
ZL3b-n,f115r,"f115r.32,+P0",sor.chey.okaiin.qokeey.qokeedy.qoaiin.chedy.qotaiin.chety.laiin.chedy,sor chey okaiin qokeey qokeedy qoaiin chedy qotaiin chety laiin chedy
ZL3b-n,f115r,"f115r.33,+P0","y,cheey.qotaiin.chokeeey.chckhey.qoky.aiin.cheey.lkeedy.ok{oh}y.chokchaiin",y cheey qotaiin chokeeey chckhey qoky aiin cheey lkeedy okohy chokchaiin
ZL3b-n,f115r,"f115r.34,+P0","cheeo.l,keeey.okeey.raiin.cheky<$>",cheeo l keeey okeey raiin cheky
ZL3b-n,f115r,"f115r.35,+P0","<%>posheos.aral.chaiin.shkchedy.otais.chsi.chpchar.ar.al,odaiin.chcphy.dy",posheos aral chaiin shkchedy otais chsi chpchar ar al odaiin chcphy dy
ZL3b-n,f115r,"f115r.36,+P0",daiin.cheey.qoek.chody.qodain.sheey.dar.oranol<$>,daiin cheey qoek chody qodain sheey dar oranol
ZL3b-n,f115r,"f115r.37,+P0",<%>sorols.cheos.lkshey.qokcho.[r:s]aiin.chkshy.qos.aiin.okchey.pchar,sorols cheos lkshey qokcho raiin chkshy qos aiin okchey pchar
ZL3b-n,f115r,"f115r.38,+P0",dor.cheol.chot.qotchy.qokchy.sol.raiin.shey.kchedy.daiin.shedy.qoty,dor cheol chot qotchy qokchy sol raiin shey kchedy daiin shedy qoty
ZL3b-n,f115r,"f115r.39,+P0","y,chey.keey.qodain.cheody.qok[o:a]r<$>",y chey keey qodain cheody qokor
ZL3b-n,f115r,"f115r.40,+P0","<%>paiinody.lkcheo.lchy.qokchedy.qokl.sheedy.qokar,aiir.ar.opchdain",paiinody lkcheo lchy qokchedy qokl sheedy qokar aiir ar opchdain
ZL3b-n,f115r,"f115r.41,+P0",dar.olchy.olchey.qolcheor.okchor<$>,dar olchy olchey qolcheor okchor
ZL3b-n,f115r,"f115r.42,+P0",<%>tcheodl.raiin.chkar.qokol.lchdy.qorshy.qokain.qokain.chep.chotchdy,tcheodl raiin chkar qokol lchdy qorshy qokain qokain chep chotchdy
ZL3b-n,f115r,"f115r.43,+P0","dcheo,dain.sheol.qotchedy.qokchedy.qokchedy.chotar.orar.oiin.olchdy",dcheo dain sheol qotchedy qokchedy qokchedy chotar orar oiin olchdy
ZL3b-n,f115r,"f115r.44,+P0",dcheos.shedar.qoor.cheor.shody.qokain.otar.ar.otar.ytar.ar.aloky,dcheos shedar qoor cheor shody qokain otar ar otar ytar ar aloky
ZL3b-n,f115r,"f115r.45,+P0",y.dchedy.kody.qokeedy.chols<$>,y dchedy kody qokeedy chols
ZL3b-n,f115v,"f115v.1,@P0","<%>tchedor.otchedy.qotees.ytain.qoty.qotar.opolaiin.qotdain.ol.raiin,om",tchedor otchedy qotees ytain qoty qotar opolaiin qotdain ol raiin om
ZL3b-n,f115v,"f115v.2,+P0",ykeeochody.qokeedy.yteedy.qokar.qor.chodaiin.qokchdy.chdar.okchdy.qokam,ykeeochody qokeedy yteedy qokar qor chodaiin qokchdy chdar okchdy qokam
ZL3b-n,f115v,"f115v.3,+P0",dsheol.qokchedy.qokshedy.qotchey.otaiin.qotedy.lkedain.dalchdy.okchedam,dsheol qokchedy qokshedy qotchey otaiin qotedy lkedain dalchdy okchedam
ZL3b-n,f115v,"f115v.4,+P0","ykcheodain.lkchedy.otechdy.qotar.or,al.ytchedy.lched.otchd.chokeedy",ykcheodain lkchedy otechdy qotar or al ytchedy lched otchd chokeedy
ZL3b-n,f115v,"f115v.5,+P0",dair.cheky.qoteey.otar.chl.oleed<$>,dair cheky qoteey otar chl oleed
ZL3b-n,f115v,"f115v.6,+P0",<%>pchody.odaiin.chcphy.qokchdain.qotain.qokor.shed.oteody.solkaiin.al,pchody odaiin chcphy qokchdain qotain qokor shed oteody solkaiin al
ZL3b-n,f115v,"f115v.7,+P0","dchedy.tedy.qokeey.roiin,shedy.okor.air.cheoor.olkchedy.chotam<$>",dchedy tedy qokeey roiin shedy okor air cheoor olkchedy chotam
ZL3b-n,f115v,"f115v.8,+P0","<%>tchoros.sheol.qotchs.olchees.otchdy.qotol.lpchedy.okar.lkechedy,pchdam",tchoros sheol qotchs olchees otchdy qotol lpchedy okar lkechedy pchdam
ZL3b-n,f115v,"f115v.9,+P0",ychees.chdaiin.chotain.cholkeedy.qotchy.chody.qotain.lkchey.lchey.ror,ychees chdaiin chotain cholkeedy qotchy chody qotain lkchey lchey ror
ZL3b-n,f115v,"f115v.10,+P0","saiin.sho,sheody.okaiin.dalchedy.oteeo.chedy<$>",saiin sho sheody okaiin dalchedy oteeo chedy
ZL3b-n,f115v,"f115v.11,+P0",<%>tchdor.shorail.chodaiin.chkol.chkchol.qotched.qotchey.dpchedy.q[?:o]tam,tchdor shorail chodaiin chkol chkchol qotched qotchey dpchedy
ZL3b-n,f115v,"f115v.12,+P0",ysheed.lchedy.lkchedy.soraiin<$>,ysheed lchedy lkchedy soraiin
ZL3b-n,f115v,"f115v.13,+P0",<%>pchdarody.pcheed.rar.tcheody.polched.lpchdy.tol.rchees.cphor.orair.kol,pchdarody pcheed rar tcheody polched lpchdy tol rchees cphor orair kol
ZL3b-n,f115v,"f115v.14,+P0","okeeo,kaiin.lkeeey.lkor.sheedy.chockhy.qockheedy.qokechy.lkeey.ldaiin",okeeo kaiin lkeeey lkor sheedy chockhy qockheedy qokechy lkeey ldaiin
ZL3b-n,f115v,"f115v.15,+P0",saiin.chol.qotain.qokain.chl.lr.chdain.qoteey.rcheey.r.ar.rodam,saiin chol qotain qokain chl lr chdain qoteey rcheey r ar rodam
ZL3b-n,f115v,"f115v.16,+P0","dain.ar,oteey.qoteol,kar.y.sheo.lkechdy.qokar.qokey.lko.rokeedy.ld",dain ar oteey qoteol kar y sheo lkechdy qokar qokey lko rokeedy ld
ZL3b-n,f115v,"f115v.17,+P0",okai[?:r].chey.keey.lcho.racthy<$>,chey keey lcho racthy
ZL3b-n,f115v,"f115v.18,+P0",<%>pchodain.chotain.choky.lchain.lpchdain.dalchedy.qotolchedy.qopchedy,pchodain chotain choky lchain lpchdain dalchedy qotolchedy qopchedy
ZL3b-n,f115v,"f115v.19,+P0","yshedy.qokeedy.lxor,xoiin.choto.keeody.qoteody.dain.qokchedy.ralom",yshedy qokeedy lxor xoiin choto keeody qoteody dain qokchedy ralom
ZL3b-n,f115v,"f115v.20,+P0","ysheey.qoteey.lkeey.raiin.cheo,lor.otal.otchedy<$>",ysheey qoteey lkeey raiin cheo lor otal otchedy
ZL3b-n,f115v,"f115v.21,+P0",<%>tshedy.sheolkeedy.lkeeshdy.cheeo.lor.eees.aiin.okchedy.qopcheddy.lky,tshedy sheolkeedy lkeeshdy cheeo lor eees aiin okchedy qopcheddy lky
ZL3b-n,f115v,"f115v.22,+P0",soiin.shedain.qokeedy.chodain.otedain.qokeedy.qokeedy.qotedy.[r:s]osy,soiin shedain qokeedy chodain otedain qokeedy qokeedy qotedy rosy
ZL3b-n,f115v,"f115v.23,+P0",lshes.sheet.chdy.otedy.shdy.lchedy<$>,lshes sheet chdy otedy shdy lchedy
ZL3b-n,f115v,"f115v.24,+P0","<%>pcheo.cheeody.qoteeotchy.soin,opchees.chpcheod.rchl.cho,pchdy.qopcham",pcheo cheeody qoteeotchy soin opchees chpcheod rchl cho pchdy qopcham
ZL3b-n,f115v,"f115v.25,+P0","ykees.aiin.olkeeody.qos,ain.cheodain.chcthy.tchedy.qokeedy.lkeedas",ykees aiin olkeeody qos ain cheodain chcthy tchedy qokeedy lkeedas
ZL3b-n,f115v,"f115v.26,+P0","dcheedy.kchedy,lcheey.ror.al.chokedy.dol.qokeeeos.qolkeedy.qokar,ar",dcheedy kchedy lcheey ror al chokedy dol qokeeeos qolkeedy qokar ar
ZL3b-n,f115v,"f115v.27,+P0","olain.cheo,lkain.cheey.qot.cheody.lor.aiin.oteed.chkal.kchetam",olain cheo lkain cheey qot cheody lor aiin oteed chkal kchetam
ZL3b-n,f115v,"f115v.28,+P0","y,chey.lcho.lor.chedy.chol.chedy.chdy<$>",y chey lcho lor chedy chol chedy chdy
ZL3b-n,f115v,"f115v.29,+P0","<%>polor.sheedy.qoteedy.qokechy.lraly,l,shey.sheot.shedy.chteey.lky.raram",polor sheedy qoteedy qokechy lraly l shey sheot shedy chteey lky raram
ZL3b-n,f115v,"f115v.30,+P0",ycheedaiin.ol.chlor.lkchedy.rchedar.oteedal.ar.lky<$>,ycheedaiin ol chlor lkchedy rchedar oteedal ar lky
ZL3b-n,f115v,"f115v.31,+P0",<%>pchdair.opchedy.qopor.iirchal.sheey.qotain.chety.rodaiin.opchepy.shokchy,pchdair opchedy qopor iirchal sheey qotain chety rodaiin opchepy shokchy
ZL3b-n,f115v,"f115v.32,+P0",ykchedy.okar.chedar.rolsheedy.lkchdy.chddy.ch[cph:cth]edy.cheey.teeodaiin,ykchedy okar chedar rolsheedy lkchdy chddy chcphedy cheey teeodaiin
ZL3b-n,f115v,"f115v.33,+P0",ychedal.qotchy.chcthy.chdal.lchedy<$>,ychedal qotchy chcthy chdal lchedy
ZL3b-n,f115v,"f115v.34,+P0",<%>taiin.she{ck}eey.lchckhy.ldar.shdar.qotchdy.qoky.shedy.qokar.chckhy,taiin sheckeey lchckhy ldar shdar qotchdy qoky shedy qokar chckhy
ZL3b-n,f115v,"f115v.35,+P0","shos.shee.oky.cheo,lkain.cheeos.al,ches.kcheo.rain.checthey.lcham",shos shee oky cheo lkain cheeos al ches kcheo rain checthey lcham
ZL3b-n,f115v,"f115v.36,+P0",ytar.aiin.qoteey.lkchedy<$>,ytar aiin qoteey lkchedy
ZL3b-n,f115v,"f115v.37,+P0",<%>tshar.shor.sh{ckhh}y.olkeeo.lkeedol.ltchdy.chkaidararal.lkeedy,tshar shor shckhhy olkeeo lkeedol ltchdy chkaidararal lkeedy
ZL3b-n,f115v,"f115v.38,+P0","oiiin.chees.otairos.loedy.cheo,keeo.llchs.o.l.r.aiiin.chkain.sham",oiiin chees otairos loedy cheo keeo llchs o l r aiiin chkain sham
ZL3b-n,f115v,"f115v.39,+P0",dairal.chain.ykeedy.qokedy.qokain.lkaiin.lkchey.lkain.lror,dairal chain ykeedy qokedy qokain lkaiin lkchey lkain lror
ZL3b-n,f115v,"f115v.40,+P0","ycheeol,kaiin.shedain.s,cho,r.okas.cheos.qokchy<$>",ycheeol kaiin shedain s cho r okas cheos qokchy
ZL3b-n,f115v,"f115v.41,+P0","<%>dcheodl.sheo,kolchey.fchedol.shedy.qotoee,tchy.cho{iph}y.qopch[y:?]r",dcheodl sheo kolchey fchedol shedy qotoee tchy choiphy qopchyr
ZL3b-n,f115v,"f115v.42,+P0","yair.al,sheey.oteeol,keody.rcheey.lkchdy.qokchey.lkar.l[k:?]l.rodam",yair al sheey oteeol keody rcheey lkchdy qokchey lkar lkl rodam
ZL3b-n,f115v,"f115v.43,+P0",ysheo[k:t]aiin.qotchdal.lkchdy.lkshedy.qokar.cheos.qokaiin.aky,ysheokaiin qotchdal lkchdy lkshedy qokar cheos qokaiin aky
ZL3b-n,f115v,"f115v.44,+P0",ototar.sheey.qokey.qokchey.qokchey.ral.rchos.oty.lchedy,ototar sheey qokey qokchey qokchey ral rchos oty lchedy
ZL3b-n,f115v,"f115v.45,+P0","yk,chedaiin.chody.qokaiin.dary.cholaiim<$>",yk chedaiin chody qokaiin dary cholaiim
ZL3b-n,f116r,"f116r.1,@P0","<%>kchdpy.shey.qokain.otalsh[?:e]dy.qoteey.shear.ain.or,llory.{i'h}earamom",kchdpy shey qokain qoteey shear ain or llory earamom
ZL3b-n,f116r,"f116r.2,+P0",shain.cheor.ain.okeey.okeey.shy.lar.ar.aiiin.oky.char.ar.okain.ykanam,shain cheor ain okeey okeey shy lar ar aiiin oky char ar okain ykanam
ZL3b-n,f116r,"f116r.3,+P0",dain.chl.lshey.cthy.lshedy.oteor.shey.qo.saly<$>,dain chl lshey cthy lshedy oteor shey qo saly
ZL3b-n,f116r,"f116r.4,+P0",<%>padar.shey.osheeky.qol.laiin.chckhy.okam.chedy.oteedy.qotar.aralar.y,padar shey osheeky qol laiin chckhy okam chedy oteedy qotar aralar y
ZL3b-n,f116r,"f116r.5,+P0",dain.sheed.qokchdy.otal.chedy.lkain.oteedy.otor.aiin.oty.lol.rol.oly,dain sheed qokchdy otal chedy lkain oteedy otor aiin oty lol rol oly
ZL3b-n,f116r,"f116r.6,+P0",sain.ol.lchedy.chedy.otey.chedy.{yko}lain.otedy.oteey<$>,sain ol lchedy chedy otey chedy ykolain otedy oteey
ZL3b-n,f116r,"f116r.7,+P0","<%>pcholchdy,teody.otey.qo.qokain.qoteey.tokain.otedy.totol.rotydy",pcholchdy teody otey qo qokain qoteey tokain otedy totol rotydy
ZL3b-n,f116r,"f116r.8,+P0",dar.yteedy.chedy.qokeey.qokain.qotody.oteedar.otedy.ldy.lchedy,dar yteedy chedy qokeey qokain qotody oteedar otedy ldy lchedy
ZL3b-n,f116r,"f116r.9,+P0",qokeey.lchey.qokeedy.qokain.okeeylkaiin<$>,qokeey lchey qokeedy qokain okeeylkaiin
ZL3b-n,f116r,"f116r.10,+P0","<%>chd?in.checkhy.dar.shedy.qokeedy.shdy.rain.sheedy.cphol.r,teol.chcpham",checkhy dar shedy qokeedy shdy rain sheedy cphol r teol chcpham
ZL3b-n,f116r,"f116r.11,+P0",ol.aiin.shed.qoteedy.okeolshy.qotain.okedy.chedy.olchedy.olkain.als,ol aiin shed qoteedy okeolshy qotain okedy chedy olchedy olkain als
ZL3b-n,f116r,"f116r.12,+P0","qo?in.ar.cholches.okain.dain.cheey.okeey.otain.olchdy.otal,d[a:?]in.olam",ar cholches okain dain cheey okeey otain olchdy otal dain olam
ZL3b-n,f116r,"f116r.13,+P0","sar,ain.tey.chetain.sht{ch'}ey.okey.chedy.qoteedy.qokain.shety.okeedam",sar ain tey chetain shtey okey chedy qoteedy qokain shety okeedam
ZL3b-n,f116r,"f116r.14,+P0","sain.cheychear.ain.chl,l.s.oleedy<$>",sain cheychear ain chl l s oleedy
ZL3b-n,f116r,"f116r.15,+P0",<%>pchoetal.otedal.otal.oteedy.olr.daiin.okeedy.qoky.dar.al.keedy.shdy,pchoetal otedal otal oteedy olr daiin okeedy qoky dar al keedy shdy
ZL3b-n,f116r,"f116r.16,+P0",dar.chedy.sheedy.otal.al.lchedy.shcthy.qotey.dain.otar.otarar.opam,dar chedy sheedy otal al lchedy shcthy qotey dain otar otarar opam
ZL3b-n,f116r,"f116r.17,+P0",dain.chey.qokeey.okeey.lain.okeey.qol.chedy<$>,dain chey qokeey okeey lain okeey qol chedy
ZL3b-n,f116r,"f116r.18,+P0","<%>pchar[a:o]lor.qokey.r.ain.otedy.opain.lor.oiin.otain.otar.oteeedy.ches.ar,y",pcharalor qokey r ain otedy opain lor oiin otain otar oteeedy ches ar y
ZL3b-n,f116r,"f116r.19,+P0","porchey.sheedy.qotain.chetar.qotar.ar.arody.chcthy.rain.otey.ot,y.dain",porchey sheedy qotain chetar qotar ar arody chcthy rain otey ot y dain
ZL3b-n,f116r,"f116r.20,+P0","chol.keedy.ol.cheey.raiin.y.chedy.otar.o,kal.okain.olar.otedy.qoty.sf?m",chol keedy ol cheey raiin y chedy otar o kal okain olar otedy qoty
ZL3b-n,f116r,"f116r.21,+P0","sairol.sheey.qokain.chal.qol.chl.l,rain.okain.shckhy.dtal.orchcthdy.lty",sairol sheey qokain chal qol chl l rain okain shckhy dtal orchcthdy lty
ZL3b-n,f116r,"f116r.22,+P0",dol.shedy.shekchy.qokain.chedy.otar.okalain.shcthy.oteey.dar.chedy.lg,dol shedy shekchy qokain chedy otar okalain shcthy oteey dar chedy lg
ZL3b-n,f116r,"f116r.23,+P0",dain.cheeteey.lkar.shedy.qokal.shedy.qoteedy.ches.ain.ain.aly.salo.lm,dain cheeteey lkar shedy qokal shedy qoteedy ches ain ain aly salo lm
ZL3b-n,f116r,"f116r.24,+P0",qokedy.okain.chcthy.oty.shedy.qokeey.chalkeey.okey.kedy.chey.lag,qokedy okain chcthy oty shedy qokeey chalkeey okey kedy chey lag
ZL3b-n,f116r,"f116r.25,+P0","chol.sheky.shedy.qokeey.qokeedy.shckhy.qokain.otal,ches.oin,ain,al,om",chol sheky shedy qokeey qokeedy shckhy qokain otal ches oin ain al om
ZL3b-n,f116r,"f116r.26,+P0",ytchey.qokaiin.chckhol.shechol.qotey.ol.cheedy.otain.okedy.qotam,ytchey qokaiin chckhol shechol qotey ol cheedy otain okedy qotam
ZL3b-n,f116r,"f116r.27,+P0","daiin.chey.qokey.lshedy.orain.chckhy.lkain.chy,pshedy.lshedy.qoky.ram",daiin chey qokey lshedy orain chckhy lkain chy pshedy lshedy qoky ram
ZL3b-n,f116r,"f116r.28,+P0","cheol.lchey.lkeey.sheal.lshalshy.qotalshy.cthedy.l,ky.chedy.oteedy.lched",cheol lchey lkeey sheal lshalshy qotalshy cthedy l ky chedy oteedy lched
ZL3b-n,f116r,"f116r.29,+P0","cthan.cheey.lkeeal.lshey.chl,l.lkain.chear.aiin.chl.l.keedy.raraiin.ory",cthan cheey lkeeal lshey chl l lkain chear aiin chl l keedy raraiin ory
ZL3b-n,f116r,"f116r.30,+P0","saraiin.shey.qokain.chcthy.okar.air,ollaiin.okaly<$>",saraiin shey qokain chcthy okar air ollaiin okaly
ZL3b-n,f116r,"f116r.31,+P0","<%>pchall[a:o]rar.al.ckhal.rain.alolfchy.rpchey.shfy.ches.ar.opchekan,dlr",pchallarar al ckhal rain alolfchy rpchey shfy ches ar opchekan dlr
ZL3b-n,f116r,"f116r.32,+P0","olkeey.rain,shey.qor.aiin.shey.ol.lchedy.rshey.qokeedy.chtain.oly",olkeey rain shey qor aiin shey ol lchedy rshey qokeedy chtain oly
ZL3b-n,f116r,"f116r.33,+P0",soraiin.ykeey.arain.sheeky.qokain.sheey.qol.cheds.ar.r.[?:a]rsheg,soraiin ykeey arain sheeky qokain sheey qol cheds ar r
ZL3b-n,f116r,"f116r.34,+P0","qokain.ar.raiin.shek.okain.y,r,shey.qolchey.okaiin.shckhy.qokam",qokain ar raiin shek okain y r shey qolchey okaiin shckhy qokam
ZL3b-n,f116r,"f116r.35,+P0",shedy.qokeey.qokain.qokeey.lchey.olkey.raiin.cthar.shckhy.qorar,shedy qokeey qokain qokeey lchey olkey raiin cthar shckhy qorar
ZL3b-n,f116r,"f116r.36,+P0",qokeey.rain.shey.okeey.lkain.l.dain.chey.sheckhy.q{cthh}y.qokl.ain,qokeey rain shey okeey lkain l dain chey sheckhy qcthhy qokl ain
ZL3b-n,f116r,"f116r.37,+P0","pairain.sheek,l,y.oiin.cheey.lkeey.olkeey.lchey.qoky.lshedy.cheam.sham",pairain sheek l y oiin cheey lkeey olkeey lchey qoky lshedy cheam sham
ZL3b-n,f116r,"f116r.38,+P0",daiin.qokeey.lshey.qokaiin.chkar.shey.okaiin.chedy.qokeedy.raiin.shy,daiin qokeey lshey qokaiin chkar shey okaiin chedy qokeedy raiin shy
ZL3b-n,f116r,"f116r.39,+P0","qokain.chey.olr.ain.shey.qokain.o,l,keey,keeey.lkeal.or.al.lom",qokain chey olr ain shey qokain o l keey keeey lkeal or al lom
ZL3b-n,f116r,"f116r.40,+P0","dsheey.shey.qokey.shey.qokain.shckhy.chery.ol,chedy.l,chey,lchy",dsheey shey qokey shey qokain shckhy chery ol chedy l chey lchy
ZL3b-n,f116r,"f116r.41,+P0",dlar.shar.shar.r.ain.sheain.okain.shey.qokchy.chckhy.orain,dlar shar shar r ain sheain okain shey qokchy chckhy orain
ZL3b-n,f116r,"f116r.42,+P0",qo.qokain.sheckhy.qokain.shekain.shkain.shedy.shey.qokan.cham,qo qokain sheckhy qokain shekain shkain shedy shey qokan cham
ZL3b-n,f116r,"f116r.43,+P0",[a:o]s???.ar.al.shear.teey.chcphy.rain.cphan.ydar.oty.shey.qokam,ar al shear teey chcphy rain cphan ydar oty shey qokam
ZL3b-n,f116r,"f116r.44,+P0",s[?:o].o[k:?]eedy.qokain.shckhy.ol.lcheor.chky.raiin.chey.qol.okam,okeedy qokain shckhy ol lcheor chky raiin chey qol okam
ZL3b-n,f116r,"f116r.45,+P0",odain.sh??y.qoka[r:s].oleey.chy<$>,odain qokar oleey chy
ZL3b-n,f116r,"f116r.46,+P0",<%>oqokaiin.al.shey.qokar.okaral.okeysh{cphh}y.oteey.ookar.okydy,oqokaiin al shey qokar okaral okeyshcphhy oteey ookar okydy
ZL3b-n,f116r,"f116r.47,+P0",osain.shky.qorain.chckhey.qokey.lkechy.okeey.okal.chedkaly,osain shky qorain chckhey qokey lkechy okeey okal chedkaly
ZL3b-n,f116r,"f116r.48,+P0",sykar.ain.olkeey.dainchey.qokar.chey.dain.y.otan.otain.oly,sykar ain olkeey dainchey qokar chey dain y otan otain oly
ZL3b-n,f116r,"f116r.49,+P0","sysor,shey.qokey.okeolan.chey.qol.or.cheey.qor.arom.ol.lkan",sysor shey qokey okeolan chey qol or cheey qor arom ol lkan
ZL3b-n,f116r,"f116r.50,+P0","sodal.ch,al.chcthy.chckhy.qol,ain,ary<$>",sodal ch al chcthy chckhy qol ain ary
ZL3b-n,f116v,"f116v.1,@Lx",oror.sheey<!valsch vbren so nim gaf mich o>,oror sheey
